Ticker,Holding name,% of market value,Sector,Region,Market value,Shares,yticker
NVDA,NVIDIA Corp,4.3361%,Technology,US,"US$2,255,730,834.00","12,744,242",NVDA
AAPL,Apple Inc,4.2542%,Technology,US,"US$2,213,148,237.30","7,936,698",AAPL
MSFT,Microsoft Corp,3.8181%,Technology,US,"US$1,986,285,698.84","4,037,084",MSFT
AMZN,Amazon.com Inc,2.3416%,Consumer Discretionary,US,"US$1,218,169,163.64","5,223,262",AMZN
GOOGL,Alphabet Inc,1.9504%,Technology,US,"US$1,014,636,332.08","3,168,956",GOOGL
AVGO,Broadcom Inc,1.9486%,Technology,US,"US$1,013,731,710.48","2,515,713",AVGO
GOOG,Alphabet Inc,1.5837%,Technology,US,"US$823,894,444.60","2,573,705",GOOG
META,Meta Platforms Inc,1.481%,Technology,US,"US$770,430,692.60","1,189,028",META
TSLA,Tesla Inc,1.2667%,Consumer Discretionary,US,"US$658,978,283.34","1,531,902",TSLA
2330,Taiwan Semiconductor Manufacturing Co Ltd,1.1681%,Technology,TW,"US$607,658,435.56","13,244,000",2330.TW
JPM,JPMorgan Chase & Co,0.9081%,Financials,US,"US$472,403,907.36","1,508,892",JPM
LLY,Eli Lilly & Co,0.9026%,Health Care,US,"US$469,562,032.17","436,611",LLY
BRK/B,Berkshire Hathaway Inc,0.7531%,Financials,US,"US$391,793,484.06","762,526",BRKU
V,Visa Inc,0.5967%,Industrials,US,"US$310,410,820.44","928,151",V
XOM,Exxon Mobil Corp,0.5235%,Energy,US,"US$272,356,706.16","2,349,523",XOM
JNJ,Johnson & Johnson,0.5208%,Health Care,US,"US$270,946,427.92","1,309,426",JNJ
700,Tencent Holdings Ltd,0.5114%,Technology,HK,"US$266,045,070.00","3,387,278",7004.KL
WMT,Walmart Inc,0.5018%,Consumer Discretionary,US,"US$261,062,303.91","2,362,341",WMT
NFLX,Netflix Inc,0.4768%,Consumer Discretionary,US,"US$248,054,521.44","2,305,768",NFLX
MA,Mastercard Inc,0.467%,Industrials,US,"US$242,963,202.78","441,326",MA
ASML,ASML Holding NV,0.4321%,Technology,NL,"US$224,781,525.01","214,396",ASML
COST,Costco Wholesale Corp,0.4239%,Consumer Discretionary,US,"US$220,503,168.81","241,359",COST
ABBV,AbbVie Inc,0.4215%,Health Care,US,"US$219,260,527.20","962,936",ABBV
PLTR,Palantir Technologies Inc,0.3861%,Technology,US,"US$200,865,844.20","1,192,436",PLTR
BAC,Bank of America Corp,0.3772%,Financials,US,"US$196,246,656.90","3,657,906",BAC
HD,Home Depot Inc/The,0.37%,Consumer Discretionary,US,"US$192,506,229.68","539,354",HD
AMD,Advanced Micro Devices Inc,0.3661%,Technology,US,"US$190,460,566.80","875,560",AMD
9988,Alibaba Group Holding Ltd,0.3643%,Consumer Discretionary,HK,"US$189,511,991.37","9,739,040",9988.HK
PG,Procter & Gamble Co/The,0.3621%,Consumer Staples,US,"US$188,348,103.68","1,271,248",PG
ORCL,Oracle Corp,0.3505%,Technology,US,"US$182,359,234.40","902,992",ORCL
005930,Samsung Electronics Co Ltd,0.3383%,Telecommunications,KR,"US$175,974,738.04","2,575,097",005930.KS
GE,General Electric Co,0.3273%,Industrials,US,"US$170,275,275.40","570,532",GE
CSCO,Cisco Systems Inc,0.319%,Telecommunications,US,"US$165,946,577.14","2,156,831",CSCO
UNH,UnitedHealth Group Inc,0.3136%,Health Care,US,"US$163,127,655.67","494,671",UNH
CVX,Chevron Corp,0.302%,Energy,US,"US$157,102,204.21","1,039,517",CVX
IBM,International Business Machines Corp,0.2996%,Technology,US,"US$155,850,489.06","505,057",IBM
KO,Coca-Cola Co/The,0.2964%,Consumer Staples,US,"US$154,197,576.48","2,108,829",KO
AZN,AstraZeneca PLC,0.291%,Health Care,GB,"US$151,395,723.92","817,668",AZN
WFC,Wells Fargo & Co,0.291%,Financials,US,"US$151,381,966.35","1,763,331",WFC
ROG,Roche Holding AG,0.2783%,Health Care,CH,"US$144,759,577.56","378,122",ROG
CAT,Caterpillar Inc,0.2776%,Industrials,US,"US$144,404,638.32","250,807",CAT
MRK,Merck & Co Inc,0.2764%,Health Care,US,"US$143,769,837.31","1,371,457",MRK
MU,Micron Technology Inc,0.2759%,Technology,US,"US$143,547,143.68","607,016",MU
NESN,Nestle SA,0.2638%,Consumer Staples,CH,"US$137,226,671.40","1,380,260",NESN.SW
SAP,SAP SE,0.2603%,Technology,DE,"US$135,426,976.09","559,540",SAP
HSBA,HSBC Holdings PLC,0.2575%,Financials,GB,"US$133,948,997.83","9,446,233",HSBA.L
PM,Philip Morris International Inc,0.2562%,Consumer Staples,US,"US$133,279,103.52","846,324",PM
GS,Goldman Sachs Group Inc/The,0.2557%,Financials,US,"US$133,035,394.08","161,052",GS
NOVN,Novartis AG,0.2525%,Health Care,CH,"US$131,331,991.08","1,009,313",NOVN.SW
RTX,RTX Corp,0.2452%,Industrials,US,"US$127,540,873.80","729,180",RTX
TMO,Thermo Fisher Scientific Inc,0.2332%,Health Care,US,"US$121,330,485.48","205,356",TMO
MCD,McDonald's Corp,0.2328%,Consumer Discretionary,US,"US$121,114,318.02","388,411",MCD
ABT,Abbott Laboratories,0.232%,Health Care,US,"US$120,692,163.60","936,324",ABT
SHEL,Shell PLC,0.2306%,Energy,GB,"US$119,968,692.78","3,252,826",SHEL
RY,Royal Bank of Canada,0.2248%,Financials,CA,"US$116,962,741.18","754,381",RY
CRM,Salesforce Inc,0.2247%,Technology,US,"US$116,893,923.76","507,044",CRM
BRK/A,Berkshire Hathaway Inc,0.2235%,Financials,US,"US$116,285,100.00",151,BRK-B
7203,Toyota Motor Corp,0.2221%,Consumer Discretionary,JP,"US$115,564,835.82","5,756,110",7203.T
AMAT,Applied Materials Inc,0.2144%,Technology,US,"US$111,517,202.50","442,090",AMAT
ISRG,Intuitive Surgical Inc,0.214%,Health Care,US,"US$111,304,439.28","194,086",ISRG
PEP,PepsiCo Inc,0.2116%,Consumer Staples,US,"US$110,080,242.90","740,085",PEP
LRCX,Lam Research Corp,0.2103%,Technology,US,"US$109,420,272.00","701,412",LRCX
AXP,American Express Co,0.2091%,Industrials,US,"US$108,782,885.05","297,815",AXP
000660,SK hynix Inc,0.2044%,Technology,KR,"US$106,316,417.91","295,008",000660.KS
SIE,Siemens AG,0.2039%,Industrials,DE,"US$106,068,858.90","400,330",SHL.DE
MS,Morgan Stanley,0.2022%,Financials,US,"US$105,181,395.64","619,954",MS
LIN,Linde PLC,0.2015%,Basic Materials,US,"US$104,804,344.72","255,421",LIN
C,Citigroup Inc,0.1987%,Financials,US,"US$103,384,822.80","997,923",C
DIS,Walt Disney Co/The,0.1966%,Consumer Discretionary,US,"US$102,289,188.75","979,125",DIS
AMGN,Amgen Inc,0.1954%,Health Care,US,"US$101,639,168.44","294,214",AMGN
MC,LVMH Moet Hennessy Louis Vuitton SE,0.1949%,Consumer Discretionary,FR,"US$101,383,756.93","137,464",MC
QCOM,QUALCOMM Inc,0.1916%,Technology,US,"US$99,703,423.95","593,155",QCOM
T,AT&T Inc,0.1908%,Telecommunications,US,"US$99,265,337.26","3,814,963",T
SHOP,Shopify Inc,0.1893%,Technology,CA,"US$98,470,755.68","614,968",SHOP
INTC,Intel Corp,0.186%,Technology,US,"US$96,769,183.68","2,385,828",INTC
NEE,NextEra Energy Inc,0.1852%,Utilities,US,"US$96,343,475.32","1,116,508",NEE
6758,Sony Group Corp,0.1851%,Consumer Discretionary,JP,"US$96,305,142.58","3,284,900",6758.T
UBER,Uber Technologies Inc,0.1851%,Consumer Discretionary,US,"US$96,277,017.24","1,099,806",UBER
VZ,Verizon Communications Inc,0.1817%,Telecommunications,US,"US$94,511,067.80","2,298,980",VZ
8306,Mitsubishi UFJ Financial Group Inc,0.1807%,Financials,JP,"US$94,001,671.26","6,052,800",83069.HK
INTU,Intuit Inc,0.1801%,Technology,US,"US$93,701,806.08","147,776",INTU
APH,Amphenol Corp,0.178%,Technology,US,"US$92,580,881.20","657,068",APH
TJX,TJX Cos Inc/The,0.1768%,Consumer Discretionary,US,"US$91,957,479.84","605,302",TJX
NOW,ServiceNow Inc,0.1755%,Technology,US,"US$91,275,075.91","112,351",NOW
CBA,Commonwealth Bank of Australia,0.1739%,Financials,AU,"US$90,474,017.57","904,595",CBAT
ALV,Allianz SE,0.1733%,Financials,DE,"US$90,163,646.88","208,677",ALV
GEV,GE Vernova Inc,0.1712%,Industrials,US,"US$89,045,452.82","148,466",GEV
BKNG,Booking Holdings Inc,0.1674%,Consumer Discretionary,US,"US$87,098,136.18","17,722",BKNG
SAN,Banco Santander SA,0.1661%,Financials,ES,"US$86,427,048.14","8,056,991",SAN
BLK,BlackRock Funding Inc/DE,0.1656%,Financials,US,"US$86,155,087.20","82,264",BLK
SCHW,Charles Schwab Corp/The,0.1651%,Financials,US,"US$85,875,398.40","926,080",SCHW
GILD,Gilead Sciences Inc,0.1639%,Health Care,US,"US$85,252,573.12","677,468",GILD
ACN,Accenture PLC,0.1634%,Industrials,US,"US$85,000,000.00","340,000",ACN
NOVOB,Novo Nordisk A/S,0.1631%,Health Care,DK,"US$84,843,002.10","1,722,420",NOVOBN.MX
KLAC,KLA Corp,0.1624%,Technology,US,"US$84,503,362.83","71,889",KLAC
TXN,Texas Instruments Inc,0.1616%,Technology,US,"US$84,052,547.70","499,510",TXN
SPGI,S&P Global Inc,0.1598%,Financials,US,"US$83,116,551.09","166,623",SPGI
BSX,Boston Scientific Corp,0.1552%,Health Care,US,"US$80,717,093.28","794,616",BSX
TD,Toronto-Dominion Bank/The,0.1546%,Financials,CA,"US$80,447,602.38","953,234",TD
SU,Schneider Electric SE,0.1534%,Industrials,FR,"US$79,783,509.01","297,603",SU
PFE,Pfizer Inc,0.1525%,Health Care,US,"US$79,335,750.78","3,082,197",PFE
ULVR,Unilever PLC,0.1507%,Consumer Staples,GB,"US$78,418,088.44","1,302,453",ULVR.L
DHR,Danaher Corp,0.1505%,Health Care,US,"US$78,309,855.36","345,312",DHR
IBE,Iberdrola SA,0.1496%,Utilities,ES,"US$77,846,137.25","3,688,586",IBE.MC
APP,AppLovin Corp,0.1485%,Technology,US,"US$77,262,780.84","128,883",APP
6501,Hitachi Ltd,0.1475%,Industrials,JP,"US$76,734,190.32","2,410,300",6501.T
WELL,Welltower Inc,0.1462%,Real Estate,US,"US$76,061,308.46","365,293",WELL
UNP,Union Pacific Corp,0.1452%,Industrials,US,"US$75,516,072.37","325,739",UNP
AIR,Airbus SE,0.1449%,Industrials,FR,"US$75,364,532.40","317,626",AIR
COF,Capital One Financial Corp,0.1443%,Industrials,US,"US$75,064,335.50","342,650",COF
BA,Boeing Co/The,0.1431%,Industrials,US,"US$74,430,468.00","393,812",BA
LOW,Lowe's Cos Inc,0.1424%,Consumer Discretionary,US,"US$74,075,215.20","305,490",LOW
ADBE,Adobe Inc,0.1421%,Technology,US,"US$73,924,739.73","230,921",ADBE
ETN,Eaton Corp PLC,0.1415%,Industrials,US,"US$73,597,782.42","212,778",ETN
ANET,Arista Networks Inc,0.1414%,Telecommunications,US,"US$73,560,294.72","562,904",ANET
MDT,Medtronic PLC,0.141%,Health Care,US,"US$73,326,427.47","696,159",MDT
BHP,BHP Group Ltd,0.1391%,Basic Materials,AU,"US$72,371,809.68","2,648,345",BHP
PGR,Progressive Corp/The,0.1388%,Financials,US,"US$72,182,558.63","315,497",PGR
ADI,Analog Devices Inc,0.1374%,Technology,US,"US$71,507,272.62","269,493",ADI
HDFCB,HDFC Bank Ltd,0.1352%,Financials,IN,"US$70,332,028.90","6,243,573",HDFCBANK.NS
SYK,Stryker Corp,0.1334%,Health Care,US,"US$69,421,053.04","187,028",SYK
PANW,Palo Alto Networks Inc,0.1305%,Technology,US,"US$67,862,340.38","356,926",PANW
CRWD,Crowdstrike Holdings Inc,0.1299%,Technology,US,"US$67,557,385.44","132,684",CRWD
BBVA,Banco Bilbao Vizcaya Argentaria SA,0.129%,Financials,ES,"US$67,113,154.35","3,114,934",BBVA
HON,Honeywell International Inc,0.1289%,Industrials,US,"US$67,048,748.73","348,867",HON
TTE,TotalEnergies SE,0.128%,Energy,FR,"US$66,608,424.54","1,010,455",TTE
UBSG,UBS Group AG,0.1276%,Financials,CH,"US$66,381,100.17","1,718,269",UBSG.SW
RELIANCE,Reliance Industries Ltd,0.126%,Energy,IN,"US$65,523,331.28","3,739,010",RS
RR/,Rolls-Royce Holdings PLC,0.1253%,Industrials,GB,"US$65,178,146.02","4,605,904",RRP.BO
PLD,Prologis Inc,0.1244%,Real Estate,US,"US$64,715,497.65","503,505",PLD
SAF,Safran SA,0.1239%,Industrials,FR,"US$64,428,536.24","191,235",MSA
BATS,British American Tobacco PLC,0.1231%,Consumer Staples,GB,"US$64,014,134.41","1,092,797",BATS.L
UCG,UniCredit SpA,0.1212%,Financials,IT,"US$63,050,214.61","847,681",UCG.MI
DE,Deere & Co,0.1193%,Industrials,US,"US$62,040,535.83","133,567",DE
ABBN,ABB Ltd,0.1186%,Industrials,CH,"US$61,715,148.44","858,527",ABBNY
CEG,Constellation Energy Corp,0.1183%,Utilities,US,"US$61,562,994.32","168,962",CEG
8316,Sumitomo Mitsui Financial Group Inc,0.1176%,Financials,JP,"US$61,171,843.64","2,031,900",8316.HK
COP,ConocoPhillips,0.1175%,Energy,US,"US$61,132,864.03","689,287",COP
CFR,Cie Financiere Richemont SA,0.117%,Consumer Discretionary,CH,"US$60,860,696.06","286,953",CFR
MCK,McKesson Corp,0.1167%,Consumer Staples,US,"US$60,715,335.84","68,907",MCK
1299,AIA Group Ltd,0.1161%,Financials,HK,"US$60,396,167.28","5,834,000",1299.HK
VRTX,Vertex Pharmaceuticals Inc,0.1156%,Health Care,US,"US$60,157,316.96","138,736",VRTX
CB,Chubb Ltd,0.1143%,Financials,US,"US$59,439,179.48","200,686",CB
PH,Parker-Hannifin Corp,0.1133%,Industrials,US,"US$58,960,099.10","68,423",PH
BX,Blackstone Inc,0.1119%,Financials,US,"US$58,205,610.50","397,525",BX
DTE,Deutsche Telekom AG,0.1117%,Telecommunications,DE,"US$58,129,312.78","1,804,313",DTE
SAN,Sanofi SA,0.1116%,Health Care,FR,"US$58,059,409.14","583,343",SAN
ENB,Enbridge Inc,0.1104%,Energy,CA,"US$57,416,528.40","1,178,294",ENB
9984,SoftBank Group Corp,0.109%,Telecommunications,JP,"US$56,712,271.71","526,000",9984.T
939,China Construction Bank Corp,0.1078%,Financials,HK,"US$56,081,652.02","53,443,000",9399.T
EL,EssilorLuxottica SA,0.1074%,Health Care,FR,"US$55,844,771.33","155,877",EL
ADP,Automatic Data Processing Inc,0.1073%,Industrials,US,"US$55,802,708.10","218,577",ADP
CME,CME Group Inc,0.1065%,Financials,US,"US$55,407,652.68","196,858",CME
SO,Southern Co/The,0.1053%,Utilities,US,"US$54,766,309.20","601,035",SO
CVS,CVS Health Corp,0.105%,Consumer Staples,US,"US$54,639,335.52","679,932",CVS
NEM,Newmont Corp,0.1049%,Basic Materials,US,"US$54,578,722.23","601,551",NEM
ISP,Intesa Sanpaolo SpA,0.1049%,Financials,IT,"US$54,551,327.91","8,414,737",ISPA.DE
BMY,Bristol-Myers Squibb Co,0.1048%,Health Care,US,"US$54,498,544.80","1,107,694",BMY
MO,Altria Group Inc,0.1046%,Consumer Staples,US,"US$54,429,702.81","922,381",MO
BN,Brookfield Corp,0.104%,Financials,CA,"US$54,122,011.26","1,143,510",BN
CMCSA,Comcast Corp,0.104%,Telecommunications,US,"US$54,076,181.96","2,026,084",CMCSA
SBUX,Starbucks Corp,0.1032%,Consumer Discretionary,US,"US$53,660,718.21","616,011",SBUX
ZURN,Zurich Insurance Group AG,0.1031%,Financials,CH,"US$53,609,620.03","74,577",ZWS
MELI,MercadoLibre Inc,0.1016%,Consumer Discretionary,US,"US$52,828,318.22","25,499",MELI
BP/,BP PLC,0.101%,Energy,GB,"US$52,551,754.43","8,732,211",BP
6857,Advantest Corp,0.1008%,Technology,JP,"US$52,462,624.16","397,900",6857.T
LMT,Lockheed Martin Corp,0.1002%,Industrials,US,"US$52,120,035.24","113,834",LMT
TMUS,T-Mobile US Inc,0.0993%,Telecommunications,US,"US$51,644,489.91","247,091",TMUS
HOOD,Robinhood Markets Inc,0.0991%,Financials,US,"US$51,572,545.26","401,374",HOOD
GSK,GSK PLC,0.099%,Health Care,GB,"US$51,520,809.73","2,171,057",GSK
DUK,Duke Energy Corp,0.0989%,Utilities,US,"US$51,448,113.70","415,105",DUK
8035,Tokyo Electron Ltd,0.0987%,Technology,JP,"US$51,350,733.74","251,990",8035.T
TT,Trane Technologies PLC,0.0981%,Industrials,US,"US$51,007,509.60","121,020",TT
SPOT,Spotify Technology SA,0.096%,Consumer Discretionary,US,"US$49,923,599.81","83,363",SPOT
1810,Xiaomi Corp,0.0958%,Telecommunications,HK,"US$49,845,074.50","9,460,600",1810.HK
MMM,3M Co,0.0957%,Industrials,US,"US$49,795,743.30","289,426",MMM
BMO,Bank of Montreal,0.0949%,Financials,CA,"US$49,389,114.64","389,186",BMO
PDD,PDD Holdings Inc,0.0935%,Technology,US,"US$48,665,263.12","419,239",PDD
MMC,Marsh & McLennan Cos Inc,0.0932%,Financials,US,"US$48,475,378.35","264,243",MMCAS.IS
HCA,HCA Healthcare Inc,0.0929%,Health Care,US,"US$48,335,329.26","95,094",HCA
GD,General Dynamics Corp,0.0922%,Industrials,US,"US$47,968,268.30","140,410",GD
2317,Hon Hai Precision Industry Co Ltd,0.0922%,Technology,TW,"US$47,941,573.03","6,672,489",2317.TW
ICE,Intercontinental Exchange Inc,0.0918%,Financials,US,"US$47,769,650.50","303,685",ICE
AEM,Agnico Eagle Mines Ltd,0.0914%,Basic Materials,CA,"US$47,535,771.02","271,821",AEM
ORLY,O'Reilly Automotive Inc,0.0902%,Consumer Discretionary,US,"US$46,908,209.70","461,241",ORLY
8411,Mizuho Financial Group Inc,0.0897%,Financials,JP,"US$46,678,149.05","1,330,920",8411.HK
BNS,Bank of Nova Scotia/The,0.0895%,Financials,CA,"US$46,539,405.53","669,262",BNS
BNP,BNP Paribas SA,0.0894%,Financials,FR,"US$46,504,826.83","543,783",BNP.PA
ENR,Siemens Energy AG,0.0892%,Energy,DE,"US$46,412,889.95","346,853",ENR
CDNS,Cadence Design Systems Inc,0.0889%,Technology,US,"US$46,234,022.08","148,262",CDNS
AMT,American Tower Corp,0.0886%,Real Estate,US,"US$46,082,278.13","254,219",AMT
7974,Nintendo Co Ltd,0.088%,Consumer Discretionary,JP,"US$45,792,810.00","538,100",7974.T
WBC,Westpac Banking Corp,0.0877%,Financials,AU,"US$45,639,798.93","1,851,399",WBC.JO
KKR,KKR & Co Inc,0.0864%,Financials,US,"US$44,952,716.61","367,531",KKR
HWM,Howmet Aerospace Inc,0.0862%,Industrials,US,"US$44,863,722.74","219,286",HWM
REGN,Regeneron Pharmaceuticals Inc,0.0857%,Health Care,US,"US$44,594,880.21","57,159",REGN
MUV2,Muenchener Rueckversicherungs-Gesellschaft AG in Muenchen,0.0856%,Financials,DE,"US$44,525,196.34","70,525",MUV2.DE
RMS,Hermes International SCA,0.0855%,Consumer Discretionary,FR,"US$44,465,892.23","18,245",RMS.PA
ICICIBC,ICICI Bank Ltd,0.0854%,Financials,IN,"US$44,447,965.83","2,862,730",ICICIBANK.NS
CRH,CRH PLC,0.0853%,Industrials,US,"US$44,390,838.12","370,047",CRH
DBS,DBS Group Holdings Ltd,0.0847%,Financials,SG,"US$44,078,956.11","1,053,300",D05.SI
WM,Waste Management Inc,0.0845%,Utilities,US,"US$43,971,612.75","201,825",WM
CM,Canadian Imperial Bank of Commerce,0.0844%,Financials,CA,"US$43,920,736.40","506,726",CM
BARC,Barclays PLC,0.0844%,Financials,GB,"US$43,916,897.89","7,703,621",BARC.L
NAB,National Australia Bank Ltd,0.0842%,Financials,AU,"US$43,816,918.53","1,666,196",NBR
7011,Mitsubishi Heavy Industries Ltd,0.0838%,Industrials,JP,"US$43,592,787.57","1,723,500",7011.T
BK,Bank of New York Mellon Corp/The,0.0838%,Financials,US,"US$43,595,241.60","388,896",BK
PRX,Prosus NV,0.0837%,Technology,NL,"US$43,541,603.53","691,450",PRX.AS
SHW,Sherwin-Williams Co/The,0.0835%,Industrials,US,"US$43,431,761.61","126,369",SHW
SNOW,Snowflake Inc,0.082%,Technology,US,"US$42,661,305.72","169,803",SNOW
RHM,Rheinmetall AG,0.0819%,Industrials,DE,"US$42,600,908.14","24,794",RHM.DE
8058,Mitsubishi Corp,0.0815%,Industrials,JP,"US$42,390,924.70","1,786,900",8058.T
8001,ITOCHU Corp,0.0813%,Industrials,JP,"US$42,304,440.88","705,300",8001.T
LLOY,Lloyds Banking Group PLC,0.081%,Financials,GB,"US$42,160,728.30","33,096,961",LLOY.L
SNPS,Synopsys Inc,0.0809%,Technology,US,"US$42,111,163.42","100,742",SNPS
ENEL,Enel SpA,0.0806%,Utilities,IT,"US$41,906,864.00","4,053,602",ENEL.MI
INGA,ING Groep NV,0.0804%,Financials,NL,"US$41,824,510.30","1,612,462",HII
ELV,Elevance Health Inc,0.0802%,Health Care,US,"US$41,714,899.72","123,322",ELV
RIO,Rio Tinto PLC,0.0802%,Basic Materials,GB,"US$41,702,552.97","580,480",RIO
NOC,Northrop Grumman Corp,0.0802%,Industrials,US,"US$41,701,574.25","72,873",NOC
MRVL,Marvell Technology Inc,0.0801%,Technology,US,"US$41,642,877.60","465,804",MRVL
CS,AXA SA,0.0799%,Financials,FR,"US$41,570,014.46","920,803",CSCO
MCO,Moody's Corp,0.0796%,Financials,US,"US$41,423,795.12","84,404",MCO
TDG,TransDigm Group Inc,0.0796%,Industrials,US,"US$41,407,655.31","30,443",TDG
MDLZ,Mondelez International Inc,0.0794%,Consumer Staples,US,"US$41,297,263.80","717,340",MDLZ
USB,US Bancorp,0.0792%,Financials,US,"US$41,189,001.75","839,735",USB
NKE,NIKE Inc,0.0788%,Consumer Discretionary,US,"US$41,013,487.07","634,589",NKE
JCI,Johnson Controls International plc,0.0784%,Industrials,US,"US$40,781,310.06","350,626",JCI
EMR,Emerson Electric Co,0.078%,Industrials,US,"US$40,570,194.60","304,170",EMR
AON,Aon PLC,0.0777%,Financials,US,"US$40,428,281.60","114,230",AON
REL,RELX PLC,0.0775%,Technology,GB,"US$40,314,243.47","1,003,822",RS
PNC,PNC Financial Services Group Inc/The,0.0774%,Financials,US,"US$40,276,821.76","211,183",PNC
EQIX,Equinix Inc,0.0772%,Real Estate,US,"US$40,164,229.27","53,317",EQIX
NG/,National Grid PLC,0.077%,Utilities,GB,"US$40,056,549.95","2,636,839",GBPNGN=X
WMB,Williams Cos Inc/The,0.0761%,Energy,US,"US$39,613,395.78","650,146",WMB
CI,Cigna Group/The,0.0761%,Health Care,US,"US$39,577,283.52","142,734",CI
ABX,Barrick Mining Corp,0.076%,Basic Materials,CA,"US$39,536,704.24","943,285",ABX
UPS,United Parcel Service Inc,0.0751%,Industrials,US,"US$39,044,674.53","407,607",UPS
6098,Recruit Holdings Co Ltd,0.0743%,Industrials,JP,"US$38,649,356.19","753,339",6098.T
DASH,DoorDash Inc,0.0742%,Technology,US,"US$38,583,163.37","194,501",DASH
CNQ,Canadian Natural Resources Ltd,0.074%,Energy,CA,"US$38,504,688.00","1,135,070",CNQ
3690,Meituan,0.0739%,Technology,HK,"US$38,462,027.01","2,921,463",3690.HK
ITW,Illinois Tool Works Inc,0.0737%,Industrials,US,"US$38,344,249.60","153,820",ITW
DG,Vinci SA,0.0731%,Industrials,FR,"US$38,005,080.61","267,873",DG
GM,General Motors Co,0.0728%,Consumer Discretionary,US,"US$37,892,649.12","515,406",GM
TEL,TE Connectivity PLC,0.0721%,Technology,US,"US$37,521,224.95","165,913",TEL
VRT,Vertiv Holdings Co,0.0721%,Technology,US,"US$37,510,369.92","208,704",VRT
MAR,Marriott International Inc/MD,0.0719%,Consumer Discretionary,US,"US$37,379,750.39","122,641",MAR
CMI,Cummins Inc,0.0713%,Industrials,US,"US$37,119,429.20","74,540",CMI
1398,Industrial & Commercial Bank of China Ltd,0.0712%,Financials,HK,"US$37,048,032.26","44,789,000",1398.HK
COR,Cencora Inc,0.071%,Consumer Staples,US,"US$36,952,397.73","100,161",COR
8031,Mitsui & Co Ltd,0.071%,Industrials,JP,"US$36,941,651.39","1,390,100",8031.T
HLT,Hilton Worldwide Holdings Inc,0.071%,Consumer Discretionary,US,"US$36,931,052.07","129,569",HLT
CP,Canadian Pacific Kansas City Ltd,0.0707%,Industrials,CA,"US$36,796,801.83","506,733",CP
ECL,Ecolab Inc,0.0704%,Basic Materials,US,"US$36,623,520.84","133,099",ECL
PWR,Quanta Services Inc,0.0702%,Industrials,US,"US$36,512,140.08","78,541",PWR
NSC,Norfolk Southern Corp,0.0701%,Industrials,US,"US$36,446,698.11","124,779",NSC
RCL,Royal Caribbean Cruises Ltd,0.07%,Consumer Discretionary,US,"US$36,415,811.25","136,773",RCL
CSX,CSX Corp,0.0698%,Industrials,US,"US$36,326,459.52","1,027,332",CSX
AZO,AutoZone Inc,0.0695%,Consumer Discretionary,US,"US$36,138,621.87","9,139",AZO
ANZ,ANZ Group Holdings Ltd,0.0693%,Financials,AU,"US$36,045,466.12","1,586,724",ANZ.NZ
NWG,NatWest Group PLC,0.0691%,Financials,GB,"US$35,964,509.33","4,293,424",NWG
GLW,Corning Inc,0.0685%,Technology,US,"US$35,619,968.00","423,040",GLW
BA/,BAE Systems PLC,0.0684%,Industrials,GB,"US$35,580,300.15","1,626,965",CADBAM=X
TRV,Travelers Cos Inc/The,0.0682%,Financials,US,"US$35,456,560.20","121,070",TRV
ADSK,Autodesk Inc,0.0681%,Technology,US,"US$35,422,831.84","116,776",ADSK
AEP,American Electric Power Co Inc,0.0679%,Utilities,US,"US$35,339,553.02","285,526",AEP
2454,MediaTek Inc,0.0671%,Technology,TW,"US$34,882,511.71","784,794",2454.TW
388,Hong Kong Exchanges & Clearing Ltd,0.0668%,Financials,HK,"US$34,746,223.80","658,200",3883.KL
CL,Colgate-Palmolive Co,0.0667%,Consumer Staples,US,"US$34,695,761.27","431,593",CL
8766,Tokio Marine Holdings Inc,0.0664%,Financials,JP,"US$34,515,535.41","977,700",8766.T
9983,Fast Retailing Co Ltd,0.0662%,Consumer Discretionary,JP,"US$34,419,480.94","94,000",9983.HK
CTAS,Cintas Corp,0.066%,Industrials,US,"US$34,322,364.18","184,509",CTAS
6861,Keyence Corp,0.0657%,Industrials,JP,"US$34,189,400.83","100,400",6861.TW
DBK,Deutsche Bank AG,0.0657%,Financials,DE,"US$34,183,600.64","962,256",DBK.DE
SRE,Sempra,0.0657%,Utilities,US,"US$34,183,784.96","360,893",SRE
AJG,Arthur J Gallagher & Co,0.0654%,Financials,US,"US$34,047,997.62","137,501",AJG
NET,Cloudflare Inc,0.0646%,Technology,US,"US$33,625,870.13","167,953",NET
MSI,Motorola Solutions Inc,0.0638%,Telecommunications,US,"US$33,180,628.40","89,755",MSI
FCX,Freeport-McMoRan Inc,0.0637%,Basic Materials,US,"US$33,131,992.60","770,870",FCX
TFC,Truist Financial Corp,0.0637%,Financials,US,"US$33,114,556.50","712,141",TFC
MPC,Marathon Petroleum Corp,0.0635%,Energy,US,"US$33,016,435.25","170,425",MPC
INFO,Infosys Ltd,0.0634%,Technology,IN,"US$32,956,878.13","1,889,565",INFO
MFC,Manulife Financial Corp,0.0632%,Financials,CA,"US$32,881,430.24","926,589",MFC
ITX,Industria de Diseno Textil SA,0.0632%,Consumer Discretionary,ES,"US$32,862,351.43","586,864",ITX.MC
FDX,FedEx Corp,0.0631%,Industrials,US,"US$32,821,358.08","119,056",FDX
VST,Vistra Corp,0.0628%,Utilities,US,"US$32,653,933.62","182,567",VST
IDXX,IDEXX Laboratories Inc,0.0627%,Health Care,US,"US$32,631,324.96","43,342",IDXX
WES,Wesfarmers Ltd,0.0627%,Consumer Discretionary,AU,"US$32,635,149.52","607,766",WES
PYPL,PayPal Holdings Inc,0.0626%,Industrials,US,"US$32,558,615.71","519,359",PYPL
EOG,EOG Resources Inc,0.0623%,Energy,US,"US$32,426,504.55","300,663",EOG
SPG,Simon Property Group Inc,0.062%,Real Estate,US,"US$32,259,258.48","173,139",SPG
ABI,Anheuser-Busch InBev SA/NV,0.062%,Consumer Staples,BE,"US$32,242,156.70","523,987",ABI
RBLX,ROBLOX Corp,0.0613%,Consumer Discretionary,US,"US$31,911,454.12","335,804",RBLX
STX,Seagate Technology Holdings PLC,0.0612%,Technology,US,"US$31,809,942.54","114,966",STX
CSL,CSL Ltd,0.0609%,Health Care,AU,"US$31,661,421.72","259,147",CSL
LSEG,London Stock Exchange Group PLC,0.0608%,Financials,GB,"US$31,648,595.56","268,138",LSEG.L
COIN,Coinbase Global Inc,0.0606%,Financials,US,"US$31,528,716.12","115,566",COIN
ZTS,Zoetis Inc,0.0605%,Health Care,US,"US$31,453,192.94","245,383",ZTS
ARGX,Argenx SE,0.0603%,Health Care,BE,"US$31,381,882.39","34,561",ARGX
WDC,Western Digital Corp,0.0602%,Technology,US,"US$31,292,884.69","191,593",WDC
NU,NU Holdings Ltd/Cayman Islands,0.0599%,Financials,US,"US$31,141,925.05","1,790,795",NU
APD,Air Products and Chemicals Inc,0.0598%,Basic Materials,US,"US$31,086,878.20","119,084",APD
4063,Shin-Etsu Chemical Co Ltd,0.0596%,Basic Materials,JP,"US$31,027,776.35","1,029,750",4063.T
WBD,Warner Bros Discovery Inc,0.0595%,Consumer Discretionary,US,"US$30,948,816.00","1,289,534",WBD
ALNY,Alnylam Pharmaceuticals Inc,0.0595%,Health Care,US,"US$30,940,841.10","68,570",ALNY
AI,Air Liquide SA,0.0593%,Basic Materials,FR,"US$30,843,042.19","160,951",AI
TRP,TC Energy Corp,0.0592%,Energy,CA,"US$30,775,274.20","568,242",TRP
SU,Suncor Energy Inc,0.0589%,Energy,CA,"US$30,626,639.65","679,425",SU
2308,Delta Electronics Inc,0.0587%,Industrials,TW,"US$30,519,206.37","1,027,731",2308.TW
6503,Mitsubishi Electric Corp,0.0585%,Industrials,JP,"US$30,455,393.78","1,125,400",6503.T
ROST,Ross Stores Inc,0.0585%,Consumer Discretionary,US,"US$30,430,918.00","172,550",ROST
PSX,Phillips 66,0.0583%,Energy,US,"US$30,305,824.00","221,275",PSX
NDA,Nordea Bank Abp,0.0582%,Financials,FI,"US$30,283,148.45","1,712,191",NDAQ
ALL,Allstate Corp/The,0.0581%,Financials,US,"US$30,244,437.88","142,006",ALL
BDX,Becton Dickinson & Co,0.0579%,Health Care,US,"US$30,128,977.76","155,288",BDX
BN,Danone SA,0.0576%,Consumer Staples,FR,"US$29,953,008.15","335,186",BN
D,Dominion Energy Inc,0.0573%,Utilities,US,"US$29,805,141.87","474,831",D
APO,Apollo Global Management Inc,0.0573%,Financials,US,"US$29,792,957.85","225,961",APO
VLO,Valero Energy Corp,0.057%,Energy,US,"US$29,641,414.68","167,693",VLO
AFL,Aflac Inc,0.0568%,Financials,US,"US$29,537,598.39","267,769",AFL
IFX,Infineon Technologies AG,0.0567%,Technology,DE,"US$29,518,078.51","700,098",IFX.DE
SLB,SLB Ltd,0.0567%,Energy,US,"US$29,473,955.76","813,299",SLB
PCAR,PACCAR Inc,0.0564%,Industrials,US,"US$29,347,873.80","278,390",PCAR
RKT,Reckitt Benckiser Group PLC,0.0562%,Consumer Staples,GB,"US$29,255,076.34","377,295",RKT
MNST,Monster Beverage Corp,0.0558%,Consumer Staples,US,"US$29,009,431.56","386,844",MNST
CPG,Compass Group PLC,0.0554%,Consumer Discretionary,GB,"US$28,834,849.68","917,460",CPG.L
DLR,Digital Realty Trust Inc,0.0554%,Real Estate,US,"US$28,825,122.64","180,022",DLR
URI,United Rentals Inc,0.0548%,Industrials,US,"US$28,525,593.74","34,993",URI
O,Realty Income Corp,0.0548%,Real Estate,US,"US$28,500,646.37","494,717",O
CNR,Canadian National Railway Co,0.0547%,Industrials,CA,"US$28,477,599.35","296,639",CNR
LHX,L3Harris Technologies Inc,0.0547%,Industrials,US,"US$28,433,625.94","102,026",LHX
CAH,Cardinal Health Inc,0.0545%,Health Care,US,"US$28,362,181.20","133,620",CAH
GLEN,Glencore PLC,0.0543%,Basic Materials,GB,"US$28,245,835.03","5,908,429",GLEN.L
EA,Electronic Arts Inc,0.0543%,Consumer Discretionary,US,"US$28,221,772.73","139,691",EA
KMI,Kinder Morgan Inc,0.0541%,Energy,US,"US$28,134,491.16","1,029,813",KMI
WPM,Wheaton Precious Metals Corp,0.054%,Basic Materials,CA,"US$28,068,920.45","254,965",WPM
DGE,Diageo PLC,0.0539%,Consumer Staples,GB,"US$28,037,248.30","1,219,256",DGE.L
NPN,Naspers Ltd,0.0537%,Technology,ZA,"US$27,952,260.07","447,407",NPN.JO
SREN,Swiss Re AG,0.0533%,Financials,CH,"US$27,717,674.20","157,230",SREN.SW
GLE,Societe Generale SA,0.0532%,Financials,FR,"US$27,664,098.45","397,682",GLE
FTNT,Fortinet Inc,0.0531%,Technology,US,"US$27,646,021.06","340,762",FTNT
EW,Edwards Lifesciences Corp,0.053%,Health Care,US,"US$27,591,221.16","318,348",EW
DHL,Deutsche Post AG,0.0529%,Industrials,DE,"US$27,506,031.33","528,683",DHL.DE
BKR,Baker Hughes Co,0.0528%,Energy,US,"US$27,455,032.60","546,913",BKR
DDOG,Datadog Inc,0.0525%,Technology,US,"US$27,311,946.89","170,689",DDOG
F,Ford Motor Co,0.0525%,Consumer Discretionary,US,"US$27,308,341.28","2,056,351",F
CVNA,Carvana Co,0.0525%,Consumer Discretionary,US,"US$27,299,926.50","72,897",CVNA
RJHI,Al Rajhi Bank,0.0522%,Financials,SA,"US$27,150,529.08","1,062,638",1120-SABE.SR
ABNB,Airbnb Inc,0.0522%,Consumer Discretionary,US,"US$27,137,234.38","231,962",ABNB
MBG,Mercedes-Benz Group AG,0.0521%,Consumer Discretionary,DE,"US$27,123,432.80","401,843",MBG.DE
OR,L'Oreal SA,0.0521%,Consumer Discretionary,FR,"US$27,095,703.92","62,160",OR
7741,Hoya Corp,0.0521%,Health Care,JP,"US$27,079,077.22","180,200",7741.T
LONN,Lonza Group AG,0.0517%,Health Care,CH,"US$26,872,906.16","39,232",LONN.SW
9999,NetEase Inc,0.0516%,Consumer Discretionary,HK,"US$26,826,770.19","975,993",9999.HK
CBRE,CBRE Group Inc,0.0512%,Real Estate,US,"US$26,625,566.24","164,528",CBRE
6701,NEC Corp,0.0512%,Technology,JP,"US$26,621,808.39","705,200",6701.T
NXPI,NXP Semiconductors NV,0.0511%,Technology,US,"US$26,577,339.84","136,336",NXPI
FERG,Ferguson Enterprises Inc,0.0508%,Industrials,US,"US$26,449,258.65","105,095",FERG
OCBC,Oversea-Chinese Banking Corp Ltd,0.0506%,Financials,SG,"US$26,334,992.47","1,843,663",O39.SI
ROP,Roper Technologies Inc,0.0501%,Technology,US,"US$26,056,124.46","58,393",ROP
CSU,Constellation Software Inc/Canada,0.05%,Technology,CA,"US$25,984,647.25","10,710",CSU.TO
9433,KDDI Corp,0.0497%,Telecommunications,JP,"US$25,847,120.47","1,499,700",9433.T
HOLN,Holcim AG,0.0497%,Industrials,CH,"US$25,828,015.84","275,706",HOLN.SW
DB1,Deutsche Boerse AG,0.0496%,Financials,DE,"US$25,784,977.61","96,390",DB1.DE
2318,Ping An Insurance Group Co of China Ltd,0.0496%,Financials,HK,"US$25,784,313.35","3,540,500",2318.HK
CTVA,Corteva Inc,0.0494%,Consumer Staples,US,"US$25,698,513.36","380,888",CTVA
MSTR,Strategy Inc,0.0491%,Technology,US,"US$25,532,169.54","144,103",MSTR
XEL,Xcel Energy Inc,0.049%,Utilities,US,"US$25,478,240.34","310,294",XEL
WDAY,Workday Inc,0.0489%,Technology,US,"US$25,456,959.68","118,064",WDAY
SGO,Cie de Saint-Gobain SA,0.0488%,Industrials,FR,"US$25,388,122.97","254,549",SGOV
TTWO,Take-Two Interactive Software Inc,0.0487%,Consumer Discretionary,US,"US$25,335,859.34","102,962",TTWO
CMG,Chipotle Mexican Grill Inc,0.0485%,Consumer Discretionary,US,"US$25,244,130.80","731,290",CMG
OKE,ONEOK Inc,0.0485%,Energy,US,"US$25,211,012.20","346,210",OKE
AME,AMETEK Inc,0.0484%,Industrials,US,"US$25,199,906.27","127,343",AME
FAST,Fastenal Co,0.0483%,Basic Materials,US,"US$25,143,748.00","622,370",FAST
EXC,Exelon Corp,0.0483%,Utilities,US,"US$25,111,944.32","532,936",EXC
ROK,Rockwell Automation Inc,0.0482%,Industrials,US,"US$25,078,126.86","63,351",ROK
LNG,Cheniere Energy Inc,0.0482%,Energy,US,"US$25,053,139.72","120,182",LNG
BAS,BASF SE,0.0481%,Basic Materials,DE,"US$25,033,746.18","480,414",SJT
BHARTIPP,Bharti Airtel Ltd,0.0479%,Telecommunications,IN,"US$24,913,568.31","1,400,048",BHARTIARTL.BO
NA,National Bank of Canada,0.0478%,Financials,CA,"US$24,860,088.70","205,127",NA
6702,Fujitsu Ltd,0.0478%,Technology,JP,"US$24,847,452.74","935,000",6702.T
4568,Daiichi Sankyo Co Ltd,0.0477%,Health Care,JP,"US$24,805,864.79","1,001,800",4568.TWO
1211,BYD Co Ltd,0.0475%,Consumer Discretionary,HK,"US$24,726,523.97","1,974,470",1211.HK
RACE,Ferrari NV,0.0475%,Consumer Discretionary,IT,"US$24,696,168.19","62,995",RACE
3988,Bank of China Ltd,0.0475%,Financials,HK,"US$24,686,975.96","41,069,000",3988.HK
CARR,Carrier Global Corp,0.0474%,Industrials,US,"US$24,640,790.72","448,994",CARR
VALE3,Vale SA,0.0473%,Basic Materials,BR,"US$24,607,218.78","1,950,761",VALE3.SA
8267,Aeon Co Ltd,0.0472%,Consumer Staples,JP,"US$24,574,662.26","1,356,278",8267.HK
WCN,Waste Connections Inc,0.0472%,Utilities,CA,"US$24,543,677.29","137,903",WCN
MQG,Macquarie Group Ltd,0.0471%,Financials,AU,"US$24,487,224.82","189,502",MQGPG.AX
HLN,Haleon PLC,0.0464%,Health Care,GB,"US$24,160,261.24","4,916,193",HLN
A,Agilent Technologies Inc,0.0464%,Health Care,US,"US$24,155,220.50","157,363",A
AIG,American International Group Inc,0.0464%,Financials,US,"US$24,154,220.16","317,151",AIG
DHI,DR Horton Inc,0.0461%,Consumer Discretionary,US,"US$23,975,686.81","150,781",DHI
MET,MetLife Inc,0.046%,Financials,US,"US$23,936,484.00","312,650",MET
9961,Trip.com Group Ltd,0.0459%,Consumer Discretionary,HK,"US$23,860,879.06","347,236",9961.HK
AMP,Ameriprise Financial Inc,0.0459%,Financials,US,"US$23,855,254.56","52,344",AMP
4502,Takeda Pharmaceutical Co Ltd,0.0456%,Health Care,JP,"US$23,695,120.79","820,600",4502.KL
2914,Japan Tobacco Inc,0.0451%,Consumer Staples,JP,"US$23,434,162.77","623,300",2914.T
DSV,DSV A/S,0.0449%,Industrials,DK,"US$23,364,387.77","102,461",DSVSF
ANG,Anglogold Ashanti Plc,0.0448%,Basic Materials,ZA,"US$23,304,762.58","276,165",AU
MPWR,Monolithic Power Systems Inc,0.0446%,Technology,US,"US$23,189,399.28","24,984",MPWR
INVEB,Investor AB,0.0445%,Financials,SE,"US$23,155,146.16","679,507",INVEBS.XC
FICO,Fair Isaac Corp,0.0445%,Industrials,US,"US$23,130,876.47","12,809",FICO
STAN,Standard Chartered PLC,0.0444%,Financials,GB,"US$23,087,925.95","1,041,222",MS
ITUB4,Itau Unibanco Holding SA,0.0444%,Financials,BR,"US$23,073,923.20","2,960,821",ITUB4.SA
YUM,Yum! Brands Inc,0.0443%,Consumer Discretionary,US,"US$23,049,678.45","150,445",YUM
VOLVB,Volvo AB,0.0442%,Industrials,SE,"US$23,018,617.20","767,701",VOLVBS.XC
ATD,Alimentation Couche-Tard Inc,0.0442%,Consumer Discretionary,CA,"US$22,989,234.81","419,863",ATD.TO
PEG,Public Service Enterprise Group Inc,0.0441%,Utilities,US,"US$22,926,072.96","274,498",PEG
KR,Kroger Co/The,0.044%,Consumer Staples,US,"US$22,913,078.64","340,563",KR
MSCI,MSCI Inc,0.044%,Financials,US,"US$22,887,032.00","40,600",MSCI
9434,SoftBank Corp,0.044%,Telecommunications,JP,"US$22,884,944.16","15,999,980",9434.T
RSG,Republic Services Inc,0.0438%,Utilities,US,"US$22,804,106.54","105,059",RSG
PSA,Public Storage,0.0438%,Real Estate,US,"US$22,777,485.64","82,966",PSA
ETR,Entergy Corp,0.0437%,Utilities,US,"US$22,725,475.68","233,034",ETR
TGT,Target Corp,0.0436%,Consumer Discretionary,US,"US$22,704,659.76","250,548",TGT
IQV,IQVIA Holdings Inc,0.0433%,Health Care,US,"US$22,530,629.55","97,955",IQV
ADYEN,Adyen NV,0.043%,Industrials,NL,"US$22,368,215.41","14,377",ADYEN.AS
AAL,Anglo American PLC,0.0424%,Basic Materials,GB,"US$22,065,608.36","584,121",AAL
DELL,Dell Technologies Inc,0.0423%,Technology,US,"US$21,997,682.70","164,962",DELL
FNV,Franco-Nevada Corp,0.0421%,Basic Materials,CA,"US$21,919,056.45","104,591",FNV
CLS,Celestica Inc,0.042%,Technology,CA,"US$21,864,541.06","63,486",CLS
GWW,WW Grainger Inc,0.042%,Industrials,US,"US$21,833,668.08","23,016",GWW
AXON,Axon Enterprise Inc,0.0419%,Industrials,US,"US$21,805,991.94","40,371",AXON
7267,Honda Motor Co Ltd,0.0419%,Consumer Discretionary,JP,"US$21,769,656.39","2,161,040",7267.T
PRU,Prudential Financial Inc,0.0417%,Financials,US,"US$21,712,893.25","200,581",PRU
TSCO,Tesco PLC,0.0417%,Consumer Staples,GB,"US$21,677,491.94","3,633,216",TSCO
8002,Marubeni Corp,0.0417%,Industrials,JP,"US$21,673,251.52","821,100",8002.T
CTSH,Cognizant Technology Solutions Corp,0.0417%,Technology,US,"US$21,673,396.71","278,901",CTSH
VMC,Vulcan Materials Co,0.0415%,Industrials,US,"US$21,614,995.56","72,719",VMC
MM,Mahindra & Mahindra Ltd,0.0415%,Consumer Discretionary,IN,"US$21,612,114.78","514,505",MMKBRX=X
EXPN,Experian PLC,0.0413%,Industrials,GB,"US$21,479,120.51","487,832",EXPN.L
005935,Samsung Electronics Co Ltd,0.0413%,Telecommunications,KR,"US$21,474,025.09","421,077",005935.KS
CABK,CaixaBank SA,0.0413%,Financials,ES,"US$21,460,578.60","1,923,017",7GW.F
CCO,Cameco Corp,0.0411%,Energy,CA,"US$21,386,031.85","240,526",CCO
EOAN,E.ON SE,0.0411%,Utilities,DE,"US$21,381,321.08","1,200,224",EOAN.DE
LR,Legrand SA,0.041%,Industrials,FR,"US$21,333,185.87","140,804",EURLRD=X
CCI,Crown Castle Inc,0.041%,Real Estate,US,"US$21,325,837.68","233,631",CCI
EBAY,eBay Inc,0.0409%,Consumer Discretionary,US,"US$21,273,221.66","256,954",EBAY
GMG,Goodman Group,0.0407%,Real Estate,AU,"US$21,173,346.91","1,087,813",GMG.V
ALC,Alcon AG,0.0404%,Health Care,CH,"US$21,001,465.89","264,064",ALC
HIG,Hartford Financial Services Group Inc/The,0.0404%,Financials,US,"US$20,991,625.70","153,190",HIG
DOL,Dollarama Inc,0.04%,Consumer Discretionary,CA,"US$20,787,456.33","144,930",DOL
III,3i Group PLC,0.0399%,Financials,GB,"US$20,770,987.40","496,397",III
ENI,Eni SpA,0.0399%,Energy,IT,"US$20,751,044.37","1,108,378",ENI.MI
ED,Consolidated Edison Inc,0.0397%,Utilities,US,"US$20,656,597.00","205,825",ED
9618,JD.com Inc,0.0396%,Consumer Discretionary,HK,"US$20,622,142.99","1,378,161",9618.HK
AD,Koninklijke Ahold Delhaize NV,0.0396%,Consumer Staples,NL,"US$20,580,307.74","497,426",AD
PRU,Prudential PLC,0.0394%,Financials,GB,"US$20,494,643.63","1,414,509",PRU
GFI,Gold Fields Ltd,0.0393%,Basic Materials,ZA,"US$20,464,376.16","487,569",GFI
SYY,Sysco Corp,0.0393%,Consumer Staples,US,"US$20,446,441.20","268,326",SYY
MLM,Martin Marietta Materials Inc,0.0392%,Industrials,US,"US$20,396,152.24","32,726",MLM
WAB,Westinghouse Air Brake Technologies Corp,0.039%,Industrials,US,"US$20,289,829.50","97,290",WAB
ARAMCO,Saudi Arabian Oil Co,0.0389%,Energy,SA,"US$20,251,415.04","3,084,538",2222.SR
TRGP,Targa Resources Corp,0.0388%,Energy,US,"US$20,174,674.80","115,080",TRGP
NDAQ,Nasdaq Inc,0.0387%,Financials,US,"US$20,120,232.32","221,296",NDAQ
FFH,Fairfax Financial Holdings Ltd,0.0386%,Financials,CA,"US$20,085,402.88","11,636",FFH.TO
GEHC,GE HealthCare Technologies Inc,0.0386%,Health Care,US,"US$20,084,609.11","251,089",GEHC
EQT,EQT Corp,0.0386%,Energy,US,"US$20,080,574.42","329,947",EQT
FLUT,Flutter Entertainment PLC,0.0386%,Consumer Discretionary,US,"US$20,066,223.38","96,098",FLUT
NUE,Nucor Corp,0.0383%,Basic Materials,US,"US$19,938,961.33","125,017",NUE
IFC,Intact Financial Corp,0.0383%,Financials,CA,"US$19,935,928.55","97,378",IFC.TO
VTR,Ventas Inc,0.0383%,Real Estate,US,"US$19,916,738.82","247,014",VTR
ASSAB,Assa Abloy AB,0.0383%,Industrials,SE,"US$19,897,960.91","523,348",ASSABS.XD
G,Generali,0.0382%,Financials,IT,"US$19,885,327.38","501,299",G
KDP,Keurig Dr Pepper Inc,0.0381%,Consumer Staples,US,"US$19,801,439.10","709,729",KDP
WEC,WEC Energy Group Inc,0.038%,Utilities,US,"US$19,774,079.08","176,444",WEC
RMD,ResMed Inc,0.0379%,Health Care,US,"US$19,714,003.97","77,059",RMD
4519,Chugai Pharmaceutical Co Ltd,0.0376%,Health Care,JP,"US$19,549,171.42","364,300",4519.T
TCS,Tata Consultancy Services Ltd,0.0375%,Technology,IN,"US$19,525,406.38","556,653",TCS.NS
CPNG,Coupang Inc,0.0375%,Consumer Discretionary,US,"US$19,505,221.12","692,657",CPNG
PCG,PG&E Corp,0.0374%,Utilities,US,"US$19,477,924.96","1,208,308",PCG
VEEV,Veeva Systems Inc,0.0372%,Health Care,US,"US$19,326,524.70","80,430",VEEV
KEYS,Keysight Technologies Inc,0.0371%,Industrials,US,"US$19,288,445.95","97,441",KEYS
6367,Daikin Industries Ltd,0.0371%,Industrials,JP,"US$19,290,573.53","148,400",6367.T
STT,State Street Corp,0.037%,Financials,US,"US$19,231,846.70","161,585",STT
RWE,RWE AG,0.0369%,Utilities,DE,"US$19,212,472.88","378,478",RWE.DE
K,Kinross Gold Corp,0.0369%,Basic Materials,CA,"US$19,167,937.10","678,544",KRW=X
KFH,Kuwait Finance House KSCP,0.0368%,Financials,KW,"US$19,128,695.58","7,376,323",KFH.KW
KMB,Kimberly-Clark Corp,0.0367%,Consumer Staples,US,"US$19,091,089.60","174,955",KMB
6981,Murata Manufacturing Co Ltd,0.0366%,Technology,JP,"US$19,061,809.68","925,800",6981.T
SSE,SSE PLC,0.0366%,Utilities,GB,"US$19,054,573.66","654,268",SCTA.F
FIS,Fidelity National Information Services Inc,0.0365%,Industrials,US,"US$19,000,953.00","288,900",FIS
PAYX,Paychex Inc,0.0365%,Industrials,US,"US$18,988,081.83","170,007",PAYX
UCB,UCB SA,0.0361%,Health Care,BE,"US$18,791,791.83","67,327",UCB
FISV,Fiserv Inc,0.036%,Industrials,US,"US$18,742,879.17","304,911",FISV
ACGL,Arch Capital Group Ltd,0.0358%,Financials,US,"US$18,633,070.56","198,393",ACGL
OTIS,Otis Worldwide Corp,0.0358%,Industrials,US,"US$18,607,233.55","209,423",OTIS
BAYN,Bayer AG,0.0357%,Health Care,DE,"US$18,543,847.12","524,143",BAYN.DE
CPRT,Copart Inc,0.0355%,Consumer Discretionary,US,"US$18,489,578.30","474,335",CPRT
XYL,Xylem Inc/NY,0.0355%,Industrials,US,"US$18,456,748.02","131,206",XYL
SLF,Sun Life Financial Inc,0.0355%,Financials,CA,"US$18,445,888.36","310,449",SLF
IMB,Imperial Brands PLC,0.0355%,Consumer Staples,GB,"US$18,444,203.10","433,920",IMB.L
AIRB,Air Liquide SA,0.0352%,Basic Materials,FR,"US$18,294,534.06","95,468",ABNB
,L'Oreal SA,0.035%,Consumer Discretionary,FR,"US$18,233,804.62","41,830",LOR.DU
LUMI,Bank Leumi Le-Israel BM,0.035%,Financials,IL,"US$18,201,187.15","870,129",LUMI.ST
ATCOB,Atlas Copco AB,0.0346%,Industrials,SE,"US$18,012,198.64","1,177,315",ATCOBS.XC
KVUE,Kenvue Inc,0.0346%,Consumer Staples,US,"US$17,979,041.60","1,036,256",KVUE
8053,Sumitomo Corp,0.0345%,Industrials,JP,"US$17,953,578.98","572,000",8053.T
AMS,Amadeus IT Group SA,0.0344%,Technology,ES,"US$17,900,675.06","243,516",AMS
HEI,Heidelberg Materials AG,0.0344%,Industrials,DE,"US$17,894,610.09","69,675",HEI
BAF,Bajaj Finance Ltd,0.0343%,Financials,IN,"US$17,852,632.13","1,539,155",BAFNAPH.NS
9888,Baidu Inc,0.0343%,Technology,HK,"US$17,829,368.27","1,219,792",9888.HK
AXSB,Axis Bank Ltd,0.0342%,Financials,IN,"US$17,794,350.29","1,243,776",UZC.BE
FER,Ferrovial SE,0.0341%,Industrials,ES,"US$17,731,298.43","270,605",FER
GRMN,Garmin Ltd,0.0341%,Consumer Discretionary,US,"US$17,724,118.08","90,744",GRMN
ATCOA,Atlas Copco AB,0.034%,Industrials,SE,"US$17,672,760.22","1,040,481",ATCOAS.XD
GIVN,Givaudan SA,0.034%,Basic Materials,CH,"US$17,674,238.74","4,190",GIVN.SW
LT,Larsen & Toubro Ltd,0.0335%,Industrials,IN,"US$17,430,340.55","383,109",PLSM
MTD,Mettler-Toledo International Inc,0.0335%,Industrials,US,"US$17,429,726.16","11,803",MTD
GALD,Galderma Group AG,0.0335%,Health Care,CH,"US$17,406,214.58","87,352",GALDY
XYZ,Block Inc,0.0334%,Industrials,US,"US$17,381,694.00","260,205",XYZ
8801,Mitsui Fudosan Co Ltd,0.0333%,Real Estate,JP,"US$17,337,472.60","1,475,600",8801.T
RIO,Rio Tinto Ltd,0.0332%,Basic Materials,AU,"US$17,293,889.94","199,355",RIO
ORA,Orange SA,0.0331%,Telecommunications,FR,"US$17,233,695.76","1,046,483",ORA
VRSK,Verisk Analytics Inc,0.0331%,Industrials,US,"US$17,219,205.42","76,506",VRSK
8591,ORIX Corp,0.0331%,Financials,JP,"US$17,216,710.03","633,200",8591.HK
IR,Ingersoll Rand Inc,0.0331%,Industrials,US,"US$17,197,018.02","214,053",IR
NRG,NRG Energy Inc,0.033%,Utilities,US,"US$17,177,811.50","101,350",NRG
ADS,adidas AG,0.0329%,Consumer Discretionary,DE,"US$17,107,016.43","91,898",ADSK
3382,Seven & i Holdings Co Ltd,0.0328%,Consumer Staples,JP,"US$17,090,399.23","1,241,600",338220.KQ
6762,TDK Corp,0.0328%,Industrials,JP,"US$17,061,146.43","1,040,200",6762.TWO
SAND,Sandvik AB,0.0328%,Industrials,SE,"US$17,053,252.68","564,160",SNDK
WDS,Woodside Energy Group Ltd,0.0327%,Energy,AU,"US$16,988,946.91","1,039,137",WDS
WTW,Willis Towers Watson PLC,0.0326%,Financials,US,"US$16,959,393.00","52,833",WTW
NOKIA,Nokia Oyj,0.0326%,Telecommunications,FI,"US$16,945,547.64","2,785,446",NOK
MTB,M&T Bank Corp,0.0322%,Financials,US,"US$16,737,648.02","87,991",MTB
6301,Komatsu Ltd,0.0321%,Industrials,JP,"US$16,723,223.33","509,500",6301.T
EBS,Erste Group Bank AG,0.032%,Financials,AT,"US$16,663,359.35","152,503",EBS
5803,Fujikura Ltd,0.032%,Industrials,JP,"US$16,655,943.61","144,800",5803.T
FITB,Fifth Third Bancorp,0.0319%,Financials,US,"US$16,614,584.16","382,296",FITB
INVEA,Investor AB,0.0319%,Financials,SE,"US$16,573,047.89","489,089",INVEAS.XD
EXPE,Expedia Group Inc,0.0318%,Consumer Discretionary,US,"US$16,553,370.60","64,740",EXPE
POLI,Bank Hapoalim BM,0.0318%,Financials,IL,"US$16,545,545.92","766,553",DRMA.JK
5802,Sumitomo Electric Industries Ltd,0.0318%,Consumer Discretionary,JP,"US$16,543,905.16","420,400",5802.T
TER,Teradyne Inc,0.0318%,Technology,US,"US$16,523,069.49","90,841",TER
SYF,Synchrony Financial,0.0317%,Industrials,US,"US$16,496,323.76","213,241",SYF
TCL,Transurban Group,0.0316%,Industrials,AU,"US$16,455,537.68","1,680,664",1070.HK
UOB,United Overseas Bank Ltd,0.0316%,Financials,SG,"US$16,421,327.26","625,900",U11.SI
CBK,Commerzbank AG,0.0315%,Financials,DE,"US$16,387,867.98","416,788",CBK
TSCO,Tractor Supply Co,0.0314%,Consumer Discretionary,US,"US$16,351,720.44","298,498",TSCO
RJF,Raymond James Financial Inc,0.0314%,Financials,US,"US$16,320,234.24","104,256",RJF
SIKA,Sika AG,0.0313%,Industrials,CH,"US$16,289,925.28","82,654",SIKA.SG
SDZ,Sandoz Group AG,0.0312%,Health Care,CH,"US$16,250,055.72","230,042",SDZNY
KBC,KBC Group NV,0.0312%,Financials,BE,"US$16,230,965.70","131,753",KBC.BR
HUM,Humana Inc,0.0311%,Health Care,US,"US$16,193,539.53","65,889",HUM
VICI,VICI Properties Inc,0.0311%,Real Estate,US,"US$16,184,735.60","561,580",VICI
105560,KB Financial Group Inc,0.0311%,Financials,KR,"US$16,163,027.78","190,466",105560.KS
ADM,Archer-Daniels-Midland Co,0.0311%,Consumer Staples,US,"US$16,152,648.94","265,931",ADM
LEN,Lennar Corp,0.031%,Consumer Discretionary,US,"US$16,122,064.40","122,788",LEN
DANSKE,Danske Bank A/S,0.0307%,Financials,DK,"US$15,959,070.78","346,975",DANSKE.CO
9432,NTT Inc,0.0306%,Telecommunications,JP,"US$15,941,445.02","15,967,025",9432.T
SNB,Saudi National Bank/The,0.0306%,Financials,SA,"US$15,920,464.65","1,618,559",SNBR
8630,Sompo Holdings Inc,0.0305%,Financials,JP,"US$15,857,217.56","499,600",8630.T
OXY,Occidental Petroleum Corp,0.0304%,Energy,US,"US$15,808,800.00","376,400",OXY
6752,Panasonic Holdings Corp,0.0303%,Consumer Discretionary,JP,"US$15,767,418.14","1,254,400",6752.T
PRY,Prysmian SpA,0.0302%,Industrials,IT,"US$15,702,473.70","156,781",PRY.MI
NTR,Nutrien Ltd,0.0302%,Basic Materials,CA,"US$15,690,103.94","269,038",NTR
ARES,Ares Management Corp,0.0301%,Financials,US,"US$15,677,314.35","99,951",ARES
8725,MS&AD Insurance Group Holdings Inc,0.0301%,Financials,JP,"US$15,656,337.71","705,100",8725.T
SLHN,Swiss Life Holding AG,0.0301%,Financials,CH,"US$15,639,287.13","14,257",SLHNE.SW
HPE,Hewlett Packard Enterprise Co,0.03%,Technology,US,"US$15,598,077.66","713,218",HPE
5108,Bridgestone Corp,0.03%,Consumer Discretionary,JP,"US$15,598,623.52","332,400",510810.SS
CSGP,CoStar Group Inc,0.03%,Real Estate,US,"US$15,587,672.00","226,565",CSGP
FANG,Diamondback Energy Inc,0.03%,Energy,US,"US$15,582,643.39","102,121",FANG
7269,Suzuki Motor Corp,0.0299%,Consumer Discretionary,JP,"US$15,557,953.22","994,600",7269.T
MCHP,Microchip Technology Inc,0.0299%,Technology,US,"US$15,551,059.20","290,240",MCHP
ST,Singapore Telecommunications Ltd,0.0299%,Telecommunications,SG,"US$15,534,515.69","4,253,600",ST
LPLA,LPL Financial Holdings Inc,0.0298%,Financials,US,"US$15,486,315.84","43,496",LPLA
PPL,PPL Corp,0.0297%,Utilities,US,"US$15,433,240.50","418,245",PPL
BMW,Bayerische Motoren Werke AG,0.0295%,Consumer Discretionary,DE,"US$15,370,771.27","150,436",BMW.DE
6954,FANUC Corp,0.0295%,Industrials,JP,"US$15,334,050.62","476,100",6954.T
AHT,Ashtead Group PLC,0.0292%,Industrials,GB,"US$15,211,407.86","237,786",AHT
CBOE,Cboe Global Markets Inc,0.0291%,Financials,US,"US$15,153,029.98","58,694",CBOE
POW,Power Corp of Canada,0.0291%,Financials,CA,"US$15,116,791.18","296,185",POW
CCL,Carnival Corp,0.0291%,Consumer Discretionary,US,"US$15,114,556.20","586,290",CCL
FE,FirstEnergy Corp,0.029%,Utilities,US,"US$15,099,323.80","316,415",FE
8750,Dai-ichi Life Holdings Inc,0.0289%,Financials,JP,"US$15,052,242.55","1,927,700",8750.T
AEE,Ameren Corp,0.0288%,Utilities,US,"US$15,001,305.60","141,056",AEE
9020,East Japan Railway Co,0.0288%,Industrials,JP,"US$14,955,032.36","576,800",9020.T
GFNORTEO,Grupo Financiero Banorte SAB de CV,0.0287%,Financials,MX,"US$14,945,799.11","1,565,000",GFNORTEO.MX
ATO,Atmos Energy Corp,0.0285%,Utilities,US,"US$14,812,787.19","83,987",ATO
FSLR,First Solar Inc,0.0285%,Energy,US,"US$14,807,274.60","54,255",FSLR
PETR4,Petroleo Brasileiro SA,0.0284%,Energy,BR,"US$14,788,965.98","2,485,700",PETR4.SA
STE,STERIS PLC,0.0284%,Health Care,US,"US$14,784,930.72","55,524",STE
EXR,Extra Space Storage Inc,0.0284%,Real Estate,US,"US$14,770,017.87","110,911",EXR
EXE,Expand Energy Corp,0.0283%,Energy,US,"US$14,731,338.74","120,818",EXE
DTE,DTE Energy Co,0.0283%,Utilities,US,"US$14,715,103.58","107,386",DTE
KMB,Kotak Mahindra Bank Ltd,0.0282%,Financials,IN,"US$14,670,003.56","617,678",KMB
PSTG,Pure Storage Inc,0.0282%,Technology,US,"US$14,643,349.76","164,606",PSTG
HSY,Hershey Co/The,0.0281%,Consumer Staples,US,"US$14,619,646.48","77,731",HSY
BR,Broadridge Financial Solutions Inc,0.028%,Financials,US,"US$14,576,319.54","63,906",BR
3711,ASE Technology Holding Co Ltd,0.028%,Technology,TW,"US$14,553,751.46","1,990,281",3711.TW
8802,Mitsubishi Estate Co Ltd,0.028%,Real Estate,JP,"US$14,551,086.19","616,200",8802.T
PHM,PulteGroup Inc,0.028%,Consumer Discretionary,US,"US$14,551,935.09","114,411",PHM
4901,FUJIFILM Holdings Corp,0.0279%,Technology,JP,"US$14,514,424.86","674,100",4901.T
AMRZ,Amrize Ltd,0.0279%,Industrials,CH,"US$14,513,382.40","281,486",AMRZ
MDB,MongoDB Inc,0.0278%,Technology,US,"US$14,462,083.44","43,512",MDB
SWEDA,Swedbank AB,0.0277%,Financials,SE,"US$14,396,888.40","452,174",SWEDAS.XC
2628,China Life Insurance Co Ltd,0.0277%,Financials,HK,"US$14,382,878.65","4,169,000",2628.HK
GMEXICOB,Grupo Mexico SAB de CV,0.0276%,Basic Materials,MX,"US$14,369,667.37","1,650,800",GMEXICOB.MX
BBCA,Bank Central Asia Tbk PT,0.0276%,Financials,ID,"US$14,341,859.35","28,865,700",BBCA
GIS,General Mills Inc,0.0275%,Consumer Staples,US,"US$14,309,738.20","302,212",GIS
MKL,Markel Group Inc,0.0275%,Financials,US,"US$14,290,542.36","6,869",MKL
ERICB,Telefonaktiebolaget LM Ericsson,0.0274%,Telecommunications,SE,"US$14,272,523.53","1,477,985",ERICBS.XC
ASM,ASM International NV,0.0274%,Technology,NL,"US$14,269,541.36","25,918",ASM
NBK,National Bank of Kuwait SAKP,0.0274%,Financials,KW,"US$14,251,978.71","4,357,216",NBK.KW
PGHN,Partners Group Holding AG,0.0274%,Financials,CH,"US$14,251,358.12","12,010",PGHN.SW
HEXAB,Hexagon AB,0.0273%,Technology,SE,"US$14,220,756.06","1,214,915",HEXABS.XD
ODFL,Old Dominion Freight Line Inc,0.0273%,Industrials,US,"US$14,220,873.06","105,114",ODFL
GEBN,Geberit AG,0.0272%,Industrials,CH,"US$14,167,644.81","18,184",GEBNZ.XC
BHARTI,Bharti Airtel Ltd,0.0271%,Telecommunications,IN,"US$14,108,368.15","600,475",BHARTIARTL.NS
TEVA,Teva Pharmaceutical Industries Ltd,0.0271%,Health Care,IL,"US$14,070,290.27","536,573",TEVA
AV/,Aviva PLC,0.027%,Financials,GB,"US$14,056,479.76","1,627,595",ACHR
CINF,Cincinnati Financial Corp,0.027%,Financials,US,"US$14,057,281.61","83,879",CINF
SAMPO,Sampo Oyj,0.0269%,Financials,FI,"US$13,989,353.48","1,189,351",SAMPO.HE
FTS,Fortis Inc/Canada,0.0269%,Utilities,CA,"US$13,982,120.71","266,063",FTS
LDOS,Leidos Holdings Inc,0.0269%,Technology,US,"US$13,974,378.60","73,126",LDOS
RF,Regions Financial Corp,0.0268%,Financials,US,"US$13,942,782.50","547,850",RF
3968,China Merchants Bank Co Ltd,0.0267%,Financials,HK,"US$13,909,384.38","2,070,610",3968.HK
BIIB,Biogen Inc,0.0267%,Health Care,US,"US$13,883,269.96","76,244",BIIB
DOV,Dover Corp,0.0266%,Industrials,US,"US$13,849,680.00","74,750",DOV
SEBA,Skandinaviska Enskilda Banken AB,0.0266%,Financials,SE,"US$13,844,665.00","695,126",SEBA.DU
EFX,Equifax Inc,0.0265%,Industrials,US,"US$13,794,918.09","64,957",EFX
4578,Otsuka Holdings Co Ltd,0.0265%,Health Care,JP,"US$13,780,599.81","243,100",4578.T
1024,Kuaishou Technology,0.0265%,Technology,HK,"US$13,780,147.97","1,582,400",1024.HK
AVB,AvalonBay Communities Inc,0.0265%,Real Estate,US,"US$13,763,761.00","75,650",AVB
AWK,American Water Works Co Inc,0.0265%,Utilities,US,"US$13,765,178.03","105,829",AWK
7751,Canon Inc,0.0264%,Technology,JP,"US$13,727,975.65","465,100",7751.TWO
CVE,Cenovus Energy Inc,0.0264%,Energy,CA,"US$13,722,310.36","767,332",CVE
HBAN,Huntington Bancshares Inc/OH,0.0264%,Financials,US,"US$13,711,315.50","841,185",HBAN
IRM,Iron Mountain Inc,0.0262%,Real Estate,US,"US$13,625,684.60","157,796",IRM
ES,Eversource Energy,0.0262%,Utilities,US,"US$13,626,455.30","202,835",ES
6902,Denso Corp,0.0262%,Consumer Discretionary,JP,"US$13,617,379.69","1,031,800",6902.TW
WAT,Waters Corp,0.0261%,Health Care,US,"US$13,598,884.78","33,709",WAT
2891,CTBC Financial Holding Co Ltd,0.0261%,Financials,TW,"US$13,589,603.91","9,816,104",2891.TW
DXCM,Dexcom Inc,0.0261%,Health Care,US,"US$13,577,946.69","213,927",DXCM
NTRS,Northern Trust Corp,0.0261%,Financials,US,"US$13,574,645.70","103,355",NTRS
ZS,Zscaler Inc,0.0261%,Technology,US,"US$13,574,712.50","53,975",ZS
WKL,Wolters Kluwer NV,0.0261%,Industrials,NL,"US$13,555,976.74","127,518",WKL.AS
STLD,Steel Dynamics Inc,0.026%,Basic Materials,US,"US$13,519,881.31","80,557",STLD
CNP,CenterPoint Energy Inc,0.026%,Utilities,US,"US$13,517,757.74","338,113",CNP
UMG,Universal Music Group NV,0.0259%,Consumer Discretionary,NL,"US$13,450,763.51","524,909",UMGNF
CAP,Capgemini SE,0.0257%,Technology,FR,"US$13,370,170.83","85,464",TZA
L,Loblaw Cos Ltd,0.0257%,Consumer Staples,CA,"US$13,367,636.74","300,567",L
ULTA,Ulta Beauty Inc,0.0257%,Consumer Discretionary,US,"US$13,362,445.17","24,799",ULTA
FSR,FirstRand Ltd,0.0257%,Financials,ZA,"US$13,343,703.86","2,805,257",FSRL
KER,Kering SA,0.0256%,Consumer Discretionary,FR,"US$13,299,106.18","39,137",KROS
005380,Hyundai Motor Co,0.0256%,Consumer Discretionary,KR,"US$13,296,465.51","74,778",005380.KS
HUVR,Hindustan Unilever Ltd,0.0255%,Consumer Staples,IN,"US$13,286,838.40","481,827",HINDUNILVR.NS
MSIL,Maruti Suzuki India Ltd,0.0254%,Consumer Discretionary,IN,"US$13,231,942.76","74,438",TEWXX
035420,NAVER Corp,0.0254%,Technology,KR,"US$13,231,564.27","79,750",035420.KS
VWS,Vestas Wind Systems A/S,0.0254%,Energy,DK,"US$13,194,388.31","554,440",VWS.CO
NTAP,NetApp Inc,0.0253%,Technology,US,"US$13,179,363.72","118,137",NTAP
8015,Toyota Tsusho Corp,0.0253%,Industrials,JP,"US$13,168,576.74","406,600",8015.T
VLTO,Veralto Corp,0.0253%,Industrials,US,"US$13,147,364.58","129,889",VLTO
NST,Northern Star Resources Ltd,0.0253%,Basic Materials,AU,"US$13,141,005.72","737,781",NST.AX
4503,Astellas Pharma Inc,0.0252%,Health Care,JP,"US$13,090,916.37","1,037,500",450330.KQ
TEAM,Atlassian Corp,0.0252%,Technology,US,"US$13,085,840.88","87,519",TEAM
9022,Central Japan Railway Co,0.0251%,Industrials,JP,"US$13,076,134.57","478,100",9022.T
DVN,Devon Energy Corp,0.0251%,Energy,US,"US$13,049,048.36","352,106",DVN
VOD,Vodafone Group PLC,0.025%,Telecommunications,GB,"US$13,021,350.89","10,452,494",VOD
034020,Doosan Enerbility Co Ltd,0.025%,Industrials,KR,"US$13,021,741.41","250,660",034020.KS
PHIA,Koninklijke Philips NV,0.0249%,Health Care,NL,"US$12,955,356.03","460,145",PHIA.AS
PPG,PPG Industries Inc,0.0248%,Industrials,US,"US$12,922,967.12","129,178",PPG
WSP,WSP Global Inc,0.0247%,Industrials,CA,"US$12,861,747.14","73,348",WSP.TO
055550,Shinhan Financial Group Co Ltd,0.0247%,Financials,KR,"US$12,853,226.80","242,341",055550.KS
HO,Thales SA,0.0246%,Industrials,FR,"US$12,784,850.23","48,874",BABA
EMAAR,Emaar Properties PJSC,0.0245%,Real Estate,AE,"US$12,744,694.17","3,519,500",EMAAR.AE
HPQ,HP Inc,0.0245%,Technology,US,"US$12,724,089.84","521,052",HPQ
QSR,Restaurant Brands International Inc,0.0244%,Consumer Discretionary,CA,"US$12,668,153.85","173,922",QSR
DG,Dollar General Corp,0.0243%,Consumer Discretionary,US,"US$12,632,189.77","115,373",DG
EQR,Equity Residential,0.0243%,Real Estate,US,"US$12,628,245.50","204,506",EQR
OTP,OTP Bank Nyrt,0.0242%,Financials,HU,"US$12,604,756.19","121,111",OTP.BD
WRB,W R Berkley Corp,0.0242%,Financials,US,"US$12,602,172.59","162,211",WRB
2881,Fubon Financial Holding Co Ltd,0.0242%,Financials,TW,"US$12,583,320.62","4,264,876",2881.HK
NI,NiSource Inc,0.0242%,Utilities,US,"US$12,574,093.29","284,933",NI
HUBB,Hubbell Inc,0.0241%,Industrials,US,"US$12,551,161.56","29,092",HUBB
PODD,Insulet Corp,0.0241%,Health Care,US,"US$12,554,607.49","38,371",PODD
LDO,Leonardo SpA,0.0241%,Industrials,IT,"US$12,546,020.54","230,450",LDOS
857,PetroChina Co Ltd,0.0241%,Energy,HK,"US$12,522,318.13","11,232,000",8570.T
HAL,Halliburton Co,0.0241%,Energy,US,"US$12,514,517.58","477,289",HAL
WOW,Woolworths Group Ltd,0.024%,Consumer Staples,AU,"US$12,469,796.95","648,521",4839.T
TDY,Teledyne Technologies Inc,0.024%,Industrials,US,"US$12,464,023.04","24,952",TDY
PETR3,Petroleo Brasileiro SA,0.024%,Energy,BR,"US$12,459,657.24","1,994,441",PETR3.SA
K,Kellanova,0.0239%,Consumer Staples,US,"US$12,452,825.04","148,886",KRW=X
FRE,Fresenius SE & Co KGaA,0.0239%,Health Care,DE,"US$12,434,184.45","226,369",FCX
TROW,T Rowe Price Group Inc,0.0238%,Financials,US,"US$12,366,787.34","120,793",TROW
8308,Resona Holdings Inc,0.0238%,Financials,JP,"US$12,367,481.37","1,214,184",8308.T
VOW3,Volkswagen AG,0.0237%,Consumer Discretionary,DE,"US$12,329,748.22","107,990",VOW3.DE
KHC,Kraft Heinz Co/The,0.0237%,Consumer Staples,US,"US$12,302,325.05","482,255",KHC
6146,Disco Corp,0.0237%,Technology,JP,"US$12,302,127.52","43,900",6146.T
REP,Repsol SA,0.0236%,Energy,ES,"US$12,285,580.86","662,453",ORI
1288,Agricultural Bank of China Ltd,0.0235%,Financials,HK,"US$12,245,426.17","16,353,000",1288.HK
PPL,Pembina Pipeline Corp,0.0235%,Energy,CA,"US$12,227,603.44","314,674",PPL
HEIA,Heineken NV,0.0235%,Consumer Staples,NL,"US$12,224,032.67","150,085",HEIA.AS
CFG,Citizens Financial Group Inc,0.0234%,Financials,US,"US$12,185,105.30","225,233",CFG
VIE,Veolia Environnement SA,0.0234%,Utilities,FR,"US$12,156,706.98","357,629",VIE.PA
LH,Labcorp Holdings Inc,0.0233%,Health Care,US,"US$12,145,093.08","45,186",LH
CMS,CMS Energy Corp,0.0233%,Utilities,US,"US$12,128,941.44","160,776",CMS
WSM,Williams-Sonoma Inc,0.0233%,Consumer Discretionary,US,"US$12,109,452.71","67,271",WSM
2899,Zijin Mining Group Co Ltd,0.0233%,Basic Materials,HK,"US$12,105,553.84","3,070,000",289930.KQ
PUB,Publicis Groupe SA,0.0232%,Consumer Discretionary,FR,"US$12,095,156.73","124,100",DMYD-B.ST
4543,Terumo Corp,0.0232%,Health Care,JP,"US$12,088,202.50","773,100",4543.TWO
LVS,Las Vegas Sands Corp,0.0232%,Consumer Discretionary,US,"US$12,081,768.96","177,256",LVS
DLTR,Dollar Tree Inc,0.0232%,Consumer Discretionary,US,"US$12,070,422.49","108,929",DLTR
2802,Ajinomoto Co Inc,0.0232%,Consumer Staples,JP,"US$12,061,188.72","519,500",2802.T
NXT,Next PLC,0.0231%,Consumer Discretionary,GB,"US$12,040,550.86","64,357",NXT
SBK,Standard Bank Group Ltd,0.0231%,Financials,ZA,"US$12,011,498.41","780,392",SBK.JO
STC,Saudi Telecom Co,0.0231%,Telecommunications,SA,"US$12,004,614.63","1,055,666",STC
TECK/B,Teck Resources Ltd,0.023%,Basic Materials,CA,"US$11,974,600.23","280,605",TECK
FLEX,Flex Ltd,0.023%,Technology,US,"US$11,952,396.66","202,206",FLEX
FWONK,Liberty Media Corp-Liberty Formula One,0.0229%,Consumer Discretionary,US,"US$11,925,706.96","124,252",FWONK
ON,ON Semiconductor Corp,0.0229%,Technology,US,"US$11,924,413.76","237,349",ON
EIX,Edison International,0.0229%,Utilities,US,"US$11,905,202.40","202,160",EIX
STLAM,Stellantis NV,0.0227%,Consumer Discretionary,IT,"US$11,828,745.34","1,108,709",STLAM.MI
NSISB,Novonesis (Novozymes) B,0.0227%,Health Care,DK,"US$11,796,699.68","189,038",NSISBC.XD
8604,Nomura Holdings Inc,0.0227%,Financials,JP,"US$11,796,127.84","1,563,300",8604.T
DGX,Quest Diagnostics Inc,0.0227%,Health Care,US,"US$11,791,589.40","62,330",DGX
DTG,Daimler Truck Holding AG,0.0227%,Industrials,DE,"US$11,790,123.81","278,560",DTG
2382,Quanta Computer Inc,0.0227%,Technology,TW,"US$11,788,561.41","1,312,000",2382.TW
FMG,Fortescue Ltd,0.0226%,Basic Materials,AU,"US$11,764,163.50","837,863",FMG.AX
ZM,Zoom Video Communications Inc,0.0226%,Technology,US,"US$11,747,334.24","138,269",ZM
HEI/A,HEICO Corp,0.0226%,Industrials,US,"US$11,740,212.89","47,537",2344.T
QNBK,Qatar National Bank QPSC,0.0225%,Financials,QA,"US$11,707,801.81","2,355,144",QNBK.QA
WST,West Pharmaceutical Services Inc,0.0225%,Health Care,US,"US$11,706,604.00","42,224",WST
VNA,Vonovia SE,0.0225%,Real Estate,DE,"US$11,696,701.44","385,857",VNA.DE
ENGI,Engie SA,0.0225%,Utilities,FR,"US$11,691,075.51","459,988",ENGI.PA
KNEBV,Kone Oyj,0.0225%,Industrials,FI,"US$11,680,954.54","171,934",KNEBV.HE
VRSN,VeriSign Inc,0.0224%,Technology,US,"US$11,644,961.88","46,212",VRSN
CHD,Church & Dwight Co Inc,0.0224%,Consumer Staples,US,"US$11,633,366.96","136,606",CHD
BRO,Brown & Brown Inc,0.0223%,Financials,US,"US$11,625,432.63","144,541",BRO
1925,Daiwa House Industry Co Ltd,0.0223%,Consumer Discretionary,JP,"US$11,602,994.55","339,900",1925.HK
ALL,Aristocrat Leisure Ltd,0.0223%,Consumer Discretionary,AU,"US$11,582,105.57","302,726",ALL
4661,Oriental Land Co Ltd/Japan,0.0222%,Consumer Discretionary,JP,"US$11,540,482.54","598,900",466100.KQ
SUNP,Sun Pharmaceutical Industries Ltd,0.0221%,Health Care,IN,"US$11,518,639.02","562,521",SPWR
8309,Sumitomo Mitsui Trust Group Inc,0.0221%,Financials,JP,"US$11,516,164.69","397,500",8309.HK
4452,Kao Corp,0.0221%,Consumer Staples,JP,"US$11,511,265.62","284,500",4452.T
7182,Japan Post Bank Co Ltd,0.0221%,Financials,JP,"US$11,502,054.68","956,003",7182.T
BBDC4,Banco Bradesco SA,0.0221%,Financials,BR,"US$11,495,610.40","3,125,870",BBDC4.SA
1,CK Hutchison Holdings Ltd,0.0221%,Industrials,HK,"US$11,487,045.67","1,627,544",SB=F
BAMI,Banco BPM SpA,0.0221%,Financials,IT,"US$11,482,723.76","796,956",BAMI.MI
COL,Coles Group Ltd,0.0221%,Consumer Staples,AU,"US$11,474,725.18","783,929",KO
LYV,Live Nation Entertainment Inc,0.022%,Consumer Discretionary,US,"US$11,418,009.90","86,862",LYV
FAB,First Abu Dhabi Bank PJSC,0.0219%,Financials,AE,"US$11,412,882.05","2,646,326",FAB
MTX,MTU Aero Engines AG,0.0219%,Industrials,DE,"US$11,410,922.81","27,909",MTX
SBAC,SBA Communications Corp,0.0219%,Real Estate,US,"US$11,380,142.33","58,579",SBAC
EL,Estee Lauder Cos Inc/The,0.0218%,Consumer Discretionary,US,"US$11,351,238.76","120,668",EL
AENA,Aena SME SA,0.0218%,Industrials,ES,"US$11,341,090.73","416,546",AENA.MC
EQT,EQT AB,0.0217%,Financials,SE,"US$11,308,876.40","326,185",EQT
HLMA,Halma PLC,0.0217%,Industrials,GB,"US$11,292,026.04","239,390",HLMAL.XC
BXB,Brambles Ltd,0.0217%,Industrials,AU,"US$11,276,248.73","714,657",BXBLY
ILMN,Illumina Inc,0.0217%,Health Care,US,"US$11,265,002.10","85,698",ILMN
CTRA,Coterra Energy Inc,0.0217%,Energy,US,"US$11,262,896.04","419,631",CTRA
ML,Cie Generale des Etablissements Michelin SCA,0.0216%,Consumer Discretionary,FR,"US$11,245,129.71","344,209",MLM
PFG,Principal Financial Group Inc,0.0216%,Financials,US,"US$11,246,029.34","132,587",PFG
IP,International Paper Co,0.0216%,Basic Materials,US,"US$11,229,059.52","284,424",IP
MAADEN,Saudi Arabian Mining Co,0.0216%,Basic Materials,SA,"US$11,230,133.42","690,644",1211.SR
068270,Celltrion Inc,0.0216%,Health Care,KR,"US$11,217,779.35","88,887",068270.KS
2388,BOC Hong Kong Holdings Ltd,0.0215%,Financials,HK,"US$11,203,453.81","2,328,500",2388.HK
IHG,InterContinental Hotels Group PLC,0.0215%,Consumer Discretionary,GB,"US$11,200,570.44","84,406",IHG
6971,Kyocera Corp,0.0215%,Technology,JP,"US$11,159,508.49","814,900",6971.KL
BMPS,Banca Monte dei Paschi di Siena SpA,0.0214%,Financials,IT,"US$11,116,672.25","1,174,880",BMPS.MI
PTC,PTC Inc,0.0213%,Technology,US,"US$11,093,140.62","63,234",PTC
GMAB,Genmab A/S,0.0213%,Health Care,DK,"US$11,083,250.56","34,981",GMAB
DRI,Darden Restaurants Inc,0.0213%,Consumer Discretionary,US,"US$11,080,086.00","61,700",DRI
PKO,Powszechna Kasa Oszczednosci Bank Polski SA,0.0213%,Financials,PL,"US$11,079,657.82","521,839",PKOH
NVR,NVR Inc,0.0213%,Consumer Discretionary,US,"US$11,073,252.75","1,475",NVR
DNB,DNB Bank ASA,0.0212%,Financials,NO,"US$11,048,573.09","413,041",DNBBY
AIBG,AIB Group PLC,0.0212%,Financials,IE,"US$11,049,553.13","1,075,815",AIBG.L
BAM,Brookfield Asset Management Ltd,0.0211%,Financials,CA,"US$10,987,163.05","208,135",BAM
SSNC,SS&C Technologies Holdings Inc,0.0211%,Technology,US,"US$10,952,881.12","127,448",SSNC
TRMB,Trimble Inc,0.0209%,Industrials,US,"US$10,876,083.60","133,580",TRMB
5020,ENEOS Holdings Inc,0.0208%,Energy,JP,"US$10,804,028.36","1,639,250",5020.KL
CNC,Centene Corp,0.0207%,Health Care,US,"US$10,767,121.96","273,694",CNC
CPI,Capitec Bank Holdings Ltd,0.0207%,Financials,ZA,"US$10,751,342.89","47,419",CVU
TYL,Tyler Technologies Inc,0.0206%,Technology,US,"US$10,729,408.14","22,847",TYL
EXPD,Expeditors International of Washington Inc,0.0206%,Industrials,US,"US$10,723,993.80","73,002",EXPD
PAAS,Pan American Silver Corp,0.0206%,Basic Materials,CA,"US$10,716,298.34","235,855",PAAS
6160,BeOne Medicines Ltd,0.0206%,Health Care,HK,"US$10,711,385.12","407,200",6160.HK
6723,Renesas Electronics Corp,0.0206%,Technology,JP,"US$10,706,522.70","902,378",6723.T
5401,Nippon Steel Corp,0.0206%,Basic Materials,JP,"US$10,699,235.24","2,642,215",5401.T
LULU,Lululemon Athletica Inc,0.0205%,Consumer Discretionary,US,"US$10,675,625.34","57,963",LULU
HCLT,HCL Technologies Ltd,0.0205%,Technology,IN,"US$10,666,180.73","587,405",HCLTECH.NS
CDW,CDW Corp/DE,0.0205%,Technology,US,"US$10,658,723.32","73,906",CDW
CPAY,Corpay Inc,0.0205%,Industrials,US,"US$10,644,954.60","35,987",CPAY
DELTA/F,Delta Electronics Thailand PCL,0.0204%,Technology,TH,"US$10,584,505.79","1,695,364",4598.T
AMCR,Amcor PLC,0.0202%,Industrials,US,"US$10,494,152.16","1,231,708",AMCR
000270,Kia Corp,0.0202%,Consumer Discretionary,KR,"US$10,490,853.57","135,218",000270.KS
BIRG,Bank of Ireland Group PLC,0.0202%,Financials,IE,"US$10,483,721.34","566,003",BIRG.IR
ZBH,Zimmer Biomet Holdings Inc,0.0201%,Health Care,US,"US$10,471,990.16","107,383",ZBH
STZ,Constellation Brands Inc,0.0201%,Consumer Staples,US,"US$10,429,796.88","76,476",STZ
FTV,Fortive Corp,0.02%,Industrials,US,"US$10,411,058.56","194,672",FTV
QBE,QBE Insurance Group Ltd,0.02%,Financials,AU,"US$10,400,796.36","823,881",QBEN.ST
AMXB,America Movil SAB de CV,0.0199%,Telecommunications,MX,"US$10,373,196.61","9,046,800",AMXB.MX
TWLO,Twilio Inc,0.0199%,Technology,US,"US$10,330,197.57","79,653",TWLO
INF,Informa PLC,0.0198%,Consumer Discretionary,GB,"US$10,313,096.60","810,947",VGT
FCNCA,First Citizens BancShares Inc/NC,0.0198%,Financials,US,"US$10,294,592.98","5,482",FCNCA
MT,ArcelorMittal SA,0.0198%,Basic Materials,NL,"US$10,286,306.15","238,389",MT
CCEP,Coca-Cola Europacific Partners PLC,0.0197%,Consumer Staples,GB,"US$10,249,891.04","111,306",CCEP
HNR1,Hannover Rueck SE,0.0197%,Financials,DE,"US$10,241,005.45","34,018",HNR1.DE
HUBS,HubSpot Inc,0.0197%,Technology,US,"US$10,230,596.64","27,852",HUBS
012450,Hanwha Aerospace Co Ltd,0.0197%,Industrials,KR,"US$10,230,488.56","17,659",012450.KS
1088,China Shenhua Energy Co Ltd,0.0197%,Energy,HK,"US$10,231,698.26","2,000,500",108860.KQ
9987,Yum China Holdings Inc,0.0197%,Consumer Discretionary,HK,"US$10,225,281.52","212,067",9987.HK
GPN,Global Payments Inc,0.0195%,Industrials,US,"US$10,161,082.72","134,122",GPN
4307,Nomura Research Institute Ltd,0.0195%,Technology,JP,"US$10,153,330.38","254,159",4307.T
TRI,Thomson Reuters Corp,0.0195%,Technology,CA,"US$10,129,275.71","74,496",TRI
SAABB,Saab AB,0.0194%,Industrials,SE,"US$10,070,310.30","199,707",SAABBS.XC
MAY,Malayan Banking Bhd,0.0193%,Financials,MY,"US$10,049,327.53","4,190,600",1155.KL
SW,Smurfit WestRock PLC,0.0193%,Industrials,US,"US$10,044,272.39","281,431",SW
LNT,Alliant Energy Corp,0.0193%,Utilities,US,"US$10,032,926.87","144,421",LNT
NTPC,NTPC Ltd,0.0193%,Utilities,IN,"US$10,020,568.84","2,745,642",NTPCGREEN.BO
1605,Inpex Corp,0.0193%,Energy,JP,"US$10,015,413.01","469,200",160550.KQ
VAL,Valterra Platinum Ltd,0.0192%,Basic Materials,ZA,"US$10,006,061.32","143,965",VAL
GDDY,GoDaddy Inc,0.0192%,Technology,US,"US$9,992,003.28","78,148",GDDY
6988,Nitto Denko Corp,0.0192%,Basic Materials,JP,"US$9,976,002.56","403,200",6988.HK
FEMSAUBD,Fomento Economico Mexicano SAB de CV,0.019%,Consumer Staples,MX,"US$9,895,673.99","1,027,037",FEMSAUBD.MX
RBA,RB Global Inc,0.019%,Consumer Discretionary,CA,"US$9,888,853.48","100,698",RBA
DSY,Dassault Systemes SE,0.019%,Technology,FR,"US$9,889,527.19","353,439",DSY
TEF,Telefonica SA,0.019%,Telecommunications,ES,"US$9,891,399.09","2,281,935",TEF
RI,Pernod Ricard SA,0.019%,Consumer Staples,FR,"US$9,890,035.96","109,846",SCIIR
WALMEX*,Wal-Mart de Mexico SAB de CV,0.019%,Consumer Discretionary,MX,"US$9,883,689.52","2,921,500",WALMEX.MX
600519,Kweichow Moutai Co Ltd,0.019%,Consumer Staples,CN,"US$9,876,971.47","48,135",600519.SS
PNR,Pentair PLC,0.019%,Industrials,US,"US$9,870,354.36","93,789",PNR
GIB/A,CGI Inc,0.019%,Technology,CA,"US$9,864,384.78","110,480",0P0001PIQ7
LOGN,Logitech International SA,0.0189%,Technology,CH,"US$9,816,772.28","87,291",LOGN
9992,Pop Mart International Group Ltd,0.0189%,Consumer Discretionary,HK,"US$9,811,323.47","339,800",9992.HK
2328,PICC Property & Casualty Co Ltd,0.0188%,Financials,HK,"US$9,807,515.12","4,323,748",KIST11-PRO.OL
CHTR,Charter Communications Inc,0.0188%,Telecommunications,US,"US$9,802,477.96","48,983",CHTR
1801,Innovent Biologics Inc,0.0188%,Health Care,HK,"US$9,794,613.93","810,382",1801.HK
INCY,Incyte Corp,0.0187%,Health Care,US,"US$9,747,893.82","93,317",INCY
2412,Chunghwa Telecom Co Ltd,0.0187%,Telecommunications,TW,"US$9,717,333.12","2,337,000",2412.TW
300750,Contemporary Amperex Technology Co Ltd,0.0186%,Industrials,CN,"US$9,696,194.20","183,660",300750.SZ
SGSN,SGS SA,0.0186%,Industrials,CH,"US$9,688,076.82","84,408",SGSNZ.XC
L,Loews Corp,0.0186%,Financials,US,"US$9,670,545.50","89,650",L
ABN,ABN AMRO Bank NV,0.0186%,Financials,NL,"US$9,663,954.58","285,662",ABNB
NN,NN Group NV,0.0186%,Financials,NL,"US$9,647,610.21","133,050",NN
402340,SK Square Co Ltd,0.0186%,Financials,KR,"US$9,650,527.32","47,626",402340.KS
SAB,Banco de Sabadell SA,0.0186%,Financials,ES,"US$9,648,370.96","2,649,337",SABR
2502,Asahi Group Holdings Ltd,0.0186%,Consumer Staples,JP,"US$9,649,248.24","830,767",2502.HK
TTD,Trade Desk Inc/The,0.0185%,Consumer Discretionary,US,"US$9,616,521.72","243,087",TTD
2303,United Microelectronics Corp,0.0185%,Technology,TW,"US$9,610,922.42","6,586,000",2303.TW
BAP,Credicorp Ltd,0.0184%,Financials,US,"US$9,585,959.49","37,269",BAP
LGEN,Legal & General Group PLC,0.0184%,Financials,GB,"US$9,570,007.30","2,925,333",LGEN.L
GPC,Genuine Parts Co,0.0184%,Consumer Discretionary,US,"US$9,567,839.20","73,373",GPC
HOLX,Hologic Inc,0.0184%,Health Care,US,"US$9,567,296.55","127,615",HOLX
MRU,Metro Inc/CN,0.0184%,Consumer Staples,CA,"US$9,550,033.80","132,787",CADMRU=X
ESSITYB,Essity AB,0.0183%,Consumer Staples,SE,"US$9,503,229.62","343,155",ESSITY-B.ST
MKC,McCormick & Co Inc/MD,0.0182%,Consumer Staples,US,"US$9,491,331.92","140,654",MKC
SMCI,Super Micro Computer Inc,0.0182%,Technology,US,"US$9,479,387.85","280,041",SMCI
086790,Hana Financial Group Inc,0.0182%,Financials,KR,"US$9,474,202.16","149,338",086790.KS
2882,Cathay Financial Holding Co Ltd,0.0182%,Financials,TW,"US$9,457,209.23","4,623,279",2882.TW
SUI,Sun Communities Inc,0.0182%,Real Estate,US,"US$9,453,635.00","73,375",SUI
7832,Bandai Namco Holdings Inc,0.0182%,Consumer Discretionary,JP,"US$9,441,437.36","321,900",7832.TWO
PKG,Packaging Corp of America,0.0182%,Industrials,US,"US$9,444,155.53","46,279",PKG
EQNR,Equinor ASA,0.0181%,Energy,NO,"US$9,437,087.75","409,402",EQNR
6273,SMC Corp,0.0181%,Industrials,JP,"US$9,400,112.27","26,729",6273.T
IT,Gartner Inc,0.018%,Technology,US,"US$9,355,915.26","40,199",IT
IFF,International Flavors & Fragrances Inc,0.018%,Basic Materials,US,"US$9,352,911.24","134,613",IFF
APTV,Aptiv Holdings Ltd,0.018%,Consumer Discretionary,US,"US$9,343,068.90","120,478",APTV
INVH,Invitation Homes Inc,0.018%,Real Estate,US,"US$9,337,640.40","331,122",INVH
DOW,Dow Inc,0.0179%,Industrials,US,"US$9,324,610.65","390,969",DOW
KPN,Koninklijke KPN NV,0.0179%,Telecommunications,NL,"US$9,305,781.84","2,035,133",KKPNY
16,Sun Hung Kai Properties Ltd,0.0179%,Real Estate,HK,"US$9,308,338.47","735,000",TATE.L
SBIN,State Bank of India,0.0177%,Financials,IN,"US$9,226,859.52","843,023",SBIN.NS
CLNX,Cellnex Telecom SA,0.0177%,Telecommunications,ES,"US$9,189,800.12","306,206",CLNX.VI
6178,Japan Post Holdings Co Ltd,0.0176%,Financials,JP,"US$9,175,434.22","932,786",6178.T
AGI,Alamos Gold Inc,0.0175%,Basic Materials,CA,"US$9,127,871.71","241,181",AGI
Q,Qnity Electronics Inc,0.0175%,Technology,US,"US$9,125,057.70","112,530",Q
EVRG,Evergy Inc,0.0175%,Utilities,US,"US$9,095,144.50","117,130",EVRG
ROL,Rollins Inc,0.0175%,Consumer Discretionary,US,"US$9,078,628.64","147,668",ROL
669,Techtronic Industries Co Ltd,0.0174%,Industrials,HK,"US$9,056,643.03","774,000",6693.HK
TTAN,Titan Co Ltd,0.0174%,Consumer Discretionary,IN,"US$9,053,885.00","207,244",TTAN
SCMN,Swisscom AG,0.0172%,Telecommunications,CH,"US$8,970,410.36","12,494",SCMN.SW
ESS,Essex Property Trust Inc,0.0172%,Real Estate,US,"US$8,958,071.22","33,981",ESS
KEY,KeyCorp,0.0172%,Financials,US,"US$8,953,706.72","487,144",KEY
TRU,TransUnion,0.0172%,Industrials,US,"US$8,949,556.35","105,227",TRU
6201,Toyota Industries Corp,0.0172%,Consumer Discretionary,JP,"US$8,950,028.84","79,900",6201.TW
SNA,Snap-on Inc,0.0172%,Industrials,US,"US$8,943,995.10","26,302",SNA
MRK,Merck KGaA,0.0172%,Health Care,DE,"US$8,931,077.37","66,341",MRK
8830,Sumitomo Realty & Development Co Ltd,0.0172%,Real Estate,JP,"US$8,926,673.50","184,700",8830.T
BHE,Bharat Electronics Ltd,0.0172%,Industrials,IN,"US$8,920,052.39","1,937,769",BHE
J,Jacobs Solutions Inc,0.0171%,Industrials,US,"US$8,912,423.91","66,111",J
1812,Kajima Corp,0.0171%,Industrials,JP,"US$8,891,304.07","238,400",KEGS
TPL,Texas Pacific Land Corp,0.0171%,Energy,US,"US$8,890,951.23","10,287",TPL
005490,POSCO Holdings Inc,0.017%,Basic Materials,KR,"US$8,860,204.33","42,101",005490.KS
MAA,Mid-America Apartment Communities Inc,0.017%,Real Estate,US,"US$8,847,662.01","65,109",MAA
2884,E.Sun Financial Holding Co Ltd,0.017%,Financials,TW,"US$8,834,824.56","9,136,111",2884.T
DD,DuPont de Nemours Inc,0.017%,Consumer Staples,US,"US$8,829,297.93","222,009",DD
TSN,Tyson Foods Inc,0.0169%,Consumer Staples,US,"US$8,805,662.55","151,691",TSN
9735,Secom Co Ltd,0.0169%,Industrials,JP,"US$8,778,599.81","259,500",9735.T
6326,Kubota Corp,0.0169%,Industrials,JP,"US$8,767,561.68","607,000",6326.T
FM,First Quantum Minerals Ltd,0.0168%,Basic Materials,CA,"US$8,754,064.32","383,279",FMC
2886,Mega Financial Holding Co Ltd,0.0167%,Financials,TW,"US$8,710,800.92","6,817,668",288620.KQ
9868,XPeng Inc,0.0167%,Consumer Discretionary,HK,"US$8,678,988.17","805,377",9868.HK
PBK,Public Bank Bhd,0.0167%,Financials,MY,"US$8,678,832.63","8,244,891",PBKX
2,CLP Holdings Ltd,0.0167%,Utilities,HK,"US$8,664,200.58","992,000",GC=F
1802,Obayashi Corp,0.0166%,Industrials,JP,"US$8,651,175.91","424,000",1802.TW
FNF,Fidelity National Financial Inc,0.0166%,Financials,US,"US$8,651,522.25","145,575",FNF
DSFIR,DSM-Firmenich AG,0.0166%,Consumer Staples,NL,"US$8,635,218.68","105,153",DSFIR.AS
ACA,Credit Agricole SA,0.0166%,Financials,FR,"US$8,636,386.15","450,462",ACA
SHBA,Svenska Handelsbanken AB,0.0166%,Financials,SE,"US$8,628,192.99","621,688",SHBAJRG.BO
ALLE,Allegion plc,0.0166%,Industrials,US,"US$8,630,405.43","51,981",ALLE
ACS,ACS Actividades de Construccion y Servicios SA,0.0166%,Industrials,ES,"US$8,618,253.96","93,233",ACS.JO
TNB,Tenaga Nasional Bhd,0.0165%,Utilities,MY,"US$8,607,106.11","2,698,700",TNBI
WY,Weyerhaeuser Co,0.0165%,Real Estate,US,"US$8,588,340.48","386,688",WY
COO,Cooper Cos Inc/The,0.0165%,Health Care,US,"US$8,568,403.50","109,950",COO
EQH,Equitable Holdings Inc,0.0165%,Financials,US,"US$8,570,649.85","183,565",EQH
BBD/B,Bombardier Inc,0.0165%,Industrials,CA,"US$8,567,709.61","51,462",BBD-PR.NE
STMPA,STMicroelectronics NV,0.0164%,Technology,FR,"US$8,541,893.78","372,179",STMPA.PA
CHKP,Check Point Software Technologies Ltd,0.0163%,Technology,US,"US$8,499,715.93","45,509",CHKP
ETERNAL,Zomato Ltd,0.0163%,Technology,IN,"US$8,493,416.29","2,531,539",3193.T
LISN,Chocoladefabriken Lindt & Spruengli AG,0.0163%,Consumer Staples,CH,"US$8,490,192.42",57,LISN.SW
9503,Kansai Electric Power Co Inc/The,0.0163%,Utilities,JP,"US$8,469,649.47","495,200",9503.T
BURL,Burlington Stores Inc,0.0162%,Consumer Discretionary,US,"US$8,442,390.33","33,471",BURL
TRN,Terna - Rete Elettrica Nazionale,0.0162%,Utilities,IT,"US$8,421,747.04","798,491",TRN
7013,IHI Corp,0.0162%,Industrials,JP,"US$8,416,297.66","471,500",7013.T
11,Hang Seng Bank Ltd,0.0161%,Financials,HK,"US$8,380,618.06","428,700",1156.HK
BBY,Best Buy Co Inc,0.0161%,Consumer Discretionary,US,"US$8,378,072.56","105,677",BBY
7936,Asics Corp,0.0161%,Consumer Discretionary,JP,"US$8,369,004.17","349,100",7936.T
196170,Alteogen Inc,0.0161%,Health Care,KR,"US$8,362,589.33","23,074",196170.KQ
WRT1V,Wartsila OYJ Abp,0.016%,Industrials,FI,"US$8,339,568.32","257,466",WRT1V.HE
CIMB,CIMB Group Holdings Bhd,0.016%,Financials,MY,"US$8,322,533.58","4,495,800",1023.KL
FBK,FinecoBank Banca Fineco SpA,0.016%,Financials,IT,"US$8,312,795.58","338,667",FBK
6669,Wiwynn Corp,0.016%,Technology,TW,"US$8,299,824.76","57,000",6669.HK
PINS,Pinterest Inc,0.016%,Technology,US,"US$8,299,891.20","317,760",PINS
7733,Olympus Corp,0.0159%,Health Care,JP,"US$8,290,996.48","616,100",7733.T
9532,Osaka Gas Co Ltd,0.0159%,Utilities,JP,"US$8,283,106.70","235,700",9532-SABE.SR
RPRX,Royalty Pharma PLC,0.0159%,Health Care,US,"US$8,272,053.96","206,698",RPRX
2345,Accton Technology Corp,0.0159%,Telecommunications,TW,"US$8,262,705.11","253,000",2345.TW
JBHT,JB Hunt Transport Services Inc,0.0159%,Industrials,US,"US$8,253,706.16","47,446",JBHT
TXT,Textron Inc,0.0159%,Industrials,US,"US$8,257,289.04","99,294",TXT
MTN,MTN Group Ltd,0.0159%,Telecommunications,ZA,"US$8,243,552.91","894,296",MTN
PKN,ORLEN SA,0.0158%,Energy,PL,"US$8,233,691.02","319,246",PKN.WA
TOU,Tourmaline Oil Corp,0.0158%,Energy,CA,"US$8,228,789.04","178,348",601888.SS
SCHP,Schindler Holding AG,0.0158%,Industrials,CH,"US$8,215,931.25","22,986",SCHP
BALL,Ball Corp,0.0158%,Industrials,US,"US$8,201,623.17","165,589",BALL
KEP,Keppel Ltd,0.0157%,Utilities,SG,"US$8,161,797.48","1,032,300",KEP
UTCEM,UltraTech Cement Ltd,0.0157%,Industrials,IN,"US$8,155,112.22","62,884",UCLQF
SGE,Sage Group PLC/The,0.0157%,Technology,GB,"US$8,146,867.15","572,227",SGE.L
TATA,Tata Steel Ltd,0.0156%,Basic Materials,IN,"US$8,119,043.41","4,323,816",TATASTEEL.NS
IMO,Imperial Oil Ltd,0.0156%,Energy,CA,"US$8,115,336.90","80,982",IMO
WPC,WP Carey Inc,0.0155%,Real Estate,US,"US$8,081,098.87","119,951",WPC
2020,ANTA Sports Products Ltd,0.0155%,Consumer Discretionary,HK,"US$8,064,760.58","740,000",2020.OL
3017,Asia Vital Components Co Ltd,0.0155%,Technology,TW,"US$8,061,175.72","184,000",3017.TW
MAS,Masco Corp,0.0155%,Industrials,US,"US$8,035,706.38","123,874",MAS
2885,Yuanta Financial Holding Co Ltd,0.0155%,Financials,TW,"US$8,037,602.60","6,987,816",2885.HK
DSCT,Israel Discount Bank Ltd,0.0154%,Financials,IL,"US$8,016,307.29","767,585",DSCT.TA
BBRI,Bank Rakyat Indonesia Persero Tbk PT,0.0154%,Financials,ID,"US$7,995,234.51","36,184,954",BBRI.JK
386,China Petroleum & Chemical Corp,0.0153%,Energy,HK,"US$7,973,866.37","14,077,400",3864.T
CEMEXCPO,Cemex SAB de CV,0.0153%,Industrials,MX,"US$7,957,862.19","7,527,924",CEMEXCPO.MX
AVY,Avery Dennison Corp,0.0153%,Basic Materials,US,"US$7,955,220.24","46,152",AVY
SBSP3,Cia de Saneamento Basico do Estado de Sao Paulo SABESP,0.0153%,Utilities,BR,"US$7,950,345.67","301,300",SBSP3.SA
OMC,Omnicom Group Inc,0.0152%,Consumer Discretionary,US,"US$7,913,437.04","110,492",OMC
BAER,Julius Baer Group Ltd,0.0152%,Financials,CH,"US$7,904,893.95","110,579",BAER
1928,Sekisui House Ltd,0.0152%,Consumer Discretionary,JP,"US$7,906,066.00","352,800",1928.HK
BPE,BPER Banca SPA,0.0152%,Financials,IT,"US$7,897,787.54","655,608",ASRY.BE
7270,Subaru Corp,0.0152%,Consumer Discretionary,JP,"US$7,894,968.92","351,100",7270.T
9531,Tokyo Gas Co Ltd,0.0152%,Utilities,JP,"US$7,892,175.58","194,500",9531.T
LISP,Chocoladefabriken Lindt & Spruengli AG,0.0152%,Consumer Staples,CH,"US$7,890,304.50",536,LISPN.MX
EVN,Evolution Mining Ltd,0.0152%,Basic Materials,AU,"US$7,882,500.93","1,011,757",EVN
MONC,Moncler SpA,0.0152%,Consumer Discretionary,IT,"US$7,879,038.02","116,811",FMONC.PA
SABIC,Saudi Basic Industries Corp,0.0151%,Basic Materials,SA,"US$7,872,655.33","535,519",2020.SR
GEN,Gen Digital Inc,0.0151%,Technology,US,"US$7,836,926.67","297,191",GEN
AXIA3,Axia Energia,0.0151%,Utilities,BR,"US$7,828,875.95","669,300",AXIA3.SA
RO,Roche Holding AG,0.015%,Health Care,CH,"US$7,794,959.09","19,596",HRC=F
FFIV,F5 Inc,0.015%,Technology,US,"US$7,786,571.28","32,558",FFIV
UPM,UPM-Kymmene Oyj,0.015%,Basic Materials,FI,"US$7,784,685.69","285,315",UPM.HE
ITC,ITC Ltd,0.015%,Consumer Staples,IN,"US$7,777,969.31","1,721,014",ITC.NS
BOL,Boliden AB,0.0149%,Basic Materials,SE,"US$7,772,056.96","162,249",BOLT
QIBK,Qatar Islamic Bank QPSC,0.0149%,Financials,QA,"US$7,759,471.99","1,215,150",QIBK.QA
BT/A,BT Group PLC,0.0149%,Telecommunications,GB,"US$7,752,371.24","3,233,405",214.BE
SHL,Siemens Healthineers AG,0.0149%,Health Care,DE,"US$7,733,231.12","155,542",SHL.DE
ENX,Euronext NV,0.0149%,Financials,FR,"US$7,723,100.35","50,300",ENX.AX
CG,Carlyle Group Inc/The,0.0148%,Financials,US,"US$7,682,840.76","140,892",CG
SN/,Smith & Nephew PLC,0.0148%,Health Care,GB,"US$7,680,718.10","462,078",SNAP
2503,Kirin Holdings Co Ltd,0.0147%,Consumer Staples,JP,"US$7,656,869.59","487,000",2503.HK
B3SA3,B3 SA - Brasil Bolsa Balcao,0.0147%,Financials,BR,"US$7,656,055.50","2,734,481",B3SA3F.SA
XRO,Xero Ltd,0.0147%,Technology,AU,"US$7,629,925.70","95,170",XRO.AX
DPZ,Domino's Pizza Inc,0.0147%,Consumer Discretionary,US,"US$7,624,257.47","18,169",DPZ
RIVN,Rivian Automotive Inc,0.0146%,Consumer Discretionary,US,"US$7,606,001.22","451,127",RIVN
RTO,Rentokil Initial PLC,0.0146%,Industrials,GB,"US$7,581,424.84","1,374,779",RTO
CF,CF Industries Holdings Inc,0.0146%,Basic Materials,US,"US$7,575,662.00","96,260",CF
KIM,Kimco Realty Corp,0.0145%,Real Estate,US,"US$7,545,651.80","365,230",KIM
DOCU,DocuSign Inc,0.0145%,Technology,US,"US$7,538,483.70","108,702",DOCU
9766,Konami Group Corp,0.0145%,Consumer Discretionary,JP,"US$7,514,783.72","49,200",9766.T
FPH,Fisher & Paykel Healthcare Corp Ltd,0.0144%,Health Care,NZ,"US$7,503,706.87","350,443",FPH
HEN3,Henkel AG & Co KGaA,0.0144%,Basic Materials,DE,"US$7,497,332.88","92,845",HEN3.DE
HNDL,Hindalco Industries Ltd,0.0144%,Basic Materials,IN,"US$7,478,934.78","827,526",HNDL
KYGA,Kerry Group PLC,0.0144%,Consumer Staples,IE,"US$7,472,889.31","80,539",KYGAL.XC
EG,Everest Group Ltd,0.0143%,Financials,US,"US$7,447,101.55","23,695",EG
175,Geely Automobile Holdings Ltd,0.0143%,Consumer Discretionary,HK,"US$7,438,230.07","3,418,600",1756.HK
LUN,Lundin Mining Corp,0.0143%,Basic Materials,CA,"US$7,436,138.49","397,026",LUNR
MG,Magna International Inc,0.0143%,Consumer Discretionary,CA,"US$7,433,098.42","151,515",MG
GWO,Great-West Lifeco Inc,0.0143%,Financials,CA,"US$7,428,785.47","159,841",GWO.TO
KSP,Kingspan Group PLC,0.0143%,Industrials,IE,"US$7,426,649.70","86,652",KSPI
ORG,Origin Energy Ltd,0.0142%,Utilities,AU,"US$7,373,973.59","962,692",OGN
2887,TS Financial Holding Co Ltd,0.0142%,Financials,TW,"US$7,365,126.37","12,806,343",2887E.TW
2269,Wuxi Biologics Cayman Inc,0.0142%,Health Care,HK,"US$7,360,833.60","1,839,169",226950.KQ
CPU,Computershare Ltd,0.0141%,Financials,AU,"US$7,356,243.21","312,457",CPU2.F
1216,Uni-President Enterprises Corp,0.0141%,Consumer Staples,TW,"US$7,341,674.65","3,012,006",1216.HK
1113,CK Asset Holdings Ltd,0.0141%,Real Estate,HK,"US$7,342,139.97","1,431,938",111380.KS
1801,Taisei Corp,0.0141%,Industrials,JP,"US$7,340,147.39","85,800",1801.HK
AC,Accor SA,0.0141%,Consumer Discretionary,FR,"US$7,341,810.38","135,696",XCBEU
DECK,Deckers Outdoor Corp,0.0141%,Consumer Discretionary,US,"US$7,329,553.86","83,262",DECK
EDP,EDP SA,0.0141%,Utilities,PT,"US$7,318,041.70","1,639,539",EDP.LS
INDIGO,InterGlobe Aviation Ltd,0.0141%,Consumer Discretionary,IN,"US$7,321,363.39","110,968",INDIGOPNTS.NS
9101,Nippon Yusen KK,0.0141%,Industrials,JP,"US$7,317,942.97","230,700",9101.T
ZBRA,Zebra Technologies Corp,0.014%,Industrials,US,"US$7,290,321.00","28,844",ZBRA
SRG,Snam SpA,0.014%,Energy,IT,"US$7,262,623.81","1,091,370",SRG
9502,Chubu Electric Power Co Inc,0.014%,Utilities,JP,"US$7,261,364.95","464,400",950250.KQ
3407,Asahi Kasei Corp,0.0139%,Basic Materials,JP,"US$7,249,922.46","867,600",3407.T
EMA,Emera Inc,0.0139%,Utilities,CA,"US$7,212,695.07","148,258",EMA
,Engie SA,0.0138%,Utilities,FR,"US$7,197,264.67","283,178",ENGI.PA
8697,Japan Exchange Group Inc,0.0138%,Financials,JP,"US$7,178,628.32","625,300",8697.T
3231,Wistron Corp,0.0138%,Technology,TW,"US$7,179,852.09","1,559,444",3231.TW
SCG,Scentre Group,0.0138%,Real Estate,AU,"US$7,174,594.35","2,681,426",SJWD.BK
APNT,Asian Paints Ltd,0.0138%,Industrials,IN,"US$7,166,887.68","223,024",ASIANPAINT.BO
267260,HD Hyundai Electric Co Ltd,0.0138%,Industrials,KR,"US$7,160,575.26","13,588",267260.KS
CLX,Clorox Co/The,0.0138%,Consumer Staples,US,"US$7,155,342.60","66,290",CLX
BMRI,Bank Mandiri Persero Tbk PT,0.0137%,Financials,ID,"US$7,137,466.89","24,611,700",BMRI.JK
823,Link REIT,0.0137%,Real Estate,HK,"US$7,132,899.71","1,505,800",8233.T
STO,Santos Ltd,0.0136%,Energy,AU,"US$7,058,555.11","1,671,316",VTI
028260,Samsung C&T Corp,0.0136%,Industrials,KR,"US$7,060,959.44","46,152",028260.KS
OKTA,Okta Inc,0.0135%,Technology,US,"US$7,032,811.17","87,549",OKTA
GRASIM,Grasim Industries Ltd,0.0135%,Industrials,IN,"US$7,017,071.98","229,123",GRASIM.NS
JKHY,Jack Henry & Associates Inc,0.0135%,Industrials,US,"US$7,007,989.20","40,165",JKHY
7532,Pan Pacific International Holdings Corp,0.0135%,Consumer Discretionary,JP,"US$6,997,797.50","1,153,000",7532.T
G1A,GEA Group AG,0.0135%,Industrials,DE,"US$6,999,172.02","103,269",G1AR34.SA
4507,Shionogi & Co Ltd,0.0134%,Health Care,JP,"US$6,960,196.09","405,200",4507.T
ITSA4,Itausa SA,0.0133%,Financials,BR,"US$6,935,772.69","3,005,614",ITSA4.SA
BPAC11,Banco BTG Pactual SA,0.0133%,Financials,BR,"US$6,929,973.05","685,708",BPAC11.SA
6594,NIDEC CORP,0.0133%,Industrials,JP,"US$6,908,622.29","547,532",6594.T
FOXA,Fox Corp,0.0133%,Consumer Discretionary,US,"US$6,901,866.00","105,372",FOXA
LYB,LyondellBasell Industries NV,0.0133%,Basic Materials,US,"US$6,898,624.83","140,817",LYB
IEX,IDEX Corp,0.0132%,Industrials,US,"US$6,883,279.75","39,575",IEX
IAG,Insurance Australia Group Ltd,0.0132%,Financials,AU,"US$6,874,679.20","1,350,888",IAG
2383,Elite Material Co Ltd,0.0132%,Technology,TW,"US$6,851,202.80","141,000",2383.TW
009540,HD Korea Shipbuilding & Offshore Engineering Co Ltd,0.0132%,Industrials,KR,"US$6,853,173.77","24,582",009540.KS
ANTO,Antofagasta PLC,0.0132%,Basic Materials,GB,"US$6,852,783.14","187,524",ANTO.L
IMP,Impala Platinum Holdings Ltd,0.0131%,Basic Materials,ZA,"US$6,825,562.17","545,265",CM.TO
PTT/F,PTT PCL,0.0131%,Energy,TH,"US$6,817,053.89","7,137,400",NVA3.SG
ADCB,Abu Dhabi Commercial Bank PJSC,0.0131%,Financials,AE,"US$6,814,048.57","1,774,963",0P00018DM0
,Air Liquide SA,0.0131%,,FR,"US$6,802,482.19","35,498",AIP.XC
316140,Woori Financial Group Inc,0.0131%,Financials,KR,"US$6,799,320.23","376,626",316140.KS
6383,Daifuku Co Ltd,0.013%,Industrials,JP,"US$6,785,365.59","214,300",6383.T
SUN,Suncorp Group Ltd,0.013%,Financials,AU,"US$6,778,941.48","588,662",SUN
BESI,BE Semiconductor Industries NV,0.013%,Technology,NL,"US$6,770,879.19","44,913",YAPRK.IS
012330,Hyundai Mobis Co Ltd,0.013%,Consumer Discretionary,KR,"US$6,763,479.41","32,138",012330.KS
CARLB,Carlsberg AS,0.013%,Consumer Staples,DK,"US$6,754,883.63","54,366",CARLBC.XC
EPIA,Epiroc AB,0.013%,Industrials,SE,"US$6,749,087.33","314,194",EPIAS.XC
035720,Kakao Corp,0.0129%,Technology,KR,"US$6,731,909.90","168,659",035720.KS
EMIRATES,Emirates NBD Bank PJSC,0.0128%,Financials,AE,"US$6,674,619.22","1,004,708",DU.AE
COH,Cochlear Ltd,0.0128%,Health Care,AU,"US$6,670,441.50","36,449",COHR
8473,SBI Holdings Inc,0.0128%,Financials,JP,"US$6,670,815.76","316,600",8473.TW
SOON,Sonova Holding AG,0.0128%,Health Care,CH,"US$6,663,769.85","26,740",043650.KQ
UDR,UDR Inc,0.0128%,Real Estate,US,"US$6,663,439.62","182,961",UDR
SHOP,Shopify Inc,0.0128%,Technology,US,"US$6,644,795.04","41,886",SHOP
6361,Ebara Corp,0.0128%,Industrials,JP,"US$6,640,871.52","253,500",6361.T
ESLT,Elbit Systems Ltd,0.0127%,Industrials,IL,"US$6,632,608.92","14,152",ESLT
ETE,National Bank of Greece SA,0.0127%,Financials,GR,"US$6,621,053.69","422,600",ETE.AT
207940,Samsung Biologics Co Ltd,0.0127%,Health Care,KR,"US$6,603,271.34","6,043",207940.KS
TSEM,Tower Semiconductor Ltd,0.0126%,Technology,IL,"US$6,573,496.13","61,995",TSEM
JSTL,JSW Steel Ltd,0.0126%,Basic Materials,IN,"US$6,566,819.99","506,236",JSTL.BO
2015,Li Auto Inc,0.0126%,Consumer Discretionary,HK,"US$6,561,842.59","710,047",2015.HK
TECHM,Tech Mahindra Ltd,0.0126%,Technology,IN,"US$6,550,356.15","386,155",603015.SS
2357,Asustek Computer Inc,0.0126%,Technology,TW,"US$6,529,902.82","341,000",2357.TW
9633,Nongfu Spring Co Ltd,0.0125%,Consumer Staples,HK,"US$6,502,561.14","1,037,000",9633.T
AGS,Ageas SA/NV,0.0125%,Financials,BE,"US$6,496,523.32","95,039",AGS.BR
VACN,VAT Group AG,0.0125%,Industrials,CH,"US$6,488,352.70","14,742",VACN.SW
WEGE3,WEG SA,0.0125%,Industrials,BR,"US$6,488,531.40","783,492",WEGE3.SA
FOX,Fox Corp,0.0125%,Consumer Discretionary,US,"US$6,476,531.16","111,166",FOX
SGRO,Segro PLC,0.0124%,Real Estate,GB,"US$6,459,830.93","682,248",SGRO.JK
HEI,HEICO Corp,0.0124%,Industrials,US,"US$6,463,379.45","20,395",HEI
8795,T&D Holdings Inc,0.0124%,Financials,JP,"US$6,435,937.20","296,000",8795.T
SCCO,Southern Copper Corp,0.0124%,Basic Materials,US,"US$6,431,297.26","47,717",SCCO
GFL,GFL Environmental Inc,0.0124%,Utilities,CA,"US$6,428,601.37","140,953",GFL
BLDR,Builders FirstSource Inc,0.0124%,Industrials,US,"US$6,430,554.54","57,298",BLDR
3,Hong Kong & China Gas Co Ltd,0.0124%,Utilities,HK,"US$6,424,601.70","6,908,754",SOXL
BEI,Beiersdorf AG,0.0123%,Consumer Staples,DE,"US$6,421,223.14","59,712",688172.SS
1109,China Resources Land Ltd,0.0123%,Real Estate,HK,"US$6,398,734.38","1,651,790",1109.HK
EUROB,Eurobank Ergasias Services and Holdings SA,0.0122%,Financials,GR,"US$6,345,918.83","1,604,939",EUROBOND.NS
URW,Unibail-Rodamco-Westfield,0.0122%,Real Estate,FR,"US$6,347,025.84","59,692",URW.PA
ACWA,ACWA Power Co,0.0122%,Utilities,SA,"US$6,331,875.67","124,365",2082.SR
373220,LG Energy Solution Ltd,0.0121%,Industrials,KR,"US$6,315,101.49","22,763",373220.KS
ALFA,Alfa Laval AB,0.0121%,Industrials,SE,"US$6,317,275.03","133,684",ALFA.ST
4684,Obic Co Ltd,0.0121%,Technology,JP,"US$6,317,325.22","196,300",4684.T
STN,Stantec Inc,0.0121%,Industrials,CA,"US$6,310,994.12","65,465",STN
JM,Jardine Matheson Holdings Ltd,0.0121%,Industrials,SG,"US$6,304,160.00","96,100",JMD=X
1CO,Covestro AG,0.0121%,Basic Materials,DE,"US$6,298,400.49","87,675",1CON.MI
6920,Lasertec Corp,0.012%,Technology,JP,"US$6,243,998.72","34,700",6920.T
H,Hydro One Ltd,0.012%,Utilities,CA,"US$6,216,104.85","158,304",H
006400,Samsung SDI Co Ltd,0.0119%,Industrials,KR,"US$6,212,591.03","30,506",006400.KS
JHX,James Hardie Industries PLC,0.0119%,Industrials,AU,"US$6,201,604.82","311,378",JHX
1303,Nan Ya Plastics Corp,0.0119%,Basic Materials,TW,"US$6,196,475.70","3,296,210",1303.HK
WCP,Whitecap Resources Inc,0.0119%,Energy,CA,"US$6,180,987.40","737,092",WCP.TO
AKZA,Akzo Nobel NV,0.0118%,Basic Materials,NL,"US$6,160,780.83","94,727",AKZA.AS
METSO,Metso Oyj,0.0118%,Industrials,FI,"US$6,119,402.69","371,851",METSOH.XD
329180,HD Hyundai Heavy Industries Co Ltd,0.0118%,Industrials,KR,"US$6,118,495.22","16,819",329180.KS
COLOB,Coloplast A/S,0.0118%,Health Care,DK,"US$6,120,172.67","67,814",COLOBC.XC
SMIN,Smiths Group PLC,0.0117%,Industrials,GB,"US$6,104,033.45","188,495",SMIN
9021,West Japan Railway Co,0.0117%,Industrials,JP,"US$6,088,533.16","305,700",9021.T
JIOFIN,Jio Financial Services Ltd,0.0117%,Financials,IN,"US$6,075,294.18","1,774,722",JIOFIN.NS
051910,LG Chem Ltd,0.0117%,Industrials,KR,"US$6,058,410.91","23,823",051910.KS
STMN,Straumann Holding AG,0.0117%,Health Care,CH,"US$6,063,202.44","53,149",STMN.CN
ADVANC/F,Advanced Info Service PCL,0.0116%,Telecommunications,TH,"US$6,053,225.66","634,800",AFCG
DPLM,Diploma PLC,0.0116%,Industrials,GB,"US$6,027,295.08","83,237",DPLM.L
8593,Mitsubishi HC Capital Inc,0.0116%,Financials,JP,"US$6,021,220.79","751,990",8593.T
033780,KT&G Corp,0.0116%,Consumer Staples,KR,"US$6,018,959.98","60,837",033780.KS
601318,Ping An Insurance Group Co of China Ltd,0.0115%,Financials,CN,"US$6,006,774.97","719,810",601318.SS
IAG,International Consolidated Airlines Group SA,0.0115%,Consumer Discretionary,GB,"US$6,010,906.47","1,144,722",IAG
2892,First Financial Holding Co Ltd,0.0115%,Financials,TW,"US$5,989,907.92","6,811,350",289220.KQ
MRO,Melrose Industries PLC,0.0115%,Industrials,GB,"US$5,980,092.29","758,534",MROL.XC
ARX,ARC Resources Ltd,0.0115%,Energy,CA,"US$5,983,705.96","333,530",ARX
ADM,Admiral Group PLC,0.0115%,Financials,GB,"US$5,964,545.40","141,915",ADM
6,Power Assets Holdings Ltd,0.0114%,Utilities,HK,"US$5,953,365.83","890,500",6L=F
2880,Hua Nan Financial Holdings Co Ltd,0.0114%,Financials,TW,"US$5,939,198.44","6,329,431",2880.HK
ONGC,Oil & Natural Gas Corp Ltd,0.0114%,Energy,IN,"US$5,934,473.28","2,182,215",ONGC.NS
BEKE,KE Holdings Inc,0.0114%,Real Estate,US,"US$5,908,373.76","342,912",BEKE
IAG,iA Financial Corp Inc,0.0113%,Financials,CA,"US$5,868,063.27","49,560",IAG
CIPLA,Cipla Ltd/India,0.0113%,Health Care,IN,"US$5,863,596.32","342,509",CIPLA.NS
STJ,St James's Place PLC,0.0113%,Financials,GB,"US$5,865,473.97","317,787",STJO
010140,Samsung Heavy Industries Co Ltd,0.0113%,Industrials,KR,"US$5,858,518.48","350,237",010140.KS
EMBJ3,Embraer SA,0.0113%,Industrials,BR,"US$5,855,684.23","372,300",EMBJ3.SA
SY1,Symrise AG,0.0113%,Basic Materials,DE,"US$5,849,941.95","70,558",SY1.VI
ATRL,AtkinsRealis Group Inc,0.0112%,Industrials,CA,"US$5,842,368.72","93,907",ATRL.TO
NEST,Nestle India Ltd,0.0112%,Consumer Staples,IN,"US$5,838,583.88","414,120",NESTE.HE
ORSTED,Orsted AS,0.0112%,Utilities,DK,"US$5,831,217.19","274,419",ORSTED.CO
,L'Oreal SA,0.0112%,,FR,"US$5,819,299.35","13,350",LOR.DU
REG,Regency Centers Corp,0.0112%,Real Estate,US,"US$5,819,607.12","81,782",REG
BKT,Bankinter SA,0.0112%,Financials,ES,"US$5,814,024.51","369,448",BKT
9866,NIO Inc,0.0111%,Consumer Discretionary,HK,"US$5,786,003.45","1,035,099",9866.HK
8601,Daiwa Securities Group Inc,0.0111%,Financials,JP,"US$5,776,929.19","696,400",8601.T
BG,BAWAG Group AG,0.0111%,Financials,AT,"US$5,765,041.78","43,046",BG
SGX,Singapore Exchange Ltd,0.0111%,Financials,SG,"US$5,759,073.47","442,400",S68.SI
7259,Aisin Corp,0.0111%,Consumer Discretionary,JP,"US$5,752,399.87","322,900",7259.T
2360,Chroma ATE Inc,0.011%,Industrials,TW,"US$5,740,959.06","220,000",2360.HK
ALGN,Align Technology Inc,0.011%,Health Care,US,"US$5,735,258.35","38,965",ALGN
3659,Nexon Co Ltd,0.011%,Consumer Discretionary,JP,"US$5,730,756.81","235,400",3659.TWO
6504,Fuji Electric Co Ltd,0.011%,Industrials,JP,"US$5,723,904.90","82,097",6504.T
HELN,Helvetia Holding AG,0.011%,Financials,CH,"US$5,718,769.04","22,034",HELNF
S32,South32 Ltd,0.011%,Basic Materials,AU,"US$5,704,751.31","2,701,528",S32.AX
2301,Lite-On Technology Corp,0.011%,Technology,TW,"US$5,702,732.45","1,125,662",2301.T
CLAR,CapitaLand Ascendas REIT,0.0109%,Real Estate,SG,"US$5,679,152.87","2,617,564",CLAR
SHFL,Shriram Finance Ltd,0.0109%,Financials,IN,"US$5,679,221.80","596,480",SHFL-USD
6841,Yokogawa Electric Corp,0.0109%,Industrials,JP,"US$5,681,379.05","177,600",6841.TWO
TLS,Telstra Group Ltd,0.0109%,Telecommunications,AU,"US$5,659,211.33","1,753,959",TLS
EPIB,Epiroc AB,0.0109%,Industrials,SE,"US$5,653,822.48","293,158",EPIBS.XC
HAR,Harmony Gold Mining Co Ltd,0.0109%,Basic Materials,ZA,"US$5,644,858.39","289,468",HOG
2601,China Pacific Insurance Group Co Ltd,0.0108%,Financials,HK,"US$5,628,968.35","1,419,200",2601.HK
WN,George Weston Ltd,0.0108%,Consumer Staples,CA,"US$5,621,939.59","81,783",WNC
2890,SinoPac Financial Holdings Co Ltd,0.0108%,Financials,TW,"US$5,625,563.69","6,551,329",289080.KQ
DAL,Delta Air Lines Inc,0.0108%,Consumer Discretionary,US,"US$5,608,750.00","87,500",DAL
RIBL,Riyad Bank,0.0108%,Financials,SA,"US$5,602,818.22","814,678",1010.SR
BALN,Baloise Holding AG,0.0108%,Financials,CH,"US$5,604,547.98","21,409",3418.T
HEIO,Heineken Holding NV,0.0108%,Consumer Staples,NL,"US$5,597,971.32","78,368",HEIOA.XC
1378,China Hongqiao Group Ltd,0.0108%,Basic Materials,HK,"US$5,598,765.67","1,412,500",1378.HK
EQTL3,Equatorial Energia SA,0.0108%,Utilities,BR,"US$5,593,292.62","751,662",EQTL3.SA
FDS,FactSet Research Systems Inc,0.0107%,Financials,US,"US$5,584,217.80","20,140",FDS
UU/,United Utilities Group PLC,0.0107%,Utilities,GB,"US$5,551,262.82","338,693",301590.SZ
SGP,Stockland,0.0107%,Real Estate,AU,"US$5,542,660.36","1,403,946",0FB0.IL
OTEX,Open Text Corp,0.0106%,Technology,CA,"US$5,536,513.11","164,042",OTEX
BVI,Bureau Veritas SA,0.0106%,Industrials,FR,"US$5,526,047.72","172,646",BVILY
PSPN,PSP Swiss Property AG,0.0106%,Real Estate,CH,"US$5,523,299.83","31,188",PSPN.SW
PNDORA,Pandora A/S,0.0106%,Consumer Discretionary,DK,"US$5,494,422.31","45,969",PNDORA.CO
009150,Samsung Electro-Mechanics Co Ltd,0.0106%,Technology,KR,"US$5,491,227.69","32,174",009150.KS
SKFB,SKF AB,0.0105%,Basic Materials,SE,"US$5,484,503.83","209,427",SKFB.DU
EFN,Element Fleet Management Corp,0.0105%,Industrials,CA,"US$5,479,450.54","205,174",EFNC-M.TA
PHOE,Phoenix Financial Ltd,0.0105%,Financials,IL,"US$5,459,883.52","135,896",PHOE
9697,Capcom Co Ltd,0.0105%,Consumer Discretionary,JP,"US$5,455,828.90","222,700",9697.T
SPSN,Swiss Prime Site AG,0.0105%,Real Estate,CH,"US$5,454,881.37","36,962",SPSN.SW
4523,Eisai Co Ltd,0.0104%,Health Care,JP,"US$5,435,183.60","173,200",4523.TWO
1339,People's Insurance Co Group of China Ltd/The,0.0104%,Financials,HK,"US$5,434,012.79","6,001,000",1339.HK
X,TMX Group Ltd,0.0104%,Financials,CA,"US$5,433,262.65","147,646",XCBEU
9104,Mitsui OSK Lines Ltd,0.0104%,Industrials,JP,"US$5,419,054.87","190,761",9104.T
CICT,CapitaLand Integrated Commercial Trust,0.0104%,Real Estate,SG,"US$5,406,594.91","2,979,724",688387.SS
TPEIR,Piraeus Financial Holdings SA,0.0103%,Financials,GR,"US$5,378,246.70","655,477",TPEIR.AT
VEDL,Vedanta Ltd,0.0103%,Basic Materials,IN,"US$5,366,555.47","912,595",VEDL.NS
EN,Bouygues SA,0.0103%,Industrials,FR,"US$5,366,638.20","107,490",AMC
ELE,Endesa SA,0.0103%,Utilities,ES,"US$5,361,497.61","147,786",ELE
ABG,Absa Group Ltd,0.0103%,Financials,ZA,"US$5,365,713.56","441,239",ABG
9926,Akeso Inc,0.0103%,Health Care,HK,"US$5,335,516.85","338,000",9926.HK
MAXHEALT,Max Healthcare Institute Ltd,0.0103%,Health Care,IN,"US$5,332,961.74","410,234",MAXHEALTH.BO
GIL,Gildan Activewear Inc,0.0102%,Consumer Discretionary,CA,"US$5,304,660.11","92,218",GIL
CNA,Centrica PLC,0.0102%,Utilities,GB,"US$5,302,864.17","2,333,622",CNA
042660,Hanwha Ocean Co Ltd,0.0102%,Industrials,KR,"US$5,294,745.45","72,233",042660.KS
KOG,Kongsberg Gruppen ASA,0.0101%,Industrials,NO,"US$5,263,496.65","222,055",6779.T
7453,Ryohin Keikaku Co Ltd,0.0101%,Consumer Discretionary,JP,"US$5,260,654.28","264,900",7453.T
HMCL,Hero MotoCorp Ltd,0.0101%,Consumer Discretionary,IN,"US$5,247,194.64","76,014",HMCLF
7202,Isuzu Motors Ltd,0.0101%,Industrials,JP,"US$5,236,757.77","344,300",7202.KL
NWSA,News Corp,0.0101%,Consumer Discretionary,US,"US$5,226,188.16","203,512",NWSA
VOLVA,Volvo AB,0.01%,Industrials,SE,"US$5,216,657.31","173,614",VOLVAS.XD
COAL,Coal India Ltd,0.01%,Energy,IN,"US$5,217,314.78","1,240,664",COAL
LYC,Lynas Rare Earths Ltd,0.01%,Basic Materials,AU,"US$5,209,590.01","548,989",LYC.AX
GAPB,Grupo Aeroportuario del Pacifico SAB de CV,0.01%,Industrials,MX,"US$5,199,805.99","213,500",GAPB.MX
EIM,Eicher Motors Ltd,0.01%,Consumer Discretionary,IN,"US$5,187,562.51","65,785",EIM
6479,MINEBEA MITSUMI Inc,0.01%,Technology,JP,"US$5,187,800.70","255,300",6479.T
CHILE,Banco de Chile,0.01%,Financials,CL,"US$5,181,791.46","27,488,945",SQM
1658,Postal Savings Bank of China Co Ltd,0.0099%,Financials,HK,"US$5,171,791.51","7,321,000",1658.T
992,Lenovo Group Ltd,0.0099%,Technology,HK,"US$5,169,728.73","4,158,000",9927.T
ADANI,Adani Power Ltd,0.0099%,Utilities,IN,"US$5,170,276.60","3,135,591",ADANIGREEN.NS
3665,Bizlink Holding Inc,0.0099%,Technology,TW,"US$5,172,314.16","100,828",3665.TW
EVO,Evolution AB,0.0099%,Consumer Discretionary,SE,"US$5,156,469.46","75,379",EVO
QIA,QIAGEN NV,0.0099%,Health Care,DE,"US$5,152,960.00","107,966",QGEN
ALINMA,Alinma Bank,0.0099%,Financials,SA,"US$5,140,338.22","796,190",4349.SR
ICT,International Container Terminal Services Inc,0.0099%,Industrials,PH,"US$5,139,897.26","555,630",SKY.BK
27,Galaxy Entertainment Group Ltd,0.0099%,Consumer Discretionary,HK,"US$5,137,505.14","994,000",EZJ.L
1179,H World Group Ltd,0.0099%,Consumer Discretionary,HK,"US$5,133,584.62","1,097,420",1179.HK
BAX,Baxter International Inc,0.0099%,Health Care,US,"US$5,130,655.94","273,781",BAX
2883,KGI Financial Holding Co Ltd,0.0099%,Financials,TW,"US$5,124,490.96","10,211,565",2883.T
3402,Toray Industries Inc,0.0098%,Basic Materials,JP,"US$5,113,700.74","786,200",3402.TWO
TRENT,Trent Ltd,0.0098%,Consumer Discretionary,IN,"US$5,112,739.74","107,595",TRENT.BO
BJFIN,Bajaj Finserv Ltd,0.0098%,Financials,IN,"US$5,100,255.70","217,863",BAJAJFINSV.NS
UNI,Unipol Gruppo SpA,0.0098%,Financials,IT,"US$5,096,299.56","222,287",XCBEU
ALQ,ALS Ltd,0.0098%,Industrials,AU,"US$5,069,669.31","346,194",ALQ.MC
IMI,IMI PLC,0.0098%,Industrials,GB,"US$5,072,487.53","157,284",XEF.TO
267,CITIC Ltd,0.0097%,Industrials,HK,"US$5,058,328.20","3,236,000",2678.T
RDOR3,Rede D'Or Sao Luiz SA,0.0097%,Health Care,BR,"US$5,057,703.86","579,548",RDOR3.SA
WTC,WiseTech Global Ltd,0.0097%,Technology,AU,"US$5,043,646.83","105,325",WTC.AX
ARE,Alexandria Real Estate Equities Inc,0.0097%,Real Estate,US,"US$5,039,183.64","93,892",ARE
STE,Singapore Technologies Engineering Ltd,0.0097%,Industrials,SG,"US$5,038,381.65","786,200",STE
Z,Zillow Group Inc,0.0097%,Real Estate,US,"US$5,028,459.90","67,605",Z
ASRNL,ASR Nederland NV,0.0097%,Financials,NL,"US$5,024,317.87","74,437",ASRNLA.XD
064350,Hyundai Rotem Co Ltd,0.0097%,Industrials,KR,"US$5,024,471.63","42,056",064350.KS
SLM,Sanlam Ltd,0.0097%,Financials,ZA,"US$5,027,417.88","938,497",SLM
TRYG,Tryg A/S,0.0096%,Financials,DK,"US$5,001,640.43","201,806",TRYG.CO
ABEV3,Ambev SA,0.0096%,Consumer Staples,BR,"US$4,999,742.35","1,927,462",ABEV3.SA
TRELB,Trelleborg AB,0.0096%,Industrials,SE,"US$4,990,548.56","118,623",TRELBS.XC
HNAL,Hindustan Aeronautics Ltd,0.0096%,Industrials,IN,"US$4,990,482.58","98,271",HAL.NS
MZTF,Mizrahi Tefahot Bank Ltd,0.0096%,Financials,IL,"US$4,980,667.93","71,275",MZTFF
SBILIFE,SBI Life Insurance Co Ltd,0.0096%,Financials,IN,"US$4,977,141.18","226,446",SBILIFE.BO
GBLB,Groupe Bruxelles Lambert NV,0.0096%,Financials,BE,"US$4,972,073.95","57,468",GBLBY
5713,Sumitomo Metal Mining Co Ltd,0.0096%,Basic Materials,JP,"US$4,972,498.56","151,200",5713.T
1093,CSPC Pharmaceutical Group Ltd,0.0095%,Health Care,HK,"US$4,966,548.55","4,888,440",1093.HK
GALP,Galp Energia SGPS SA,0.0095%,Energy,PT,"US$4,966,452.79","246,438",US3640971053.SG
BEAN,Belimo Holding AG,0.0095%,Industrials,CH,"US$4,966,664.80","5,077",003030.SZ
1803,Shimizu Corp,0.0095%,Industrials,JP,"US$4,957,790.45","279,200",1803.HK
6618,JD Health International Inc,0.0095%,Consumer Staples,HK,"US$4,959,062.02","631,903",6618.TWO
CAE,CAE Inc,0.0095%,Industrials,CA,"US$4,959,547.56","180,849",CAE
NVMI,Nova Ltd,0.0095%,Technology,IL,"US$4,954,708.81","15,900",NVMI
7186,Yokohama Financial Group Inc,0.0095%,Financials,JP,"US$4,947,485.20","625,399",7186.KL
1177,Sino Biopharmaceutical Ltd,0.0095%,Health Care,HK,"US$4,946,165.04","5,462,250",117730.KQ
4204,Sekisui Chemical Co Ltd,0.0095%,Consumer Discretionary,JP,"US$4,943,907.08","290,200",4204.T
BCP,Banco Comercial Portugues SA,0.0095%,Financials,PT,"US$4,934,344.05","5,176,198",BCPC
288,WH Group Ltd,0.0095%,Consumer Staples,HK,"US$4,938,668.15","4,723,648",2881.HK
PSON,Pearson PLC,0.0095%,Consumer Discretionary,GB,"US$4,933,812.00","373,259",PSON.L
KNIN,Kuehne + Nagel International AG,0.0095%,Industrials,CH,"US$4,929,806.46","24,571",KNIN.SW
IVN,Ivanhoe Mines Ltd,0.0095%,Basic Materials,CA,"US$4,924,036.56","469,518",IVN.TO
8951,Nippon Building Fund Inc,0.0095%,Real Estate,JP,"US$4,918,624.16","5,141",8951.T
ORK,Orkla ASA,0.0094%,Consumer Staples,NO,"US$4,904,440.10","457,947",ORKLY
RXL,Rexel SA,0.0094%,Industrials,FR,"US$4,904,189.06","128,873",RXL
MKS,Marks & Spencer Group PLC,0.0094%,Consumer Staples,GB,"US$4,908,112.40","1,065,354",MKSI
NHY,Norsk Hydro ASA,0.0094%,Basic Materials,NO,"US$4,899,800.47","684,564",NHY.OL
DIB,Dubai Islamic Bank PJSC,0.0094%,Financials,AE,"US$4,898,330.70","1,961,923",DIB.JO
4062,Ibiden Co Ltd,0.0094%,Technology,JP,"US$4,887,510.41","64,200",4062.T
APHS,Apollo Hospitals Enterprise Ltd,0.0094%,Health Care,IN,"US$4,878,059.32","59,482",APHSX
7701,Shimadzu Corp,0.0094%,Industrials,JP,"US$4,877,611.66","170,700",7701.T
2327,Yageo Corp,0.0094%,Technology,TW,"US$4,870,389.04","650,456",2327.TW
AC*,Arca Continental SAB de CV,0.0094%,Consumer Staples,MX,"US$4,867,618.09","477,600",XCBEU
YMM,Full Truck Alliance Co Ltd,0.0093%,Industrials,US,"US$4,860,830.45","428,267",YMM
SAFCO,SABIC Agri-Nutrients Co,0.0093%,Basic Materials,SA,"US$4,858,936.14","156,464",2020.SR
6690,Haier Smart Home Co Ltd,0.0093%,Consumer Discretionary,HK,"US$4,858,797.78","1,423,200",6690.TWO
4188,Mitsubishi Chemical Group Corp,0.0093%,Basic Materials,JP,"US$4,858,586.29","860,300",4188.TWO
032830,Samsung Life Insurance Co Ltd,0.0093%,Financials,KR,"US$4,852,897.22","46,677",032830.KS
FME,Fresenius Medical Care AG,0.0093%,Health Care,DE,"US$4,835,572.21","101,009",FME.DE
TME,Tencent Music Entertainment Group,0.0093%,Consumer Discretionary,US,"US$4,838,770.80","262,264",TME
LUG,Lundin Gold Inc,0.0093%,Basic Materials,CA,"US$4,839,970.64","57,291",LUG.TO
PZU,Powszechny Zaklad Ubezpieczen SA,0.0093%,Financials,PL,"US$4,827,190.01","279,944",PZU.WA
TFII,TFI International Inc,0.0093%,Industrials,CA,"US$4,823,221.29","55,172",TFII
000810,Samsung Fire & Marine Insurance Co Ltd,0.0093%,Financials,KR,"US$4,811,889.64","14,697",000810.SZ
2057,ZTO Express Cayman Inc,0.0092%,Industrials,HK,"US$4,799,996.15","234,300",205720.KS
ABF,Associated British Foods PLC,0.0092%,Consumer Staples,GB,"US$4,800,953.06","169,633",ABF.L
ASII,Astra International Tbk PT,0.0092%,Consumer Discretionary,ID,"US$4,787,458.12","12,173,300",ASII
RED,Redeia Corp SA,0.0092%,Utilities,ES,"US$4,788,027.95","268,248",RDDT
TEL,Telenor ASA,0.0092%,Telecommunications,NO,"US$4,784,571.29","331,167",TEL
MNG,M&G PLC,0.0092%,Financials,GB,"US$4,781,185.46","1,324,685",CAMS.NS
300,Midea Group Co Ltd,0.0092%,Consumer Discretionary,HK,"US$4,782,803.44","420,757",83188.HK
TLKM,Telkom Indonesia Persero Tbk PT,0.0091%,Telecommunications,ID,"US$4,753,262.86","22,554,300",TLKM.JK
FGR,Eiffage SA,0.0091%,Industrials,FR,"US$4,744,888.87","34,357",FGR.AX
9901,New Oriental Education & Technology Group Inc,0.0091%,Consumer Discretionary,HK,"US$4,731,481.71","914,080",9901.HK
BNZL,Bunzl PLC,0.0091%,Industrials,GB,"US$4,729,238.49","164,937",BNZLL.XC
HDFCLIFE,HDFC Life Insurance Co Ltd,0.0091%,Financials,IN,"US$4,713,389.12","551,617",HDFCLIFE.NS
AGN,Aegon Ltd,0.0091%,Financials,NL,"US$4,708,026.56","583,365",AGNC
TVSL,TVS Motor Co Ltd,0.009%,Consumer Discretionary,IN,"US$4,701,783.77","119,089",TVSMOTOR.NS
SVT,Severn Trent PLC,0.009%,Utilities,GB,"US$4,697,369.89","125,805",SVTRF
285A,Kioxia Holdings Corp,0.009%,Technology,JP,"US$4,695,465.56","77,900",285A.T
PME,Pro Medicus Ltd,0.009%,Health Care,AU,"US$4,694,345.97","26,856",PMET.TO
5334,Niterra Co Ltd,0.009%,Consumer Discretionary,JP,"US$4,683,168.22","108,300",5334.T
9005,Tokyu Corp,0.009%,Consumer Discretionary,JP,"US$4,684,543.42","401,000",9005.T
9660,Horizon Robotics,0.009%,Technology,HK,"US$4,676,624.54","4,620,600",9660.HK
MAERSKB,AP Moller - Maersk A/S,0.009%,Industrials,DK,"US$4,671,451.32","2,335",MAERAC.XD
5019,Idemitsu Kosan Co Ltd,0.009%,Energy,JP,"US$4,664,997.31","629,190",5019.T
TMPV,Tata Motors Passenger Vehicles Limited,0.009%,Consumer Discretionary,IN,"US$4,659,272.09","1,168,050",TMPV.BO
BID,Bid Corp Ltd,0.009%,Consumer Staples,ZA,"US$4,656,106.28","195,225",BIDU
MOH,Molina Healthcare Inc,0.0089%,Health Care,US,"US$4,643,354.94","31,319",MOH
OMV,OMV AG,0.0089%,Energy,AT,"US$4,637,019.60","83,799",OMVKY
7911,TOPPAN Holdings Inc,0.0089%,Industrials,JP,"US$4,629,600.77","143,400",7911.T
9501,Tokyo Electric Power Co Holdings Inc,0.0089%,Utilities,JP,"US$4,603,516.18","905,900",9501.T
SQM/B,Sociedad Quimica y Minera de Chile SA,0.0089%,Basic Materials,CL,"US$4,605,819.85","71,305",QYM.DU
ORI,Orica Ltd,0.0088%,Basic Materials,AU,"US$4,599,039.56","294,164",ORI
DSG,Descartes Systems Group Inc/The,0.0088%,Technology,CA,"US$4,596,140.14","55,822",DSG.TO
KBANK/F,Kasikornbank PCL,0.0088%,Financials,TH,"US$4,591,393.07","792,600",TFBF.DU
TELIA,Telia Co AB,0.0088%,Telecommunications,SE,"US$4,587,496.29","1,141,639",TELIA1.HE
SAP,Saputo Inc,0.0088%,Consumer Staples,CA,"US$4,586,866.70","161,432",SAP
TEL2B,Tele2 AB,0.0088%,Telecommunications,SE,"US$4,590,346.42","288,249",TEL2BS.XC
4755,Rakuten Group Inc,0.0088%,Technology,JP,"US$4,583,190.32","749,300",4755.T
CCH,Coca-Cola HBC AG,0.0088%,Consumer Staples,GB,"US$4,580,882.27","91,269",CCHH
GPT,GPT Group/The,0.0088%,Real Estate,AU,"US$4,567,701.33","1,254,970",GPT
RENT3,Localiza Rent a Car SA,0.0088%,Consumer Discretionary,BR,"US$4,549,525.38","537,216",RENT3.SA
601899,Zijin Mining Group Co Ltd,0.0087%,Basic Materials,CN,"US$4,545,178.00","1,124,200",601899.SS
DIVI,Divi's Laboratories Ltd,0.0087%,Health Care,IN,"US$4,546,336.62","62,785",DIVI
002594,BYD Co Ltd,0.0087%,Consumer Discretionary,CN,"US$4,527,641.45","336,300",002594.SZ
SQN,Swissquote Group Holding SA,0.0087%,Financials,CH,"US$4,515,515.79","7,307",SQNNY
ALO,Alstom SA,0.0087%,Industrials,FR,"US$4,506,585.15","172,278",ALO.PA
CA,Carrefour SA,0.0087%,Consumer Staples,FR,"US$4,499,669.37","292,287",CA
LI,Klepierre SA,0.0087%,Real Estate,FR,"US$4,497,799.56","115,482",LI
2688,ENN Energy Holdings Ltd,0.0086%,Utilities,HK,"US$4,493,609.36","493,100",2688.HK
TMCV,Tata Motors Ltd /new,0.0086%,Industrials,IN,"US$4,490,063.56","1,140,980",TMCV
SHP,Shoprite Holdings Ltd,0.0086%,Consumer Staples,ZA,"US$4,485,984.18","279,843",EURSHP=X
CPALL/F,CP ALL PCL,0.0086%,Consumer Staples,TH,"US$4,480,831.65","3,335,500",LVN.MU
CAR,CAR Group Ltd,0.0086%,Technology,AU,"US$4,467,263.13","195,914",CAR
7012,Kawasaki Heavy Industries Ltd,0.0086%,Industrials,JP,"US$4,470,805.51","70,600",7012.T
EDV,Endeavour Mining PLC,0.0086%,Basic Materials,GB,"US$4,464,898.24","96,554",EDV
2801,Kikkoman Corp,0.0086%,Consumer Staples,JP,"US$4,460,903.56","486,800",2801.TW
MOWI,Mowi ASA,0.0086%,Consumer Staples,NO,"US$4,456,225.31","196,268",MOWI.OL
AKRBP,Aker BP ASA,0.0086%,Energy,NO,"US$4,457,459.09","183,011",AKRBP.OL
015760,Korea Electric Power Corp,0.0086%,Utilities,KR,"US$4,451,888.62","124,708",015760.KS
ALA,AltaGas Ltd,0.0086%,Utilities,CA,"US$4,453,356.77","143,975",ALAB
PEO,Bank Polska Kasa Opieki SA,0.0086%,Financials,PL,"US$4,453,425.59","81,194",PEO
ALPHA,Alpha Bank SA,0.0085%,Financials,GR,"US$4,440,497.88","1,088,845",GOOG
TEN,Tenaris SA,0.0085%,Energy,IT,"US$4,442,582.01","220,253",TEN
SPIE,SPIE SA,0.0085%,Industrials,FR,"US$4,436,190.97","81,817",SPIEF
5880,Taiwan Cooperative Financial Holding Co Ltd,0.0085%,Financials,TW,"US$4,438,378.99","5,840,609",588030.SS
998,China CITIC Bank Corp Ltd,0.0085%,Financials,HK,"US$4,439,808.11","4,821,000",9988.HK
CNH,CNH Industrial NV,0.0085%,Industrials,US,"US$4,427,215.26","469,482",CNH
EEC,Etihad Etisalat Co,0.0084%,Telecommunications,SA,"US$4,389,998.64","262,243",EECPN.AS
1519,J&T Global Express Ltd,0.0084%,Industrials,HK,"US$4,392,309.91","3,569,600",1519.HK
TLC,Lottery Corp Ltd/The,0.0084%,Consumer Discretionary,AU,"US$4,387,514.19","1,223,094",TLC.AX
PSYS,Persistent Systems Ltd,0.0084%,Technology,IN,"US$4,383,585.98","61,719",PERSISTENT.BO
8331,Chiba Bank Ltd/The,0.0084%,Financials,JP,"US$4,386,035.89","416,200",8331.T
KBX,Knorr-Bremse AG,0.0084%,Industrials,DE,"US$4,373,123.86","41,227",KBXA.F
TATACONS,Tata Consumer Products Ltd,0.0084%,Consumer Staples,IN,"US$4,371,109.85","333,491",TATACONSUM.NS
KGH,KGHM Polska Miedz SA,0.0084%,Basic Materials,PL,"US$4,355,487.44","75,001",KGH.L
KKC,Cummins India Ltd,0.0084%,Industrials,IN,"US$4,352,028.24","86,906",KKC.DU
FORTUM,Fortum Oyj,0.0084%,Utilities,FI,"US$4,341,419.22","211,406",FORTUM.HE
SIG,Sigma Healthcare Ltd,0.0084%,Consumer Staples,AU,"US$4,342,921.46","2,299,419",SIG
SKAB,Skanska AB,0.0083%,Industrials,SE,"US$4,336,116.35","168,857",SKABS.XD
788,China Tower Corp Ltd,0.0083%,Telecommunications,HK,"US$4,336,204.46","2,742,482",7885.T
3003,Hulic Co Ltd,0.0083%,Real Estate,JP,"US$4,336,715.24","392,885",300340.SZ
600036,China Merchants Bank Co Ltd,0.0083%,Financials,CN,"US$4,329,662.82","712,600",600036.SS
SSW,Sibanye Stillwater Ltd,0.0083%,Basic Materials,ZA,"US$4,329,527.91","1,327,022",SSW.JO
PST,Poste Italiane SpA,0.0083%,Financials,IT,"US$4,327,581.17","180,927",PST
3661,Alchip Technologies Ltd,0.0083%,Technology,TW,"US$4,317,508.36","41,000",3661.TW
9626,Bilibili Inc,0.0083%,Technology,HK,"US$4,319,458.69","162,934",9626.HK
TIT,Telecom Italia SpA/Milano,0.0083%,Telecommunications,IT,"US$4,305,636.90","7,652,634",BTTC
SECUB,Securitas AB,0.0083%,Industrials,SE,"US$4,296,877.25","281,438",SECUBS.XD
2313,Shenzhou International Group Holdings Ltd,0.0083%,Consumer Discretionary,HK,"US$4,296,620.23","483,058",2313.HK
3993,CMOC Group Ltd,0.0083%,Basic Materials,HK,"US$4,290,320.59","2,067,000",3993.T
WISE,Wise PLC,0.0082%,Industrials,GB,"US$4,287,221.19","366,437",WISE
ITRK,Intertek Group PLC,0.0082%,Industrials,GB,"US$4,282,278.85","69,864",ITRKL.XC
NESTE,Neste Oyj,0.0082%,Energy,FI,"US$4,277,894.93","221,520",NESTE.HE
STERV,Stora Enso Oyj,0.0082%,Basic Materials,FI,"US$4,277,943.66","363,883",STERV.HE
BRIT,Britannia Industries Ltd,0.0082%,Consumer Staples,IN,"US$4,274,855.84","65,408",BTI
7272,Yamaha Motor Co Ltd,0.0082%,Consumer Discretionary,JP,"US$4,277,294.78","589,900",7272.T
ERF,Eurofins Scientific SE,0.0082%,Health Care,FR,"US$4,273,627.91","62,797",RK7.F
DRRD,Dr Reddy's Laboratories Ltd,0.0082%,Health Care,IN,"US$4,264,108.92","302,998",RDY
PHNX,Phoenix Group Holdings PLC,0.0082%,Financials,GB,"US$4,268,125.94","462,820",PHNX.L
SHL,Sonic Healthcare Ltd,0.0082%,Health Care,AU,"US$4,255,245.07","278,124",SHL.DE
3088,MatsukiyoCocokara & Co,0.0082%,Consumer Staples,JP,"US$4,252,124.32","229,600",3088.HK
1530,3SBio Inc,0.0081%,Health Care,HK,"US$4,239,950.68","1,056,000",1530.TW
2379,Realtek Semiconductor Corp,0.0081%,Technology,TW,"US$4,233,571.13","255,030",2379.TW
HMB,H & M Hennes & Mauritz AB,0.0081%,Consumer Discretionary,SE,"US$4,224,494.92","232,600",HMBL
ADDTB,AddTech AB,0.0081%,Industrials,SE,"US$4,215,832.82","122,573",ADDTBS.XC
8952,Japan Real Estate Investment Corp,0.0081%,Real Estate,JP,"US$4,213,627.68","4,918",8952.T
ASX,ASX Ltd,0.0081%,Financials,AU,"US$4,209,003.62","110,277",ASX
SOLS,Solstice Advanced Materials Inc,0.0081%,Basic Materials,US,"US$4,208,093.76","88,257",SOLS
,Air Liquide SA,0.0081%,,FR,"US$4,208,195.08","21,960",AIP.XC
QUB,Qube Holdings Ltd,0.0081%,Industrials,AU,"US$4,210,303.64","1,321,009",QUBT
BNR,Brenntag SE,0.0081%,Basic Materials,DE,"US$4,204,045.59","73,255",BNR
3037,Unimicron Technology Corp,0.0081%,Technology,TW,"US$4,201,226.70","707,000",3037.TW
MPL,Medibank Pvt Ltd,0.0081%,Financials,AU,"US$4,195,660.45","1,346,900",MPL
ADE,Adani Enterprises Ltd,0.008%,Industrials,IN,"US$4,183,882.45","164,125",ADEA
BMW3,Bayerische Motoren Werke AG,0.008%,Consumer Discretionary,DE,"US$4,176,405.93","44,291",BMW3.MU
7912,Dai Nippon Printing Co Ltd,0.008%,Industrials,JP,"US$4,175,277.15","246,800",7912.T
CIFC,Cholamandalam Investment and Finance Co Ltd,0.008%,Financials,IN,"US$4,157,006.51","214,190",0P0001PDNP
6845,Azbil Corp,0.008%,Industrials,JP,"US$4,154,228.13","440,100",6845.T
UAL,United Airlines Holdings Inc,0.008%,Consumer Discretionary,US,"US$4,151,811.20","40,720",UAL
SUEL,Suzlon Energy Ltd,0.008%,Energy,IN,"US$4,152,374.66","6,876,866",0P0001RJJH.SA
7167,Mebuki Financial Group Inc,0.008%,Financials,JP,"US$4,139,411.73","633,600",7167.T
SABB,Saudi Awwal Bank,0.008%,Financials,SA,"US$4,134,820.26","506,583",1060.SR
2059,King Slide Works Co Ltd,0.0079%,Basic Materials,TW,"US$4,132,866.02","34,000",2059.TW
8113,Unicharm Corp,0.0079%,Consumer Staples,JP,"US$4,127,408.78","703,300",8113.HK
TUPRS,Turkiye Petrol Rafinerileri AS,0.0079%,Energy,TR,"US$4,117,145.52","897,878",TUPRS.IS
HDFCAMC,HDFC Asset Management Co Ltd,0.0079%,Financials,IN,"US$4,115,817.85","137,729",HDFCAMC.BO
BJAUT,Bajaj Auto Ltd,0.0079%,Consumer Discretionary,IN,"US$4,111,237.11","40,529",BAJAJ-AUTO.BO
ACKB,Ackermans & van Haaren NV,0.0079%,Industrials,BE,"US$4,104,073.79","16,045",ACKB.BR
LNW,Light & Wonder Inc,0.0079%,Consumer Discretionary,AU,"US$4,104,100.29","40,903",LNW.AX
298040,Hyosung Heavy Industries Corp,0.0079%,Technology,KR,"US$4,084,697.24","3,160",298040.KS
SCAB,Svenska Cellulosa AB SCA,0.0078%,Basic Materials,SE,"US$4,076,061.94","313,448",SCABS.XD
034730,SK Inc,0.0078%,Energy,KR,"US$4,077,144.12","22,584",034730.KS
KGF,Kingfisher PLC,0.0078%,Consumer Discretionary,GB,"US$4,072,098.13","1,005,655",KGFMF
600900,China Yangtze Power Co Ltd,0.0078%,Utilities,CN,"US$4,073,242.35","1,029,076",600900.SS
THYAO,Turk Hava Yollari AO,0.0078%,Consumer Discretionary,TR,"US$4,074,560.45","634,638",THYAO.IS
7309,Shimano Inc,0.0078%,Consumer Discretionary,JP,"US$4,069,577.06","38,500",7309.T
COFORGE,Coforge Ltd,0.0078%,Technology,IN,"US$4,068,770.76","190,675",COFORGE.NS
601288,Agricultural Bank of China Ltd,0.0078%,Financials,CN,"US$4,065,068.22","3,574,100",601288.SS
2611,Guotai Junan Securities Co Ltd,0.0078%,Financials,HK,"US$4,046,704.95","2,026,111",2611.TW
PLS,PLS Group Ltd,0.0078%,Basic Materials,AU,"US$4,042,769.65","1,522,133",PLSM
WEIR,Weir Group PLC,0.0078%,Industrials,GB,"US$4,035,451.87","109,871",WEIRL.XC
5411,JFE Holdings Inc,0.0078%,Basic Materials,JP,"US$4,031,256.01","328,500",5411.T
2368,Gold Circuit Electronics Ltd,0.0078%,Technology,TW,"US$4,033,774.10","200,000",2368.TW
CEZ,CEZ AS,0.0077%,Utilities,CZ,"US$4,024,021.91","65,738",CEZ.PR
6586,Makita Corp,0.0077%,Industrials,JP,"US$4,020,936.24","138,300",6586.TWO
SOBI,Swedish Orphan Biovitrum AB,0.0077%,Health Care,SE,"US$4,019,261.62","111,891",SOBI.ST
IOCL,Indian Oil Corp Ltd,0.0077%,Energy,IN,"US$4,013,617.00","2,219,524",IOC.BO
PMAH,Press Metal Aluminium Holdings Bhd,0.0077%,Basic Materials,MY,"US$4,011,224.20","2,470,400",PMAH
ORNBV,Orion Oyj,0.0077%,Health Care,FI,"US$4,011,333.37","56,065",ORNBV.HE
BPCL,Bharat Petroleum Corp Ltd,0.0077%,Energy,IN,"US$4,012,128.28","999,373",BPCL.NS
AL,Ashok Leyland Ltd,0.0077%,Industrials,IN,"US$4,008,202.13","2,267,415",AL
2413,M3 Inc,0.0077%,Health Care,JP,"US$4,004,233.59","242,476",241390.KS
KEY,Keyera Corp,0.0077%,Energy,CA,"US$3,989,478.03","123,179",KEY
VCX,Vicinity Ltd,0.0077%,Real Estate,AU,"US$3,980,607.75","2,467,419",VCX.XA
SULAIMAN,Dr Sulaiman Al Habib Medical Services Group Co,0.0077%,Health Care,SA,"US$3,981,970.22","61,779",4013.SR
SBRY,J Sainsbury PLC,0.0076%,Consumer Staples,GB,"US$3,970,881.48","930,134",SBRY.L
MTLN,Metlen Energy & Metals PLC,0.0076%,Utilities,GB,"US$3,963,296.52","77,438",MTLNF
AIA,Auckland International Airport Ltd,0.0076%,Industrials,NZ,"US$3,948,609.06","859,814",AIA
BARN,Barry Callebaut AG,0.0076%,Consumer Staples,CH,"US$3,938,176.72","2,457",BOOT
GET,Getlink SE,0.0076%,Industrials,FR,"US$3,936,223.56","217,695",GTY
BBAS3,Banco do Brasil SA,0.0076%,Financials,BR,"US$3,926,530.73","933,700",BBAS3.SA
BCE,BCE Inc,0.0075%,Telecommunications,CA,"US$3,921,495.67","166,062",BCE
BSL,BlueScope Steel Ltd,0.0075%,Basic Materials,AU,"US$3,917,422.44","246,127",BSL
TLX,Talanx AG,0.0075%,Financials,DE,"US$3,918,295.27","30,145",TLX
IFT,Infratil Ltd,0.0075%,Financials,NZ,"US$3,911,258.97","583,843",IFT.NZ
TLV,Banca Transilvania SA,0.0075%,Financials,RO,"US$3,906,582.46","584,090",TLV1.SG
1928,Sands China Ltd,0.0075%,Consumer Discretionary,HK,"US$3,902,568.85","1,433,200",1928.HK
MOTHERSO,Samvardhana Motherson International Ltd,0.0075%,Consumer Discretionary,IN,"US$3,899,652.37","2,999,004",MSUMI.NS
HEN,Henkel AG & Co KGaA,0.0075%,Basic Materials,DE,"US$3,901,475.76","51,959",MC.PA
8953,Japan Metropolitan Fund Invest,0.0075%,Real Estate,JP,"US$3,900,861.90","4,945",8953.T
SPX,Spirax Group PLC,0.0075%,Industrials,GB,"US$3,886,538.08","43,747",SPXL
PE&OLES*,Industrias Penoles SAB de CV,0.0075%,Basic Materials,MX,"US$3,886,568.66","92,155",PE&OLES.MX
2002,China Steel Corp,0.0075%,Basic Materials,TW,"US$3,877,354.24","6,667,987",2002.T
5274,ASPEED Technology Inc,0.0074%,Technology,TW,"US$3,869,013.86","16,600",5274.TWO
HUB,HUB24 Ltd,0.0074%,Financials,AU,"US$3,852,633.61","56,651",HUBC
2875,Toyo Suisan Kaisha Ltd,0.0074%,Consumer Staples,JP,"US$3,843,223.33","53,500",2875.T
DSY,Discovery Ltd,0.0074%,Financials,ZA,"US$3,827,075.34","298,598",DSY
CHC,Charter Hall Group,0.0074%,Real Estate,AU,"US$3,828,591.40","234,837",CHCT
4911,Shiseido Co Ltd,0.0074%,Consumer Discretionary,JP,"US$3,825,727.65","268,800",4911.T
BEZ,Beazley PLC,0.0073%,Financials,GB,"US$3,817,970.36","361,315",BEZ.SI
BZ,Kanzhun Ltd,0.0073%,Industrials,US,"US$3,810,482.00","172,420",BZ
688,China Overseas Land & Investment Ltd,0.0073%,Real Estate,HK,"US$3,804,897.50","2,229,000",688362.SS
LIFCOB,Lifco AB,0.0073%,Industrials,SE,"US$3,797,214.13","103,152",LIFCO-B.ST
ALDAR,Aldar Properties PJSC,0.0073%,Real Estate,AE,"US$3,779,451.13","1,703,234",ALDAR.PA
CON,Continental AG,0.0073%,Consumer Discretionary,DE,"US$3,774,231.62","50,389",CON
WPRO,Wipro Ltd,0.0073%,Technology,IN,"US$3,779,289.78","1,354,739",WIPRO.NS
ICG,ICG PLC,0.0073%,Financials,GB,"US$3,777,948.83","137,345",ICG
HSX,Hiscox Ltd,0.0073%,Financials,GB,"US$3,773,416.80","212,527",HSX.L
2319,China Mengniu Dairy Co Ltd,0.0072%,Consumer Staples,HK,"US$3,765,210.76","1,952,993",2319.HK
066570,LG Electronics Inc,0.0072%,Consumer Discretionary,KR,"US$3,753,559.85","64,488",066570.KS
BIMAS,BIM Birlesik Magazalar AS,0.0072%,Consumer Staples,TR,"US$3,743,041.37","296,115",BIMAS.IS
GAM,Gamuda Bhd,0.0072%,Industrials,MY,"US$3,727,716.88","2,879,400",GAM
4004,Resonac Holdings Corp,0.0072%,Basic Materials,JP,"US$3,718,711.77","88,922",4004.SR
3653,Jentech Precision Industrial Co Ltd,0.0071%,Technology,TW,"US$3,716,844.99","40,156",365340.KQ
SYENS,Syensqo SA,0.0071%,Basic Materials,BE,"US$3,709,917.91","45,498",SYENS.BR
3034,Novatek Microelectronics Corp,0.0071%,Technology,TW,"US$3,710,705.75","299,000",3034.T
600030,CITIC Securities Co Ltd,0.0071%,Financials,CN,"US$3,706,625.04","949,690",600030.SS
KESKOB,Kesko Oyj,0.0071%,Consumer Staples,FI,"US$3,699,535.83","173,719",KESKOB.HE
SCB/F,SCB X PCL,0.0071%,Financials,TH,"US$3,699,114.77","916,100",OU80.F
CTC/A,Canadian Tire Corp Ltd,0.0071%,Consumer Discretionary,CA,"US$3,682,252.32","30,192",5209.TWO
601328,Bank of Communications Co Ltd,0.0071%,Financials,CN,"US$3,681,338.17","3,428,616",601328.SS
SIA,Singapore Airlines Ltd,0.007%,Consumer Discretionary,SG,"US$3,669,857.85","732,360",C6L.SI
REA,REA Group Ltd,0.007%,Real Estate,AU,"US$3,655,449.40","28,452",O
HWDN,Howden Joinery Group PLC,0.007%,Consumer Discretionary,GB,"US$3,648,790.27","327,444",HWDN.L
3289,Tokyu Fudosan Holdings Corp,0.007%,Real Estate,JP,"US$3,640,933.03","391,300",3289.T
IHH,IHH Healthcare Bhd,0.007%,Health Care,MY,"US$3,636,798.55","1,819,500",IHHHF
DSSA,Dian Swastatika Sentosa Tbk PT,0.007%,Energy,ID,"US$3,638,153.41","551,100",DSSA.JK
LTIM,LTIMindtree Ltd,0.007%,Technology,IN,"US$3,629,648.80","53,254",LTIM.NS
267250,HD Hyundai Co Ltd,0.007%,Energy,KR,"US$3,630,570.16","27,172",267250.KS
4612,Nippon Paint Holdings Co Ltd,0.007%,Industrials,JP,"US$3,631,399.42","556,660",461270.KS
INDT,Indutrade AB,0.007%,Industrials,SE,"US$3,618,749.12","145,735",INDT.ST
5831,Shizuoka Financial Group Inc,0.007%,Financials,JP,"US$3,621,739.83","249,800",5831.T
T,TELUS Corp,0.007%,Telecommunications,CA,"US$3,621,112.33","275,246",T
20,SenseTime Group Inc,0.007%,Technology,HK,"US$3,618,834.77","13,290,000",ALI=F
BSE,BSE Ltd,0.007%,Financials,IN,"US$3,615,041.05","111,410",BSEM
NED,Nedbank Group Ltd,0.007%,Financials,ZA,"US$3,613,780.78","242,099",301043.SZ
9843,Nitori Holdings Co Ltd,0.0069%,Consumer Discretionary,JP,"US$3,610,169.82","208,500",9843.T
ELISA,Elisa Oyj,0.0069%,Telecommunications,FI,"US$3,612,784.99","82,529",EIA.HA
1301,Formosa Plastics Corp,0.0069%,Industrials,TW,"US$3,599,961.38","2,712,720",1301.TW
601398,Industrial & Commercial Bank of China Ltd,0.0069%,Financials,CN,"US$3,592,219.64","3,131,100",601398.SS
6506,Yaskawa Electric Corp,0.0069%,Industrials,JP,"US$3,595,111.18","138,900",6506.TWO
IH,Indian Hotels Co Ltd/The,0.0069%,Consumer Discretionary,IN,"US$3,588,375.17","431,239",IH
RADL3,Raia Drogasil SA,0.0069%,Consumer Staples,BR,"US$3,586,491.50","798,140",RADL3.SA
BOUBYAN,Boubyan Bank KSCP,0.0069%,Financials,KW,"US$3,581,757.13","1,555,050",BOUBYAN.KW
INDUC,Industrivarden AB,0.0069%,Financials,SE,"US$3,584,232.40","85,217",INDUCS.XD
FSV,FirstService Corp,0.0069%,Real Estate,CA,"US$3,577,818.96","22,698",FSV
601138,Foxconn Industrial Internet Co Ltd,0.0069%,Telecommunications,CN,"US$3,575,882.70","416,300",601138.SS
LAND,Land Securities Group PLC,0.0069%,Real Estate,GB,"US$3,576,465.89","446,152",LAND
FRES,Fresnillo PLC,0.0069%,Basic Materials,GB,"US$3,570,914.38","102,317",FRES.L
VIVT3,Telefonica Brasil SA,0.0069%,Telecommunications,BR,"US$3,563,688.28","537,440",VIVT3.SA
5706,Mitsui Kinzoku Co Ltd,0.0069%,Basic Materials,JP,"US$3,564,857.42","31,200",5706.T
SOL,Washington H Soul Pattinson & Co Ltd,0.0068%,Energy,AU,"US$3,558,567.30","143,477",SWKS
JBH,JB Hi-Fi Ltd,0.0068%,Consumer Discretionary,AU,"US$3,553,165.58","55,185",JBHT
POLICYBZ,PB Fintech Ltd,0.0068%,Financials,IN,"US$3,554,406.85","174,794",POLICYBZR.NS
1988,China Minsheng Banking Corp Ltd,0.0068%,Financials,HK,"US$3,548,510.71","6,351,100",YHNF.TA
4091,Nippon Sanso Holdings Corp,0.0068%,Basic Materials,JP,"US$3,550,445.37","109,000",4091.T
HRL,Hormel Foods Corp,0.0068%,Consumer Staples,US,"US$3,546,395.16","152,796",HRL
NXT,NEXTDC Ltd,0.0068%,Technology,AU,"US$3,540,139.41","397,804",NXT
NEM,Nemetschek SE,0.0068%,Technology,DE,"US$3,537,631.97","31,670",NEM
9719,SCSK Corp,0.0068%,Technology,JP,"US$3,531,991.03","96,900",9719.T
VBL,Varun Beverages Ltd,0.0068%,Consumer Staples,IN,"US$3,531,757.88","656,021",VBL0.F
REC,Recordati Industria Chimica e Farmaceutica SpA,0.0068%,Health Care,IT,"US$3,525,121.24","59,675",RECAF
AUTO,Auto Trader Group PLC,0.0068%,Technology,GB,"US$3,524,445.48","416,269",RIVN
NICE,Nice Ltd,0.0068%,Technology,IL,"US$3,521,181.04","33,766",NICE
PSN,Persimmon PLC,0.0068%,Consumer Discretionary,GB,"US$3,518,274.61","198,899",PSN
PRIO3,PRIO SA/Brazil,0.0068%,Energy,BR,"US$3,511,244.57","504,200",PRIO3F.SA
SDG,SD Guthrie Bhd,0.0068%,Consumer Staples,MY,"US$3,513,046.58","2,786,500",SDG
6532,BayCurrent Inc,0.0068%,Industrials,JP,"US$3,509,411.73","80,100",6532.TWO
DEWA,Dubai Electricity & Water Authority PJSC,0.0067%,Utilities,AE,"US$3,494,887.60","4,701,904",DEWA.JK
IPN,Ipsen SA,0.0067%,Health Care,FR,"US$3,488,984.39","24,186",IPNFF
SHBB,Svenska Handelsbanken AB,0.0067%,Financials,SE,"US$3,492,989.28","148,134",SHBBF
SCR,SCOR SE,0.0067%,Financials,FR,"US$3,492,503.22","108,328",GBPSCR=X
VMS,Venture Corp Ltd,0.0067%,Technology,SG,"US$3,487,134.31","302,300",VMSP.F
7752,Ricoh Co Ltd,0.0067%,Technology,JP,"US$3,481,626.40","387,800",7752.TWO
CLI,CapitaLand Investment Ltd/Singapore,0.0067%,Real Estate,SG,"US$3,471,609.47","1,696,700",CLF
SCHN,Schindler Holding AG,0.0067%,Industrials,CH,"US$3,464,664.67","10,209",SU.PA
ZG,Zillow Group Inc,0.0066%,Real Estate,US,"US$3,457,461.80","47,788",ZG
2449,King Yuan Electronics Co Ltd,0.0066%,Technology,TW,"US$3,458,531.15","474,000",2449.TW
SUZB3,Suzano SA,0.0066%,Basic Materials,BR,"US$3,458,134.20","388,346",SUZB3F.SA
071050,Korea Investment Holdings Co Ltd,0.0066%,Financials,KR,"US$3,457,764.39","31,703",071050.KS
LHA,Deutsche Lufthansa AG,0.0066%,Consumer Discretionary,DE,"US$3,440,869.56","358,508",LHA.F
MRL,Merlin Properties Socimi SA,0.0066%,Real Estate,ES,"US$3,433,081.48","232,559",MRL.MC
RAL,Ralliant Corp,0.0066%,Industrials,US,"US$3,433,436.65","69,545",RAL
,Engie SA,0.0066%,,FR,"US$3,433,402.63","135,088",ENGI.PA
4689,LY Corp,0.0066%,Technology,JP,"US$3,432,174.62","1,273,700",4689.T
BTRW,Barratt Redrow PLC,0.0066%,Consumer Discretionary,GB,"US$3,431,714.85","656,687",BTRWL.XC
GF,Georg Fischer AG,0.0066%,Industrials,CH,"US$3,428,710.13","51,896",GF
RNO,Renault SA,0.0066%,Consumer Discretionary,FR,"US$3,415,675.01","85,383",RNO.PA
VBBR3,Vibra Energia SA,0.0066%,Energy,BR,"US$3,411,063.27","732,556",VBBR3.SA
2331,Li Ning Co Ltd,0.0066%,Consumer Discretionary,HK,"US$3,406,627.97","1,527,802",2331.T
APA,APA Group,0.0066%,Energy,AU,"US$3,405,859.75","560,847",APA
ORDS,Ooredoo QPSC,0.0065%,Telecommunications,QA,"US$3,402,586.65","971,672",ULTP.L
1818,Zhaojin Mining Industry Co Ltd,0.0065%,Basic Materials,HK,"US$3,402,202.78","911,500",1818.KL
INDUSTOW,Indus Towers Ltd,0.0065%,Telecommunications,IN,"US$3,401,380.16","758,621",INDUSTOWER.BO
SEK,SEEK Ltd,0.0065%,Industrials,AU,"US$3,397,359.83","211,621",EURSEK=X
JDEP,JDE Peet's NV,0.0065%,Consumer Staples,NL,"US$3,397,333.64","92,579",JDEPY
FHZN,Flughafen Zurich AG,0.0065%,Industrials,CH,"US$3,398,175.23","11,388",FHZNZ.XC
DIM,Sartorius Stedim Biotech,0.0065%,Health Care,FR,"US$3,397,739.74","14,123",DIM
7735,SCREEN Holdings Co Ltd,0.0065%,Technology,JP,"US$3,393,950.66","41,200",7735.T
G24,Scout24 SE,0.0065%,Technology,DE,"US$3,393,902.38","33,194",G24.VI
JINDALST,Jindal Steel Ltd,0.0065%,Basic Materials,IN,"US$3,388,305.77","290,191",JINDALSTEL.BO
DMART,Avenue Supermarts Ltd,0.0065%,Consumer Staples,IN,"US$3,382,353.26","75,702",DMART.NS
POWF,Power Finance Corp Ltd,0.0065%,Financials,IN,"US$3,374,586.99","832,226",PFC.BO
4704,Trend Micro Inc/Japan,0.0065%,Technology,JP,"US$3,377,184.24","67,600",4704.T
JBS,JBS NV,0.0065%,Consumer Staples,US,"US$3,370,018.21","229,409",JBS
FORH,Fortis Healthcare Ltd,0.0065%,Health Care,IN,"US$3,364,277.45","327,414",FORH
3626,TIS Inc,0.0065%,Technology,JP,"US$3,360,189.68","101,600",3626.T
BEIJB,Beijer Ref AB,0.0065%,Industrials,SE,"US$3,358,527.36","210,687",BEIJBS.XC
EXO,EXOR NV,0.0065%,Financials,NL,"US$3,357,598.75","39,850",EXXRF
2801,Chang Hwa Commercial Bank Ltd,0.0064%,Financials,TW,"US$3,349,852.53","5,204,709",2801.TW
1911,Sumitomo Forestry Co Ltd,0.0064%,Consumer Discretionary,JP,"US$3,350,849.09","315,000",1911.HK
002202,Goldwind Science & Technology Co Ltd,0.0064%,Energy,CN,"US$3,338,321.41","1,531,371",002202.SZ
INFOE,Info Edge India Ltd,0.0064%,Technology,IN,"US$3,337,549.47","224,429",NAUKRI.BO
SRF,SRF Ltd,0.0064%,Basic Materials,IN,"US$3,337,051.64","101,968",SRFM
5016,JX Advanced Metals Corp,0.0064%,Basic Materials,JP,"US$3,335,860.94","311,900",5016.T
4938,Pegatron Corp,0.0064%,Technology,TW,"US$3,335,644.42","1,452,000",4938.TW
FB,Federal Bank Ltd,0.0064%,Financials,IN,"US$3,337,237.83","1,157,365",FB
EVD,CTS Eventim AG & Co KGaA,0.0064%,Consumer Discretionary,DE,"US$3,329,222.32","34,009",EVD.DE
688041,Hygon Information Technology Co Ltd,0.0064%,Technology,CN,"US$3,324,507.56","108,149",688041.SS
ADP,Aeroports de Paris SA,0.0064%,Industrials,FR,"US$3,316,608.25","22,627",ADP
4732,USS Co Ltd,0.0063%,Consumer Discretionary,JP,"US$3,299,809.04","295,600",4732.T
DCC,DCC PLC,0.0063%,Industrials,GB,"US$3,296,084.87","49,812",DCC.AX
BIM,BioMerieux,0.0063%,Health Care,FR,"US$3,294,876.60","26,312",BESS
SOF,Sofina SA,0.0063%,Financials,BE,"US$3,292,961.23","11,667",SOFI
WTB,Whitbread PLC,0.0063%,Consumer Discretionary,GB,"US$3,288,164.45","99,664",WTBDY
4528,Ono Pharmaceutical Co Ltd,0.0063%,Health Care,JP,"US$3,282,770.91","232,800",4528.TWO
HKL,Hongkong Land Holdings Ltd,0.0063%,Real Estate,SG,"US$3,275,330.00","515,800",HKLD.L
ALD,Ampol Ltd,0.0063%,Energy,AU,"US$3,275,994.29","162,347",ALDX
LPC,Lupin Ltd,0.0063%,Health Care,IN,"US$3,261,568.23","140,111",LPCN
086520,Ecopro Co Ltd,0.0063%,Basic Materials,KR,"US$3,264,337.88","56,813",086520.KQ
BLND,British Land Co PLC/The,0.0063%,Real Estate,GB,"US$3,256,100.04","604,089",BLND
ICICIGI,ICICI Lombard General Insurance Co Ltd,0.0063%,Financials,IN,"US$3,256,229.36","147,811",ICICIGI.NS
4005,Sumitomo Chemical Co Ltd,0.0063%,Basic Materials,JP,"US$3,254,481.90","1,064,700",4005.SR
JMT,Jeronimo Martins SGPS SA,0.0063%,Consumer Staples,PT,"US$3,250,268.17","137,017",JMTU.XC
REM,Remgro Ltd,0.0062%,Financials,ZA,"US$3,245,647.21","319,739",REM
ALE,Allegro.eu SA,0.0062%,Consumer Discretionary,PL,"US$3,223,358.89","366,576",ALRS
KGX,KION Group AG,0.0062%,Industrials,DE,"US$3,226,075.02","43,064",KGXD.XC
SGH,Seven Group Holdings Ltd,0.0062%,Industrials,AU,"US$3,219,157.48","103,801",SGHC
ELI,Elia Group SA/NV,0.0062%,Utilities,BE,"US$3,217,619.37","26,633",LLY
3360,Far East Horizon Ltd,0.0062%,Financials,HK,"US$3,208,292.23","3,138,000",3360.T
1808,Haseko Corp,0.0062%,Consumer Discretionary,JP,"US$3,202,339.63","167,300",1808.T
GJF,Gjensidige Forsikring ASA,0.0062%,Financials,NO,"US$3,198,392.31","114,207",GJFO.XC
UHR,Swatch Group AG/The,0.0062%,Consumer Discretionary,CH,"US$3,200,188.12","15,847",UHR.SW
BEN,Franklin Resources Inc,0.0061%,Financials,US,"US$3,196,033.20","141,480",BEN
DNP,Dino Polska SA,0.0061%,Consumer Staples,PL,"US$3,196,252.75","285,373",DNP
WIL,Wilmar International Ltd,0.0061%,Consumer Staples,SG,"US$3,192,601.41","1,276,203",SHW
3328,Bank of Communications Co Ltd,0.0061%,Financials,HK,"US$3,195,098.64","3,484,000",3328.HK
138040,Meritz Financial Group Inc,0.0061%,Financials,KR,"US$3,196,524.12","43,287",138040.KS
1336,New China Life Insurance Co Ltd,0.0061%,Financials,HK,"US$3,187,665.90","535,099",1336.HK
BCI,Banco de Credito e Inversiones SA,0.0061%,Financials,CL,"US$3,182,853.61","54,854",BCI
GGBR4,Gerdau SA,0.0061%,Basic Materials,BR,"US$3,169,807.94","889,544",GGBR4F.SA
CTEC,Convatec Group PLC,0.0061%,Health Care,GB,"US$3,158,829.42","1,011,894",CTEC
2382,Sunny Optical Technology Group Co Ltd,0.0061%,Technology,HK,"US$3,153,141.70","386,600",2382.TW
6113,Amada Co Ltd,0.006%,Industrials,JP,"US$3,144,490.87","264,100",6113.T
NIBEB,Nibe Industrier AB,0.006%,Industrials,SE,"US$3,143,103.60","849,426",NIBEB.SW
NRP,NEPI Rockcastle NV,0.006%,Real Estate,ZA,"US$3,141,052.89","366,999",NRP
291,China Resources Beer Holdings Co Ltd,0.006%,Consumer Staples,HK,"US$3,139,836.75","879,335",291A.T
PFCIBEST,Grupo Cibest SA,0.006%,Financials,CO,"US$3,134,451.22","198,790",PFCIBEST.CL
8136,Sanrio Co Ltd,0.006%,Consumer Discretionary,JP,"US$3,134,626.08","87,600",8136.T
HOT,HOCHTIEF AG,0.006%,Industrials,DE,"US$3,131,975.30","8,854",H
YZJSGD,Yangzijiang Shipbuilding Holdings Ltd,0.006%,Industrials,SG,"US$3,125,097.48","1,208,200",BS6.SI
CLS,Clicks Group Ltd,0.006%,Consumer Staples,ZA,"US$3,118,302.99","153,827",CLS
300760,Shenzhen Mindray Bio-Medical Electronics Co Ltd,0.006%,Health Care,CN,"US$3,111,109.57","107,800",300760.SZ
TW/,Taylor Wimpey PLC,0.006%,Consumer Discretionary,GB,"US$3,104,563.66","2,283,691",TWD=X
MAERSKA,AP Moller - Maersk A/S,0.006%,Industrials,DK,"US$3,102,975.68","1,548",MAERAC.XD
KTB/F,Krung Thai Bank PCL,0.006%,Financials,TH,"US$3,098,672.15","3,627,700",KTB1.DU
ACEM,Ambuja Cements Ltd,0.006%,Industrials,IN,"US$3,098,466.09","503,726",ACEM.XC
2324,Compal Electronics Inc,0.006%,Technology,TW,"US$3,102,861.24","3,318,000",2324.TW
YAR,Yara International ASA,0.006%,Basic Materials,NO,"US$3,102,697.97","84,914",SYBT
2338,Weichai Power Co Ltd,0.006%,Industrials,HK,"US$3,095,832.82","1,250,800",2338.T
2834,Taiwan Business Bank,0.0059%,Financials,TW,"US$3,092,622.10","6,123,782",2834.TW
3281,GLP J-Reit,0.0059%,Real Estate,JP,"US$3,088,984.30","3,257",3281.T
RMV,Rightmove PLC,0.0059%,Real Estate,GB,"US$3,084,142.73","424,290",RMVL.XC
66,MTR Corp Ltd,0.0059%,Industrials,HK,"US$3,075,863.13","775,500",PSX
FIBRAPL,Prologis Property Mexico SA de CV,0.0059%,Real Estate,MX,"US$3,068,331.86","720,156",FIBRAPL14.MX
836,China Resources Power Holdings Co Ltd,0.0059%,Utilities,HK,"US$3,064,210.85","1,284,000",8361.T
TNE,Technology One Ltd,0.0059%,Technology,AU,"US$3,060,384.72","155,038",TNET
ANDR,ANDRITZ AG,0.0059%,Industrials,AT,"US$3,053,836.11","42,271",ANDR
SALM,Salmar ASA,0.0059%,Consumer Staples,NO,"US$3,052,892.19","52,237",SALM
5876,Shanghai Commercial & Savings Bank Ltd/The,0.0058%,Financials,TW,"US$3,038,757.07","2,439,166",5876.TW
BDO,BDO Unibank Inc,0.0058%,Financials,PH,"US$3,031,390.71","1,357,068",BDORY
,L'Oreal SA,0.0058%,Consumer Discretionary,FR,"US$3,016,445.80","6,920",LOR.DU
047810,Korea Aerospace Industries Ltd,0.0058%,Industrials,KR,"US$3,009,569.03","40,643",047810.KS
UNITDSPR,United Spirits Ltd,0.0058%,Consumer Staples,IN,"US$3,013,553.89","185,695",UNITDSPR.NS
DXS,Dexus,0.0058%,Real Estate,AU,"US$3,007,992.52","640,608",DXST
9107,Kawasaki Kisen Kaisha Ltd,0.0058%,Industrials,JP,"US$3,004,867.67","225,600",9107.T
8729,Sony Financial Group Inc,0.0058%,Financials,JP,"US$3,002,788.34","3,170,400",8729.T
MNDI,Mondi PLC,0.0058%,Industrials,GB,"US$2,999,909.27","260,839",MNDIL.XC
MEL,Meridian Energy Ltd,0.0058%,Utilities,NZ,"US$3,003,337.62","929,279",MELI
UPLL,UPL Ltd,0.0058%,Basic Materials,IN,"US$2,996,874.24","353,342",UPLL.IL
GAIL,GAIL India Ltd,0.0058%,Energy,IN,"US$2,992,129.31","1,519,896",GQI.SG
BPI,Bank of the Philippine Islands,0.0058%,Financials,PH,"US$2,990,928.17","1,505,605",BPI
000150,Doosan Co Ltd,0.0058%,Industrials,KR,"US$2,991,974.98","5,023",000150.KS
1101,TCC Group Holdings Co Ltd,0.0057%,Industrials,TW,"US$2,988,467.66","4,104,729",1101B.TW
CGPOWER,CG Power & Industrial Solutions Ltd,0.0057%,Industrials,IN,"US$2,986,179.71","396,948",CGPOWER.BO
ZAL,Zalando SE,0.0057%,Consumer Discretionary,DE,"US$2,987,625.17","110,962",ZALO.OL
000858,Wuliangye Yibin Co Ltd,0.0057%,Consumer Staples,CN,"US$2,979,197.05","178,700",000858.SZ
9435,Hikari Tsushin Inc,0.0057%,Telecommunications,JP,"US$2,978,583.79","10,700",9435.T
BVT,Bidvest Group Ltd,0.0057%,Industrials,ZA,"US$2,981,945.81","223,535",BVT.JO
ANA,Acciona SA,0.0057%,Industrials,ES,"US$2,974,771.03","14,825",AVXL
CWY,Cleanaway Waste Management Ltd,0.0057%,Utilities,AU,"US$2,968,422.41","1,682,682",CWY0.BE
QAN,Qantas Airways Ltd,0.0057%,Consumer Discretionary,AU,"US$2,964,347.85","452,926",QAN.F
ENT,Entain PLC,0.0057%,Consumer Discretionary,GB,"US$2,967,533.68","288,243",AMC
HAG,Hensoldt AG,0.0057%,Industrials,DE,"US$2,962,577.48","37,348",HGTY
AM,Dassault Aviation SA,0.0057%,Industrials,FR,"US$2,957,674.16","9,418",AM
3462,Nomura Real Estate Master Fund Inc,0.0057%,Real Estate,JP,"US$2,957,021.47","2,708",3462.T
2603,Evergreen Marine Corp Taiwan Ltd,0.0057%,Industrials,TW,"US$2,954,060.41","516,508",2603.HK
5201,AGC Inc,0.0057%,Industrials,JP,"US$2,952,292.85","85,300",5201.TWO
SAGAB,Sagax AB,0.0057%,Real Estate,SE,"US$2,951,094.34","137,792",SAGABS.XC
BZU,Buzzi SpA,0.0057%,Industrials,IT,"US$2,952,032.15","47,903",BZUN
CRDA,Croda International PLC,0.0057%,Basic Materials,GB,"US$2,948,580.57","81,754",CRDA.L
WOR,Worley Ltd,0.0057%,Industrials,AU,"US$2,945,585.33","336,701",WOR
LEG,LEG Immobilien SE,0.0057%,Real Estate,DE,"US$2,946,779.38","39,184",LEG
IQCD,Industries Qatar QSC,0.0057%,Basic Materials,QA,"US$2,946,830.50","883,079",IQCD.QA
SPL,Santander Bank Polska SA,0.0057%,Financials,PL,"US$2,941,282.97","20,820",PWI.TO
ALMARAI,Almarai Co JSC,0.0056%,Consumer Staples,SA,"US$2,932,616.45","246,120",2280.SR
8972,KDX Realty Investment Corp,0.0056%,Real Estate,JP,"US$2,919,447.61","2,558",8972.T
SSABB,SSAB AB,0.0056%,Basic Materials,SE,"US$2,919,531.07","415,956",SSABBS.XC
VALMT,Valmet Oyj,0.0056%,Industrials,FI,"US$2,912,293.19","89,271",VALMT.HE
ARNB,Arab National Bank,0.0056%,Financials,SA,"US$2,907,827.00","491,820",1080.SR
ALBI,Bank AlBilad,0.0056%,Financials,SA,"US$2,895,128.57","414,856",ALG.DE
DLFU,DLF Ltd,0.0056%,Real Estate,IN,"US$2,898,574.27","358,306",DLF.BO
601166,Industrial Bank Co Ltd,0.0056%,Financials,CN,"US$2,896,113.00","969,800",601166.SS
BRBY,Burberry Group PLC,0.0056%,Consumer Discretionary,GB,"US$2,891,021.69","191,479",BRBY.L
ELM,Elm Co,0.0056%,Technology,SA,"US$2,891,298.03","14,160",ELM
EMSN,EMS-Chemie Holding AG,0.0056%,Basic Materials,CH,"US$2,888,269.51","4,232",EMSN.SW
9042,Hankyu Hanshin Holdings Inc,0.0055%,Industrials,JP,"US$2,882,016.66","114,700",9042.T
8963,Invincible Investment Corp,0.0055%,Real Estate,JP,"US$2,881,753.28","6,732",8963.T
VIPS,Vipshop Holdings Ltd,0.0055%,Consumer Discretionary,US,"US$2,879,498.96","146,614",VIPS
BOS,Bosch Ltd,0.0055%,Consumer Discretionary,IN,"US$2,867,484.61","7,103",BSX
9143,SG Holdings Co Ltd,0.0055%,Industrials,JP,"US$2,866,920.00","286,692",9143.T
DHER,Delivery Hero SE,0.0055%,Consumer Discretionary,DE,"US$2,868,224.65","122,957",DHER.DE
9508,Kyushu Electric Power Co Inc,0.0055%,Utilities,JP,"US$2,867,797.50","256,900",9508.T
002475,Luxshare Precision Industry Co Ltd,0.0055%,Consumer Discretionary,CN,"US$2,855,401.70","349,337",002475.SZ
MGR,Mirvac Group,0.0055%,Real Estate,AU,"US$2,857,602.75","2,017,329",MGR
1347,Hua Hong Semiconductor Ltd,0.0055%,Technology,HK,"US$2,853,508.08","298,205",134790.KS
BMED,Banca Mediolanum SpA,0.0055%,Financials,IT,"US$2,854,019.03","133,362",BMED
GFINBURO,Grupo Financiero Inbursa SAB de CV,0.0055%,Financials,MX,"US$2,851,463.97","1,205,000",GFINBURO.MX
003550,LG Corp,0.0054%,Industrials,KR,"US$2,834,045.90","52,892",003550.KS
KOMB,Komercni Banka AS,0.0054%,Financials,CZ,"US$2,833,367.29","50,614",KOMB.PR
PIDI,Pidilite Industries Ltd,0.0054%,Basic Materials,IN,"US$2,832,841.39","172,398",PIDILITIND.NS
6963,Rohm Co Ltd,0.0054%,Technology,JP,"US$2,836,741.43","211,300",6963.T
300274,Sungrow Power Supply Co Ltd,0.0054%,Energy,CN,"US$2,830,066.98","109,380",300274.SZ
MLSR,Melisron Ltd,0.0054%,Real Estate,IL,"US$2,825,945.32","22,694",MLSRP.PA
1787,Shandong Gold Mining Co Ltd,0.0054%,Basic Materials,HK,"US$2,821,705.97","635,300",1787.T
IG,Italgas SpA,0.0054%,Utilities,IT,"US$2,820,864.81","249,936",IG
PTTEP/F,PTT Exploration & Production PCL,0.0054%,Energy,TH,"US$2,818,169.62","851,934",PTTG.DU
4324,Dentsu Group Inc,0.0054%,Consumer Discretionary,JP,"US$2,821,461.07","124,200",432470.KQ
259960,Krafton Inc,0.0054%,Consumer Discretionary,KR,"US$2,820,917.62","16,111",259960.KS
BIMBOA,Grupo Bimbo SAB de CV,0.0054%,Consumer Staples,MX,"US$2,814,912.54","887,000",BIMBOA.MX
9602,Toho Co Ltd/Tokyo,0.0054%,Consumer Discretionary,JP,"US$2,807,154.76","48,700",9602.SR
247540,Ecopro BM Co Ltd,0.0054%,Industrials,KR,"US$2,806,172.03","27,531",247540.KQ
AKBNK,Akbank TAS,0.0054%,Financials,TR,"US$2,797,646.58","1,835,537",AKBNK.IS
BSF,Banque Saudi Fransi,0.0054%,Financials,SA,"US$2,798,663.00","638,628",BSFO
RECL,REC Ltd,0.0054%,Financials,IN,"US$2,794,630.29","692,637",NEX.SI
PTG,Petronas Gas Bhd,0.0054%,Utilities,MY,"US$2,791,329.22","658,400",PTGX
MRCO,Marico Ltd,0.0054%,Consumer Staples,IN,"US$2,794,064.37","348,372",MARICO.BO
1308,SITC International Holdings Co Ltd,0.0054%,Industrials,HK,"US$2,785,416.67","811,000",1308.TW
PPH,Pepkor Holdings Ltd,0.0053%,Consumer Discretionary,ZA,"US$2,770,212.73","1,815,104",PPH
BKG,Berkeley Group Holdings PLC,0.0053%,Consumer Discretionary,GB,"US$2,773,763.68","55,735",BKGI-R.BK
1590,Airtac International Group,0.0053%,Industrials,TW,"US$2,768,039.54","96,207",159010.KQ
7181,Japan Post Insurance Co Ltd,0.0053%,Financials,JP,"US$2,761,198.08","99,168",7181.KL
000100,Yuhan Corp,0.0053%,Health Care,KR,"US$2,754,819.98","33,208",000100.KS
SWIGGY,Swiggy Ltd,0.0053%,Consumer Discretionary,IN,"US$2,756,710.45","651,813",SWIGGY.BO
TRP,Torrent Pharmaceuticals Ltd,0.0053%,Health Care,IN,"US$2,750,534.06","66,126",TRP
8985,Japan Hotel REIT Investment Corp,0.0053%,Real Estate,JP,"US$2,751,866.71","4,976",8985.T
6919,Caliway Biopharmaceuticals Co Ltd,0.0053%,Health Care,TW,"US$2,751,314.32","550,000",6919.T
CPR,Davide Campari-Milano NV,0.0053%,Consumer Staples,IT,"US$2,748,371.36","403,710",CPRT
TEMN,Temenos AG,0.0053%,Technology,CH,"US$2,740,255.99","30,203",TEMN.SW
3008,Largan Precision Co Ltd,0.0053%,Technology,TW,"US$2,740,003.19","39,000",300810.SZ
4751,CyberAgent Inc,0.0053%,Technology,JP,"US$2,735,726.05","305,700",475150.KS
1919,COSCO SHIPPING Holdings Co Ltd,0.0052%,Industrials,HK,"US$2,723,915.18","1,600,552",1919.HK
6269,Modec Inc,0.0052%,Energy,JP,"US$2,723,892.98","27,100",6269.TW
3099,Isetan Mitsukoshi Holdings Ltd,0.0052%,Consumer Discretionary,JP,"US$2,718,325.22","174,100",3099.T
YES,Yes Bank Ltd,0.0052%,Financials,IN,"US$2,714,592.07","10,589,336",YESBANK.NS
XYZ,Block Inc,0.0052%,Industrials,AU,"US$2,707,044.15","40,886",XYZ
NPH,Northam Platinum Holdings Ltd,0.0052%,Basic Materials,ZA,"US$2,700,493.36","151,400",NPH.NZ
GCPL,Godrej Consumer Products Ltd,0.0052%,Consumer Staples,IN,"US$2,698,875.94","210,726",GCPL.XC
HYUNDAI,Hyundai Motor India Ltd,0.0052%,Consumer Discretionary,IN,"US$2,695,114.92","103,642",005380.KS
601688,Huatai Securities Co Ltd,0.0052%,Financials,CN,"US$2,694,455.33","902,700",601688.SS
6869,Sysmex Corp,0.0052%,Health Care,JP,"US$2,688,226.85","282,300",6869.TW
AMMN,Amman Mineral Internasional PT,0.0052%,Basic Materials,ID,"US$2,682,401.68","6,769,000",AMMN.JK
6724,Seiko Epson Corp,0.0052%,Technology,JP,"US$2,682,242.87","215,200",6724.T
9147,NIPPON EXPRESS HOLDINGS INC,0.0052%,Industrials,JP,"US$2,678,464.59","126,200",9147.T
BEZQ,Bezeq The Israeli Telecommunication Corp Ltd,0.0051%,Telecommunications,IL,"US$2,676,524.37","1,362,153",BEZQ.TA
RICHT,Richter Gedeon Nyrt,0.0051%,Health Care,HU,"US$2,675,584.28","90,341",RR
RNI,Reinet Investments SCA,0.0051%,Financials,ZA,"US$2,672,037.25","79,042",RNI.JO
ASELS,Aselsan Elektronik Sanayi Ve Ticaret AS,0.0051%,Industrials,TR,"US$2,675,043.28","619,643",ASELS.IS
CLIS,Clal Insurance Enterprises Holdings Ltd,0.0051%,Financials,IL,"US$2,675,249.05","46,352",CLIS.TA
BF/B,Brown-Forman Corp,0.0051%,Consumer Staples,US,"US$2,667,522.06","92,047",1760.TW
CEN,Contact Energy Ltd,0.0051%,Utilities,NZ,"US$2,661,702.97","481,486",LEU
ASURB,Grupo Aeroportuario del Sureste SAB de CV,0.0051%,Industrials,MX,"US$2,664,144.30","88,180",ASURB.MX
VER,Verbund AG,0.0051%,Utilities,AT,"US$2,656,333.53","36,045",VZ
DIXON,Dixon Technologies India Ltd,0.0051%,Consumer Discretionary,IN,"US$2,651,269.65","16,242",DIXON.BO
3293,International Games System Co Ltd,0.0051%,Consumer Discretionary,TW,"US$2,651,457.70","112,000",3293.T
7550,Zensho Holdings Co Ltd,0.0051%,Consumer Discretionary,JP,"US$2,652,124.32","44,000",7550.T
SMPH,SM Prime Holdings Inc,0.0051%,Real Estate,PH,"US$2,648,696.39","6,753,600",SPHXF
BALDB,Fastighets AB Balder,0.0051%,Real Estate,SE,"US$2,649,612.72","367,940",BALDBS.XD
8069,E Ink Holdings Inc,0.0051%,Technology,TW,"US$2,636,673.57","431,000",8069.TWO
RAND,Randstad NV,0.0051%,Industrials,NL,"US$2,639,125.84","67,841",RAND
CBQK,Commercial Bank PSQC/The,0.0051%,Financials,QA,"US$2,636,758.63","2,382,834",CBQK.QA
300308,Zhongji Innolight Co Ltd,0.0051%,Telecommunications,CN,"US$2,639,114.72","36,260",300308.SZ
HARL,Harel Insurance Investments & Financial Services Ltd,0.0051%,Financials,IL,"US$2,633,128.92","70,905",HARL
LUV,Southwest Airlines Co,0.0051%,Consumer Discretionary,US,"US$2,632,541.06","75,626",LUV
CAST,Castellum AB,0.0051%,Real Estate,SE,"US$2,627,799.42","231,201",CCI
7201,Nissan Motor Co Ltd,0.0051%,Consumer Discretionary,JP,"US$2,626,342.45","1,066,738",7201-SABE.SR
TAL,TAL Education Group,0.0051%,Consumer Discretionary,US,"US$2,628,560.00","238,960",TAL
010120,LS Electric Co Ltd,0.005%,Technology,KR,"US$2,623,968.99","8,389",010120.KS
1766,CRRC Corp Ltd,0.005%,Industrials,HK,"US$2,615,482.43","3,295,000",1766.T
GETIB,Getinge AB,0.005%,Health Care,SE,"US$2,601,516.39","114,178",GETIBS.XD
COMI,Commercial International Bank - Egypt (CIB),0.005%,Financials,EG,"US$2,600,016.37","1,152,258",002301.SZ
BKW,BKW AG,0.005%,Utilities,CH,"US$2,600,153.43","12,457",BKWZ.XC
2269,MEIJI Holdings Co Ltd,0.005%,Consumer Staples,JP,"US$2,597,184.88","120,300",226950.KQ
MUTH,Muthoot Finance Ltd,0.005%,Financials,IN,"US$2,590,163.03","61,878",MUTHOOTMF.NS
MPHL,Mphasis Ltd,0.005%,Technology,IN,"US$2,591,589.21","82,454",MPHLX
KOFUBL,Coca-Cola Femsa SAB de CV,0.005%,Consumer Staples,MX,"US$2,587,147.54","298,825",KOFUBL.MX
HAVL,Havells India Ltd,0.005%,Industrials,IN,"US$2,582,096.76","160,179",HAVLF
2331,ALSOK Co Ltd,0.0049%,Industrials,JP,"US$2,570,360.78","327,700",2331.T
SCI,Sembcorp Industries Ltd,0.0049%,Utilities,SG,"US$2,567,202.25","542,400",SCI
6525,Kokusai Electric Corp,0.0049%,Technology,JP,"US$2,560,256.33","93,000",6525.TW
LPP,LPP SA,0.0049%,Consumer Discretionary,PL,"US$2,557,017.65",548,1RY.F
MOTV3,Motiva Infraestrutura de Mobilidade SA,0.0049%,Industrials,BR,"US$2,551,685.12","853,736",MOTV3.SA
GFC,Gecina SA,0.0049%,Real Estate,FR,"US$2,543,712.94","27,432",GFC-M.TA
AAK,AAK AB,0.0049%,Consumer Staples,SE,"US$2,537,487.78","90,109",AAK.ST
601633,Great Wall Motor Co Ltd,0.0049%,Consumer Discretionary,CN,"US$2,540,715.38","820,100",601633.SS
FALAB,Falabella SA,0.0049%,Consumer Discretionary,CL,"US$2,532,932.86","392,136",FALABELLA.SN
6446,PharmaEssentia Corp,0.0049%,Health Care,TW,"US$2,536,069.71","154,253",6446.TW
2356,Inventec Corp,0.0049%,Technology,TW,"US$2,535,287.56","1,825,000",2356.TW
2408,Nanya Technology Corp,0.0049%,Technology,TW,"US$2,525,983.75","543,000",2408.TW
IMCD,IMCD NV,0.0049%,Basic Materials,NL,"US$2,527,298.50","28,179",IMCD.AS
000623,Jilin Aodong Pharmaceutical Group Co Ltd,0.0049%,Health Care,CN,"US$2,526,181.33","934,945",000623.SZ
BC8,Bechtle AG,0.0049%,Technology,DE,"US$2,528,241.89","49,065",BC8.DE
241,Alibaba Health Information Technology Ltd,0.0049%,Consumer Staples,HK,"US$2,528,306.10","3,534,000",2415.TW
3045,Taiwan Mobile Co Ltd,0.0048%,Telecommunications,TW,"US$2,518,910.31","732,000",3045.TW
002004,Huapont Life Sciences Co Ltd,0.0048%,Health Care,CN,"US$2,508,359.62","3,701,768",002004.SZ
000869,Yantai Changyu Pioneer Wine Co Ltd,0.0048%,Consumer Staples,CN,"US$2,507,317.21","842,000",000869.SZ
1357,Meitu Inc,0.0048%,Technology,HK,"US$2,506,897.35","2,269,500",1357.HK
358,Jiangxi Copper Co Ltd,0.0048%,Basic Materials,HK,"US$2,502,286.27","635,000",3580.TWO
AOT/F,Airports of Thailand PCL,0.0048%,Industrials,TH,"US$2,502,854.48","1,852,400",TX3A.F
NWS,News Corp,0.0048%,Consumer Discretionary,US,"US$2,497,076.64","84,848",NWS
601878,Zheshang Securities Co Ltd,0.0048%,Financials,CN,"US$2,495,793.58","1,611,200",601878.SS
600663,Shanghai Lujiazui Finance & Trade Zone Development Co Ltd,0.0048%,Real Estate,CN,"US$2,489,735.25","2,154,200",600663.SS
3563,Food & Life Cos Ltd,0.0048%,Consumer Discretionary,JP,"US$2,486,741.43","55,200",3563.TW
1816,CGN Power Co Ltd,0.0048%,Utilities,HK,"US$2,488,806.26","6,395,000",1816.HK
12,Henderson Land Development Co Ltd,0.0048%,Real Estate,HK,"US$2,475,724.55","656,953",1211.HK
003230,Samyang Foods Co Ltd,0.0048%,Consumer Staples,KR,"US$2,478,013.12","2,522",003230.KS
9024,Seibu Holdings Inc,0.0048%,Consumer Discretionary,JP,"US$2,477,138.30","79,719",9024.T
603501,OmniVision Integrated Circuits Group Inc,0.0048%,Technology,CN,"US$2,478,398.93","146,645",603501.SS
BSAN,Banco Santander Chile,0.0047%,Financials,CL,"US$2,473,304.27","32,985,321",BSAN.NE
7261,Mazda Motor Corp,0.0047%,Consumer Discretionary,JP,"US$2,469,114.39","337,100",7261.HK
AZRG,Azrieli Group Ltd,0.0047%,Real Estate,IL,"US$2,470,376.09","24,364",AZRG.TA
R3NK,RENK Group AG,0.0047%,Industrials,DE,"US$2,466,173.87","42,121",R3NK.F
AMM,AMMB Holdings Bhd,0.0047%,Financials,MY,"US$2,467,828.19","1,714,000",AMMPF
600276,Jiangsu Hengrui Pharmaceuticals Co Ltd,0.0047%,Health Care,CN,"US$2,468,121.19","281,041",600276.SS
600958,Orient Securities Co Ltd/China,0.0047%,Financials,CN,"US$2,458,568.10","1,669,500",600958.SS
TOTS3,TOTVS SA,0.0047%,Technology,BR,"US$2,450,018.04","305,863",TOTS3.SA
000012,CSG Holding Co Ltd,0.0047%,Industrials,CN,"US$2,445,228.25","3,693,418",000012.SZ
JARIR,Jarir Marketing Co,0.0047%,Consumer Discretionary,SA,"US$2,441,117.09","721,081",4190.SR
A2A,A2A SpA,0.0047%,Utilities,IT,"US$2,441,840.01","891,919",AEMMF
2897,Nissin Foods Holdings Co Ltd,0.0047%,Consumer Staples,JP,"US$2,434,412.05","134,000",2897.TW
096770,SK Innovation Co Ltd,0.0047%,Energy,KR,"US$2,428,008.02","31,050",096770.KS
8359,Hachijuni Bank Ltd/The,0.0047%,Financials,JP,"US$2,422,580.26","225,900",8359.TWO
2768,Sojitz Corp,0.0047%,Industrials,JP,"US$2,425,749.18","82,940",2768.T
4,Wharf Holdings Ltd/The,0.0047%,Real Estate,HK,"US$2,418,927.25","798,000",SPYU
000088,Shenzhen Yan Tian Port Holding Co Ltd,0.0046%,Industrials,CN,"US$2,407,768.48","3,859,500",000088.SZ
EDEN,Edenred SE,0.0046%,Industrials,FR,"US$2,408,488.34","112,239",EDEN
603993,CMOC Group Ltd,0.0046%,Basic Materials,CN,"US$2,409,146.90","1,049,300",603993.SS
BHFC,Bharat Forge Ltd,0.0046%,Basic Materials,IN,"US$2,409,284.12","150,303",BHARATFORG.NS
2207,Hotai Motor Co Ltd,0.0046%,Consumer Discretionary,TW,"US$2,406,958.74","123,840",2207.T
VOLT,Voltas Ltd,0.0046%,Industrials,IN,"US$2,397,829.33","155,838",VOLT
6645,Omron Corp,0.0046%,Industrials,JP,"US$2,396,068.57","93,500",6645.TW
3231,Nomura Real Estate Holdings Inc,0.0046%,Real Estate,JP,"US$2,391,911.89","389,500",3231.TW
GVTD,GE Vernova T&D India Ltd,0.0046%,Industrials,IN,"US$2,393,094.55","74,289",GVTD.BO
ADEN,Adecco Group AG,0.0046%,Industrials,CH,"US$2,389,579.53","85,428",ADEN.TO
CLGT,Colgate-Palmolive India Ltd,0.0046%,Consumer Staples,IN,"US$2,385,114.52","98,378",COLPAL.BO
9863,Zhejiang Leapmotor Technology Co Ltd,0.0046%,Consumer Discretionary,HK,"US$2,381,923.04","349,900",9863.HK
VZN,VZ Holding AG,0.0046%,Financials,CH,"US$2,370,996.95","12,760",VZN.SW
RAA,Rational AG,0.0046%,Consumer Discretionary,DE,"US$2,369,986.97","3,171",RAA
300059,East Money Information Co Ltd,0.0046%,Financials,CN,"US$2,372,023.37","716,569",300059.SZ
MCX,Multi Commodity Exchange of India Ltd,0.0046%,Financials,IN,"US$2,370,858.01","21,052",MCX.SG
SDF,Steadfast Group Ltd,0.0046%,Financials,AU,"US$2,367,698.49","695,645",SDF.DE
MIN,Mineral Resources Ltd,0.0045%,Basic Materials,AU,"US$2,360,280.04","73,331",MIN
9962,MISUMI Group Inc,0.0045%,Industrials,JP,"US$2,358,564.56","163,000",9962.TWO
010130,Korea Zinc Co Ltd,0.0045%,Basic Materials,KR,"US$2,354,305.92","2,580",010130.KS
WPP,WPP PLC,0.0045%,Consumer Discretionary,GB,"US$2,353,171.25","584,588",WPP
EGIE3,Engie Brasil Energia SA,0.0045%,Utilities,BR,"US$2,350,240.31","409,850",EGIE3F.SA
3529,eMemory Technology Inc,0.0045%,Technology,TW,"US$2,345,706.55","36,000",3529.TWO
2018,AAC Technologies Holdings Inc,0.0045%,Technology,HK,"US$2,342,773.84","497,000",2018.HK
INDUA,Industrivarden AB,0.0045%,Financials,SE,"US$2,343,201.34","55,753",INDUAS.XD
COPEC,Empresas Copec SA,0.0045%,Energy,CL,"US$2,339,633.26","327,003",COPEC.SN
SIGN,SIG Group AG,0.0045%,Industrials,CH,"US$2,338,339.85","192,868",SIG
688256,Cambricon Technologies Corp Ltd,0.0045%,Technology,CN,"US$2,337,974.81","12,417",688256.SS
CENCOSUD,Cencosud SA,0.0045%,Consumer Staples,CL,"US$2,335,003.15","743,304",CENCOMALLS.SN
GULF/F,Gulf Development PCL,0.0045%,Utilities,TH,"US$2,334,121.27","1,844,099",GFC.KW
VEND,Schibsted ASA,0.0045%,Technology,NO,"US$2,329,995.85","83,850",VEND.OL
SOL,Sasol Ltd,0.0045%,Basic Materials,ZA,"US$2,333,046.85","359,023",SWKS
5844,Kyoto Financial Group Inc,0.0045%,Financials,JP,"US$2,329,125.28","106,900",5844.T
003670,POSCO Future M Co Ltd,0.0045%,Basic Materials,KR,"US$2,331,576.17","16,605",003670.KS
6770,Powerchip Semiconductor Manufacturing Corp,0.0045%,Technology,TW,"US$2,327,296.48","2,142,000",6770.TW
CAMT,Camtek Ltd/Israel,0.0045%,Technology,IL,"US$2,323,658.93","21,991",CAMT
3692,Hansoh Pharmaceutical Group Co Ltd,0.0045%,Health Care,HK,"US$2,324,676.33","450,000",3692.HK
032640,LG Uplus Corp,0.0045%,Telecommunications,KR,"US$2,319,843.16","226,539",032640.KS
5801,Furukawa Electric Co Ltd,0.0045%,Industrials,JP,"US$2,322,153.16","36,500",5801.T
RBI,Raiffeisen Bank International AG,0.0045%,Financials,AT,"US$2,317,775.52","57,159",RBI.VI
CD,ComfortDelGro Corp Ltd,0.0045%,Industrials,SG,"US$2,317,408.79","2,084,300",CD
BBSE3,BB Seguridade Participacoes SA,0.0045%,Financials,BR,"US$2,313,079.59","362,335",BBSE3.SA
MRP,Mr Price Group Ltd,0.0044%,Consumer Discretionary,ZA,"US$2,312,077.44","188,545",MRP
LAURUS,Laurus Labs Ltd,0.0044%,Health Care,IN,"US$2,311,430.06","200,467",LAURUSLABS.BO
5105,Toyo Tire Corp,0.0044%,Consumer Discretionary,JP,"US$2,300,406.28","83,600",5105.KL
OPAP,OPAP SA,0.0044%,Consumer Discretionary,GR,"US$2,299,845.83","112,468",OPAP.AT
3861,Oji Holdings Corp,0.0044%,Basic Materials,JP,"US$2,294,509.84","435,700",3861.T
POLYCAB,Polycab India Ltd,0.0044%,Industrials,IN,"US$2,292,840.49","27,455",POLYCAB.NS
MOL,MOL Hungarian Oil & Gas PLC,0.0044%,Energy,HU,"US$2,291,875.13","258,881",TAP
BOL,Bollore SE,0.0044%,Consumer Discretionary,FR,"US$2,295,121.12","413,727",BOLT
1171,Yankuang Energy Group Co Ltd,0.0044%,Energy,HK,"US$2,288,009.66","1,753,300",1171.KL
CGF,Challenger Ltd,0.0044%,Financials,AU,"US$2,284,898.17","392,358",ROB3.MU
005387,Hyundai Motor Co,0.0044%,Consumer Discretionary,KR,"US$2,276,188.83","17,193",005387.KS
KCHOL,KOC Holding AS,0.0044%,Energy,TR,"US$2,272,140.44","573,196",KCHOL.IS
018260,Samsung SDS Co Ltd,0.0044%,Technology,KR,"US$2,272,713.43","19,836",018260.KS
BC,Brunello Cucinelli SpA,0.0044%,Consumer Discretionary,IT,"US$2,272,191.60","21,360",BC
601880,Liaoning Port Co Ltd,0.0044%,Industrials,CN,"US$2,269,918.16","9,904,900",601880.SS
9684,Square Enix Holdings Co Ltd,0.0044%,Consumer Discretionary,JP,"US$2,268,726.69","113,400",9684.T
EVK,Evonik Industries AG,0.0044%,Basic Materials,DE,"US$2,264,751.07","147,057",EVK.DE
ICL,ICL Group Ltd,0.0044%,Basic Materials,IL,"US$2,262,876.89","409,279",ICL
GFS,GLOBALFOUNDRIES Inc,0.0043%,Technology,US,"US$2,255,303.68","62,927",GFS
TEP,Teleperformance SE,0.0043%,Industrials,FR,"US$2,256,063.44","32,815",TEP.PA
MASAR,Umm Al Qura for Development & Construction Co,0.0043%,Real Estate,SA,"US$2,259,098.24","427,162",6019.SR
3606,Fuyao Glass Industry Group Co Ltd,0.0043%,Industrials,HK,"US$2,259,532.98","261,200",3606.HK
VOW,Volkswagen AG,0.0043%,Consumer Discretionary,DE,"US$2,258,570.11","19,559",VOW3.DE
2633,Taiwan High Speed Rail Corp,0.0043%,Industrials,TW,"US$2,254,879.72","2,532,000",2633.TW
MLT,Mapletree Logistics Trust,0.0043%,Real Estate,SG,"US$2,244,960.07","2,202,697",MLTH.TA
VSURE,Verisure Group Topholding AB,0.0043%,Industrials,SE,"US$2,248,663.67","117,273",VSURE.ST
GRF,Grifols SA,0.0043%,Health Care,ES,"US$2,243,003.99","183,543",GRF
LTM,Latam Airlines Group SA,0.0043%,Consumer Discretionary,CL,"US$2,237,762.80","93,170,573",LTM
SUF,Sundaram Finance Ltd,0.0043%,Financials,IN,"US$2,233,579.23","42,251",000777.SZ
8354,Fukuoka Financial Group Inc,0.0043%,Financials,JP,"US$2,233,306.63","72,500",8354.T
2333,Great Wall Motor Co Ltd,0.0043%,Consumer Discretionary,HK,"US$2,232,348.18","1,161,000",2333.HK
268,Kingdee International Software Group Co Ltd,0.0043%,Technology,HK,"US$2,230,733.66","1,230,000",268A.T
042700,Hanmi Semiconductor Co Ltd,0.0043%,Technology,KR,"US$2,224,489.04","26,468",042700.KS
MINT,Mapletree Industrial Trust,0.0043%,Real Estate,SG,"US$2,226,150.38","1,399,611",MINT
SBID,State Bank of India,0.0043%,Financials,GB,"US$2,224,657.80","20,261",SBIDL.XC
2501,Sapporo Holdings Ltd,0.0043%,Consumer Staples,JP,"US$2,227,061.20","42,900",2501.HK
A2M,a2 Milk Co Ltd/The,0.0043%,Consumer Staples,AU,"US$2,210,858.87","351,537",A2M.AX
PAYTM,One 97 Communications Ltd,0.0042%,Industrials,IN,"US$2,204,909.99","149,344",PAYTM.NS
BELA,JUMBO SA,0.0042%,Consumer Discretionary,GR,"US$2,201,569.81","69,335",BELA.AT
002460,Ganfeng Lithium Group Co Ltd,0.0042%,Basic Materials,CN,"US$2,196,742.51","248,260",002460.KS
5101,Yokohama Rubber Co Ltd/The,0.0042%,Consumer Discretionary,JP,"US$2,190,667.09","55,200",5101.T
BRPT,Barito Pacific Tbk PT,0.0042%,Basic Materials,ID,"US$2,187,166.34","10,175,211",BRPT.JK
AKE,Arkema SA,0.0042%,Basic Materials,FR,"US$2,183,072.04","35,864",AKBA
SWECB,Sweco AB,0.0042%,Industrials,SE,"US$2,178,376.06","127,773",SWECBS.XC
1326,Formosa Chemicals & Fibre Corp,0.0042%,Basic Materials,TW,"US$2,182,190.09","2,050,540",1326.TW
4527,Rohto Pharmaceutical Co Ltd,0.0042%,Health Care,JP,"US$2,179,424.54","134,400",4527.TWO
FPE3,FUCHS SE,0.0042%,Basic Materials,DE,"US$2,180,655.82","47,787",FPE3D.XC
2376,Gigabyte Technology Co Ltd,0.0042%,Technology,TW,"US$2,180,133.82","281,000",237690.KQ
1208,MMG Ltd,0.0042%,Basic Materials,HK,"US$2,177,658.24","2,453,600",1208.HK
BIG,Big Shopping Centers Ltd,0.0042%,Real Estate,IL,"US$2,169,196.65","9,678",BBAI
2344,Winbond Electronics Corp,0.0042%,Technology,TW,"US$2,166,174.80","1,172,162",2344.T
3436,SUMCO Corp,0.0042%,Technology,JP,"US$2,156,900.61","272,980",3436.T
MER,Manila Electric Co,0.0042%,Utilities,PH,"US$2,158,932.13","214,050",MRK
300502,Eoptolink Technology Inc Ltd,0.0041%,Telecommunications,CN,"US$2,155,007.46","43,800",300502.SZ
CPN/F,Central Pattana PCL,0.0041%,Real Estate,TH,"US$2,155,952.79","1,297,400",0P0001TWEJ.F
5333,NGK Insulators Ltd,0.0041%,Industrials,JP,"US$2,144,162.77","108,600",5333.T
3888,Kingsoft Corp Ltd,0.0041%,Technology,HK,"US$2,143,879.98","582,800",388870.KQ
9009,Keisei Electric Railway Co Ltd,0.0041%,Industrials,JP,"US$2,137,814.80","263,200",9009.HK
600019,Baoshan Iron & Steel Co Ltd,0.0041%,Basic Materials,CN,"US$2,136,760.06","2,083,400",600019.SS
HVN,Harvey Norman Holdings Ltd,0.0041%,Consumer Discretionary,AU,"US$2,131,910.92","468,423",HVN.AX
000776,GF Securities Co Ltd,0.0041%,Financials,CN,"US$2,128,668.61","711,800",000776.SZ
SAPR11,Cia De Sanena Do Parana,0.0041%,Utilities,BR,"US$2,129,653.58","304,500",SAPR11F.SA
RHC,Ramsay Health Care Ltd,0.0041%,Health Care,AU,"US$2,121,060.73","87,865",RHCPA.AX
AVOL,Avolta AG,0.0041%,Consumer Discretionary,CH,"US$2,118,935.87","38,563",DFRYF
005830,DB Insurance Co Ltd,0.0041%,Financials,KR,"US$2,118,358.21","25,023",005830.KS
PHNX,Phoenix Mills Ltd/The,0.0041%,Real Estate,IN,"US$2,115,867.92","108,970",PHNX.L
9513,Electric Power Development Co Ltd,0.0041%,Utilities,JP,"US$2,119,511.05","105,100",9513.SR
8804,Tokyo Tatemono Co Ltd,0.004%,Real Estate,JP,"US$2,095,866.71","94,800",8804.T
6370,Kurita Water Industries Ltd,0.004%,Industrials,JP,"US$2,095,573.21","52,600",6370.T
1402,Far Eastern New Century Corp,0.004%,Industrials,TW,"US$2,097,340.52","2,334,221",WNZ2T2.NZ
AMP,AMP Ltd,0.004%,Financials,AU,"US$2,092,040.82","1,838,651",AMP
3800,GCL Technology Holdings Ltd,0.004%,Energy,HK,"US$2,089,776.00","14,026,000",3800.T
3443,Global Unichip Corp,0.004%,Technology,TW,"US$2,088,258.72","29,000",3443.T
3908,China International Capital Corp Ltd,0.004%,Financials,HK,"US$2,083,612.82","855,600",3908.T
KLK,Kuala Lumpur Kepong Bhd,0.004%,Basic Materials,MY,"US$2,084,767.09","426,500",KLKIM.IS
024110,Industrial Bank of Korea,0.004%,Financials,KR,"US$2,083,603.58","149,112",024110.KS
GMRAIRPO,GMR Airports Infrastructure Ltd,0.004%,Industrials,IN,"US$2,088,352.30","1,724,023",GMRAIRPORT.BO
600460,Hangzhou Silan Microelectronics Co Ltd,0.004%,Technology,CN,"US$2,081,825.02","526,900",600460.SS
QGTS,Qatar Gas Transport Co Ltd,0.004%,Industrials,QA,"US$2,075,289.60","1,674,303",QGTS.QA
601888,China Tourism Group Duty Free Corp Ltd,0.004%,Consumer Discretionary,CN,"US$2,073,845.05","185,498",601888.SS
9023,Tokyo Metro Co Ltd,0.004%,Industrials,JP,"US$2,077,221.72","201,900",9023.T
UOL,UOL Group Ltd,0.004%,Real Estate,SG,"US$2,077,776.32","319,600",U14.SI
BCVN,Banque Cantonale Vaudoise,0.004%,Financials,CH,"US$2,074,518.71","17,102",BCVNZ.XC
5631,Japan Steel Works Ltd/The,0.004%,Industrials,JP,"US$2,071,291.25","35,000",5631.T
EMBASSY,Embassy Office Parks REIT,0.004%,Real Estate,IN,"US$2,070,341.64","433,886",EMBDL.NS
OPCE,OPC Energy Ltd,0.004%,Utilities,IL,"US$2,072,555.05","100,407.89",OPCE.TA
8334,Gunma Bank Ltd/The,0.004%,Financials,JP,"US$2,068,506.57","186,100",8334.T
352820,HYBE Co Ltd,0.004%,Consumer Discretionary,KR,"US$2,066,247.58","10,146",352820.KS
ENLT,Enlight Renewable Energy Ltd,0.004%,Utilities,IL,"US$2,056,993.12","52,196",ENLT
ADANIENS,Adani Energy Solutions Ltd,0.0039%,Utilities,IN,"US$2,051,598.85","184,516",ADANIENSOL.NS
GOTO,GoTo Gojek Tokopedia Tbk PT,0.0039%,Technology,ID,"US$2,050,598.04","533,636,100",300966.SZ
8960,United Urban Investment Corp,0.0039%,Real Estate,JP,"US$2,045,402.11","1,730",8960.T
028300,HLB Inc,0.0039%,Health Care,KR,"US$2,046,678.82","64,178",028300.KQ
2181,Persol Holdings Co Ltd,0.0039%,Industrials,JP,"US$2,045,952.84","1,136,600",218150.KQ
2353,Acer Inc,0.0039%,Technology,TW,"US$2,041,906.71","2,351,752",2353.T
6881,China Galaxy Securities Co Ltd,0.0039%,Financials,HK,"US$2,031,920.47","1,554,000",688173.SS
6448,Brother Industries Ltd,0.0039%,Technology,JP,"US$2,032,601.73","101,500",6448.T
2268,WuXi XDC Cayman Inc,0.0039%,Health Care,HK,"US$2,030,180.72","241,500",2268.T
5929,Sanwa Holdings Corp,0.0039%,Industrials,JP,"US$2,024,751.68","78,500",5929.T
HTO,Hellenic Telecommunications Organization SA,0.0039%,Telecommunications,GR,"US$2,022,793.91","101,868",HTO
SDR,Schroders PLC,0.0039%,Financials,GB,"US$2,024,842.56","393,456",SDRL
CMIG4,Cia Energetica de Minas Gerais,0.0039%,Utilities,BR,"US$2,016,946.59","937,126",CMIG4.SA
601601,China Pacific Insurance Group Co Ltd,0.0039%,Financials,CN,"US$2,018,453.94","410,600",601601.SS
6030,CITIC Securities Co Ltd,0.0039%,Financials,HK,"US$2,014,666.80","586,589",603059.SS
MALLPLAZ,Plaza SA,0.0039%,Real Estate,CL,"US$2,011,164.29","583,797",MALLPLAZA.SN
RAIL3,Rumo SA,0.0039%,Industrials,BR,"US$2,014,992.83","638,962",RAIL3F.SA
JOMAR,Jabal Omar Development Co,0.0039%,Real Estate,SA,"US$2,012,737.42","497,410",4250.SR
SWB,Sunway Bhd,0.0039%,Real Estate,MY,"US$2,006,444.04","1,521,400",SWBI
3092,ZOZO Inc,0.0039%,Consumer Discretionary,JP,"US$2,003,689.84","232,300",3092.TW
1044,Hengan International Group Co Ltd,0.0039%,Consumer Staples,HK,"US$2,002,071.77","555,500",1044.HK
SOIL,Solar Industries India Ltd,0.0038%,Basic Materials,IN,"US$1,995,677.91","13,450",STECH.OL
144,China Merchants Port Holdings Co Ltd,0.0038%,Industrials,HK,"US$1,996,588.57","992,000",1442.HK
9506,Tohoku Electric Power Co Inc,0.0038%,Utilities,JP,"US$1,998,245.43","270,800",9506.T
VESTA*,Corp Inmobiliaria Vesta SAB de CV,0.0038%,Real Estate,MX,"US$1,992,047.48","639,700",VWS.CO
000720,Hyundai Engineering & Construction Co Ltd,0.0038%,Industrials,KR,"US$1,994,123.01","43,771",000720.SZ
VOD,Vodacom Group Ltd,0.0038%,Telecommunications,ZA,"US$1,990,078.79","254,025",VOD
TIMS3,TIM SA/Brazil,0.0038%,Telecommunications,BR,"US$1,990,579.99","419,900",TIMS3.SA
2607,Shanghai Pharmaceuticals Holding Co Ltd,0.0038%,Health Care,HK,"US$1,994,575.76","1,314,900",2607.HK
1878,Daito Trust Construction Co Ltd,0.0038%,Real Estate,JP,"US$1,990,028.84","104,000",187870.KQ
MAP,Mapfre SA,0.0038%,Financials,ES,"US$1,980,530.72","427,920",N2IU.SI
079550,LIG Nex1 Co Ltd,0.0038%,Industrials,KR,"US$1,976,396.15","7,589",079550.KS
2267,Yakult Honsha Co Ltd,0.0038%,Consumer Staples,JP,"US$1,979,131.00","126,368",2267.T
DIE,D'ieteren Group,0.0038%,Consumer Discretionary,BE,"US$1,977,925.33","11,362",DBD
RHBBANK,RHB Bank Bhd,0.0038%,Financials,MY,"US$1,967,626.15","1,169,959",1066.KL
WDP,Warehouses De Pauw CVA,0.0038%,Real Estate,BE,"US$1,966,164.32","75,700",WDP0.DU
BOCHGR,Bank of Cyprus Holdings PLC,0.0038%,Financials,GR,"US$1,953,651.27","210,423",BOCHGR.AT
BBNI,Bank Negara Indonesia Persero Tbk PT,0.0038%,Financials,ID,"US$1,957,246.83","7,652,100",BBNI.JK
GENS,Genting Singapore Ltd,0.0038%,Consumer Discretionary,SG,"US$1,954,646.18","3,331,000",SIGHT.PA
5830,Iyogin Holdings Inc,0.0038%,Financials,JP,"US$1,952,597.89","118,700",5830.T
LATOB,Investment AB Latour,0.0038%,Industrials,SE,"US$1,950,877.89","81,525",LATOBS.XC
000063,ZTE Corp,0.0037%,Telecommunications,CN,"US$1,947,615.55","327,099",000063.SZ
4536,Santen Pharmaceutical Co Ltd,0.0037%,Health Care,JP,"US$1,943,384.81","189,600",4536.T
3036,WT Microelectronics Co Ltd,0.0037%,Technology,TW,"US$1,945,547.24","427,000",3036.T
SEBC,Skandinaviska Enskilda Banken AB,0.0037%,Financials,SE,"US$1,941,516.77","96,991",SEBC
4904,Far EasTone Telecommunications Co Ltd,0.0037%,Telecommunications,TW,"US$1,939,687.75","691,000",4904.TW
011200,HMM Co Ltd,0.0037%,Industrials,KR,"US$1,935,422.12","148,711",011200.KS
FRA,Fraport AG Frankfurt Airport Services Worldwide,0.0037%,Industrials,DE,"US$1,937,006.83","23,069",FRA
LTF,L&T Finance Ltd,0.0037%,Financials,IN,"US$1,936,906.98","554,671",LTF.BO
600000,Shanghai Pudong Development Bank Co Ltd,0.0037%,Financials,CN,"US$1,935,388.38","1,191,739",600000.SS
BHEL,Bharat Heavy Electricals Ltd,0.0037%,Industrials,IN,"US$1,929,906.28","593,520",BHEL.BO
LODHA,Lodha Developers Ltd,0.0037%,Real Estate,IN,"US$1,925,910.62","150,033",LODHA.NS
6417,Sankyo Co Ltd,0.0037%,Consumer Discretionary,JP,"US$1,920,229.41","110,900",SOK.F
3197,Skylark Holdings Co Ltd,0.0037%,Consumer Discretionary,JP,"US$1,916,792.05","80,842",3197.T
7747,Asahi Intecc Co Ltd,0.0037%,Health Care,JP,"US$1,911,967.50","101,952",7747.T
ZAIN,Mobile Telecommunications Co KSCP,0.0037%,Telecommunications,KW,"US$1,912,444.63","1,128,894",ZAIN.KW
1997,Wharf Real Estate Investment Co Ltd,0.0037%,Real Estate,HK,"US$1,911,652.28","606,000",1997.HK
SONACOMS,Sona Blw Precision Forgings Ltd,0.0037%,Consumer Discretionary,IN,"US$1,909,432.95","333,745",SONACOMS.NS
4506,Sumitomo Pharma Co Ltd,0.0037%,Health Care,JP,"US$1,908,638.26","109,100",4506.T
603259,WuXi AppTec Co Ltd,0.0037%,Health Care,CN,"US$1,904,219.08","147,613",603259.SS
021240,Coway Co Ltd,0.0037%,Consumer Discretionary,KR,"US$1,899,350.63","32,480",021240.KS
2618,Eva Airways Corp,0.0036%,Consumer Discretionary,TW,"US$1,892,140.93","1,741,491",2618.HK
1038,CK Infrastructure Holdings Ltd,0.0036%,Utilities,HK,"US$1,886,527.69","272,500",1038.HK
2359,WuXi AppTec Co Ltd,0.0036%,Health Care,HK,"US$1,890,220.92","145,420",235980.KQ
UNBK,Union Bank of India Ltd,0.0036%,Financials,IN,"US$1,885,748.34","1,100,512",UNBK
360ONE,360 ONE WAM Ltd,0.0036%,Financials,IN,"US$1,885,712.39","142,556",GOLD360.NS
OUT,OUTsurance Group Ltd,0.0036%,Financials,ZA,"US$1,876,242.01","443,246",OUT
EDPR,EDP Renovaveis SA,0.0036%,Utilities,PT,"US$1,873,634.72","140,753",EDPRU.XD
TIINDIA,Tube Investments of India Ltd,0.0036%,Basic Materials,IN,"US$1,872,526.32","60,154",TIINDIA.NS
BEN,Bendigo & Adelaide Bank Ltd,0.0036%,Financials,AU,"US$1,867,684.65","278,120",BEN
3283,Nippon Prologis REIT Inc,0.0036%,Real Estate,JP,"US$1,866,321.69","3,095",3283.T
5871,Chailease Holding Co Ltd,0.0036%,Financials,TW,"US$1,869,303.14","569,593",5871.T
1102,Asia Cement Corp,0.0036%,Industrials,TW,"US$1,867,970.58","1,510,986",1102P.PA
FUNO11,Fibra Uno Administracion SA de CV,0.0036%,Real Estate,MX,"US$1,865,659.07","1,284,200",FUNO11.MX
086280,Hyundai Glovis Co Ltd,0.0036%,Industrials,KR,"US$1,861,929.35","16,656",086280.KS
3481,Innolux Corp,0.0036%,Technology,TW,"US$1,863,282.37","4,315,802",348150.KQ
IP,Interpump Group SpA,0.0036%,Industrials,IT,"US$1,855,625.41","36,505",IP
MANKIND,Mankind Pharma Ltd,0.0036%,Health Care,IN,"US$1,855,635.84","73,737",MANKIND.BO
6965,Hamamatsu Photonics KK,0.0036%,Technology,JP,"US$1,845,386.09","181,400",6965.TW
600999,China Merchants Securities Co Ltd,0.0036%,Financials,CN,"US$1,847,242.38","801,600",600999.SS
489,Dongfeng Motor Group Co Ltd,0.0036%,Consumer Discretionary,HK,"US$1,845,766.54","1,562,000",489250.KS
257,China Everbright Environment Group Ltd,0.0035%,Utilities,HK,"US$1,842,016.84","2,856,814",2573.T
WAAREEEN,WAAREE Energies Ltd,0.0035%,Energy,IN,"US$1,841,874.81","51,931",WAAREEENER.BO
9072,Nikkon Holdings Co Ltd,0.0035%,Industrials,JP,"US$1,840,800.38","77,700",9072.T
RY,Royal Bank of Canada,0.0035%,Financials,US,"US$1,840,913.23","11,947",RY
9041,Kintetsu Group Holdings Co Ltd,0.0035%,Industrials,JP,"US$1,830,169.18","96,600",9041.T
IIB,IndusInd Bank Ltd,0.0035%,Financials,IN,"US$1,827,231.67","190,369",0P0001JDMB.MX
MRF,MRF Ltd,0.0035%,Consumer Discretionary,IN,"US$1,814,777.38","1,065",MRF.JO
7649,Sugi Holdings Co Ltd,0.0035%,Consumer Staples,JP,"US$1,809,340.60","76,600",7649.T
ADANIGR,Adani Green Energy Ltd,0.0035%,Utilities,IN,"US$1,799,497.40","153,559",ADANIGREEN.NS
EMAARDEV,Emaar Development PJSC,0.0035%,Real Estate,AE,"US$1,795,590.48","448,635",EMAARDEV.AE
AC,Ayala Corp,0.0035%,Real Estate,PH,"US$1,796,730.33","221,830",XCBEU
4042,Tosoh Corp,0.0035%,Basic Materials,JP,"US$1,796,994.23","119,100",4042.T
DOW,Downer EDI Ltd,0.0035%,Industrials,AU,"US$1,793,483.90","345,740",DOW
601857,PetroChina Co Ltd,0.0035%,Energy,CN,"US$1,795,121.62","1,301,500",601857.SS
135,Kunlun Energy Co Ltd,0.0034%,Energy,HK,"US$1,788,406.80","1,874,000",135A.T
3249,Industrial & Infrastructure Fund Investment Corp,0.0034%,Real Estate,JP,"US$1,783,143.86","1,844",3249.T
CVC,CVC Capital Partners PLC,0.0034%,Financials,NL,"US$1,778,619.16","107,624",CVCO
1209,China Resources Mixc Lifestyle Services Ltd,0.0034%,Real Estate,HK,"US$1,777,217.43","312,200",1209.HK
4980,Dexerials Corp,0.0034%,Technology,JP,"US$1,781,756.81","93,100",4980.TWO
5838,Rakuten Bank Ltd,0.0034%,Financials,JP,"US$1,776,410.12","37,400",5838.T
PI,PI Industries Ltd,0.0034%,Basic Materials,IN,"US$1,774,910.18","46,755",PI
ENELCHIL,Enel Chile SA,0.0034%,Utilities,CL,"US$1,767,906.26","22,688,456",ENELCHILE.SN
TTKOM,Turk Telekomunikasyon AS,0.0034%,Telecommunications,TR,"US$1,769,355.99","1,348,281",TTKOM.IS
9698,GDS Holdings Ltd,0.0034%,Technology,HK,"US$1,767,038.22","413,385",9698.T
1969,Takasago Thermal Engineering Co Ltd,0.0034%,Industrials,JP,"US$1,758,005.77","60,400",1969.HK
PPC,Public Power Corp SA,0.0034%,Utilities,GR,"US$1,754,881.78","86,903",PPC
QIIK,Qatar International Islamic Bank QSC,0.0034%,Financials,QA,"US$1,749,241.40","576,379",QIIK.QA
LREN3,Lojas Renner SA,0.0034%,Consumer Discretionary,BR,"US$1,747,232.46","592,750",LREN3.SA
2809,Kewpie Corp,0.0034%,Consumer Staples,JP,"US$1,744,498.56","61,800",2809.T
142,First Pacific Co Ltd,0.0034%,Consumer Staples,HK,"US$1,742,172.09","2,166,750",142280.KQ
3405,Kuraray Co Ltd,0.0034%,Basic Materials,JP,"US$1,744,179.43","177,200",340570.KQ
4021,Nissan Chemical Corp,0.0033%,Basic Materials,JP,"US$1,735,422.62","51,300",4021.T
1972,Swire Properties Ltd,0.0033%,Real Estate,HK,"US$1,739,395.81","634,000",1972.T
1605,Walsin Lihwa Corp,0.0033%,Industrials,TW,"US$1,735,083.13","1,845,952",160550.KQ
425,Minth Group Ltd,0.0033%,Consumer Discretionary,HK,"US$1,731,381.01","396,000",425420.KQ
OMU,Old Mutual Ltd,0.0033%,Financials,ZA,"US$1,731,798.77","2,138,528",OMU.JO
MISC,MISC Bhd,0.0033%,Industrials,MY,"US$1,732,722.83","953,459",3816.KL
AUBANK,AU Small Finance Bank Ltd,0.0033%,Financials,IN,"US$1,728,030.94","161,809",AUBANK.BO
6818,China Everbright Bank Co Ltd,0.0033%,Financials,HK,"US$1,727,805.18","3,540,000",6818.TWO
TEVA,Teva Pharmaceutical Industries Ltd,0.0033%,Health Care,US,"US$1,725,988.43","64,187",TEVA
5347,Vanguard International Semiconductor Corp,0.0033%,Technology,TW,"US$1,724,880.69","598,181",5347.KL
6406,Fujitec Co Ltd,0.0033%,Industrials,JP,"US$1,723,775.07","47,300",6406.T
2474,Catcher Technology Co Ltd,0.0033%,Technology,TW,"US$1,716,361.32","268,000",2474.TW
4186,Tokyo Ohka Kogyo Co Ltd,0.0033%,Basic Materials,JP,"US$1,716,674.78","44,700",418660.KS
SKBN,Shikun & Binui Ltd,0.0033%,Industrials,IL,"US$1,715,650.15","303,888.5",SKBNF
2282,NH Foods Ltd,0.0033%,Consumer Staples,JP,"US$1,708,244.79","38,600",2282.T
BUPA,Bupa Arabia for Cooperative Insurance Co,0.0033%,Financials,SA,"US$1,706,656.89","43,554",NIVABUPA.BO
PEPL,Prestige Estates Projects Ltd,0.0033%,Real Estate,IN,"US$1,707,949.79","91,082",PEPLO-USD
LUNDB,L E Lundbergforetagen AB,0.0033%,Financials,SE,"US$1,702,757.60","31,992",LU3B.F
2587,Suntory Beverage & Food Ltd,0.0033%,Consumer Staples,JP,"US$1,700,911.25","53,600",2587.T
1944,Kinden Corp,0.0033%,Industrials,JP,"US$1,703,582.19","41,000",194480.KQ
1913,PRADA SpA,0.0033%,Consumer Discretionary,HK,"US$1,700,419.24","287,300",1913.HK
SBICARD,SBI Cards & Payment Services Ltd,0.0033%,Financials,IN,"US$1,698,210.55","172,585",SBICARD.NS
SAHOL,Haci Omer Sabanci Holding AS,0.0033%,Financials,TR,"US$1,694,603.68","879,011",SAHOL.IS
9904,Pou Chen Corp,0.0033%,Consumer Discretionary,TW,"US$1,691,604.27","1,735,000",9904.T
4768,Otsuka Corp,0.0033%,Technology,JP,"US$1,691,371.36","85,500",4768.T
NYKAA,FSN E-Commerce Ventures Ltd,0.0032%,Consumer Discretionary,IN,"US$1,687,632.42","564,717",NYKAA.NS
3288,Open House Group Co Ltd,0.0032%,Real Estate,JP,"US$1,687,239.99","28,700",3288.HK
6990,Sichuan Kelun-Biotech Biopharmaceutical Co Ltd,0.0032%,Health Care,HK,"US$1,682,423.96","28,700",6990.TWO
6465,Hoshizaki Corp,0.0032%,Industrials,JP,"US$1,678,429.99","49,700",6465.T
YANSAB,Yanbu National Petrochemical Co,0.0032%,Basic Materials,SA,"US$1,676,333.21","206,457",2290.SR
SAE,Shufersal Ltd,0.0032%,Consumer Staples,IL,"US$1,676,175.82","139,922",SAENF
4626,Taiyo Holdings Co Ltd,0.0032%,Basic Materials,JP,"US$1,672,284.52","56,000",4626.T
ANN,Ansell Ltd,0.0032%,Health Care,AU,"US$1,661,001.50","67,559",NLY
6770,Alps Alpine Co Ltd,0.0032%,Technology,JP,"US$1,660,458.19","127,800",6770.TW
4183,Mitsui Chemicals Inc,0.0032%,Basic Materials,JP,"US$1,659,652.68","65,800",4183.T
TWE,Treasury Wine Estates Ltd,0.0032%,Consumer Staples,AU,"US$1,660,979.54","435,181",XXI
CNA,CNA Financial Corp,0.0032%,Financials,US,"US$1,656,960.25","35,443",CNA
1951,EXEO Group Inc,0.0032%,Industrials,JP,"US$1,654,794.62","105,100",1951.T
MGDL,Migdal Insurance & Financial Holdings Ltd,0.0032%,Financials,IL,"US$1,653,154.44","407,728",MGDL.TA
7313,TS Tech Co Ltd,0.0032%,Consumer Discretionary,JP,"US$1,653,834.35","143,100",7313.T
4151,Kyowa Kirin Co Ltd,0.0032%,Health Care,JP,"US$1,648,592.76","97,800",4151.T
CHOLAHLD,Cholamandalam Financial Holdings Ltd,0.0032%,Financials,IN,"US$1,645,279.53","79,713",CHOLAHLDNG.BO
600690,Haier Smart Home Co Ltd,0.0032%,Consumer Discretionary,CN,"US$1,644,511.56","421,500",600690.SS
AXIA6,Axia Energia,0.0032%,Utilities,BR,"US$1,639,620.64","130,700",AXIA6.SA
KDCREIT,Keppel DC REIT,0.0032%,Real Estate,SG,"US$1,639,364.27","919,144",AJBU.SI
000166,Shenwan Hongyuan Group Co Ltd,0.0031%,Financials,CN,"US$1,635,495.37","2,244,900",000166.SZ
016360,Samsung Securities Co Ltd,0.0031%,Financials,KR,"US$1,635,154.25","30,517",016360.KS
9064,Yamato Holdings Co Ltd,0.0031%,Industrials,JP,"US$1,633,599.49","113,400",9064.T
2600,Aluminum Corp of China Ltd,0.0031%,Basic Materials,HK,"US$1,630,304.67","1,210,000",2600.HK
600989,Ningxia Baofeng Energy Group Co Ltd,0.0031%,Basic Materials,CN,"US$1,624,302.05","637,895",600989.SS
ISDMR,Iskenderun Demir ve Celik AS,0.0031%,Basic Materials,TR,"US$1,623,606.14","1,958,400",ISDMR.IS
3769,GMO Payment Gateway Inc,0.0031%,Industrials,JP,"US$1,621,133.48","25,197",376900.KQ
4631,DIC Corp,0.0031%,Basic Materials,JP,"US$1,625,675.10","65,400",4631.T
TITR,Telecom Italia SpA/Milano,0.0031%,Telecommunications,IT,"US$1,625,635.21","2,543,111",TITRM.XC
AMUN,Amundi SA,0.0031%,Financials,FR,"US$1,623,820.64","20,278",AMUN
ITCHOTEL,New Issuer: BB Company ID:183206,0.0031%,Consumer Discretionary,IN,"US$1,623,876.04","695,983",ITCHOTELS.NS
HOLMB,Holmen AB,0.0031%,Basic Materials,SE,"US$1,618,962.00","44,183",HOLMBS.XC
6674,GS Yuasa Corp,0.0031%,Consumer Discretionary,JP,"US$1,614,317.21","60,600",6674.TW
780,Tongcheng Travel Holdings Ltd,0.0031%,Consumer Discretionary,HK,"US$1,614,944.51","573,600",7801.TWO
168,Tsingtao Brewery Co Ltd,0.0031%,Consumer Staples,HK,"US$1,613,840.91","238,873",168360.KQ
AGL,AGL Energy Ltd,0.0031%,Utilities,AU,"US$1,608,958.06","261,003",AGL
SRCM,Shree Cement Ltd,0.0031%,Industrials,IN,"US$1,609,426.76","5,453",SRCMX
EDV,Endeavour Group Ltd/Australia,0.0031%,Consumer Staples,AU,"US$1,600,910.22","659,772",EDV
MBK,mBank SA,0.0031%,Financials,PL,"US$1,603,964.94","5,699",MBK.AX
1910,Samsonite International SA,0.0031%,Consumer Discretionary,HK,"US$1,598,387.54","647,135",OCA010.NZ
1929,Chow Tai Fook Jewellery Group Ltd,0.0031%,Consumer Discretionary,HK,"US$1,595,445.44","910,000",1929.T
MMHD,Menora Mivtachim Holdings Ltd,0.0031%,Financials,IL,"US$1,595,319.91","14,407",MMHD.TA
GPL,Godrej Properties Ltd,0.0031%,Real Estate,IN,"US$1,596,597.17","67,536",GPL.JO
2912,President Chain Store Corp,0.0031%,Consumer Staples,TW,"US$1,594,886.09","209,000",291230.KQ
3086,J Front Retailing Co Ltd,0.0031%,Consumer Discretionary,JP,"US$1,587,053.19","109,900",3086.HK
002371,NAURA Technology Group Co Ltd,0.0031%,Technology,CN,"US$1,585,341.67","26,190",002371.SZ
601985,China National Nuclear Power Co Ltd,0.0031%,Utilities,CN,"US$1,586,471.12","1,299,500",601985.SS
REY,Reply SpA,0.0031%,Technology,IT,"US$1,587,742.39","11,938",REY.MI
1504,Teco Electric and Machinery Co Ltd,0.003%,Industrials,TW,"US$1,576,001.27","564,000",1504.TW
688271,Shanghai United Imaging Healthcare Co Ltd,0.003%,Health Care,CN,"US$1,573,901.22","83,590",688271.SS
600320,Shanghai Zhenhua Heavy Industries Co Ltd,0.003%,Industrials,CN,"US$1,575,813.10","2,453,600",600320.SS
601375,Central China Securities Co Ltd,0.003%,Financials,CN,"US$1,572,694.67","2,597,500",601375.SS
TPW,Torrent Power Ltd,0.003%,Utilities,IN,"US$1,570,037.42","106,836",TPW.DU
GCARSOA1,Grupo Carso SAB de CV,0.003%,Industrials,MX,"US$1,564,289.79","229,600",GCARSOA1.MX
MARK,Masraf Al Rayan QSC,0.003%,Financials,QA,"US$1,566,463.56","2,615,082",MARK
5444,Yamato Kogyo Co Ltd,0.003%,Basic Materials,JP,"US$1,566,248.00","23,400",5444.T
NTGY,Naturgy Energy Group SA,0.003%,Utilities,ES,"US$1,562,403.50","50,764",NTGYE.XC
UI,Ubiquiti Inc,0.003%,Telecommunications,US,"US$1,562,098.11","2,679",UI
9899,Cloud Music Inc,0.003%,Consumer Discretionary,HK,"US$1,559,625.46","62,850",9899.HK
1942,Kandenko Co Ltd,0.003%,Industrials,JP,"US$1,556,852.29","49,100",1942.HK
JKCE,JK Cement Ltd,0.003%,Industrials,IN,"US$1,552,868.82","24,123",JKCEMENT.BO
8955,Japan Prime Realty Investment Corp,0.003%,Real Estate,JP,"US$1,551,755.21","2,278",8955.T
PAG,Page Industries Ltd,0.003%,Consumer Discretionary,IN,"US$1,544,409.85","3,605",PAG
STM,Seatrium Ltd,0.003%,Industrials,SG,"US$1,547,566.73","932,247",STM
YKBNK,Yapi ve Kredi Bankasi AS,0.003%,Financials,TR,"US$1,537,786.24","1,850,680",YKBNK.IS
ASAI3,Sendas Distribuidora S/A,0.0029%,Consumer Staples,BR,"US$1,527,768.87","863,828",ASAI3.SA
300476,Victory Giant Technology Huizhou Co Ltd,0.0029%,Technology,CN,"US$1,531,769.22","40,000",300476.SZ
ABB,ABB India Ltd,0.0029%,Industrials,IN,"US$1,526,219.29","26,380",ABBV
VMM,Vishal Mega Mart Ltd,0.0029%,Consumer Discretionary,IN,"US$1,526,370.90","1,005,376",VMM.AX
002916,Shennan Circuits Co Ltd,0.0029%,Technology,CN,"US$1,521,477.73","55,000",002916.SZ
GNP,Glenmark Pharmaceuticals Ltd,0.0029%,Health Care,IN,"US$1,517,621.51","69,750",GNPX
CDB,CELCOMDIGI BHD,0.0029%,Telecommunications,MY,"US$1,518,840.41","1,913,600",159650.SZ
CENOMICE,Arabian Centres Co,0.0029%,Real Estate,SA,"US$1,513,438.92","284,591",4321.SR
LTM,Latam Airlines Group SA,0.0029%,Consumer Discretionary,US,"US$1,510,756.52","31,324",LTM
HIK,Hikma Pharmaceuticals PLC,0.0029%,Health Care,GB,"US$1,508,439.41","73,259",3948.T
6526,Socionext Inc,0.0029%,Technology,JP,"US$1,506,347.97","105,600",6526.TW
NXSN,Next Vision Stabilized Systems Ltd,0.0029%,Industrials,IL,"US$1,505,287.20","34,855",NXSNF
960,Longfor Group Holdings Ltd,0.0029%,Real Estate,HK,"US$1,501,895.81","1,203,000",9600.T
AIRARABI,Air Arabia PJSC,0.0029%,Consumer Discretionary,AE,"US$1,502,957.62","1,283,753",AIRARABIA.AE
BLSTR,Blue Star Ltd,0.0029%,Industrials,IN,"US$1,502,753.64","76,140",BLUESTARCO.BO
SALIK,Salik Co PJSC,0.0029%,Industrials,AE,"US$1,499,879.65","959,727",SALIK.AE
WARBABAN,Warba Bank KSCP,0.0029%,Financials,KW,"US$1,497,488.18","1,579,567",WARBABANK.KW
6936,SF Holding Co Ltd,0.0029%,Industrials,HK,"US$1,498,186.40","326,000",6936.TW
WHC,Whitehaven Coal Ltd,0.0029%,Energy,AU,"US$1,495,631.39","329,094",WHC.AX
2395,Advantech Co Ltd,0.0029%,Technology,TW,"US$1,495,480.26","162,971",2395.T
097955,CJ CheilJedang Corp,0.0029%,Consumer Staples,KR,"US$1,492,534.05","15,952",097955.KS
BIOS,Biocon Ltd,0.0029%,Health Care,IN,"US$1,485,225.69","333,500",PACB
SIEM,Siemens Ltd,0.0029%,Industrials,IN,"US$1,484,299.65","40,269",SHL.DE
AYV,Ayvens SA,0.0028%,Consumer Discretionary,FR,"US$1,478,337.46","114,759",3AL.F
3064,MonotaRO Co Ltd,0.0028%,Consumer Discretionary,JP,"US$1,476,425.83","100,500",3064.T
5332,TOTO Ltd,0.0028%,Industrials,JP,"US$1,473,432.87","56,300",5332.KL
TCELL,Turkcell Iletisim Hizmetleri AS,0.0028%,Telecommunications,TR,"US$1,468,943.65","667,070",TCELL.IS
9896,MINISO Group Holding Ltd,0.0028%,Consumer Discretionary,HK,"US$1,462,101.51","292,932",9896.T
8954,Orix JREIT Inc,0.0028%,Real Estate,JP,"US$1,461,849.41","2,128",8954.T
5406,Kobe Steel Ltd,0.0028%,Basic Materials,JP,"US$1,462,654.60","116,900",5406.T
8984,Daiwa House REIT Investment Corp,0.0028%,Real Estate,JP,"US$1,463,638.58","1,613",8984.T
2409,AUO Corp,0.0028%,Technology,TW,"US$1,454,980.40","3,936,600",2409.HK
KLBN11,Klabin SA,0.0028%,Basic Materials,BR,"US$1,449,891.08","436,700",KLBN11.SA
6969,Smoore International Holdings Ltd,0.0028%,Consumer Staples,HK,"US$1,452,039.66","850,000",6969.HK
LEN/B,Lennar Corp,0.0028%,Consumer Discretionary,US,"US$1,439,699.91","11,649",LEN
670,China Eastern Airlines Corp Ltd,0.0028%,Consumer Discretionary,HK,"US$1,438,501.85","2,440,000",6704.TWO
6471,NSK Ltd,0.0028%,Consumer Discretionary,JP,"US$1,440,169.69","244,600",6471.T
7731,Nikon Corp,0.0028%,Consumer Discretionary,JP,"US$1,442,421.66","124,600",7731.TWO
6409,Voltronic Power Technology Corp,0.0028%,Industrials,TW,"US$1,441,452.92","39,000",6409.TW
AZJ,Aurizon Holdings Ltd,0.0027%,Industrials,AU,"US$1,428,243.31","608,342",AZJ.AX
272210,Hanwha Systems Co Ltd,0.0027%,Industrials,KR,"US$1,432,729.34","45,607",272210.KS
914,Anhui Conch Cement Co Ltd,0.0027%,Industrials,HK,"US$1,431,863.95","476,000",9147.T
3808,Sinotruk Hong Kong Ltd,0.0027%,Industrials,HK,"US$1,430,228.88","411,500",3808.HK
MBRF3,MBRF Global Foods Company SA,0.0027%,Consumer Staples,BR,"US$1,423,807.60","393,569",MBRF3.SA
3038,Kobe Bussan Co Ltd,0.0027%,Consumer Staples,JP,"US$1,423,974.37","58,600",303810.KQ
000815,Samsung Fire & Marine Insurance Co Ltd,0.0027%,Financials,KR,"US$1,425,002.55","5,664",000815.SZ
4403,NOF Corp,0.0027%,Basic Materials,JP,"US$1,425,593.08","70,200",4403.T
1548,Genscript Biotech Corp,0.0027%,Health Care,HK,"US$1,424,815.04","744,000",1548.HK
002463,WUS Printed Circuit Kunshan Co Ltd,0.0027%,Technology,CN,"US$1,427,522.48","145,300",002463.SZ
UTG,UNITE Group PLC/The,0.0027%,Real Estate,GB,"US$1,423,385.14","203,457",UTG
APR,Apar Industries Ltd,0.0027%,Industrials,IN,"US$1,427,160.64","13,937",APR.WA
2845,Far Eastern International Bank,0.0027%,Financials,TW,"US$1,420,548.93","3,538,407",2845.HK
6302,Sumitomo Heavy Industries Ltd,0.0027%,Industrials,JP,"US$1,418,212.11","52,000",6302.T
MINT/F,Minor International PCL,0.0027%,Consumer Discretionary,TH,"US$1,419,697.34","2,077,598",8MI.BE
,Engie SA,0.0027%,Utilities,FR,"US$1,416,639.49","55,738",ENGI.PA
IOI,IOI Corp Bhd,0.0027%,Consumer Staples,MY,"US$1,417,379.31","1,468,000",5249.KL
TTB/F,TMBThanachart Bank PCL,0.0027%,Financials,TH,"US$1,414,465.50","23,595,190",0P0001KAUX.SA
CBK,Canara Bank,0.0027%,Financials,IN,"US$1,409,479.21","831,735",CBK
BBDC3,Banco Bradesco SA,0.0027%,Financials,BR,"US$1,402,736.31","447,736",BBDC3.SA
600111,China Northern Rare Earth Group High-Tech Co Ltd,0.0027%,Basic Materials,CN,"US$1,402,400.64","220,300",600111.SS
PEP,PPB Group Bhd,0.0027%,Consumer Staples,MY,"US$1,403,144.83","527,136",PEP
8253,Credit Saison Co Ltd,0.0027%,Industrials,JP,"US$1,404,207.63","55,800",8253.T
522,ASMPT Ltd,0.0027%,Technology,HK,"US$1,401,652.01","144,923",5223.TWO
PIRC,Pirelli & C SpA,0.0027%,Consumer Discretionary,IT,"US$1,392,917.96","200,371",PIRCM.XC
AMV0,Aumovio SE,0.0027%,Consumer Discretionary,DE,"US$1,386,631.50","32,205",AMV0.DE
136,China Ruyi Holdings Ltd,0.0027%,Consumer Discretionary,HK,"US$1,390,614.15","4,437,199",136410.KQ
ALX,Atlas Arteria Ltd,0.0027%,Industrials,AU,"US$1,383,500.18","423,622",ALX
IFL,Insignia Financial Ltd,0.0027%,Financials,AU,"US$1,383,489.42","463,653",IFL.XA
4958,Zhen Ding Technology Holding Ltd,0.0027%,Technology,TW,"US$1,376,883.86","297,000",4958.TW
3533,Lotes Co Ltd,0.0027%,Technology,TW,"US$1,377,409.59","33,000",3533.TW
8439,Tokyo Century Corp,0.0027%,Consumer Discretionary,JP,"US$1,381,140.98","109,100",8439.HK
CPLE5,Cia Paranaense de Energia - Copel,0.0026%,Utilities,BR,"US$1,375,861.84","512,300",CPLE5F.SA
3702,WPG Holdings Ltd,0.0026%,Technology,TW,"US$1,373,181.46","631,000",3702.TW
5901,Toyo Seikan Group Holdings Ltd,0.0026%,Industrials,JP,"US$1,374,943.93","57,600",5901.T
2579,Coca-Cola Bottlers Japan Holdings Inc,0.0026%,Consumer Staples,JP,"US$1,371,335.47","74,150",2579.HK
006405,Samsung SDI Co Ltd,0.0026%,Industrials,KR,"US$1,373,025.53","11,376",006405.KS
T,Telekom Malaysia Bhd,0.0026%,Telecommunications,MY,"US$1,370,102.78","763,066",T
SPK,Spark New Zealand Ltd,0.0026%,Telecommunications,NZ,"US$1,369,277.99","1,055,440",SPK.NZ
3998,Bosideng International Holdings Ltd,0.0026%,Consumer Discretionary,HK,"US$1,365,885.74","2,144,000",399812.SS
600031,Sany Heavy Industry Co Ltd,0.0026%,Industrials,CN,"US$1,369,144.78","476,300",600031.SS
GENTERA*,Gentera SAB de CV,0.0026%,Financials,MX,"US$1,367,081.62","581,200",CMPRF
600623,Shanghai Huayi Group Co Ltd,0.0026%,Consumer Discretionary,CN,"US$1,370,554.33","1,242,100",600623.SS
161390,Hankook Tire & Technology Co Ltd,0.0026%,Consumer Discretionary,KR,"US$1,367,498.39","32,701",161390.KS
MCY,Mercury NZ Ltd,0.0026%,Utilities,NZ,"US$1,362,347.42","373,148",MCY
FBU,Fletcher Building Ltd,0.0026%,Industrials,NZ,"US$1,362,841.14","708,681",FBUG.DE
ENRIN,Siemens Energy India Ltd,0.0026%,Industrials,IN,"US$1,365,324.46","38,652",ENRIN.NS
2610,China Airlines Ltd,0.0026%,Consumer Discretionary,TW,"US$1,363,606.82","2,229,000",2610.HK
600585,Anhui Conch Cement Co Ltd,0.0026%,Industrials,CN,"US$1,356,980.88","419,800",600585.SS
3269,Advance Residence Investment Corp,0.0026%,Real Estate,JP,"US$1,350,818.33","1,232",3269.T
916,China Longyuan Power Group Corp Ltd,0.0026%,Utilities,HK,"US$1,352,918.21","1,531,000",9162.T
SECO,Saudi Electricity Co,0.0026%,Utilities,SA,"US$1,345,077.23","357,618",OSBC
ARBP,Aurobindo Pharma Ltd,0.0026%,Health Care,IN,"US$1,342,043.19","97,858",AUROPHARMA.BO
TADAWULG,Saudi Tadawul Group Holding Co,0.0026%,Financials,SA,"US$1,341,696.57","29,889",1111.SR
13,HUTCHMED China Ltd,0.0026%,Health Care,HK,"US$1,339,745.17","464,000",1398.HK
390,China Railway Group Ltd,0.0026%,Industrials,HK,"US$1,344,414.05","2,677,000",3902.T
SNP,OMV Petrom SA,0.0026%,Energy,RO,"US$1,338,689.35","6,404,030",SNPS
3350,Red Planet Japan Inc,0.0026%,Financials,JP,"US$1,337,263.70","521,700",3350.F
ALARKAN,Dar Al Arkan Real Estate Development Co,0.0026%,Real Estate,SA,"US$1,331,248.28","318,502",4300.SR
7951,Yamaha Corp,0.0026%,Consumer Discretionary,JP,"US$1,333,574.50","192,600",7951.T
6856,Horiba Ltd,0.0026%,Industrials,JP,"US$1,333,880.17","14,400",6856.TWO
ALKEM,Alkem Laboratories Ltd,0.0026%,Health Care,IN,"US$1,331,388.58","20,948",ALK.L
1099,Sinopharm Group Co Ltd,0.0026%,Consumer Staples,HK,"US$1,333,580.46","518,100",1099.HK
COV,Covivio SA/France,0.0026%,Real Estate,FR,"US$1,329,763.62","20,571",QYLD
H2O,Societatea De Producere A Energiei Electrice in Hidrocentrale Hidroelectrica SA,0.0026%,Utilities,RO,"US$1,326,493.42","47,502",H2O.DE
APAT,APL Apollo Tubes Ltd,0.0026%,Basic Materials,IN,"US$1,325,636.59","68,983",APT.WA
6181,Laopu Gold Co Ltd,0.0025%,Consumer Discretionary,HK,"US$1,321,574.45","15,300",6181.KL
8252,Marui Group Co Ltd,0.0025%,Financials,JP,"US$1,317,593.08","64,800",8252.T
600309,Wanhua Chemical Group Co Ltd,0.0025%,Basic Materials,CN,"US$1,315,063.76","138,500",600309.SS
MFT,Mainfreight Ltd,0.0025%,Industrials,NZ,"US$1,313,479.42","34,049",MFT.MI
AAF,Airtel Africa PLC,0.0025%,Telecommunications,GB,"US$1,313,472.09","318,951",AAF.L
006260,LS Corp,0.0025%,Industrials,KR,"US$1,312,934.89","10,793",006260.KS
PNB,Punjab National Bank,0.0025%,Financials,IN,"US$1,309,489.88","940,808",PNBI
6368,Organo Corp,0.0025%,Industrials,JP,"US$1,308,907.40","15,300",6368.T
CRIN,Coromandel International Ltd,0.0025%,Basic Materials,IN,"US$1,311,270.18","49,238",CRNX
JD/,JD Sports Fashion PLC,0.0025%,Consumer Discretionary,GB,"US$1,305,614.43","1,275,394",JD
KEII,KEI Industries Ltd,0.0025%,Industrials,IN,"US$1,307,580.57","28,213",KEI.NS
285,BYD Electronic International Co Ltd,0.0025%,Telecommunications,HK,"US$1,307,557.54","307,000",285A.T
1882,Haitian International Holdings Ltd,0.0025%,Industrials,HK,"US$1,303,213.63","465,000",1882.T
BOQ,Bank of Queensland Ltd,0.0025%,Financials,AU,"US$1,303,676.84","308,683",605376.SS
QNNS,Qatar Navigation QSC,0.0025%,Industrials,QA,"US$1,301,338.54","427,633",QNNS.QA
9007,Odakyu Electric Railway Co Ltd,0.0025%,Consumer Discretionary,JP,"US$1,302,887.22","114,900",9007.T
003490,Korean Air Lines Co Ltd,0.0025%,Consumer Discretionary,KR,"US$1,298,876.38","87,423",003490.KS
8233,Takashimaya Co Ltd,0.0025%,Consumer Discretionary,JP,"US$1,301,280.36","120,800",8233.T
5233,Taiheiyo Cement Corp,0.0025%,Industrials,JP,"US$1,299,016.34","53,500",5233.T
5711,Mitsubishi Materials Corp,0.0025%,Industrials,JP,"US$1,300,152.52","64,800",5711.F
3226,Mitsui Fudosan Accommodations Fund Inc,0.0025%,Real Estate,JP,"US$1,303,024.67","1,530",3226.TWO
148,Kingboard Holdings Ltd,0.0025%,Basic Materials,HK,"US$1,293,370.84","386,700",1489.T
6415,Silergy Corp,0.0025%,Technology,TW,"US$1,296,447.35","198,000",6415.TW
MF,Wendel SE,0.0025%,Financials,FR,"US$1,289,239.65","13,817",MFC
7867,Tomy Co Ltd,0.0025%,Consumer Discretionary,JP,"US$1,290,755.53","69,600",7867.T
000001,Ping An Bank Co Ltd,0.0025%,Financials,CN,"US$1,286,960.11","783,588",000001.SZ
MEGACPO,Megacable Holdings SAB de CV,0.0025%,Telecommunications,MX,"US$1,285,707.64","453,400",MEGACPO.MX
036570,NCSoft Corp,0.0025%,Consumer Discretionary,KR,"US$1,287,430.73","9,016",036570.KS
601919,COSCO SHIPPING Holdings Co Ltd,0.0025%,Industrials,CN,"US$1,282,543.45","620,550",601919.SS
BOB,Bank of Baroda,0.0025%,Financials,IN,"US$1,278,382.57","394,576",BOBBRX=X
MPACT,Mapletree Pan Asia Commercial Trust,0.0025%,Real Estate,SG,"US$1,279,780.21","1,135,279",MPT.JO
600196,Shanghai Fosun Pharmaceutical Group Co Ltd,0.0025%,Health Care,CN,"US$1,281,862.23","334,000",600196.SS
002384,Suzhou Dongshan Precision Manufacturing Co Ltd,0.0025%,Basic Materials,CN,"US$1,275,253.89","120,100",002384.SZ
ENKAI,Enka Insaat ve Sanayi AS,0.0025%,Industrials,TR,"US$1,274,786.55","682,067",ENKAI.IS
006800,Mirae Asset Securities Co Ltd,0.0025%,Financials,KR,"US$1,275,386.87","85,842",006800.KS
PARKIN,Parkin Co PJSC,0.0024%,Industrials,AE,"US$1,270,317.27","833,158",2353.T
002714,Muyuan Foods Co Ltd,0.0024%,Consumer Staples,CN,"US$1,258,485.42","175,294",002714.SZ
THBEV,Thai Beverage PCL,0.0024%,Consumer Staples,SG,"US$1,256,395.78","3,499,400",T6W.MU
SATS,SATS Ltd,0.0024%,Consumer Discretionary,SG,"US$1,259,182.64","479,656",SATS
UGPA3,Ultrapar Participacoes SA,0.0024%,Energy,BR,"US$1,256,054.05","305,200",UGPA3F.SA
DNL,Incitec Pivot Ltd,0.0024%,Basic Materials,AU,"US$1,254,361.76","560,915",DNL
1519,Fortune Electric Co Ltd,0.0024%,Industrials,TW,"US$1,251,234.67","56,100",1519.HK
4203,Sumitomo Bakelite Co Ltd,0.0024%,Industrials,JP,"US$1,246,487.66","38,200",4203.T
4887,Sawai Group Holdings Co Ltd,0.0024%,Health Care,JP,"US$1,249,784.04","98,400",488770.KS
2367,Giant Biogene Holding Co ltd,0.0024%,Consumer Staples,HK,"US$1,249,124.54","268,800",2367.HK
6886,Huatai Securities Co Ltd,0.0024%,Financials,HK,"US$1,247,124.69","530,580",688638.SS
6481,THK Co Ltd,0.0024%,Industrials,JP,"US$1,248,005.77","48,700",6481.T
3309,Sekisui House Reit Inc,0.0024%,Real Estate,JP,"US$1,243,606.54","2,438",3309.HK
CPF/F,Charoen Pokphand Foods PCL,0.0024%,Consumer Staples,TH,"US$1,243,032.15","1,971,400",CPOF.SG
4733,OBIC Business Consultants Co Ltd,0.0024%,Technology,JP,"US$1,243,133.39","22,178",473370.KQ
OPTIMA,Optima bank SA,0.0024%,Financials,GR,"US$1,245,371.56","139,362",OPT.L
AMRT,Sumber Alfaria Trijaya Tbk PT,0.0024%,Consumer Staples,ID,"US$1,241,670.37","11,488,900",AMRT.JK
FDJU,La Francaise des Jeux SAEM,0.0024%,Consumer Discretionary,FR,"US$1,238,648.54","43,994",FDJU.PA
601066,CSC Financial Co Ltd,0.0024%,Financials,CN,"US$1,236,527.91","352,600",601066.SS
TLX,Telix Pharmaceuticals Ltd,0.0024%,Health Care,AU,"US$1,237,588.28","123,991",TLX
KAYNES,Kaynes Technology India Ltd,0.0024%,Technology,IN,"US$1,233,427.88","20,096",KAYNES.BO
605499,Eastroc Beverage Group Co Ltd,0.0024%,Consumer Staples,CN,"US$1,234,201.60","33,090",605499.SS
CPLE3,Cia Paranaense de Energia - Copel,0.0024%,Utilities,BR,"US$1,234,270.44","484,211",CPLE3.SA
HYPE3,Hypera SA,0.0024%,Health Care,BR,"US$1,235,372.06","246,300",HYPE3F.SA
VPK,Koninklijke Vopak NV,0.0024%,Energy,NL,"US$1,234,186.41","27,240",VPKA.XC
AMP,Amplifon SpA,0.0024%,Health Care,IT,"US$1,228,778.20","79,969",AMP
6806,Hirose Electric Co Ltd,0.0024%,Technology,JP,"US$1,230,079.30","10,891",6806.HK
2799,China CITIC Financial Asset Management Co Ltd,0.0024%,Financials,HK,"US$1,230,216.04","9,299,000",2799.HK
9533,Toho Gas Co Ltd,0.0024%,Utilities,JP,"US$1,224,858.70","39,200",9533.SR
2618,JD Logistics Inc,0.0024%,Industrials,HK,"US$1,223,508.92","782,724",2618.HK
9995,Remegen Co Ltd,0.0024%,Health Care,HK,"US$1,223,717.50","102,500",9995.HK
JDSL,Jindal Stainless Ltd,0.0024%,Basic Materials,IN,"US$1,223,353.07","141,918",JSL.BO
83,Sino Land Co Ltd,0.0024%,Real Estate,HK,"US$1,222,934.65","912,000",83188.HK
8227,Shimamura Co Ltd,0.0023%,Consumer Discretionary,JP,"US$1,219,032.36","17,000",8227.TWO
NEXI,Nexi SpA,0.0023%,Industrials,IT,"US$1,216,595.09","260,834",NEXI
3391,Tsuruha Holdings Inc,0.0023%,Consumer Staples,JP,"US$1,215,485.42","68,500",3391.T
443060,HD Hyundai Marine Solution Co Ltd,0.0023%,Industrials,KR,"US$1,214,809.78","9,600",443060.KS
1717,Eternal Materials Co Ltd,0.0023%,Basic Materials,TW,"US$1,213,510.89","946,237",1717.T
7337,Hirogin Holdings Inc,0.0023%,Financials,JP,"US$1,210,618.39","122,000",7337.T
6239,Powertech Technology Inc,0.0023%,Technology,TW,"US$1,210,578.30","242,000",6239.T
EBO,EBOS Group Ltd,0.0023%,Health Care,NZ,"US$1,210,491.26","73,989",EBOR.F
600919,Bank of Jiangsu Co Ltd,0.0023%,Financials,CN,"US$1,204,700.56","794,400",600919.SS
ALUP11,Alupar Investimento SA,0.0023%,Utilities,BR,"US$1,204,898.94","189,800",ALUP11F.SA
179,Johnson Electric Holdings Ltd,0.0023%,Industrials,HK,"US$1,207,986.86","314,125",1793.T
601600,Aluminum Corp of China Ltd,0.0023%,Basic Materials,CN,"US$1,205,781.62","811,000",601600.SS
9001,Tobu Railway Co Ltd,0.0023%,Industrials,JP,"US$1,208,476.13","71,800",900110.KQ
ATHM,Autohome Inc,0.0023%,Technology,US,"US$1,204,441.92","50,692",ATHM
8304,Aozora Bank Ltd,0.0023%,Financials,JP,"US$1,202,470.36","77,700",8304.T
ALI,Ayala Land Inc,0.0023%,Real Estate,PH,"US$1,201,082.02","3,461,300",BABA
POWERIND,Hitachi Energy India Ltd,0.0023%,Industrials,IN,"US$1,203,558.91","4,881",POWERINDIA.BO
ROCKB,ROCKWOOL A/S,0.0023%,Industrials,DK,"US$1,204,244.89","35,640",ROCKBC.XC
GRUMAB,Gruma SAB de CV,0.0023%,Consumer Staples,MX,"US$1,203,708.30","68,165",GRUMAB.MX
PCHEM,Petronas Chemicals Group Bhd,0.0023%,Basic Materials,MY,"US$1,199,491.83","1,652,300",5183.KL
LOTB,Lotus Bakeries NV,0.0023%,Consumer Staples,BE,"US$1,194,693.36",133,LOTB.BR
MPHC,Mesaieed Petrochemical Holding Co,0.0023%,Basic Materials,QA,"US$1,198,147.13","3,715,889",MPHC.QA
RIYADHCA,Riyadh Cables Group Co,0.0023%,Industrials,SA,"US$1,197,423.66","36,670",4142.SR
DABUR,Dabur India Ltd,0.0023%,Consumer Staples,IN,"US$1,194,437.83","206,493",DABUR.BO
000547,Addsino Co Ltd,0.0023%,Industrials,CN,"US$1,198,115.56","626,900",000547.SZ
1721,COMSYS Holdings Corp,0.0023%,Industrials,JP,"US$1,194,253.12","43,300",1721.TW
6460,Sega Sammy Holdings Inc,0.0023%,Consumer Discretionary,JP,"US$1,197,473.25","69,700",6460.T
002938,Avary Holding Shenzhen Co Ltd,0.0023%,Technology,CN,"US$1,194,494.66","187,100",002938.SZ
KIMBERA,Kimberly-Clark de Mexico SAB de CV,0.0023%,Consumer Staples,MX,"US$1,191,938.99","560,300",KIMBERA.MX
ALOS3,Allos SA,0.0023%,Real Estate,BR,"US$1,191,154.18","224,500",ALOS3.SA
2371,Kakaku.com Inc,0.0023%,Technology,JP,"US$1,192,971.48","80,800",2371.T
YTL,YTL Corp Bhd,0.0023%,Utilities,MY,"US$1,188,040.55","2,304,966",5109.KL
SIE,SIA Engineering Co Ltd,0.0023%,Industrials,SG,"US$1,187,758.95","429,700",SHL.DE
001040,CJ Corp,0.0023%,Industrials,KR,"US$1,187,730.53","9,919",001040.KS
600415,Zhejiang China Commodities City Group Co Ltd,0.0023%,Consumer Discretionary,CN,"US$1,181,244.46","507,300",600415.SS
AXFO,Axfood AB,0.0023%,Consumer Staples,SE,"US$1,180,737.40","41,246",AXL1.F
9142,Kyushu Railway Co,0.0023%,Consumer Discretionary,JP,"US$1,182,598.15","45,918",9142.T
009830,Hanwha Solutions Corp,0.0023%,Energy,KR,"US$1,182,788.73","62,235",009830.KS
NWL,Netwealth Group Ltd,0.0023%,Financials,AU,"US$1,177,345.35","62,816",NWL
2049,Hiwin Technologies Corp,0.0023%,Industrials,TW,"US$1,175,310.66","191,125",2049.TW
064400,LG CNS Co Ltd,0.0022%,Technology,KR,"US$1,165,324.18","29,548",064400.KS
BH/F,Bumrungrad Hospital PCL,0.0022%,Health Care,TH,"US$1,166,678.06","221,600",382900.KQ
1959,Kraftia Corp,0.0022%,Industrials,JP,"US$1,167,465.56","23,000",195940.KQ
600809,Shanxi Xinghuacun Fen Wine Factory Co Ltd,0.0022%,Consumer Staples,CN,"US$1,163,774.25","42,340",600809.SS
384,China Gas Holdings Ltd,0.0022%,Utilities,HK,"US$1,166,167.33","1,055,734",3844.T
STR,Strabag SE,0.0022%,Industrials,AT,"US$1,166,887.86","13,041",MSTR
2009,BBMG Corp,0.0022%,Industrials,HK,"US$1,164,056.72","11,472,000",2009.TW
OMAB,Grupo Aeroportuario del Centro Norte SAB de CV,0.0022%,Industrials,MX,"US$1,167,299.52","87,103",OMAB
INW,Infrastrutture Wireless Italiane SpA,0.0022%,Telecommunications,IT,"US$1,160,604.14","126,829",MCI.WA
ENGI11,Energisa S/A,0.0022%,Utilities,BR,"US$1,160,208.88","125,694",ENGI11.SA
ANDINAB,Embotelladora Andina SA,0.0022%,Consumer Staples,CL,"US$1,159,283.53","254,875",ANDINA-B.SN
4194,Visional Inc,0.0022%,Industrials,JP,"US$1,155,116.95","17,200",419430.KS
1476,Eclat Textile Co Ltd,0.0022%,Consumer Discretionary,TW,"US$1,155,496.75","82,703",1476.TW
RRTL,RTL Group SA,0.0022%,Consumer Discretionary,DE,"US$1,155,706.19","29,246",RRTL.F
TBS,Tiger Brands Ltd,0.0022%,Consumer Staples,ZA,"US$1,147,201.61","54,683",TBS.JO
ARION,Arion Banki HF,0.0022%,Financials,IS,"US$1,147,901.19","820,076",ARION.IC
8,PCCW Ltd,0.0022%,Telecommunications,HK,"US$1,150,272.04","1,492,593",HUT
JSW,JSW Energy Ltd,0.0022%,Utilities,IN,"US$1,152,290.21","210,927",JSWCEMENT.NS
ISCTR,Turkiye Is Bankasi AS,0.0022%,Financials,TR,"US$1,143,909.87","3,581,146",ISCTR.IS
8YZ,Yangzijiang Maritime Development Pte Ltd,0.0022%,Financials,SG,"US$1,144,157.82","2,179,200",8YZ.SI
066575,LG Electronics Inc,0.0022%,Consumer Discretionary,KR,"US$1,145,597.42","35,961",066575.KS
CIT,City Developments Ltd,0.0022%,Real Estate,SG,"US$1,137,685.98","203,800",C
966,China Taiping Insurance Holdings Co Ltd,0.0022%,Financials,HK,"US$1,137,628.36","509,909",9663.HK
2871,Nichirei Corp,0.0022%,Consumer Staples,JP,"US$1,140,376.80","91,400",287180.KS
6923,Stanley Electric Co Ltd,0.0022%,Consumer Discretionary,JP,"US$1,140,130.73","58,200",6923.T
600406,NARI Technology Co Ltd,0.0022%,Industrials,CN,"US$1,133,067.72","361,444",600406.SS
VAR,Var Energi ASA,0.0022%,Energy,NO,"US$1,136,082.64","363,216",VRNS
323410,KakaoBank Corp,0.0022%,Financials,KR,"US$1,129,056.37","76,695",323410.KS
600688,Sinopec Shanghai Petrochemical Co Ltd,0.0022%,Energy,CN,"US$1,125,216.05","2,924,300",600688.SS
NACL,National Aluminium Co Ltd,0.0022%,Basic Materials,IN,"US$1,125,202.80","387,132",NACLIND.NS
MAXIS,Maxis Bhd,0.0022%,Telecommunications,MY,"US$1,125,600.00","1,165,800",6012.KL
ESCORTS,Escorts Kubota Ltd,0.0022%,Industrials,IN,"US$1,117,938.38","26,195",ESCORTS.BO
JUBI,Jubilant Foodworks Ltd,0.0022%,Consumer Discretionary,IN,"US$1,116,689.57","166,060",JUBLINGREA.NS
HER,Hera SpA,0.0022%,Utilities,IT,"US$1,116,646.89","233,310",HIMS
151,Want Want China Holdings Ltd,0.0022%,Consumer Staples,HK,"US$1,119,870.02","1,871,000",1514.T
HAGA,Hagar hf,0.0021%,Consumer Discretionary,IS,"US$1,113,286.82","1,259,886",HGGE.TA
763,ZTE Corp,0.0021%,Telecommunications,HK,"US$1,115,132.35","276,320",7630.T
FIBI,First International Bank Of Israel Ltd/The,0.0021%,Financials,IL,"US$1,112,870.13","14,788",FIBIH.TA
ZK,ZEEKR Intelligent Technology Holding Ltd,0.0021%,Consumer Discretionary,US,"US$1,109,720.37","41,547",ZKX.SI
300124,Shenzhen Inovance Technology Co Ltd,0.0021%,Industrials,CN,"US$1,109,536.78","111,000",300124.SZ
DEMANT,Demant A/S,0.0021%,Health Care,DK,"US$1,100,581.21","32,312",WDH1.F
KRDMD,Kardemir Karabuk Demir Celik Sanayi ve Ticaret AS,0.0021%,Basic Materials,TR,"US$1,104,168.81","1,870,329",KRDMD.IS
2002,Nisshin Seifun Group Inc,0.0021%,Consumer Staples,JP,"US$1,104,410.54","91,990",2002.T
5832,Chugin Financial Group Inc,0.0021%,Financials,JP,"US$1,103,334.83","73,800",5832.T
601668,China State Construction Engineering Corp Ltd,0.0021%,Industrials,CN,"US$1,104,667.60","1,501,700",601668.SS
601969,Hainan Mining Co Ltd,0.0021%,Basic Materials,CN,"US$1,097,932.51","666,200",601969.SS
5021,Cosmo Energy Holdings Co Ltd,0.0021%,Energy,JP,"US$1,098,604.87","42,278",5021.KL
ENEV3,Eneva SA,0.0021%,Utilities,BR,"US$1,098,740.49","295,460",ENEV3.SA
002340,GEM Co Ltd,0.0021%,Utilities,CN,"US$1,096,461.28","1,026,600",002340.SZ
MB,Mediobanca Banca di Credito Finanziario SpA,0.0021%,Financials,IT,"US$1,093,201.79","56,321",MB
902,Huaneng Power International Inc,0.0021%,Utilities,HK,"US$1,094,343.40","1,372,000",9028.T
ZYDUSLIF,Zydus Lifesciences Ltd,0.0021%,Health Care,IN,"US$1,091,486.60","103,587",ZYDUSLIFE.BO
600959,Jiangsu Broadcasting Cable Information Network Corp Ltd,0.0021%,Telecommunications,CN,"US$1,091,612.19","2,217,400",600959.SS
2371,Tatung Co Ltd,0.0021%,Industrials,TW,"US$1,090,468.93","1,023,150",2371.T
4912,Lion Corp,0.0021%,Consumer Staples,JP,"US$1,090,582.51","102,800",4912.TW
TAIBA,Taiba Investments Co,0.0021%,Real Estate,SA,"US$1,092,100.54","116,127",4090.SR
2347,Synnex Technology International Corp,0.0021%,Technology,TW,"US$1,087,347.30","542,550",2347.HK
9468,Kadokawa Corp,0.0021%,Consumer Discretionary,JP,"US$1,088,460.75","51,300",9468.T
867,China Medical System Holdings Ltd,0.0021%,Health Care,HK,"US$1,088,889.67","637,418",8672.KL
600418,Anhui Jianghuai Automobile Group Corp Ltd,0.0021%,Consumer Discretionary,CN,"US$1,087,587.27","156,900",600418.SS
6305,Hitachi Construction Machinery Co Ltd,0.0021%,Industrials,JP,"US$1,083,460.43","37,200",6305.T
601868,China Energy Engineering Corp Ltd,0.0021%,Industrials,CN,"US$1,074,877.46","3,233,300",601868.SS
9987,Suzuken Co Ltd/Aichi Japan,0.0021%,Consumer Staples,JP,"US$1,075,418.90","27,620",9987.HK
002926,Huaxi Securities Co Ltd,0.0021%,Financials,CN,"US$1,076,443.18","786,900",002926.SZ
011070,LG Innotek Co Ltd,0.0021%,Technology,KR,"US$1,069,574.00","6,637",011070.KS
4613,Kansai Paint Co Ltd,0.0021%,Industrials,JP,"US$1,072,634.09","69,700",4613.T
2702,McDonald's Holdings Co Japan Ltd,0.0021%,Consumer Discretionary,JP,"US$1,065,408.52","26,100",2702.T
SMFT3,Smartfit Escola de Ginastica e Danca SA,0.0021%,Consumer Discretionary,BR,"US$1,064,109.52","216,600",SMFT3.SA
300394,Suzhou TFC Optical Communication Co Ltd,0.0021%,Telecommunications,CN,"US$1,063,920.38","47,600",300394.SZ
7984,Kokuyo Co Ltd,0.0021%,Industrials,JP,"US$1,066,055.75","178,400",7984.T
SAIL,Steel Authority of India Ltd,0.002%,Basic Materials,IN,"US$1,062,399.56","704,388",SAIL
2615,Wan Hai Lines Ltd,0.002%,Industrials,TW,"US$1,060,845.98","413,085",261520.KQ
MTS,Metcash Ltd,0.002%,Consumer Staples,AU,"US$1,060,251.30","436,954",MTSI
7988,Nifco Inc/Japan,0.002%,Consumer Discretionary,JP,"US$1,062,303.75","34,500",7988.T
MABANEE,Mabanee Co KPSC,0.002%,Real Estate,KW,"US$1,059,724.16","302,307",MABANEE.KW
6005,Miura Co Ltd,0.002%,Industrials,JP,"US$1,058,657.48","53,900",600584.SS
NHPC,NHPC Ltd,0.002%,Utilities,IN,"US$1,057,463.00","1,232,570",NHPC.NS
8418,Yamaguchi Financial Group Inc,0.002%,Financials,JP,"US$1,057,853.25","81,000",8418.HK
4716,Oracle Corp Japan,0.002%,Technology,JP,"US$1,058,170.46","12,300",4716.T
TRUE/F,True Corp PCL,0.002%,Telecommunications,TH,"US$1,058,088.70","3,154,182",RTOP.JO
2609,Yang Ming Marine Transport Corp,0.002%,Industrials,TW,"US$1,057,065.48","638,000",2609.HK
NAM,Nippon Life India Asset Management Ltd,0.002%,Financials,IN,"US$1,051,473.75","107,414",NAMM
600703,Sanan Optoelectronics Co Ltd,0.002%,Technology,CN,"US$1,050,741.62","562,700",600703.SS
600267,Zhejiang Hisun Pharmaceutical Co Ltd,0.002%,Health Care,CN,"US$1,046,337.86","707,800",600267.SS
034220,LG Display Co Ltd,0.002%,Technology,KR,"US$1,044,700.14","122,519",034220.KS
9202,ANA Holdings Inc,0.002%,Consumer Discretionary,JP,"US$1,047,768.23","55,491",9202.T
19,Swire Pacific Ltd,0.002%,Consumer Staples,HK,"US$1,045,969.48","122,000",1953.HK
090430,Amorepacific Corp,0.002%,Consumer Discretionary,KR,"US$1,043,743.04","12,349",090430.KS
INPST,InPost SA,0.002%,Industrials,NL,"US$1,043,183.21","88,997",INPST.AS
6488,Globalwafers Co Ltd,0.002%,Technology,TW,"US$1,042,281.34","87,000",6488.T
DLEKG,Delek Group Ltd,0.002%,Energy,IL,"US$1,040,350.17","3,966",DLEKG.TA
00088K,Hanwha Corp,0.002%,Financials,KR,"US$1,038,251.35","42,473",00088K.KS
8056,BIPROGY Inc,0.002%,Technology,JP,"US$1,037,903.88","26,900",8056.T
IJM,IJM Corp Bhd,0.002%,Industrials,MY,"US$1,036,747.01","1,854,700",IJM.SG
UHRN,Swatch Group AG/The,0.002%,Consumer Discretionary,CH,"US$1,037,598.36","25,140",UHRN.SW
5110,Sumitomo Rubber Industries Ltd,0.002%,Consumer Discretionary,JP,"US$1,033,981.10","74,100",5110.T
5076,INFRONEER Holdings Inc,0.002%,Industrials,JP,"US$1,036,716.91","80,668",5076.T
7729,Tokyo Seimitsu Co Ltd,0.002%,Technology,JP,"US$1,030,519.06","15,500",7729.T
600660,Fuyao Glass Industry Group Co Ltd,0.002%,Industrials,CN,"US$1,032,615.03","110,800",600660.SS
600600,Tsingtao Brewery Co Ltd,0.002%,Consumer Staples,CN,"US$1,030,256.26","114,600",600600.SS
600489,Zhongjin Gold Corp Ltd,0.002%,Basic Materials,CN,"US$1,027,173.77","323,000",600489.SS
OINL,Oil India Ltd,0.002%,Energy,IN,"US$1,026,552.38","222,223",OIL.BO
LLOYDSME,Lloyds Metals & Energy Ltd,0.002%,Basic Materials,IN,"US$1,026,870.12","75,263",LLOYDSME.BO
SCC-R,Siam Cement PCL/The,0.002%,Industrials,TH,"US$1,021,854.33","176,400",SCC-R.BK
000568,Luzhou Laojiao Co Ltd,0.002%,Consumer Staples,CN,"US$1,020,693.03","53,100",000568.SZ
QFIN,Qfin Holdings Inc,0.002%,Financials,US,"US$1,020,950.28","52,276",QFIN
NDA,Nordea Bank Abp,0.002%,Financials,SE,"US$1,019,223.29","57,546",NDAQ
IPCA,Ipca Laboratories Ltd,0.002%,Health Care,IN,"US$1,022,137.00","62,919",IPCALAB.NS
3898,Zhuzhou CRRC Times Electric Co Ltd,0.002%,Industrials,HK,"US$1,020,329.84","205,800",3898.HK
MVNE,Mivne Real Estate KD Ltd,0.002%,Real Estate,IL,"US$1,017,742.85","236,838",MVNE.TA
4540,Tsumura & Co,0.002%,Health Care,JP,"US$1,012,006.41","40,400",4540.T
NTPCGREE,NTPC Green Energy Ltd,0.002%,Utilities,IN,"US$1,012,140.09","953,485",NTPCGREEN.BO
JCNC,Jardine Cycle & Carriage Ltd,0.002%,Consumer Discretionary,SG,"US$1,012,509.39","38,411",JCNCX
000060,Shenzhen Zhongjin Lingnan Nonfemet Co Ltd,0.0019%,Basic Materials,CN,"US$1,007,208.99","1,374,500",000060.SZ
6473,JTEKT Corp,0.0019%,Consumer Discretionary,JP,"US$1,009,471.32","92,800",6473.TWO
200725,BOE Technology Group Co Ltd,0.0019%,Technology,CN,"US$1,009,080.40","2,795,835",200725.SZ
1776,GF Securities Co Ltd,0.0019%,Financials,HK,"US$1,009,240.65","466,600",1776.T
TCOM,Tata Communications Ltd,0.0019%,Telecommunications,IN,"US$1,010,087.09","49,774",TCOM
601228,Guangzhou Port Co Ltd,0.0019%,Industrials,CN,"US$1,002,551.86","2,154,100",601228.SS
RF,Eurazeo SE,0.0019%,Financials,FR,"US$1,005,017.60","15,846",RF
INBK,Indian Bank,0.0019%,Financials,IN,"US$1,003,184.52","103,111",INBK
1898,China Coal Energy Co Ltd,0.0019%,Energy,HK,"US$1,001,646.63","742,000",1898.T
ENELAM,Enel Americas SA,0.0019%,Utilities,CL,"US$1,002,722.34","10,337,611",ENELAMCO.CL
BAJAJHFL,New Issuer: BB Company ID:27928662,0.0019%,Financials,IN,"US$998,636.92","850,153",BAJAJHFL.BO
EXX,Exxaro Resources Ltd,0.0019%,Energy,ZA,"US$997,022.86","98,186",XOM
600362,Jiangxi Copper Co Ltd,0.0019%,Basic Materials,CN,"US$992,280.61","187,400",600362.SS
6862,Haidilao International Holding Ltd,0.0019%,Consumer Discretionary,HK,"US$990,771.42","561,000",6862.TW
9945,Ruentex Development Co Ltd,0.0019%,Real Estate,TW,"US$990,862.43","1,031,450",9945.TW
KPITTECH,KPIT Technologies Ltd,0.0019%,Technology,IN,"US$978,616.97","71,609",KPITTECH.BO
9201,Japan Airlines Co Ltd,0.0019%,Consumer Discretionary,JP,"US$974,347.63","52,196",9201.T
5947,Rinnai Corp,0.0019%,Consumer Discretionary,JP,"US$971,238.71","38,100",5947.T
6976,Taiyo Yuden Co Ltd,0.0019%,Technology,JP,"US$973,209.87","46,600",6976.TWO
0126Z0,Samsung Episholdings Co Ltd,0.0019%,Health Care,KR,"US$971,678.51","3,331",0126Z0.KS
601225,Shaanxi Coal Industry Co Ltd,0.0019%,Energy,CN,"US$974,390.26","303,700",601225.SS
8TRA,Traton SE,0.0019%,Industrials,DE,"US$970,522.55","28,483",8TRA.ST
IDEA,Vodafone Idea Ltd,0.0019%,Telecommunications,IN,"US$966,509.00","8,679,901",IDEA
6186,China Feihe Ltd,0.0019%,Consumer Staples,HK,"US$968,850.18","1,822,000",6186.TWO
2727,Shanghai Electric Group Co Ltd,0.0019%,Industrials,HK,"US$969,482.12","1,850,000",2727.TW
300033,Hithink RoyalFlush Information Network Co Ltd,0.0019%,Technology,CN,"US$967,832.56","21,300",300033.SZ
1114,Brilliance China Automotive Holdings Ltd,0.0019%,Consumer Discretionary,HK,"US$968,541.92","1,974,000",1114.HK
CEMARGOS,Cementos Argos SA,0.0019%,Industrials,CO,"US$962,664.62","333,418",CEMARGOS.CL
3635,Koei Tecmo Holdings Co Ltd,0.0019%,Consumer Discretionary,JP,"US$961,948.14","70,376",3635.T
AJP,Ajanta Pharma Ltd,0.0018%,Health Care,IN,"US$957,327.94","33,439",AJP.F
028050,Samsung E&A Co Ltd,0.0018%,Industrials,KR,"US$957,597.29","55,119",028050.KS
CUAN,Petrindo Jaya Kreasi Tbk PT,0.0018%,Energy,ID,"US$955,660.16","5,939,000",603378.SS
9076,Seino Holdings Co Ltd,0.0018%,Industrials,JP,"US$958,874.72","66,400",9076.T
4182,Mitsubishi Gas Chemical Co Inc,0.0018%,Basic Materials,JP,"US$957,651.39","55,400",4182.T
2354,Foxconn Technology Co Ltd,0.0018%,Technology,TW,"US$949,603.67","457,106",2354.T
035250,Kangwon Land Inc,0.0018%,Consumer Discretionary,KR,"US$949,929.25","77,655",035250.KS
YTLP,YTL Power International Bhd,0.0018%,Utilities,MY,"US$953,742.29","1,209,000",6742.KL
IRFC,Indian Railway Finance Corp Ltd,0.0018%,Industrials,IN,"US$950,232.69","722,939",IRFC.NS
SI,Supreme Industries Ltd,0.0018%,Industrials,IN,"US$953,580.02","25,149",SI
5393,Nichias Corp,0.0018%,Industrials,JP,"US$952,017.94","23,900",5393.T
3141,Welcia Holdings Co Ltd,0.0018%,Consumer Staples,JP,"US$949,478.24","46,888",314140.KQ
5938,Lixil Corp,0.0018%,Industrials,JP,"US$950,271.07","80,200",5938.T
8410,Seven Bank Ltd,0.0018%,Financials,JP,"US$954,404.17","514,100",8410.T
WHL,Woolworths Holdings Ltd/South Africa,0.0018%,Consumer Discretionary,ZA,"US$949,496.68","287,781",WHLR
EREGL,Eregli Demir ve Celik Fabrikalari TAS,0.0018%,Basic Materials,TR,"US$944,909.36","1,682,402",EREGL.IS
CDSL,Central Depository Services India Ltd,0.0018%,Financials,IN,"US$943,552.74","52,188",CDSL.NS
2385,Chicony Electronics Co Ltd,0.0018%,Technology,TW,"US$934,539.43","244,421",2385.HK
322,Tingyi Cayman Islands Holding Corp,0.0018%,Consumer Staples,HK,"US$937,777.44","612,000",3221.TWO
2212,Yamazaki Baking Co Ltd,0.0018%,Consumer Staples,JP,"US$934,200.58","44,500",2212.T
RVNL,Rail Vikas Nigam Ltd,0.0018%,Industrials,IN,"US$937,937.92","258,859",RVNL
9008,Keio Corp,0.0018%,Consumer Discretionary,JP,"US$934,631.21","35,800",9008.KL
1193,China Resources Gas Group Ltd,0.0018%,Utilities,HK,"US$934,126.34","318,700",1193.HK
9688,Zai Lab Ltd,0.0018%,Health Care,HK,"US$938,702.91","461,970",9688.HK
3311,China State Construction International Holdings Ltd,0.0018%,Industrials,HK,"US$933,104.71","782,000",3311.TW
1585,Yadea Group Holdings Ltd,0.0018%,Consumer Discretionary,HK,"US$928,796.75","586,000",1585.T
051900,LG H&H Co Ltd,0.0018%,Consumer Staples,KR,"US$929,531.84","4,944",051900.KS
7276,Koito Manufacturing Co Ltd,0.0018%,Consumer Discretionary,JP,"US$931,598.85","64,000",7276.T
9504,Chugoku Electric Power Co Inc/The,0.0018%,Utilities,JP,"US$924,744.63","141,200",9504.T
PLNG,Petronet LNG Ltd,0.0018%,Energy,IN,"US$927,841.32","305,290",PLNGBP=X
7459,Medipal Holdings Corp,0.0018%,Consumer Staples,JP,"US$927,761.29","53,100",7459.T
2784,Alfresa Holdings Corp,0.0018%,Health Care,JP,"US$928,240.31","61,300",2784.T
180640,Hanjin Kal Corp,0.0018%,Consumer Discretionary,KR,"US$927,111.14","13,315",180640.KS
GP,Godfrey Phillips India Ltd,0.0018%,Consumer Staples,IN,"US$926,259.25","28,838",GP
Q*,Qualitas Controladora SAB de CV,0.0018%,Financials,MX,"US$922,714.11","92,400",OMRQAR=X
270,Guangdong Investment Ltd,0.0018%,Utilities,HK,"US$920,396.63","958,000",2702.T
LLC,Lendlease Corp Ltd,0.0018%,Industrials,AU,"US$922,446.91","268,948",VRT
BANB,Bachem Holding AG,0.0018%,Health Care,CH,"US$923,155.36","14,296",BANB.SW
IGO,IGO Ltd,0.0018%,Basic Materials,AU,"US$922,627.69","207,810",IGO.AX
VFQS,Vodafone Qatar PQSC,0.0018%,Telecommunications,QA,"US$922,758.11","1,392,359",VFQS.QA
UNTR,United Tractors Tbk PT,0.0018%,Basic Materials,ID,"US$914,055.84","543,700",UNTR.JK
EGCO/F,Electricity Generating PCL,0.0018%,Utilities,TH,"US$913,266.04","260,200",ECGF.MU
600887,Inner Mongolia Yili Industrial Group Co Ltd,0.0018%,Consumer Staples,CN,"US$915,196.17","220,200",600887.SS
600409,Tangshan Sanyou Chemical Industries Co Ltd,0.0018%,Basic Materials,CN,"US$913,944.08","1,033,700",600409.SS
KBANK-R,Kasikornbank PCL,0.0018%,Financials,TH,"US$917,004.19","158,300",KBANK-R.BK
ECOPETL,Ecopetrol SA,0.0018%,Energy,CO,"US$913,566.91","1,817,692",EC
3900,Greentown China Holdings Ltd,0.0018%,Real Estate,HK,"US$915,305.18","802,500",3900.T
TEL,PLDT Inc,0.0018%,Telecommunications,PH,"US$912,077.76","41,400",TEL
HLUNB,H Lundbeck A/S,0.0018%,Health Care,DK,"US$911,322.67","132,031",HLUNBC.XC
MBT,Metropolitan Bank & Trust Co,0.0018%,Financials,PH,"US$908,516.53","807,272",MBTN.SW
UNOMINDA,UNO Minda Ltd,0.0018%,Consumer Discretionary,IN,"US$911,819.80","62,412",UNOMINDA.BO
338,Sinopec Shanghai Petrochemical Co Ltd,0.0018%,Energy,HK,"US$909,098.85","5,282,000",3386.T
000725,BOE Technology Group Co Ltd,0.0018%,Technology,CN,"US$908,026.51","1,662,900",000725.SZ
GEKTERNA,GEK TERNA SA,0.0017%,Industrials,GR,"US$907,738.00","31,488",GEKTERNA.AT
1833,Ping An Healthcare and Technology Co Ltd,0.0017%,Health Care,HK,"US$904,394.06","478,671",1833.SR
002027,Focus Media Information Technology Co Ltd,0.0017%,Consumer Discretionary,CN,"US$905,213.65","870,600",002027.SZ
CXSE3,Caixa Seguridade Participacoes S/A,0.0017%,Financials,BR,"US$897,794.77","296,300",CXSE3.SA
772,China Literature Ltd,0.0017%,Technology,HK,"US$899,733.35","186,600",7725.T
3048,Bic Camera Inc,0.0017%,Consumer Discretionary,JP,"US$898,355.98","87,700",3048.T
601127,Seres Group Co Ltd,0.0017%,Consumer Discretionary,CN,"US$899,705.90","50,400",601127.SS
3105,Win Semiconductors Corp,0.0017%,Technology,TW,"US$897,594.39","197,000",3105.TWO
GARAN,Turkiye Garanti Bankasi AS,0.0017%,Financials,TR,"US$899,772.51","275,195",GARAN.IS
RLX,RLX Technology Inc,0.0017%,Consumer Staples,US,"US$898,429.40","357,940",RLX
IRCTC,Indian Railway Catering & Tourism Corp Ltd,0.0017%,Consumer Discretionary,IN,"US$900,181.77","117,255",IRCTC.BO
ADES,Ades Holding Co,0.0017%,Energy,SA,"US$892,920.15","196,928",ADN1.DE
ACC,ACC Ltd,0.0017%,Industrials,IN,"US$895,223.03","43,270",ACN
6436,Amano Corp,0.0017%,Industrials,JP,"US$892,989.43","33,100",6436.T
FLT,Frasers Logistics & Commercial Trust,0.0017%,Real Estate,SG,"US$888,859.21","1,174,700",FLT.V
ABCAP,Aditya Birla Capital Ltd,0.0017%,Financials,IN,"US$883,645.66","220,751",ABCAPITAL.BO
ALDREES,Aldrees Petroleum and Transport Services Co,0.0017%,Energy,SA,"US$885,547.24","25,673",4200.SR
BHARTIHE,New Issuer: BB Company ID:21672911,0.0017%,Telecommunications,IN,"US$884,708.48","44,752",BHARTIHEXA.NS
DKSH,DKSH Holding AG,0.0017%,Industrials,CH,"US$879,979.45","12,595",DS5.F
MOH,Motor Oil Hellas Corinth Refineries SA,0.0017%,Energy,GR,"US$874,880.14","26,544",MOH
000783,Changjiang Securities Co Ltd,0.0017%,Financials,CN,"US$874,428.31","778,500",000783.SZ
ILU,Iluka Resources Ltd,0.0017%,Basic Materials,AU,"US$876,060.81","207,111",9903.HK
3774,Internet Initiative Japan Inc,0.0017%,Telecommunications,JP,"US$868,988.14","47,200",377480.KQ
002010,Transfar Zhilian Co Ltd,0.0017%,Industrials,CN,"US$868,868.36","1,071,900",002010.SZ
DWS,DWS Group GmbH & Co KGaA,0.0017%,Financials,DE,"US$868,568.95","13,989",DW6D.DU
BRGR,Berger Paints India Ltd,0.0017%,Industrials,IN,"US$869,098.02","137,688",BERGEPAINT.BO
6728,Ulvac Inc,0.0017%,Technology,JP,"US$863,121.44","20,100",6728.T
1066,Shandong Weigao Group Medical Polymer Co Ltd,0.0017%,Health Care,HK,"US$862,268.80","1,209,600",1066.HK
DALBHARA,Dalmia Bharat Ltd,0.0017%,Industrials,IN,"US$866,054.26","38,552",DALBHARAT.BO
PETKM,Petkim Petrokimya Holding AS,0.0017%,Basic Materials,TR,"US$860,861.27","2,151,267",PETKM.IS
ISA,Interconexion Electrica SA ESP,0.0017%,Utilities,CO,"US$857,666.51","127,308",FICO
BRAV3,Brava Energia,0.0017%,Energy,BR,"US$856,201.53","335,400",BRAV3.SA
177,Jiangsu Expressway Co Ltd,0.0017%,Industrials,HK,"US$856,280.83","666,000",1776.T
BBAJIOO,Banco del Bajio SA,0.0017%,Financials,MX,"US$858,617.46","327,700",BBAJIOO.MX
TITC,Titan Cement International SA,0.0016%,Industrials,GR,"US$851,494.77","16,143",TITC.AT
2327,NS Solutions Corp,0.0016%,Technology,JP,"US$854,776.03","34,900",2327.TW
4680,Round One Corp,0.0016%,Consumer Discretionary,JP,"US$851,876.96","131,100",4680.T
ORA,Orora Ltd,0.0016%,Industrials,AU,"US$850,185.93","581,350",ORA
600875,Dongfang Electric Corp Ltd,0.0016%,Energy,CN,"US$846,384.26","278,800",600875.SS
326030,SK Biopharmaceuticals Co Ltd,0.0016%,Health Care,KR,"US$846,699.49","8,907",326030.KS
3323,China National Building Material Co Ltd,0.0016%,Industrials,HK,"US$843,788.25","1,256,099",3323.T
7564,Workman Co Ltd,0.0016%,Consumer Discretionary,JP,"US$841,999.36","18,300",7564.T
SW,Sodexo SA,0.0016%,Consumer Discretionary,FR,"US$840,285.14","15,899",SW
OBER,Oberoi Realty Ltd,0.0016%,Real Estate,IN,"US$842,351.35","45,742",OBK.F
7180,Kyushu Financial Group Inc,0.0016%,Financials,JP,"US$835,379.69","135,440",7180.T
601869,Yangtze Optical Fibre & Cable Joint Stock Ltd Co,0.0016%,Telecommunications,CN,"US$835,205.23","67,800",601869.SS
ATGL,Adani Total Gas Ltd,0.0016%,Utilities,IN,"US$835,036.88","123,122",ATGL
CRISIL,CRISIL Ltd,0.0016%,Financials,IN,"US$832,094.27","16,825",CRISIL.NS
FNH,Fraser & Neave Holdings Bhd,0.0016%,Consumer Staples,MY,"US$827,332.12","99,100",FNHXX
6869,Yangtze Optical Fibre & Cable Joint Stock Ltd Co,0.0016%,Telecommunications,HK,"US$827,806.46","171,500",6869.TW
PGOLD,Puregold Price Club Inc,0.0016%,Consumer Staples,PH,"US$829,400.63","1,158,100",PGCMF
SIME,Sime Darby Bhd,0.0016%,Consumer Discretionary,MY,"US$829,593.47","1,758,100",SIM
000685,Zhongshan Public Utilities Group Co Ltd,0.0016%,Utilities,CN,"US$827,561.09","473,300",000685.SZ
FLT,Flight Centre Travel Group Ltd,0.0016%,Consumer Discretionary,AU,"US$823,243.32","92,781",FLT.V
FROTO,Ford Otomotiv Sanayi AS,0.0016%,Consumer Discretionary,TR,"US$822,267.90","369,260",FROTO.IS
601608,CITIC Heavy Industries Co Ltd,0.0016%,Industrials,CN,"US$815,777.45","860,700",601608.SS
600195,China Animal Husbandry Industry Co Ltd,0.0016%,Health Care,CN,"US$816,841.73","743,142",600195.SS
GICRE,General Insurance Corp of India,0.0016%,Financials,IN,"US$816,454.26","188,610",GICRE.NS
271560,Orion Corp/Republic of Korea,0.0016%,Consumer Staples,KR,"US$817,371.23","11,394",271560.KS
GBK,Gulf Bank KSCP,0.0016%,Financials,KW,"US$814,774.34","702,514",GBK.KW
4202,Daicel Corp,0.0016%,Industrials,JP,"US$813,718.04","96,600",4202.T
601238,Guangzhou Automobile Group Co Ltd,0.0016%,Consumer Discretionary,CN,"US$811,556.17","620,200",601238.SS
600028,China Petroleum & Chemical Corp,0.0016%,Energy,CN,"US$809,974.32","990,600",600028.SS
ALSEA*,Alsea SAB de CV,0.0016%,Consumer Discretionary,MX,"US$810,999.75","296,200",4FU.F
8111,Goldwin Inc,0.0016%,Consumer Discretionary,JP,"US$811,264.98","42,900",8111.T
8464,Nien Made Enterprise Co Ltd,0.0016%,Consumer Discretionary,TW,"US$807,073.44","68,000",8464.TW
OFSS,Oracle Financial Services Software Ltd,0.0016%,Technology,IN,"US$806,009.68","8,893",OFSS.BO
JOYY,JOYY Inc,0.0015%,Technology,US,"US$800,803.44","12,687",JOYY
900948,Inner Mongolia Yitai Coal Co Ltd,0.0015%,Energy,CN,"US$800,972.70","420,900",900948.SS
POONAWAL,Poonawalla Fincorp Ltd,0.0015%,Financials,IN,"US$799,011.72","148,802",POONAWALLA.BO
601998,China CITIC Bank Corp Ltd,0.0015%,Financials,CN,"US$797,850.88","726,800",601998.SS
8088,Iwatani Corp,0.0015%,Utilities,JP,"US$797,905.80","73,200",8088.TWO
BIL,Balkrishna Industries Ltd,0.0015%,Consumer Discretionary,IN,"US$793,721.08","30,749",BIL
QEWS,Qatar Electricity & Water Co QSC,0.0015%,Utilities,QA,"US$795,493.32","195,438",QEWS.QA
9045,Keihan Holdings Co Ltd,0.0015%,Industrials,JP,"US$798,256.97","36,800",9045.T
9831,Yamada Holdings Co Ltd,0.0015%,Consumer Discretionary,JP,"US$794,037.42","258,900",9831.T
5483,Sino-American Silicon Products Inc,0.0015%,Technology,TW,"US$792,894.69","237,000",5483.TWO
2105,Cheng Shin Rubber Industry Co Ltd,0.0015%,Consumer Discretionary,TW,"US$791,388.87","781,061",2105.HK
2492,Walsin Technology Corp,0.0015%,Technology,TW,"US$788,163.14","207,000",2492.T
600219,Shandong Nanshan Aluminum Co Ltd,0.0015%,Basic Materials,CN,"US$788,425.86","1,183,300",600219.SS
SIIG,Saudi Industrial Investment Group,0.0015%,Basic Materials,SA,"US$789,459.86","205,668",SIIGF
REH,Reece Ltd,0.0015%,Industrials,AU,"US$784,035.54","94,063",REHN.SW
TAVHL,TAV Havalimanlari Holding AS,0.0015%,Industrials,TR,"US$787,882.07","120,400",TAVHL.IS
968,Xinyi Solar Holdings Ltd,0.0015%,Energy,HK,"US$784,320.80","1,896,400",9687.T
002493,Rongsheng Petrochemical Co Ltd,0.0015%,Basic Materials,CN,"US$785,346.90","571,150",002493.SZ
900912,Shanghai Waigaoqiao Free Trade Zone Group Co Ltd,0.0015%,Real Estate,CN,"US$785,979.00","1,139,100",900912.SS
9989,Sundrug Co Ltd,0.0015%,Consumer Staples,JP,"US$782,660.69","28,200",9989.HK
2433,Hakuhodo DY Holdings Inc,0.0015%,Consumer Discretionary,JP,"US$779,609.10","103,100",2433.T
BDL,Bharat Dynamics Ltd,0.0015%,Industrials,IN,"US$778,599.33","46,012",BDL
6505,Formosa Petrochemical Corp,0.0015%,Energy,TW,"US$781,542.14","469,000",6505.T
002352,SF Holding Co Ltd,0.0015%,Industrials,CN,"US$776,198.73","143,000",002352.SZ
ISB,Islandsbanki HF,0.0015%,Financials,IS,"US$773,756.37","752,456",ISBIR.IS
NMDC,NMDC Ltd,0.0015%,Basic Materials,IN,"US$773,561.16","936,054",NSLNISP.NS
9910,Feng TAY Enterprise Co Ltd,0.0015%,Consumer Discretionary,TW,"US$774,374.03","188,401",9910.TW
600886,SDIC Power Holdings Co Ltd,0.0015%,Utilities,CN,"US$769,442.42","395,000",600886.SS
000157,Zoomlion Heavy Industry Science and Technology Co Ltd,0.0015%,Industrials,CN,"US$772,228.97","675,600",000157.SZ
9364,Kamigumi Co Ltd,0.0015%,Industrials,JP,"US$767,600.13","24,000",9364.T
PREMIERE,New Issuer: BB Company ID:20732815,0.0015%,Energy,IN,"US$765,954.09","70,219",PREMIERENE.BO
051915,LG Chem Ltd,0.0015%,Industrials,KR,"US$765,988.44","5,901",051915.KS
601988,Bank of China Ltd,0.0015%,Financials,CN,"US$763,370.80","889,000",601988.SS
1802,Taiwan Glass Industry Corp,0.0015%,Industrials,TW,"US$764,048.75","670,760",1802.TW
AXIATA,Axiata Group Bhd,0.0015%,Telecommunications,MY,"US$764,376.77","1,310,700",E5F.SG
TRUE-R,True Corp PCL,0.0015%,Telecommunications,TH,"US$760,949.32","2,268,404",TRUE-R.BK
128940,Hanmi Pharm Co Ltd,0.0015%,Health Care,KR,"US$761,117.87","2,452",128940.KS
5344,Maruwa Co Ltd/Aichi,0.0015%,Industrials,JP,"US$758,731.18","2,500",5344.T
YZJFH,Yangzijiang Financial Holding Ltd,0.0015%,Financials,SG,"US$758,735.28","2,090,800",YF8.SI
MRDIY,MR DIY Group M Bhd,0.0015%,Consumer Discretionary,MY,"US$758,745.31","2,076,500",MRDIYT-R.BK
3349,Cosmos Pharmaceutical Corp,0.0014%,Consumer Staples,JP,"US$756,233.26","15,800",334970.KQ
CMPC,Empresas CMPC SA,0.0014%,Basic Materials,CL,"US$755,937.19","541,515",CMPC.SN
7211,Mitsubishi Motors Corp,0.0014%,Consumer Discretionary,JP,"US$755,335.98","316,600",7211.SR
1958,BAIC Motor Corp Ltd,0.0014%,Consumer Discretionary,HK,"US$754,235.51","2,718,600",195870.KS
TFG,Foschini Group Ltd,0.0014%,Consumer Discretionary,ZA,"US$755,459.81","154,867",TFGL
417A,Blue Zones Holdings Co Ltd,0.0014%,Consumer Staples,JP,"US$754,136.49","13,700",417A.T
1318,Mao Geping Cosmetics Co LTD,0.0014%,Consumer Discretionary,HK,"US$747,158.22","64,100",131890.KS
3397,Toridoll Holdings Corp,0.0014%,Consumer Discretionary,JP,"US$751,305.35","26,100",3397.T
PIRAMALF,Piramal Finance Ltd,0.0014%,Financials,IN,"US$742,236.73","42,869",PIRAMALFIN.NS
300015,Aier Eye Hospital Group Co Ltd,0.0014%,Health Care,CN,"US$741,422.56","455,746",300015.SZ
601881,China Galaxy Securities Co Ltd,0.0014%,Financials,CN,"US$744,959.29","331,200",601881.SS
KALYANKJ,Kalyan Jewellers India Ltd,0.0014%,Consumer Discretionary,IN,"US$742,419.16","131,409",KALYANKJIL.NS
GRT,Growthpoint Properties Ltd,0.0014%,Real Estate,ZA,"US$744,688.22","728,837",900290.KQ
200596,Anhui Gujing Distillery Co Ltd,0.0014%,Consumer Staples,CN,"US$741,394.37","58,900",200596.SZ
ZAINKSA,Mobile Telecommunications Co Saudi Arabia,0.0014%,Telecommunications,SA,"US$738,090.26","258,053",7030.SR
IPRU,ICICI Prudential Life Insurance Co Ltd,0.0014%,Financials,IN,"US$740,921.61","106,936",IPRU.RO
6060,ZhongAn Online P&C Insurance Co Ltd,0.0014%,Financials,HK,"US$738,729.71","374,200",6060.HK
601088,China Shenhua Energy Co Ltd,0.0014%,Energy,CN,"US$736,788.91","126,600",601088.SS
600516,Fangda Carbon New Material Co Ltd,0.0014%,Basic Materials,CN,"US$735,520.83","812,400",600516.SS
APN,Aspen Pharmacare Holdings Ltd,0.0014%,Health Care,ZA,"US$734,513.21","132,425",APN.L
CCRI,Container Corp Of India Ltd,0.0014%,Industrials,IN,"US$735,231.77","128,635",CCRIX
002129,TCL Zhonghuan Renewable Energy Technology Co Ltd,0.0014%,Energy,CN,"US$735,935.99","554,025",002129.SZ
8986,Daiwa Securities Living Investments Corp,0.0014%,Real Estate,JP,"US$732,255.69","1,005",8986.T
1963,JGC Holdings Corp,0.0014%,Industrials,JP,"US$733,485.74","60,100",196300.KQ
2380,China Power International Development Ltd,0.0014%,Utilities,HK,"US$733,996.03","1,666,064",238090.KQ
2377,Micro-Star International Co Ltd,0.0014%,Technology,TW,"US$732,993.47","214,000",2377.TW
DIA,DiaSorin SpA,0.0014%,Health Care,IT,"US$727,455.80","10,146",DIA
601816,Beijing-Shanghai High Speed Railway Co Ltd,0.0014%,Industrials,CN,"US$728,546.96","1,011,800",601816.SS
2196,Shanghai Fosun Pharmaceutical Group Co Ltd,0.0014%,Health Care,HK,"US$726,253.57","269,510",2196.T
9006,Keikyu Corp,0.0014%,Industrials,JP,"US$726,042.29","74,100",9006.T
8964,Frontier Real Estate Investment Corp,0.0014%,Real Estate,JP,"US$730,535.08","1,200",8964.T
GGPS3,GPS Participacoes e Empreendimentos SA,0.0014%,Industrials,BR,"US$729,229.68","195,800",GGPS3.SA
SISE,Turkiye Sise ve Cam Fabrikalari AS,0.0014%,Industrials,TR,"US$726,180.04","826,633",TKKYY
600436,Zhangzhou Pientzehuang Pharmaceutical Co Ltd,0.0014%,Health Care,CN,"US$726,969.78","29,900",600436.SS
PATANJAL,Patanjali Foods Ltd,0.0014%,Consumer Staples,IN,"US$722,787.03","113,793",PATANJALI.NS
600547,Shandong Gold Mining Co Ltd,0.0014%,Basic Materials,CN,"US$722,592.90","140,098",600547.SS
4902,Konica Minolta Inc,0.0014%,Technology,JP,"US$720,327.20","171,300",4902.T
PTTGC/F,PTT Global Chemical PCL,0.0014%,Basic Materials,TH,"US$719,107.31","1,163,400",GCB.SG
SYNG,Syngene International Ltd,0.0014%,Health Care,IN,"US$719,448.29","99,264",603007.SS
3132,Macnica Holdings Inc,0.0014%,Technology,JP,"US$718,077.54","48,300",3132.HK
3396,Legend Holdings Corp,0.0014%,Technology,HK,"US$713,119.61","583,200",3396.T
081660,Fila Holdings Corp,0.0014%,Consumer Discretionary,KR,"US$710,702.58","24,449",081660.KS
5991,NHK Spring Co Ltd,0.0014%,Consumer Discretionary,JP,"US$710,969.24","43,500",5991.T
688331,Remegen Co Ltd,0.0014%,Health Care,CN,"US$711,896.04","50,475",688331.SS
6141,DMG Mori Co Ltd,0.0014%,Industrials,JP,"US$714,629.93","40,700",6141.T
300433,Lens Technology Co Ltd,0.0014%,Technology,CN,"US$707,247.89","181,800",300433.SZ
BBL/F,Bangkok Bank PCL,0.0014%,Financials,TH,"US$700,804.47","142,800",BKKF.BE
FTAL,Fattal Holdings 1998 Ltd,0.0014%,Consumer Discretionary,IL,"US$700,513.27","3,870",FTAL.TA
4666,Park24 Co Ltd,0.0014%,Industrials,JP,"US$702,251.84","59,300",4666.T
000792,Qinghai Salt Lake Industry Co Ltd,0.0014%,Basic Materials,CN,"US$701,942.09","187,599",000792.SZ
8012,Nagase & Co Ltd,0.0014%,Basic Materials,JP,"US$703,382.89","29,900",8012.T
241560,Doosan Bobcat Inc,0.0014%,Industrials,KR,"US$701,067.96","18,678",241560.KS
MDKA,Merdeka Copper Gold Tbk PT,0.0014%,Basic Materials,ID,"US$702,015.49","5,128,100",MDKA.JK
AFX,Carl Zeiss Meditec AG,0.0014%,Health Care,DE,"US$701,962.37","13,580",AFXA.F
DLG,Dialog Group Bhd,0.0014%,Energy,MY,"US$701,804.72","1,576,200",DLG.MI
066970,L&F Co Ltd,0.0013%,Basic Materials,KR,"US$696,298.10","8,179",066970.KS
600188,Yankuang Energy Group Co Ltd,0.0013%,Energy,CN,"US$698,515.59","354,980",600188.SS
6655,Huaxin Building Materials Group Co Ltd,0.0013%,Industrials,HK,"US$691,560.32","313,400",6655.TW
900926,Shanghai Baosight Software Co Ltd,0.0013%,Technology,CN,"US$693,148.01","699,443",900926.SS
1157,Zoomlion Heavy Industry Science and Technology Co Ltd,0.0013%,Industrials,HK,"US$690,768.86","741,800",1157.HK
3291,Iida Group Holdings Co Ltd,0.0013%,Consumer Discretionary,JP,"US$694,495.35","43,700",3291.T
6323,Rorze Corp,0.0013%,Technology,JP,"US$691,727.01","51,500",6323.T
1503,Shihlin Electric & Engineering Corp,0.0013%,Industrials,TW,"US$687,207.26","128,000",1503.TW
1860,Toda Corp,0.0013%,Industrials,JP,"US$686,934.96","88,300",1860.T
IGL,Indraprastha Gas Ltd,0.0013%,Utilities,IN,"US$683,376.50","306,582",IGLO.L
4385,Mercari Inc,0.0013%,Technology,JP,"US$683,953.86","40,200",438570.KS
138930,BNK Financial Group Inc,0.0013%,Financials,KR,"US$683,418.28","66,782",138930.KS
002304,Jiangsu Yanghe Distillery Co Ltd,0.0013%,Consumer Staples,CN,"US$680,828.13","72,700",002304.SZ
603288,Foshan Haitian Flavouring & Food Co Ltd,0.0013%,Consumer Staples,CN,"US$675,543.02","129,204",603288.SS
392,Beijing Enterprises Holdings Ltd,0.0013%,Utilities,HK,"US$675,500.92","154,500",3928.HK
002506,GCL System Integration Technology Co Ltd,0.0013%,Energy,CN,"US$673,892.45","1,846,400",002506.SZ
8967,Japan Logistics Fund Inc,0.0013%,Real Estate,JP,"US$677,167.57","1,020",8967.T
6849,Nihon Kohden Corp,0.0013%,Health Care,JP,"US$677,899.39","66,700",6849.T
601336,New China Life Insurance Co Ltd,0.0013%,Financials,CN,"US$672,590.41","72,400",601336.SS
011780,Kumho Petrochemical Co Ltd,0.0013%,Basic Materials,KR,"US$671,520.21","8,448",011780.KS
601111,Air China Ltd,0.0013%,Consumer Discretionary,CN,"US$665,555.28","585,900",601111.SS
CHDRAUIB,Grupo Comercial Chedraui SA de CV,0.0013%,Consumer Discretionary,MX,"US$663,463.09","90,900",CHDRAUIB.MX
CTPNV,CTP NV,0.0013%,Real Estate,NL,"US$667,911.09","31,346",CTPNVA.XC
MONET,Moneta Money Bank AS,0.0013%,Financials,CZ,"US$667,876.92","73,371",MONET.PR
300498,Wens Foodstuff Group Co Ltd,0.0013%,Consumer Staples,CN,"US$661,411.95","258,600",300498.SZ
HZ,Hindustan Zinc Ltd,0.0013%,Basic Materials,IN,"US$662,727.41","122,175",HZO
600016,China Minsheng Banking Corp Ltd,0.0013%,Financials,CN,"US$661,150.95","1,142,700",600016.SS
601766,CRRC Corp Ltd,0.0013%,Industrials,CN,"US$655,528.47","637,400",601766.SS
656,Fosun International Ltd,0.0013%,Industrials,HK,"US$657,962.70","1,054,040",6562.T
1513,Livzon Pharmaceutical Group Inc,0.0013%,Health Care,HK,"US$655,388.41","166,100",1513.TW
RACE,Ferrari NV,0.0013%,Consumer Discretionary,US,"US$657,216.30","1,677",RACE
SIBC,Saudi Investment Bank/The,0.0013%,Financials,SA,"US$649,998.52","188,151",SIB-USD
3471,Mitsui Fudosan Logistics Park Inc,0.0012%,Real Estate,JP,"US$645,549.50",836,3471.T
AGILITY,Agility Global PLC,0.0012%,Industrials,AE,"US$643,010.78","2,071,651",SD7C.HM
ICBP,Indofood CBP Sukses Makmur Tbk PT,0.0012%,Consumer Staples,ID,"US$646,928.55","1,275,100",ICBP.JK
GRF/P,Grifols SA,0.0012%,Health Care,ES,"US$643,413.51","73,044",GIFOF
ASTRA,Astral Ltd,0.0012%,Industrials,IN,"US$647,645.22","40,207",AZN
QFLS,Qatar Fuel QSC,0.0012%,Energy,QA,"US$639,705.38","155,693",QFLS.QA
EXID,Exide Industries Ltd,0.0012%,Industrials,IN,"US$638,606.66","152,406",EXID.MU
DUBK,Dukhan Bank,0.0012%,Financials,QA,"US$640,596.90","670,812",DUBK.QA
RESEARCH,Saudi Research & Media Group,0.0012%,Consumer Discretionary,SA,"US$635,038.45","16,718",LRCX
EMMN,Emmi AG,0.0012%,Consumer Staples,CH,"US$636,558.94",705,EMMN.SW
CCU,Cia Cervecerias Unidas SA,0.0012%,Consumer Staples,CL,"US$637,141.14","94,830",CCU
INDF,Indofood Sukses Makmur Tbk PT,0.0012%,Consumer Staples,ID,"US$632,748.72","1,433,800",INDF.JK
2811,Kagome Co Ltd,0.0012%,Consumer Staples,JP,"US$627,358.54","35,900",2811.T
AGUAS/A,Aguas Andinas SA,0.0012%,Utilities,CL,"US$630,001.77","1,594,861",AGUAS-A.SN
TELX,Tata Elxsi Ltd,0.0012%,Technology,IN,"US$629,360.36","10,913",TATAELXSI.BO
6066,CSC Financial Co Ltd,0.0012%,Financials,HK,"US$628,293.26","409,000",6066.HK
MOUWASAT,Mouwasat Medical Services Co,0.0012%,Health Care,SA,"US$628,576.47","33,978",4002.SR
3401,Teijin Ltd,0.0012%,Basic Materials,JP,"US$631,288.05","75,000",3401.T
9065,Sankyu Inc,0.0012%,Industrials,JP,"US$627,760.33","11,600",9065.T
CPIN,Charoen Pokphand Indonesia Tbk PT,0.0012%,Consumer Staples,ID,"US$631,798.32","2,272,700",CPINV.BR
6005,Capital Securities Corp,0.0012%,Financials,TW,"US$629,573.62","777,920",600584.SS
1138,COSCO SHIPPING Energy Transportation Co Ltd,0.0012%,Industrials,HK,"US$622,482.53","466,000",1138.HK
CMIG3,Cia Energetica de Minas Gerais,0.0012%,Utilities,BR,"US$622,396.46","233,867",CMIG3.SA
000625,Chongqing Changan Automobile Co Ltd,0.0012%,Consumer Discretionary,CN,"US$622,752.51","368,694",000625.SZ
002203,Zhejiang Hailiang Co Ltd,0.0012%,Basic Materials,CN,"US$624,150.12","354,100",002203.SZ
1055,China Southern Airlines Co Ltd,0.0012%,Consumer Discretionary,HK,"US$617,324.29","912,000",105560.KS
601360,360 Security Technology Inc,0.0012%,Technology,CN,"US$616,940.85","320,200",601360.SS
1908,C&D International Investment Group Ltd,0.0012%,Real Estate,HK,"US$620,710.03","292,000",1908.HK
5269,ASMedia Technology Inc,0.0012%,Technology,TW,"US$618,926.24","15,000",5269.TW
601577,Bank of Changsha Co Ltd,0.0012%,Financials,CN,"US$619,260.85","454,100",601577.SS
ASTRA,Astra Industrial Group,0.0012%,Financials,SA,"US$619,247.12","17,094",AZN
,Eurazeo SE,0.0012%,Financials,FR,"US$613,120.35","9,667",EUQ.BE
3M,3M India Ltd,0.0012%,Industrials,IN,"US$607,623.47","1,560",MMM
4966,Parade Technologies Ltd,0.0012%,Technology,TW,"US$610,769.48","29,000",4966.T
601995,China International Capital Corp Ltd,0.0012%,Financials,CN,"US$610,542.30","123,700",601995.SS
030000,Cheil Worldwide Inc,0.0012%,Consumer Discretionary,KR,"US$603,394.21","39,178",030000.KS
HUDCO,Housing & Urban Development Corp Ltd,0.0012%,Financials,IN,"US$599,516.81","224,111",HUDCO.NS
5463,Maruichi Steel Tube Ltd,0.0012%,Basic Materials,JP,"US$599,000.32","64,800",5463.T
9706,Japan Airport Terminal Co Ltd,0.0012%,Industrials,JP,"US$597,604.61","20,600",9706.T
921,Hisense Home Appliances Group Co Ltd,0.0012%,Consumer Discretionary,HK,"US$597,480.69","182,708",9218.T
JAMJOOMP,Jamjoom Pharmaceuticals Factory Co,0.0012%,Health Care,SA,"US$600,828.21","14,927",4015.SR
000338,Weichai Power Co Ltd,0.0012%,Industrials,CN,"US$597,002.10","243,800",000338.SZ
87,Swire Pacific Ltd,0.0011%,Consumer Staples,HK,"US$591,283.91","387,500",8729.T
600674,Sichuan Chuantou Energy Co Ltd,0.0011%,Utilities,CN,"US$591,330.54","286,700",600674.SS
868,Xinyi Glass Holdings Ltd,0.0011%,Industrials,HK,"US$594,405.06","540,000",XI9.BE
GENT,Genting Bhd,0.0011%,Consumer Discretionary,MY,"US$591,962.98","748,100",GENT
FIE,Fielmann Group AG,0.0011%,Consumer Discretionary,DE,"US$590,834.25","11,610",GFI
011790,SKC Co Ltd,0.0011%,Basic Materials,KR,"US$594,241.19","7,859",011790.KS
047050,Posco International Corp,0.0011%,Industrials,KR,"US$592,911.16","16,268",047050.KS
300296,Leyard Optoelectronic Co Ltd,0.0011%,Technology,CN,"US$592,884.37","669,500",300296.SZ
000513,Livzon Pharmaceutical Group Inc,0.0011%,Health Care,CN,"US$590,293.09","117,377",000513.SZ
COCHIN,Cochin Shipyard Ltd,0.0011%,Industrials,IN,"US$586,979.06","31,513",COCHINSHIP.NS
,Sodexo SA,0.0011%,,FR,"US$586,651.05","11,100",SW.VI
RA,Regional SAB de CV,0.0011%,Financials,MX,"US$585,369.77","78,700",RA
2883,China Oilfield Services Ltd,0.0011%,Energy,HK,"US$590,384.81","634,000",2883.T
23,Bank of East Asia Ltd/The,0.0011%,Financials,HK,"US$580,812.27","344,400",2330.TW
000039,China International Marine Containers Group Co Ltd,0.0011%,Industrials,CN,"US$580,589.76","452,000",000039.SZ
600183,Shengyi Technology Co Ltd,0.0011%,Technology,CN,"US$585,045.30","71,700",600183.SS
601021,Spring Airlines Co Ltd,0.0011%,Consumer Discretionary,CN,"US$580,003.54","74,600",601021.SS
3618,Chongqing Rural Commercial Bank Co Ltd,0.0011%,Financials,HK,"US$579,151.25","718,000",3618.HK
CATERING,Catrion Catering Holding Co,0.0011%,Consumer Discretionary,SA,"US$579,076.77","26,189",6004.SR
601808,China Oilfield Services Ltd,0.0011%,Energy,CN,"US$577,064.49","292,000",601808.SS
KLBF,Kalbe Farma Tbk PT,0.0011%,Health Care,ID,"US$573,564.70","7,960,600",KLBF.JK
000651,Gree Electric Appliances Inc of Zhuhai,0.0011%,Consumer Discretionary,CN,"US$570,376.65","99,900",000651.SZ
1071,Huadian Power International Corp Ltd,0.0011%,Utilities,HK,"US$570,424.89","998,000",1071P.PA
600026,COSCO SHIPPING Energy Transportation Co Ltd,0.0011%,Industrials,CN,"US$559,487.90","327,400",600026.SS
NETLINK,NETLINK NBN TRUST,0.0011%,Telecommunications,SG,"US$564,031.19","757,000",CJLU.SI
TALABAT,New Issuer: BB Company ID:72035566,0.0011%,Consumer Discretionary,AE,"US$559,945.29","2,220,945",TALABAT.AE
853,Microport Scientific Corp,0.0011%,Health Care,HK,"US$564,128.39","391,800",853.F
EMPOWER,Emirates Central Cooling Systems Corp,0.0011%,Industrials,AE,"US$563,519.39","1,326,745",MXMDX
GLO,Globe Telecom Inc,0.0011%,Telecommunications,PH,"US$560,078.54","20,503",GLO
4967,Kobayashi Pharmaceutical Co Ltd,0.0011%,Consumer Staples,JP,"US$555,283.56","16,600",4967.TW
BPT,Beach Energy Ltd,0.0011%,Energy,AU,"US$556,020.79","718,518",BPTH
PGSUS,Pegasus Hava Tasimaciligi AS,0.0011%,Consumer Discretionary,TR,"US$551,553.56","116,574",PGSUS.IS
NHC,New Hope Corp Ltd,0.0011%,Energy,AU,"US$549,728.88","219,439",NHC
600025,Huaneng Lancang River Hydropower Inc,0.0011%,Utilities,CN,"US$550,198.97","410,700",600025.SS
BOI,Bank of India,0.0011%,Financials,IN,"US$552,409.76","335,814",BOIL
9048,Nagoya Railroad Co Ltd,0.0011%,Industrials,JP,"US$553,596.60","52,500",9048.T
316,Orient Overseas International Ltd,0.0011%,Industrials,HK,"US$551,993.42","34,000",3167.HK
600352,Zhejiang Longsheng Group Co Ltd,0.0011%,Basic Materials,CN,"US$548,164.44","370,100",600352.SS
CCOLA,Coca-Cola Icecek AS,0.0011%,Consumer Staples,TR,"US$547,303.98","452,351",CCOLA.IS
ISAT,Indosat Tbk PT,0.0011%,Telecommunications,ID,"US$545,703.51","3,802,800",0P0001H3V5.SW
601006,Daqin Railway Co Ltd,0.0011%,Industrials,CN,"US$545,910.78","704,200",601006.SS
601222,Jiangsu Linyang Energy Co Ltd,0.0011%,Industrials,CN,"US$545,652.47","676,700",601222.SS
006280,Green Cross Corp/South Korea,0.001%,Health Care,KR,"US$543,082.31","5,890",006280.KS
601211,Guotai Junan Securities Co Ltd,0.001%,Financials,CN,"US$539,649.59","199,100",601211.SS
200012,CSG Holding Co Ltd,0.001%,Industrials,CN,"US$533,527.35","2,294,934",200012.SZ
1COV,Covestro AG,0.001%,Basic Materials,DE,"US$535,102.76","7,799",1COV.VI
005940,NH Investment & Securities Co Ltd,0.001%,Financials,KR,"US$535,076.02","38,107",005940.KS
ARCLK,Arcelik AS,0.001%,Consumer Discretionary,TR,"US$537,734.52","216,124",ARCLK.IS
QUINENC,Quinenco SA,0.001%,Financials,CL,"US$534,614.88","107,722",QUINENCO.SN
CIBEST,Grupo Cibest SA,0.001%,Financials,CO,"US$532,145.64","31,102",CIB
EMTK,Elang Mahkota Teknologi Tbk PT,0.001%,Consumer Discretionary,ID,"US$530,806.36","7,216,800",EMTK.JK
4816,Toei Animation Co Ltd,0.001%,Consumer Discretionary,JP,"US$525,072.09","28,500",4816.T
BANDHAN,Bandhan Bank Ltd,0.001%,Financials,IN,"US$524,434.03","311,980",IDFNIFTYET.NS
631,Sany Heavy Equipment International Holdings Co Ltd,0.001%,Industrials,HK,"US$523,847.87","561,000",6316.T
5214,Nippon Electric Glass Co Ltd,0.001%,Technology,JP,"US$527,051.59","14,200",5214.T
002390,Guizhou Xinbang Pharmaceutical Co Ltd,0.001%,Health Care,CN,"US$524,785.15","984,000",002390.KS
AIAE,AIA Engineering Ltd,0.001%,Industrials,IN,"US$527,478.79","12,215",AIAENG.NS
600648,Shanghai Waigaoqiao Free Trade Zone Group Co Ltd,0.001%,Real Estate,CN,"US$524,115.04","342,100",600648.SS
ELPE,HELLENiQ ENERGY Holdings S.A.,0.001%,Energy,GR,"US$520,727.54","54,288",ELPE.AT
INL,Investec Ltd,0.001%,Financials,ZA,"US$518,272.42","72,534",INLB
SOLUTION,Arabian Internet & Communications Services Co,0.001%,Technology,SA,"US$517,439.39","8,635",SWKS
4088,Air Water Inc,0.001%,Basic Materials,JP,"US$516,457.55","36,600",4088.T
1876,Budweiser Brewing Co APAC Ltd,0.001%,Consumer Staples,HK,"US$514,514.10","500,100",187660.KQ
688111,Beijing Kingsoft Office Software Inc,0.001%,Technology,CN,"US$515,213.11","11,699",688111.SS
600029,China Southern Airlines Co Ltd,0.001%,Consumer Discretionary,CN,"US$516,776.04","538,800",600029.SS
IRB,IRB Infrastructure Developers Ltd,0.001%,Industrials,IN,"US$513,807.52","1,071,051",IRBTQ
2202,China Vanke Co Ltd,0.001%,Real Estate,HK,"US$507,431.13","1,085,345",2202.HK
600820,Shanghai Tunnel Engineering Co Ltd,0.001%,Industrials,CN,"US$512,380.48","573,100",600820.SS
6268,Nabtesco Corp,0.001%,Industrials,JP,"US$507,807.11","23,300",6268.T
6098,Country Garden Services Holdings Co Ltd,0.001%,Real Estate,HK,"US$508,987.25","621,124",6098.T
BDMS-R,Bangkok Dusit Medical Services PCL,0.001%,Health Care,TH,"US$511,663.30","867,000",BDMS-R.BK
PPT,Perpetual Ltd,0.001%,Financials,AU,"US$506,878.02","40,277",PPT
KRDMA,Kardemir Karabuk Demir Celik Sanayi ve Ticaret AS,0.001%,Basic Materials,TR,"US$504,740.51","859,769",KRDMA.IS
600905,China Three Gorges Renewables Group Co Ltd,0.001%,Utilities,CN,"US$505,991.13","855,700",600905.SS
600050,China United Network Communications Ltd,0.001%,Telecommunications,CN,"US$506,086.48","662,500",600050.SS
YAL,Yancoal Australia Ltd,0.001%,Energy,AU,"US$502,625.22","140,888",HY
SGS,Saudi Ground Services Co,0.001%,Industrials,SA,"US$505,338.36","47,158",SYRMA.NS
EKGYO,Emlak Konut Gayrimenkul Yatirim Ortakligi AS,0.001%,Real Estate,TR,"US$505,692.32","1,017,191",EKGYO.IS
600085,Beijing Tong Ren Tang Co Ltd,0.001%,Health Care,CN,"US$503,007.52","106,300",600085.SS
450080,Ecopro Materials Co Ltd,0.001%,Basic Materials,KR,"US$504,771.36","12,799",450080.KS
601298,Qingdao Port International Co Ltd,0.001%,Industrials,CN,"US$501,935.93","422,400",601298.SS
548,Shenzhen Expressway Corp Ltd,0.001%,Industrials,HK,"US$497,487.67","522,000",5480.T
NATU3,Natura Cosmeticos SA,0.001%,Consumer Discretionary,BR,"US$499,390.58","321,875",NATU3.SA
CSAN3,Cosan SA,0.001%,Energy,BR,"US$498,241.53","432,176",CSAN3F.SA
300408,Chaozhou Three-Circle Group Co Ltd,0.001%,Technology,CN,"US$491,727.91","79,000",300408.SZ
DQ,Daqo New Energy Corp,0.001%,Basic Materials,US,"US$496,615.68","15,676",DQ
002966,Bank of Suzhou Co Ltd,0.001%,Financials,CN,"US$491,783.08","423,950",002966.SZ
753,Air China Ltd,0.0009%,Consumer Discretionary,HK,"US$487,823.67","600,000",7539.T
002038,Beijing SL Pharmaceutical Co Ltd,0.0009%,Health Care,CN,"US$486,969.63","440,200",002038.SZ
6110,Topsports International Holdings Ltd,0.0009%,Consumer Discretionary,HK,"US$487,351.01","1,103,000",6110.HK
600438,Tongwei Co Ltd,0.0009%,Energy,CN,"US$484,532.50","149,700",600438.SS
688008,Montage Technology Co Ltd,0.0009%,Technology,CN,"US$482,720.35","28,796",688008.SS
1359,China Cinda Asset Management Co Ltd,0.0009%,Financials,HK,"US$476,579.84","2,769,000",1359.HK
101,Hang Lung Properties Ltd,0.0009%,Real Estate,HK,"US$479,731.81","415,000",DGE.L
004020,Hyundai Steel Co,0.0009%,Basic Materials,KR,"US$474,423.28","23,103",004020.KS
AKSEN,Aksa Enerji Uretim AS,0.0009%,Utilities,TR,"US$472,826.89","381,155",AKSEN.IS
9044,Nankai Electric Railway Co Ltd,0.0009%,Industrials,JP,"US$469,438.00","24,900",9044.T
9921,Giant Manufacturing Co Ltd,0.0009%,Consumer Discretionary,TW,"US$470,699.28","146,994",9921.TW
URC,Universal Robina Corp,0.0009%,Consumer Staples,PH,"US$462,812.86","430,820",URC.TO
JFC,Jollibee Foods Corp,0.0009%,Consumer Discretionary,PH,"US$465,047.32","144,300",JFCIX
600808,Maanshan Iron & Steel Co Ltd,0.0009%,Basic Materials,CN,"US$462,245.03","835,700",600808.SS
002142,Bank of Ningbo Co Ltd,0.0009%,Financials,CN,"US$456,234.89","113,680",002142.SZ
GOAU4,Metalurgica Gerdau SA,0.0009%,Basic Materials,BR,"US$459,911.66","223,400",GOAU4F.SA
600350,Shandong Hi-speed Co Ltd,0.0009%,Industrials,CN,"US$458,938.31","353,400",600350.SS
8282,K's Holdings Corp,0.0009%,Consumer Discretionary,JP,"US$457,064.08","45,300",8282.T
NESZ,Nestle Malaysia Bhd,0.0009%,Consumer Staples,MY,"US$450,105.26","17,400",NSLYF
GQG,GQG Partners Inc,0.0009%,Financials,AU,"US$450,719.76","371,504",GQG.AX
000089,Shenzhen Airport Co Ltd,0.0009%,Industrials,CN,"US$450,921.57","459,300",000089.SZ
VOLCARB,Volvo Car AB,0.0009%,Consumer Discretionary,SE,"US$453,422.91","135,635",VOLCAR-B.ST
005385,Hyundai Motor Co,0.0009%,Consumer Discretionary,KR,"US$450,407.98","3,441",005385.KS
BRES,Barwa Real Estate Co,0.0009%,Real Estate,QA,"US$453,993.83","644,190",ABP.MI
SIPCHEM,Sahara International Petrochemical Co,0.0009%,Basic Materials,SA,"US$446,546.06","99,714",2310.SR
600176,China Jushi Co Ltd,0.0009%,Basic Materials,CN,"US$448,332.47","212,558",600176.SS
6806,Shenwan Hongyuan Group Co Ltd,0.0009%,Financials,HK,"US$443,084.67","1,112,800",6806.HK
8046,Nan Ya Printed Circuit Board Corp,0.0009%,Technology,TW,"US$443,285.01","53,000",8046.T
6178,Everbright Securities Co Ltd,0.0009%,Financials,HK,"US$440,040.07","373,200",6178.T
SAL,SAL Saudi Logistics Services,0.0009%,Industrials,SA,"US$443,335.54","9,789",CRM
600037,Beijing Gehua CATV Network Co Ltd,0.0009%,Consumer Discretionary,CN,"US$443,774.82","405,300",600037.SS
DIC,Dubai Investments PJSC,0.0009%,Industrials,AE,"US$441,712.02","472,986",BDX
MTEL,Dayamitra Telekomunikasi PT,0.0009%,Telecommunications,ID,"US$440,361.03","12,023,300",MTEL.JK
BBL-R,Bangkok Bank PCL,0.0008%,Financials,TH,"US$437,266.66","89,100",BBL-R.BK
GCC*,GCC SAB de CV,0.0008%,Industrials,MX,"US$434,674.71","43,700",AK4.F
ARTO,Aarti Industries Ltd,0.0008%,Basic Materials,IN,"US$438,505.44","102,598",ARTO.JK
000596,Anhui Gujing Distillery Co Ltd,0.0008%,Consumer Staples,CN,"US$438,160.90","18,625",000596.SZ
IREDA,Indian Renewable Energy Development Agency Ltd,0.0008%,Financials,IN,"US$437,083.33","273,590",IREDA.NS
9301,Mitsubishi Logistics Corp,0.0008%,Industrials,JP,"US$439,171.74","58,500",9301.F
956,China Suntien Green Energy Corp Ltd,0.0008%,Utilities,HK,"US$429,907.78","773,000",9564.T
SUN,Suntec Real Estate Investment Trust,0.0008%,Real Estate,SG,"US$431,367.80","407,800",SUN
688235,BeOne Medicines Ltd,0.0008%,Health Care,CN,"US$433,385.09","10,575",688235.SS
601012,LONGi Green Energy Technology Co Ltd,0.0008%,Energy,CN,"US$431,605.16","164,297",601012.SS
600089,TBEA Co Ltd,0.0008%,Industrials,CN,"US$432,641.62","140,290",600089.SS
586,China Conch Venture Holdings Ltd,0.0008%,Utilities,HK,"US$424,236.41","323,500",5868.T
000538,Yunnan Baiyao Group Co Ltd,0.0008%,Health Care,CN,"US$426,817.17","53,820",000538.SZ
000728,Guoyuan Securities Co Ltd,0.0008%,Financials,CN,"US$424,904.48","365,850",000728.SZ
1385,Shanghai Fudan Microelectronics Group Co Ltd,0.0008%,Technology,HK,"US$429,099.88","87,000",138520.KS
MGROS,Migros Ticaret AS,0.0008%,Consumer Staples,TR,"US$421,582.91","34,376",MGROS.IS
SAVOLA,Savola Group/The,0.0008%,Consumer Staples,SA,"US$418,901.05","60,769",2050.SR
ORBIA*,Orbia Advance Corp SAB de CV,0.0008%,Industrials,MX,"US$422,313.27","454,924",ORBIA.MX
002241,GoerTek Inc,0.0008%,Industrials,CN,"US$422,266.67","99,400",002241.SZ
078930,GS Holdings Corp,0.0008%,Industrials,KR,"US$414,721.11","10,814",078930.KS
LUBEREF,Saudi Aramco Base Oil Co,0.0008%,Energy,SA,"US$416,881.47","18,185",2223.SR
NMDC,NMDC Group PJSC,0.0008%,Industrials,AE,"US$414,675.09","70,905",NSLNISP.NS
874,Guangzhou Baiyunshan Pharmaceutical Holdings Co Ltd,0.0008%,Health Care,HK,"US$411,156.49","170,000",8747.T
ISAE4,CTEEP-Cia de Transmissao de Energia Eletrica Paulista,0.0008%,Utilities,BR,"US$412,449.16","79,131",ISAE4Q.SA
LICHF,LIC Housing Finance Ltd,0.0008%,Financials,IN,"US$412,023.74","67,118",LICHSGFIN.BO
AMR,Americana Restaurants International PLC - Foreign Co,0.0008%,Consumer Discretionary,AE,"US$410,227.40","870,927",AMR
001965,China Merchants Expressway Network & Technology Holdings Co Ltd,0.0008%,Industrials,CN,"US$412,557.03","293,100",001965.SZ
603369,Jiangsu King's Luck Brewery JSC Ltd,0.0008%,Consumer Staples,CN,"US$410,031.62","76,700",603369.SS
4530,Hisamitsu Pharmaceutical Co Inc,0.0008%,Health Care,JP,"US$412,175.58","15,000",4530.TWO
DN,Deepak Nitrite Ltd,0.0008%,Basic Materials,IN,"US$404,463.21","23,212",DNN
600295,Inner Mongolia ERDOS Resources Co Ltd,0.0008%,Basic Materials,CN,"US$408,169.48","260,174",600295.SS
AEFES,Anadolu Efes Biracilik Ve Malt Sanayii AS,0.0008%,Consumer Staples,TR,"US$404,085.73","1,087,180",AEFES.IS
600177,Youngor Fashion Co Ltd,0.0008%,Consumer Discretionary,CN,"US$403,203.30","369,200",600177.SS
600012,Anhui Expressway Co Ltd,0.0008%,Industrials,CN,"US$405,381.00","186,200",600012.SS
WHIRL,Whirlpool of India Ltd,0.0008%,Consumer Discretionary,IN,"US$400,745.28","33,435",WHR
3697,SHIFT Inc,0.0008%,Technology,JP,"US$400,433.19","64,500",3697.T
3279,Activia Properties Inc,0.0008%,Real Estate,JP,"US$394,223.65",429,3279.T
3994,Money Forward Inc,0.0008%,Technology,JP,"US$393,193.21","14,700",399415.SZ
200581,Weifu High-Technology Group Co Ltd,0.0008%,Consumer Discretionary,CN,"US$397,907.68","217,400",200581.SZ
LH/F,Land & Houses PCL,0.0008%,Real Estate,TH,"US$393,224.10","3,617,100",LHFG.BK
Z,Zee Entertainment Enterprises Ltd,0.0008%,Consumer Discretionary,IN,"US$390,360.16","344,109",Z
600848,Shanghai Lingang Holdings Corp Ltd,0.0008%,Real Estate,CN,"US$389,775.00","233,500",600848.SS
489790,Hanwha Industrial Solutions Co Ltd/ New,0.0008%,Industrials,KR,"US$388,592.15","13,183",489790.KS
3996,China Energy Engineering Corp Ltd,0.0008%,Industrials,HK,"US$391,587.03","2,698,000",399698.SZ
ITUB3,Itau Unibanco Holding SA,0.0008%,Financials,BR,"US$389,860.16","54,560",ITUB3.SA
UBBL,United Breweries Ltd,0.0007%,Consumer Staples,IN,"US$385,664.14","20,405",UBL.BO
1999,Man Wah Holdings Ltd,0.0007%,Consumer Discretionary,HK,"US$386,226.88","630,400",RMN.TA
002236,Zhejiang Dahua Technology Co Ltd,0.0007%,Technology,CN,"US$386,090.44","144,100",002236.SZ
EYDAP,Athens Water Supply & Sewage Co SA,0.0007%,Utilities,GR,"US$384,579.15","45,024",EYP.DU
4114,Nippon Shokubai Co Ltd,0.0007%,Basic Materials,JP,"US$383,261.78","32,000",411420.KS
KAYAN,Saudi Kayan Petrochemical Co,0.0007%,Basic Materials,SA,"US$387,336.33","280,516",2350.SR
SANB11,Banco Santander Brasil SA,0.0007%,Financials,BR,"US$378,278.93","59,100",SANB11.SA
GENM,Genting Malaysia Bhd,0.0007%,Consumer Discretionary,MY,"US$378,729.58","666,000",GENM
LEEJAM,Leejam Sports Co JSC,0.0007%,Consumer Discretionary,SA,"US$382,223.81","12,545",1830.SR
NLC,NLC India Ltd,0.0007%,Utilities,IN,"US$378,521.68","139,218",NLCP
3466,LaSalle Logiport REIT,0.0007%,Real Estate,JP,"US$382,154.44",384,3466.T
010950,S-Oil Corp,0.0007%,Energy,KR,"US$381,557.27","7,316",010950.KS
ADRO,Adaro Energy Indonesia Tbk PT,0.0007%,Energy,ID,"US$375,780.13","3,457,800",ADRO.JK
DMP,Domino's Pizza Enterprises Ltd,0.0007%,Consumer Discretionary,AU,"US$372,467.94","26,565",DMP.F
601788,Everbright Securities Co Ltd,0.0007%,Financials,CN,"US$376,560.59","153,600",601788.SS
002958,Qingdao Rural Commercial Bank Corp,0.0007%,Financials,CN,"US$376,056.42","846,600",002958.SZ
FLUOROCH,Gujarat Fluorochemicals Ltd,0.0007%,Basic Materials,IN,"US$371,485.97","9,706",FLUOROCHEM.NS
2606,U-Ming Marine Transport Corp,0.0007%,Industrials,TW,"US$365,837.18","187,000",260660.KQ
2531,Takara Holdings Inc,0.0007%,Consumer Staples,JP,"US$361,663.57","37,600",2531.HK
JGS,JG Summit Holdings Inc,0.0007%,Industrials,PH,"US$363,672.10","978,328",JGSC.DU
090435,Amorepacific Corp,0.0007%,Consumer Discretionary,KR,"US$361,886.24","11,470",090435.KS
600835,Shanghai Mechanical and Electrical Industry Co Ltd,0.0007%,Industrials,CN,"US$360,829.83","82,600",600835.SS
TATATECH,Tata Technologies Ltd,0.0007%,Technology,IN,"US$358,513.50","47,225",TATATECH.NS
6781,Advanced Energy Solution Holding Co Ltd,0.0007%,Industrials,TW,"US$358,132.87","8,000",6781.TW
DALLAH,Dallah Healthcare Co,0.0007%,Health Care,SA,"US$359,111.81","10,363",4004.SR
300251,Beijing Enlight Media Co Ltd,0.0007%,Consumer Discretionary,CN,"US$359,587.92","154,900",300251.SZ
601865,Flat Glass Group Co Ltd,0.0007%,Industrials,CN,"US$355,459.24","155,683",601865.SS
4516,Nippon Shinyaku Co Ltd,0.0007%,Health Care,JP,"US$353,871.20","15,200",4516.T
688126,National Silicon Industry Group Co Ltd,0.0007%,Technology,CN,"US$352,864.41","117,715",688126.SS
00680K,Mirae Asset Securities Co Ltd,0.0007%,Financials,KR,"US$354,221.58","52,673",00680K.KS
2264,Morinaga Milk Industry Co Ltd,0.0007%,Consumer Staples,JP,"US$346,042.93","14,400",2264.T
4483,JMDC Inc,0.0007%,Industrials,JP,"US$347,196.41","12,600",4483.T
NAHDI,Nahdi Medical Co,0.0007%,Consumer Staples,SA,"US$347,034.45","13,104",4164.SR
598,Sinotrans Ltd,0.0007%,Industrials,HK,"US$347,975.75","521,000",5985.T
002385,Beijing Dabeinong Technology Group Co Ltd,0.0007%,Consumer Staples,CN,"US$344,508.31","602,800",002385.SZ
3969,China Railway Signal & Communication Corp Ltd,0.0007%,Industrials,HK,"US$342,312.73","777,000",3969.T
1072,Dongfang Electric Corp Ltd,0.0007%,Energy,HK,"US$344,682.49","125,400",1072.HK
BANPU/F,Banpu PCL,0.0007%,Energy,TH,"US$345,625.30","2,472,757",NVAC.SG
022100,Posco DX Co Ltd,0.0007%,Technology,KR,"US$341,988.51","19,801",022100.KS
2588,BOC Aviation Ltd,0.0007%,Industrials,HK,"US$343,075.04","37,700",2588.T
600021,Shanghai Electric Power Co Ltd,0.0007%,Utilities,CN,"US$340,895.04","104,500",600021.SS
6324,Harmonic Drive Systems Inc,0.0007%,Industrials,JP,"US$342,563.28","17,300",6324.T
MKHZN,Agility Public Warehousing Co KSCC,0.0007%,Industrials,KW,"US$342,244.03","734,628",MKHZN.KW
000066,China Greatwall Technology Group Co Ltd,0.0007%,Technology,CN,"US$340,786.11","160,600",000066.SZ
ANE,Corp ACCIONA Energias Renovables SA,0.0007%,Utilities,ES,"US$343,602.41","14,045",ANET
DIF/F,Digital Telecommunications Infrastructure Fund,0.0007%,Telecommunications,TH,"US$337,825.60","1,182,206",DIFFNKG.NS
TMX,Thermax Ltd,0.0007%,Industrials,IN,"US$335,633.17","10,281",X.TO
IVL/F,Indorama Ventures PCL,0.0007%,Basic Materials,TH,"US$335,743.44","701,900",I93.SG
ALARABIA,Arabian Contracting Services Co,0.0007%,Consumer Discretionary,SA,"US$337,500.01","10,748",4071.SR
AOTHAIM,Abdullah Al Othaim Markets Co,0.0007%,Consumer Staples,SA,"US$340,372.50","187,778",4001.SR
600011,Huaneng Power International Inc,0.0006%,Utilities,CN,"US$331,937.27","301,600",600011.SS
KREIT,Keppel REIT,0.0006%,Real Estate,SG,"US$333,104.27","407,000",K71U.SI
600150,China CSSC Holdings Ltd,0.0006%,Industrials,CN,"US$332,568.20","68,400",600150.SS
576,Zhejiang Expressway Co Ltd,0.0006%,Industrials,HK,"US$334,559.96","345,000",57611.HK
7164,Zenkoku Hosho Co Ltd,0.0006%,Financials,JP,"US$333,149.63","16,400",7164.T
RYSAS,Reysas Tasimacilik ve Lojistik Ticaret AS,0.0006%,Industrials,TR,"US$328,581.09","1,033,996",RYSAS.IS
023530,Lotte Shopping Co Ltd,0.0006%,Consumer Discretionary,KR,"US$325,691.70","6,699",023530.KS
SGM,Sims Ltd,0.0006%,Utilities,AU,"US$325,334.55","29,011",SGMO
371,Beijing Enterprises Water Group Ltd,0.0006%,Utilities,HK,"US$327,558.57","1,008,000",3711.TW
AURE3,Auren Energia SA,0.0006%,Utilities,BR,"US$328,533.43","143,066",AURE3.SA
4743,Oneness Biotech Co Ltd,0.0006%,Health Care,TW,"US$328,583.97","151,656",4743.T
000009,China Baoan Group Co Ltd,0.0006%,Industrials,CN,"US$321,110.77","224,300",000009.SZ
8060,Canon Marketing Japan Inc,0.0006%,Technology,JP,"US$320,021.15","7,300",8060.T
3234,Mori Hills REIT Investment Corp,0.0006%,Real Estate,JP,"US$322,226.85",335,3234.TWO
601898,China Coal Energy Co Ltd,0.0006%,Energy,CN,"US$324,948.97","169,900",601898.SS
601696,BOC International China Co Ltd,0.0006%,Financials,CN,"US$316,376.83","173,100",601696.SS
900947,Shanghai Zhenhua Heavy Industries Co Ltd,0.0006%,Industrials,CN,"US$316,934.50","1,169,500",900947.SS
SJVN,SJVN Ltd,0.0006%,Utilities,IN,"US$315,889.76","362,902",SJVN.NS
BATA,Bata India Ltd,0.0006%,Consumer Discretionary,IN,"US$314,804.27","28,181",BPTR.JK
AKER,Aker ASA,0.0006%,Financials,NO,"US$319,192.18","4,091",AKRBP.OL
STLA,Stellantis NV,0.0006%,Consumer Discretionary,US,"US$319,075.12","29,932",STLA
6952,Casio Computer Co Ltd,0.0006%,Consumer Discretionary,JP,"US$319,461.07","38,600",6952.TW
4205,Zeon Corp,0.0006%,Basic Materials,JP,"US$317,905.16","27,800",4205.T
MAVI,Mavi Giyim Sanayi Ve Ticaret AS,0.0006%,Consumer Discretionary,TR,"US$313,563.68","353,154",MAVI.IS
SLCE3,SLC Agricola SA,0.0006%,Consumer Staples,BR,"US$310,542.90","100,320",SLCE3F.SA
123,Yuexiu Property Co Ltd,0.0006%,Real Estate,HK,"US$311,859.41","538,362",1232.HK
ERICA,Telefonaktiebolaget LM Ericsson,0.0006%,Telecommunications,SE,"US$309,728.52","32,102",ERICAS.XD
1772,Ganfeng Lithium Group Co Ltd,0.0006%,Basic Materials,HK,"US$307,257.40","48,840",1772.HK
IQ,iQIYI Inc,0.0006%,Consumer Discretionary,US,"US$307,725.66","140,514",IQ
4922,Kose Corp,0.0006%,Consumer Discretionary,JP,"US$307,159.24","9,300",4922.T
INTP,Indocement Tunggal Prakarsa Tbk PT,0.0006%,Industrials,ID,"US$306,149.05","775,500",INTP.JK
GDSP,Godrej Industries Ltd,0.0006%,Industrials,IN,"US$306,365.68","26,059",GDSP.XD
COLBUN,Colbun SA,0.0006%,Utilities,CL,"US$308,794.32","1,978,179",COLBUN.SN
HMN,Emami Ltd,0.0006%,Consumer Staples,IN,"US$301,607.61","50,854",HMN
282330,BGF retail Co Ltd,0.0006%,Consumer Staples,KR,"US$301,927.72","4,100",282330.KS
5471,Daido Steel Co Ltd,0.0006%,Basic Materials,JP,"US$303,941.04","30,000",5471.T
600918,Zhongtai Securities Co Ltd,0.0006%,Financials,CN,"US$294,126.85","313,600",600918.SS
1888,Kingboard Laminates Holdings Ltd,0.0006%,Technology,HK,"US$296,609.12","204,000",1888.HK
1368,Xtep International Holdings Ltd,0.0006%,Consumer Discretionary,HK,"US$298,483.10","413,500",1368.T
SASA,Sasa Polyester Sanayi AS,0.0006%,Basic Materials,TR,"US$297,290.47","4,325,220",SASA.IS
6592,Mabuchi Motor Co Ltd,0.0006%,Industrials,JP,"US$295,353.41","16,600",6592.TW
5714,Dowa Holdings Co Ltd,0.0006%,Basic Materials,JP,"US$292,262.10","7,500",5714.T
RLXF,Relaxo Footwears Ltd,0.0006%,Consumer Discretionary,IN,"US$292,421.76","63,913",RELAXO.BO
552,China Communications Services Corp Ltd,0.0006%,Telecommunications,HK,"US$290,238.39","464,000",5527.T
1060,Damai Entertainment Holdings Ltd,0.0006%,Consumer Discretionary,HK,"US$285,784.01","2,500,000",1060.SR
002036,LianChuang Electronic Technology Co Ltd,0.0006%,Industrials,CN,"US$288,396.72","198,700",002036.SZ
PETD,Petronas Dagangan Bhd,0.0006%,Energy,MY,"US$286,328.86","59,700",M1PC34.SA
688012,Advanced Micro-Fabrication Equipment Inc China,0.0006%,Technology,CN,"US$284,713.67","7,507",688012.SS
RATCH/F,Ratch Group PCL,0.0006%,Utilities,TH,"US$285,333.13","311,400",RA5F.SG
AGHOL,AG Anadolu Grubu Holding AS,0.0006%,Industrials,TR,"US$285,249.63","434,030",AGHOL.IS
4272,Nippon Kayaku Co Ltd,0.0006%,Basic Materials,JP,"US$285,595.64","27,200",4272.T
2282,MGM China Holdings Ltd,0.0005%,Consumer Discretionary,HK,"US$281,783.81","132,800",2282.T
002380,KCC Corp,0.0005%,Industrials,KR,"US$279,861.97",987,002380.KS
8086,Nipro Corp,0.0005%,Health Care,JP,"US$279,871.84","29,000",8086.T
,Sodexo SA,0.0005%,,FR,"US$281,539.65","5,327",SW.VI
991,Datang International Power Generation Co Ltd,0.0005%,Utilities,HK,"US$281,273.12","948,000",9913.HK
CZG,Colt CZ Group SE,0.0005%,Industrials,CZ,"US$281,127.52","8,099",CZG.PR
BTS/F,BTS Group Holdings PCL,0.0005%,Industrials,TH,"US$282,372.93","3,523,642",BTSGY
002459,JA Solar Technology Co Ltd,0.0005%,Energy,CN,"US$283,296.12","165,916",002459.SZ
CSNA3,Cia Siderurgica Nacional SA,0.0005%,Basic Materials,BR,"US$280,059.14","177,300",CSNA3F.SA
1508,China Reinsurance Group Corp,0.0005%,Financials,HK,"US$275,996.71","1,343,000",150840.KQ
3923,Rakus Co Ltd,0.0005%,Technology,JP,"US$275,523.23","34,800",3923.T
SRE*,Sempra,0.0005%,Utilities,MX,"US$275,122.05","2,904",SREEL.NS
HAPV3,Hapvida Participacoes e Investimentos S/A,0.0005%,Health Care,BR,"US$271,634.53","102,936",HAPV3F.SA
7240,NOK Corp,0.0005%,Consumer Discretionary,JP,"US$269,197.05","15,100",7240.T
2127,Nihon M&A Center Holdings Inc,0.0005%,Financials,JP,"US$269,794.94","57,500",2127.T
RGN,Region RE Ltd,0.0005%,Real Estate,AU,"US$271,318.17","173,105",RGNX
HART,Hartalega Holdings Bhd,0.0005%,Health Care,MY,"US$268,433.15","1,109,300",HIG
PSSA3,Porto Seguro SA,0.0005%,Financials,BR,"US$267,603.12","30,300",PSSA3.SA
2206,Ezaki Glico Co Ltd,0.0005%,Consumer Staples,JP,"US$264,338.35","7,500",2206.T
1797,East Buy Holding Ltd,0.0005%,Consumer Discretionary,HK,"US$266,851.62","106,000",1797.HK
VAPORES,Cia Sud Americana de Vapores SA,0.0005%,Industrials,CL,"US$267,255.53","5,127,034",VAPORES.SN
008770,Hotel Shilla Co Ltd,0.0005%,Consumer Discretionary,KR,"US$267,341.31","8,641",008770.KS
1199,COSCO SHIPPING Ports Ltd,0.0005%,Industrials,HK,"US$258,939.58","360,000",1199.HK
6103,OKUMA Corp,0.0005%,Industrials,JP,"US$260,570.33","10,800",6103.T
4208,UBE Corp,0.0005%,Basic Materials,JP,"US$260,310.80","16,200",4208.T
INKP,Indah Kiat Pulp & Paper Tbk PT,0.0005%,Basic Materials,ID,"US$257,691.53","489,100",INKP.JK
3292,AEON REIT Investment Corp,0.0005%,Real Estate,JP,"US$259,520.67",298,3292.T
TAEE11,Transmissora Alianca de Energia Eletrica S/A,0.0005%,Utilities,BR,"US$254,936.37","31,300",TAEE11.SA
TU/F,Thai Union Group PCL,0.0005%,Consumer Staples,TH,"US$255,114.15","631,800",SHPP.L
9449,GMO internet group Inc,0.0005%,Technology,JP,"US$257,033.00","10,000",9449.T
17,New World Development Co Ltd,0.0005%,Real Estate,HK,"US$255,847.85","289,946",AV.L
1414,SHO-BOND Holdings Co Ltd,0.0005%,Industrials,JP,"US$252,768.98","7,800",1414.T
002287,Tibet Cheezheng Tibetan Medicine Co Ltd,0.0005%,Health Care,CN,"US$256,015.45","73,240",002287.SZ
601992,BBMG Corp,0.0005%,Industrials,CN,"US$256,997.72","1,062,400",601992.SS
1951,Jinxin Fertility Group Ltd,0.0005%,Health Care,HK,"US$247,883.91","807,500",1951.T
002466,Tianqi Lithium Corp,0.0005%,Basic Materials,CN,"US$250,668.91","32,200",002466.SZ
RBK,RBL Bank Ltd,0.0005%,Financials,IN,"US$251,044.60","71,880",RBKB
ARABIAND,Arabian Drilling Co,0.0005%,Energy,SA,"US$247,629.25","10,125",2381.SR
4118,Kaneka Corp,0.0005%,Basic Materials,JP,"US$250,374.88","8,900",4118.T
002127,NanJi E-Commerce Co Ltd,0.0005%,Technology,CN,"US$247,403.08","485,800",002127.SZ
CENCOMAL,Cencosud Shopping SA,0.0005%,Real Estate,CL,"US$250,446.55","96,530",CENCOMALLS.SN
601377,Industrial Securities Co Ltd,0.0005%,Financials,CN,"US$247,433.81","258,360",601377.SS
GMAT3,Grupo Mateus SA,0.0005%,Consumer Discretionary,BR,"US$244,634.30","256,300",GMAT3F.SA
,Sodexo SA,0.0005%,Consumer Discretionary,FR,"US$243,962.28","4,616",SW.VI
2593,Ito En Ltd,0.0005%,Consumer Staples,JP,"US$243,372.00","11,700",2593.T
2689,Nine Dragons Paper Holdings Ltd,0.0005%,Basic Materials,HK,"US$243,598.44","302,000",2689.T
551,Yue Yuen Industrial Holdings Ltd,0.0005%,Consumer Discretionary,HK,"US$246,149.94","116,500",5515.TW
CUERVO*,Becle SAB de CV,0.0005%,Consumer Staples,MX,"US$243,942.86","202,900",CUERVO.MX
002252,Shanghai RAAS Blood Products Co Ltd,0.0005%,Health Care,CN,"US$245,543.40","261,800",002252.SZ
220,Uni-President China Holdings Ltd,0.0005%,Consumer Staples,HK,"US$246,945.13","232,200",220100.KQ
CLAS,CapitaLand Ascott Trust,0.0005%,Real Estate,SG,"US$245,361.45","336,275",GDK=F
002050,Zhejiang Sanhua Intelligent Controls Co Ltd,0.0005%,Industrials,CN,"US$246,949.78","40,616",002050.SZ
CPFE3,CPFL Energia SA,0.0005%,Utilities,BR,"US$245,529.46","26,900",CPFE3.SA
5301,Tokai Carbon Co Ltd,0.0005%,Basic Materials,JP,"US$241,766.10","36,700",5301.KL
600926,Bank of Hangzhou Co Ltd,0.0005%,Financials,CN,"US$241,052.35","109,300",600926.SS
000921,Hisense Home Appliances Group Co Ltd,0.0005%,Consumer Discretionary,CN,"US$239,728.39","63,900",000921.SZ
2229,Calbee Inc,0.0005%,Consumer Staples,JP,"US$240,251.84","12,600",2229.T
2386,Sinopec Engineering Group Co Ltd,0.0005%,Industrials,HK,"US$239,316.82","253,500",238670.KS
4681,Resorttrust Inc,0.0005%,Consumer Discretionary,JP,"US$239,307.91","19,200",4681.T
639,Shougang Fushan Resources Group Ltd,0.0005%,Energy,HK,"US$239,180.95","639,920",6395.T
696,TravelSky Technology Ltd,0.0005%,Technology,HK,"US$236,686.96","175,000",6961.TWO
600104,SAIC Motor Corp Ltd,0.0005%,Consumer Discretionary,CN,"US$235,277.80","111,100",600104.SS
9507,Shikoku Electric Power Co Inc,0.0005%,Utilities,JP,"US$236,378.08","23,600",9507.T
7282,Toyoda Gosei Co Ltd,0.0005%,Consumer Discretionary,JP,"US$233,348.29","10,200",7282.T
300014,Eve Energy Co Ltd,0.0005%,Industrials,CN,"US$235,253.62","23,288",300014.SZ
2357,AviChina Industry & Technology Co Ltd,0.0005%,Industrials,HK,"US$232,732.22","467,000",2357.TW
6951,Jeol Ltd,0.0005%,Industrials,JP,"US$234,891.38","7,600",6951.TW
002044,Meinian Onehealth Healthcare Holdings Co Ltd,0.0005%,Health Care,CN,"US$235,450.10","311,100",002044.SZ
6078,Hygeia Healthcare Holdings Co Ltd,0.0005%,Health Care,HK,"US$233,814.67","144,018",6078.T
002673,Western Securities Co Ltd,0.0005%,Financials,CN,"US$231,672.88","204,200",002673.SZ
,SEB SA,0.0004%,,FR,"US$227,298.82","4,020",GRB.DU
6412,Heiwa Corp,0.0004%,Consumer Discretionary,JP,"US$231,320.73","17,600",6412.T
2451,Transcend Information Inc,0.0004%,Technology,TW,"US$227,401.62","39,000",2451.HK
002001,Zhejiang NHU Co Ltd,0.0004%,Consumer Staples,CN,"US$228,950.82","66,384",002001.SZ
377300,Kakaopay Corp,0.0004%,Industrials,KR,"US$229,340.77","6,800",377300.KS
RYM,Ryman Healthcare Ltd,0.0004%,Health Care,NZ,"US$226,581.27","135,638",RYM
601009,Bank of Nanjing Co Ltd,0.0004%,Financials,CN,"US$228,651.92","139,700",601009.SS
601212,Baiyin Nonferrous Group Co Ltd,0.0004%,Basic Materials,CN,"US$222,024.49","319,000",601212.SS
139130,DGB Financial Group Inc,0.0004%,Financials,KR,"US$224,080.17","23,045",139130.KS
683,Kerry Properties Ltd,0.0004%,Real Estate,HK,"US$224,301.27","83,000",6831.HK
9696,Tianqi Lithium Corp,0.0004%,Basic Materials,HK,"US$222,712.70","35,200",9696.HK
603986,GigaDevice Semiconductor Inc,0.0004%,Technology,CN,"US$221,581.42","7,716",603986.SS
2810,House Foods Group Inc,0.0004%,Consumer Staples,JP,"US$217,504.65","11,600",2810.T
601100,Jiangsu Hengli Hydraulic Co Ltd,0.0004%,Industrials,CN,"US$220,571.60","15,392",601100.SS
2498,HTC Corp,0.0004%,Telecommunications,TW,"US$216,447.35","136,000",2498.T
601866,COSCO SHIPPING Development Co Ltd,0.0004%,Industrials,CN,"US$218,608.99","608,400",601866.SS
139480,E-MART Inc,0.0004%,Consumer Discretionary,KR,"US$219,554.48","4,129",139480.KS
FPE,FUCHS SE,0.0004%,Basic Materials,DE,"US$216,983.39","6,120",FPE
303,VTech Holdings Ltd,0.0004%,Telecommunications,HK,"US$217,325.58","26,900",3035.TW
2670,ABC-Mart Inc,0.0004%,Consumer Discretionary,JP,"US$219,177.83","12,600",2670.T
MULT3,Multiplan Empreendimentos Imobiliarios SA,0.0004%,Real Estate,BR,"US$216,897.77","38,426",MULT3.SA
OR/F,PTT Oil & Retail Business PCL,0.0004%,Energy,TH,"US$220,310.61","525,400",OFNZ.XC
9003,Sotetsu Holdings Inc,0.0004%,Consumer Discretionary,JP,"US$218,885.61","12,300",9003.T
9989,Shenzhen Hepalink Pharmaceutical Group Co Ltd,0.0004%,Health Care,HK,"US$216,289.05","313,000",9989.HK
152,Shenzhen International Holdings Ltd,0.0004%,Industrials,HK,"US$216,149.04","195,000",1523.HK
ABMB,Alliance Bank Malaysia Bhd,0.0004%,Financials,MY,"US$216,074.86","193,694",2488.KL
000425,XCMG Construction Machinery Co Ltd,0.0004%,Industrials,CN,"US$215,044.10","147,300",000425.SZ
1128,Wynn Macau Ltd,0.0004%,Consumer Discretionary,HK,"US$215,379.16","256,400",1128.HK
000999,China Resources Sanjiu Medical & Pharmaceutical Co Ltd,0.0004%,Health Care,CN,"US$213,631.47","53,742",000999.SZ
3406,Genius Electronic Optical Co Ltd,0.0004%,Technology,TW,"US$213,637.09","15,000",3406.TW
2201,Morinaga & Co Ltd/Japan,0.0004%,Consumer Staples,JP,"US$215,584.75","12,600",220100.KQ
2039,China International Marine Containers Group Co Ltd,0.0004%,Industrials,HK,"US$214,218.75","205,650",2039.T
659,CTF Services Ltd,0.0004%,Industrials,HK,"US$214,190.30","220,000",6590.TWO
AVIA,Avia Avian Tbk PT,0.0004%,Industrials,ID,"US$213,351.07","7,724,700",ACHR
000895,Henan Shuanghui Investment & Development Co Ltd,0.0004%,Consumer Staples,CN,"US$208,468.58","54,600",000895.SZ
8876,Relo Group Inc,0.0004%,Real Estate,JP,"US$206,613.26","18,800",8876.T
QAMC,Qatar Aluminum Manufacturing Co,0.0004%,Basic Materials,QA,"US$208,193.69","494,477",QAMC.QA
688180,Shanghai Junshi Biosciences Co Ltd,0.0004%,Health Care,CN,"US$209,559.54","39,929",688180.SS
YACCO,Yamama Cement Co,0.0004%,Industrials,SA,"US$205,590.05","33,244",3020.SR
TOP/F,Thai Oil PCL,0.0004%,Energy,TH,"US$209,597.76","192,800",001373.SZ
LTTS,L&T Technology Services Ltd,0.0004%,Industrials,IN,"US$204,179.72","4,113",LTTS.NS
600252,Guangxi Wuzhou Zhongheng Group Co Ltd,0.0004%,Health Care,CN,"US$202,373.76","493,300",600252.SS
204320,HL Mando Co Ltd,0.0004%,Consumer Discretionary,KR,"US$204,949.38","6,468",204320.KS
DWNI,Deutsche Wohnen SE,0.0004%,Real Estate,DE,"US$202,020.42","7,985",DWNI.DE
605117,Ningbo Deye Technology Co Ltd,0.0004%,Industrials,CN,"US$202,129.03","17,640",605117.SS
4206,Aica Kogyo Co Ltd,0.0004%,Basic Materials,JP,"US$201,207.31","8,800",4206.T
881,Zhongsheng Group Holdings Ltd,0.0004%,Consumer Discretionary,HK,"US$201,543.88","134,000",8818.T
4686,Justsystems Corp,0.0004%,Technology,JP,"US$200,531.88","6,100",4686.T
688002,Raytron Technology Co Ltd,0.0004%,Technology,CN,"US$203,013.71","18,858",688002.SS
HWA,Honeywell Automation India Ltd,0.0004%,Industrials,IN,"US$201,414.85",509,HWAUF
817,China Jinmao Holdings Group Ltd,0.0004%,Real Estate,HK,"US$202,419.85","1,142,000",8174.T
STARHEAL,Star Health & Allied Insurance Co Ltd,0.0004%,Financials,IN,"US$203,984.62","37,393",STARHEALTH.NS
200625,Chongqing Changan Automobile Co Ltd,0.0004%,Consumer Discretionary,CN,"US$201,060.39","365,742",200625.SZ
2238,Guangzhou Automobile Group Co Ltd,0.0004%,Consumer Discretionary,HK,"US$203,554.25","382,800",2238.HK
300144,Songcheng Performance Development Co Ltd,0.0004%,Consumer Discretionary,CN,"US$203,396.54","182,000",300144.SZ
ASTOR,Astor Transformator Enerji Turizm Insaat Ve Petrol Sanayi Ticaret AS,0.0004%,Industrials,TR,"US$201,690.43","94,573",Y73.F
STRS,Strauss Group Ltd,0.0004%,Consumer Staples,IL,"US$203,950.19","6,776",STRS
SADAFCO,Saudia Dairy & Foodstuff Co,0.0004%,Consumer Staples,SA,"US$204,742.01","3,203",2270.SR
2201,Yulon Motor Co Ltd,0.0004%,Consumer Discretionary,TW,"US$200,721.70","176,214",220100.KQ
8976,Daiwa Office Investment Corp,0.0004%,Real Estate,JP,"US$200,205.06",82,8976.T
8572,Acom Co Ltd,0.0004%,Financials,JP,"US$199,983.98","65,700",8572.T
CMIN3,CSN Mineracao SA,0.0004%,Basic Materials,BR,"US$197,780.36","195,700",CMIN3.SA
ALVO,Alvotech SA,0.0004%,Health Care,IS,"US$197,683.77","38,892",ALVO
14,Hysan Development Co Ltd,0.0004%,Real Estate,HK,"US$198,011.71","87,000",GSK.L
6753,Sharp Corp/Japan,0.0004%,Technology,JP,"US$197,057.03","39,500",6753.T
001979,China Merchants Shekou Industrial Zone Holdings Co Ltd,0.0004%,Real Estate,CN,"US$198,065.06","151,200",001979.SZ
8570,AEON Financial Service Co Ltd,0.0004%,Financials,JP,"US$199,701.38","19,900",8570.T
TBIG,PT Tower Bersama Infrastructure Tbk,0.0004%,Telecommunications,ID,"US$197,071.35","1,653,513",TBIG.JK
754,Hopson Development Holdings Ltd,0.0004%,Real Estate,HK,"US$197,190.51","506,682",7545.T
PGAS,Perusahaan Gas Negara Tbk PT,0.0004%,Utilities,ID,"US$195,726.81","1,806,000",PGAS.JK
BRSAN,Borusan Birlesik Boru Fabrikalari Sanayi ve Ticaret AS,0.0004%,Basic Materials,TR,"US$195,244.59","18,734",BRSAN.IS
600010,Inner Mongolia BaoTou Steel Union Co Ltd,0.0004%,Basic Materials,CN,"US$199,825.86","581,300",600010.SS
10,Hang Lung Group Ltd,0.0004%,Real Estate,HK,"US$192,725.03","96,000",NQ=F
DRR,Deterra Royalties Ltd,0.0004%,Basic Materials,AU,"US$191,549.98","72,120",DRR.AX
,Sodexo SA,0.0004%,Consumer Discretionary,FR,"US$193,806.25","3,667",SW.VI
600018,Shanghai International Port Group Co Ltd,0.0004%,Industrials,CN,"US$190,356.42","246,000",600018.SS
KTC/F,Krungthai Card PCL,0.0004%,Financials,TH,"US$184,685.51","218,200",KRTA.F
3320,China Resources Pharmaceutical Group Ltd,0.0004%,Health Care,HK,"US$187,647.71","305,000",3320.T
002429,Shenzhen MTC Co Ltd,0.0004%,Consumer Discretionary,CN,"US$187,885.33","207,200",002429.SZ
293,Cathay Pacific Airways Ltd,0.0004%,Consumer Discretionary,HK,"US$188,274.85","121,545",2938.T
001450,Hyundai Marine & Fire Insurance Co Ltd,0.0004%,Financials,KR,"US$187,392.34","9,171",001450.KS
MANYAVAR,Vedant Fashions Ltd,0.0004%,Consumer Discretionary,IN,"US$187,664.90","27,602",MANYAVAR.NS
4587,PeptiDream Inc,0.0004%,Health Care,JP,"US$189,349.57","16,600",4587.T
4812,Dentsu Soken Inc,0.0004%,Technology,JP,"US$187,311.76","3,700",4812.T
002230,Iflytek Co Ltd,0.0004%,Technology,CN,"US$180,736.32","25,800",002230.SZ
NIC,National Industrialization Co,0.0004%,Basic Materials,SA,"US$183,119.15","68,765",NIC
3549,Kusuri no Aoki Holdings Co Ltd,0.0004%,Consumer Staples,JP,"US$180,311.44","7,200",3549.T
300458,All Winner Technology Co Ltd,0.0004%,Technology,CN,"US$183,124.12","30,836",300458.SZ
ARI,African Rainbow Minerals Ltd,0.0004%,Basic Materials,ZA,"US$183,504.05","17,533",ARI
2222,Kotobuki Spirits Co Ltd,0.0004%,Consumer Staples,JP,"US$182,910.93","15,500",2222.SR
1722,Taiwan Fertilizer Co Ltd,0.0004%,Basic Materials,TW,"US$183,670.54","122,000",1722.HK
MONDE,Monde Nissin Corp,0.0004%,Consumer Staples,PH,"US$181,242.32","1,739,600",MDLZ
603799,Zhejiang Huayou Cobalt Co Ltd,0.0003%,Basic Materials,CN,"US$176,246.05","20,150",603799.SS
KIO,Kumba Iron Ore Ltd,0.0003%,Basic Materials,ZA,"US$179,103.90","9,174",KIO
097950,CJ CheilJedang Corp,0.0003%,Consumer Staples,KR,"US$176,073.16","1,236",097950.KS
002353,Yantai Jereh Oilfield Services Group Co Ltd,0.0003%,Energy,CN,"US$177,218.12","22,200",002353.SZ
002311,Guangdong Haid Group Co Ltd,0.0003%,Consumer Staples,CN,"US$174,450.24","22,100",002311.SZ
3918,NagaCorp Ltd,0.0003%,Consumer Discretionary,HK,"US$178,870.11","273,061",3918.T
600160,Zhejiang Juhua Co Ltd,0.0003%,Basic Materials,CN,"US$175,448.97","37,000",600160.SS
SK,SEB SA,0.0003%,Consumer Discretionary,FR,"US$175,449.81","3,103",SWKS
APPC,Advanced Petrochemical Co,0.0003%,Basic Materials,SA,"US$174,400.66","20,652",APPCF
002064,Huafon Chemical Co Ltd,0.0003%,Basic Materials,CN,"US$175,981.16","132,200",002064.SZ
MFG,Magellan Financial Group Ltd,0.0003%,Financials,AU,"US$169,593.43","27,193",MFG
MYOR,Mayora Indah Tbk PT,0.0003%,Consumer Staples,ID,"US$174,203.66","1,330,900",MYOR.JK
900934,Shanghai Jinjiang International Hotels Co Ltd,0.0003%,Consumer Discretionary,CN,"US$169,945.50","127,300",900934.SS
TKA,Telekom Austria AG,0.0003%,Telecommunications,AT,"US$169,784.89","16,401",TKA.DE
1618,Metallurgical Corp of China Ltd,0.0003%,Industrials,HK,"US$174,199.80","625,000",1618.TW
002736,Guosen Securities Co Ltd,0.0003%,Financials,CN,"US$173,986.80","94,900",002736.SZ
UNVR,Unilever Indonesia Tbk PT,0.0003%,Consumer Staples,ID,"US$168,145.30","1,077,100",UNVR.JK
000028,China National Accord Medicines Corp Ltd,0.0003%,Consumer Staples,CN,"US$166,548.30","47,320",000028.SZ
601169,Bank of Beijing Co Ltd,0.0003%,Financials,CN,"US$167,291.61","208,200",601169.SS
600893,AECC Aviation Power Co Ltd,0.0003%,Industrials,CN,"US$166,204.03","31,600",600893.SS
383220,F&F Co Ltd / New,0.0003%,Consumer Discretionary,KR,"US$168,831.47","3,420",383220.KS
ENRG,Energix-Renewable Energies Ltd,0.0003%,Utilities,IL,"US$165,493.79","37,889",ENRG.L
8424,Fuyo General Lease Co Ltd,0.0003%,Consumer Discretionary,JP,"US$168,834.35","6,300",8424.T
HPHT,Hutchison Port Holdings Trust,0.0003%,Industrials,SG,"US$164,178.00","781,800",HPHTF
2204,China Motor Corp,0.0003%,Consumer Discretionary,TW,"US$164,079.02","85,400",2204.TW
165,China Everbright Ltd,0.0003%,Financials,HK,"US$167,647.97","146,000",1653.HK
DFI,DFI Retail Group Holdings Ltd,0.0003%,Consumer Staples,SG,"US$164,432.00","47,800",DFIN
601229,Bank of Shanghai Co Ltd,0.0003%,Financials,CN,"US$159,473.19","114,100",601229.SS
ILCO,Israel Corp Ltd,0.0003%,Basic Materials,IL,"US$162,501.47",589,ILC-GBP
TPG,TPG Telecom Ltd,0.0003%,Telecommunications,AU,"US$159,332.33","64,789",TPG
2296,Itoham Yonekyu Holdings Inc,0.0003%,Consumer Staples,JP,"US$162,127.52","4,400",229640.KS
SEERA,Seera Group Holding,0.0003%,Consumer Discretionary,SA,"US$161,302.25","21,337",1810.SR
068760,Celltrion Pharm Inc,0.0003%,Health Care,KR,"US$160,953.05","3,824",068760.KQ
AWL,Adani Wilmar Ltd,0.0003%,Consumer Staples,IN,"US$163,031.23","56,304",AWL.BO
,SEB SA,0.0003%,,FR,"US$161,031.60","2,848",GRB.DU
000998,Yuan Longping High-tech Agriculture Co Ltd,0.0003%,Consumer Staples,CN,"US$159,942.28","116,800",000998.SZ
600584,JCET Group Co Ltd,0.0003%,Technology,CN,"US$162,050.80","31,900",600584.SS
SITES1,Operadora De Sites Mexicanos SAB de CV,0.0003%,Telecommunications,MX,"US$153,766.62","188,970",SITES1A-1.MX
011170,Lotte Chemical Corp,0.0003%,Industrials,KR,"US$155,873.25","3,175",011170.KS
NEOE3,Neoenergia SA,0.0003%,Utilities,BR,"US$154,101.47","25,500",NEOE3.SA
SPEN,Shapir Engineering and Industry Ltd,0.0003%,Industrials,IL,"US$148,956.97","16,551",SPENCERS.NS
363,Shanghai Industrial Holdings Ltd,0.0003%,Real Estate,HK,"US$149,157.42","76,000",3631.TWO
6099,China Merchants Securities Co Ltd,0.0003%,Financials,HK,"US$150,928.25","80,100",6099.T
601607,Shanghai Pharmaceuticals Holding Co Ltd,0.0003%,Health Care,CN,"US$148,648.67","59,000",601607.SS
,Sodexo SA,0.0003%,Consumer Discretionary,FR,"US$150,256.66","2,843",SW.VI
ARPT,Airport City Ltd,0.0003%,Real Estate,IL,"US$144,215.55","7,683",ARPT.TA
SNT,Santam Ltd,0.0003%,Financials,ZA,"US$147,655.29","6,049",SNT
1579,Yihai International Holding Ltd,0.0003%,Consumer Staples,HK,"US$145,168.00","91,000",1579.HK
603077,Sichuan Hebang Biotechnology Co Ltd,0.0003%,Basic Materials,CN,"US$146,847.83","474,000",603077.SS
EXTRA,United Electronics Co,0.0003%,Consumer Discretionary,SA,"US$144,104.28","6,000",EXR
600612,Lao Feng Xiang Co Ltd,0.0003%,Consumer Discretionary,CN,"US$148,133.74","23,400",600612.SS
PETROR,Rabigh Refining & Petrochemical Co,0.0003%,Energy,SA,"US$147,272.65","72,600",RECV3.SA
601939,China Construction Bank Corp,0.0003%,Financials,CN,"US$144,989.85","106,100",601939.SS
600256,Guanghui Energy Co Ltd,0.0003%,Energy,CN,"US$141,675.92","200,300",600256.SS
TOWR,Sarana Menara Nusantara Tbk PT,0.0003%,Telecommunications,ID,"US$139,929.69","4,276,200",TOWR.JK
002709,Guangzhou Tinci Materials Technology Co Ltd,0.0003%,Basic Materials,CN,"US$138,882.01","23,800",002709.SZ
600015,Huaxia Bank Co Ltd,0.0003%,Financials,CN,"US$138,816.66","141,600",600015.SS
LH-R,Land & Houses PCL,0.0003%,Real Estate,TH,"US$142,935.24","1,314,800",RMIF
2186,Luye Pharma Group Ltd,0.0003%,Health Care,HK,"US$139,251.95","352,000",2186.HK
TOPG,Top Glove Corp Bhd,0.0003%,Health Care,MY,"US$140,404.45","975,162",MODG
880,SJM Holdings Ltd,0.0003%,Consumer Discretionary,HK,"US$141,318.59","407,500",8804.T
004370,NongShim Co Ltd,0.0003%,Consumer Staples,KR,"US$137,992.04",454,004370.KS
2607,Fuji Oil Holdings Inc,0.0003%,Consumer Staples,JP,"US$138,724.77","6,000",2607.HK
263750,Pearl Abyss Corp,0.0003%,Consumer Discretionary,KR,"US$139,644.48","5,681",263750.KQ
000581,Weifu High-Technology Group Co Ltd,0.0003%,Consumer Discretionary,CN,"US$139,290.28","48,600",000581.SZ
302440,SK Bioscience Co Ltd,0.0003%,Health Care,KR,"US$135,672.53","3,641",302440.KS
AMOT,Amot Investments Ltd,0.0003%,Real Estate,IL,"US$132,989.61","17,832",AOV.AX
002939,China Great Wall Securities Co Ltd,0.0003%,Financials,CN,"US$135,877.32","95,100",002939.SZ
CSTRL,Castrol India Ltd,0.0003%,Energy,IN,"US$137,379.31","63,918",CASTROLIND.BO
006360,GS Engineering & Construction Corp,0.0003%,Industrials,KR,"US$133,104.57","10,132",006360.KS
7947,FP Corp,0.0003%,Industrials,JP,"US$135,306.63","7,800",7947.T
002110,Sansteel Minguang Co Ltd Fujian,0.0003%,Basic Materials,CN,"US$137,301.44","222,100",002110.SZ
GUJGA,Gujarat Gas Ltd,0.0003%,Utilities,IN,"US$134,141.16","30,288",GUJGASLTD.NS
002603,Shijiazhuang Yiling Pharmaceutical Co Ltd,0.0003%,Health Care,CN,"US$133,641.06","50,600",002603.SZ
002049,Unigroup Guoxin Microelectronics Co Ltd,0.0003%,Technology,CN,"US$137,068.21","12,739",002049.SZ
000807,Yunnan Aluminium Co Ltd,0.0003%,Basic Materials,CN,"US$134,874.34","38,600",000807.SZ
300223,Ingenic Semiconductor Co Ltd,0.0003%,Technology,CN,"US$131,416.97","11,700",300223.SZ
3116,Toyota Boshoku Corp,0.0003%,Consumer Discretionary,JP,"US$128,874.72","8,300",311690.KQ
8283,PALTAC Corp,0.0003%,Consumer Staples,JP,"US$129,509.77","4,300",8283.T
000825,Shanxi Taigang Stainless Steel Co Ltd,0.0003%,Basic Materials,CN,"US$130,599.31","230,800",000825.SZ
000959,Beijing Shougang Co Ltd,0.0003%,Basic Materials,CN,"US$129,860.87","221,200",000959.SZ
LIVEPOLC,El Puerto de Liverpool SAB de CV,0.0003%,Consumer Discretionary,MX,"US$131,667.31","23,800",LIVEPOLC-1.MX
570,China Traditional Chinese Medicine Holdings Co Ltd,0.0003%,Health Care,HK,"US$132,536.11","442,864",5702.T
6865,Flat Glass Group Co Ltd,0.0003%,Industrials,HK,"US$128,853.27","96,000",6865.TWO
604,Shenzhen Investment Ltd,0.0003%,Real Estate,HK,"US$131,214.76","1,147,849",6044.T
002414,Wuhan Guide Infrared Co Ltd,0.0003%,Industrials,CN,"US$132,535.68","76,356",002414.SZ
HEKTS,Hektas Ticaret TAS,0.0003%,Basic Materials,TR,"US$129,303.86","1,727,406",HEKTS.IS
601818,China Everbright Bank Co Ltd,0.0003%,Financials,CN,"US$128,385.97","251,400",601818.SS
SCGP/F,SCG Packaging PCL,0.0002%,Industrials,TH,"US$122,784.28","253,400",5Y7A.F
GFL,GFL Environmental Inc,0.0002%,Utilities,US,"US$122,359.77","2,691",GFL
TRALT,Koza Altin Isletmeleri AS,0.0002%,Basic Materials,TR,"US$124,441.75","151,305",TRALT.IS
300122,Chongqing Zhifei Biological Products Co Ltd,0.0002%,Health Care,CN,"US$126,955.77","43,650",300122.SZ
036460,Korea Gas Corp,0.0002%,Utilities,KR,"US$126,081.66","4,468",036460.KS
000100,TCL Technology Group Corp,0.0002%,Technology,CN,"US$124,020.05","214,350",000100.KS
ENJSA,Enerjisa Enerji AS,0.0002%,Utilities,TR,"US$125,768.48","66,662",ENJSA.IS
002600,Lingyi iTech Guangdong Co,0.0002%,Technology,CN,"US$126,239.40","64,200",002600.KS
600795,GD Power Development Co Ltd,0.0002%,Utilities,CN,"US$123,846.54","155,500",600795.SS
601098,China South Publishing & Media Group Co Ltd,0.0002%,Consumer Discretionary,CN,"US$118,346.15","75,300",601098.SS
000983,Shanxi Coking Coal Energy Group Co Ltd,0.0002%,Energy,CN,"US$119,863.20","125,900",000983.SZ
000708,Citic Pacific Special Steel Group Co Ltd,0.0002%,Basic Materials,CN,"US$117,467.45","54,810",000708.SZ
600048,Poly Developments and Holdings Group Co Ltd,0.0002%,Real Estate,CN,"US$121,066.92","126,600",600048.SS
DMC,DMCI Holdings Inc,0.0002%,Energy,PH,"US$118,992.24","664,600",BOOM
051600,KEPCO Plant Service & Engineering Co Ltd,0.0002%,Industrials,KR,"US$119,455.21","3,296",051600.KS
1313,China Resources Building Materials Technology Holdings Ltd,0.0002%,Industrials,HK,"US$121,932.80","586,000",1313.TW
7205,Hino Motors Ltd,0.0002%,Industrials,JP,"US$117,358.54","46,600",7205.T
6049,Poly Property Services Co Ltd,0.0002%,Real Estate,HK,"US$117,149.61","26,000",6049.HK
012750,S-1 Corp,0.0002%,Industrials,KR,"US$121,833.88","2,389",012750.KS
LU,Lufax Holding Ltd,0.0002%,Financials,US,"US$115,325.00","46,130",LU
BINDAWOO,BinDawood Holding Co,0.0002%,Consumer Staples,SA,"US$112,013.33","84,380",4161.SR
600216,Zhejiang Medicine Co Ltd,0.0002%,Health Care,CN,"US$115,710.11","58,300",600216.SS
601689,Ningbo Tuopu Group Co Ltd,0.0002%,Consumer Discretionary,CN,"US$115,030.39","12,905",601689.SS
000977,IEIT Systems Co Ltd,0.0002%,Technology,CN,"US$113,265.76","13,000",000977.SZ
8273,Izumi Co Ltd,0.0002%,Consumer Discretionary,JP,"US$115,862.86","6,100",8273.KL
636,Kerry Logistics Network Ltd,0.0002%,Industrials,HK,"US$112,417.15","124,500",6361.T
688599,Trina Solar Co Ltd,0.0002%,Energy,CN,"US$115,821.35","45,259",688599.SS
1083,Towngas Smart Energy Co Ltd,0.0002%,Utilities,HK,"US$113,918.00","228,000",108320.KS
8454,momo.com Inc,0.0002%,Consumer Discretionary,TW,"US$116,837.92","16,154",8454.TW
3347,Hangzhou Tigermed Consulting Co Ltd,0.0002%,Health Care,HK,"US$115,888.31","22,900",3347.HK
900932,Shanghai Lujiazui Finance & Trade Zone Development Co Ltd,0.0002%,Real Estate,CN,"US$116,768.85","287,608",900932.SS
TTLS,Tata Teleservices Maharashtra Ltd,0.0002%,Telecommunications,IN,"US$111,855.24","193,001",FCTDX
694,Beijing Capital International Airport Co Ltd,0.0002%,Industrials,HK,"US$114,364.98","318,000",6947.TWO
300316,Zhejiang Jingsheng Mechanical & Electrical Co Ltd,0.0002%,Technology,CN,"US$108,978.14","21,100",300316.SZ
688036,Shenzhen Transsion Holdings Co Ltd,0.0002%,Telecommunications,CN,"US$111,705.82","12,317",688036.SS
EXCL,XL Axiata Tbk PT,0.0002%,Telecommunications,ID,"US$108,318.87","624,239",EXCL
TOASO,Tofas Turk Otomobil Fabrikasi AS,0.0002%,Consumer Discretionary,TR,"US$109,743.60","20,288",TOASO.IS
2128,China Lesso Group Holdings Ltd,0.0002%,Industrials,HK,"US$106,072.75","186,000",SBHA25-PRO.OL
SAGAD,Sagax AB,0.0002%,Real Estate,SE,"US$106,051.09","29,247",SAGADS.XC
601916,China Zheshang Bank Co Ltd,0.0002%,Financials,CN,"US$103,978.58","239,420",601916.SS
251270,Netmarble Corp,0.0002%,Consumer Discretionary,KR,"US$105,700.88","2,933",251270.KS
361610,SK IE Technology Co Ltd,0.0002%,Industrials,KR,"US$104,221.26","5,378",361610.KS
SMGR,Semen Indonesia Persero Tbk PT,0.0002%,Industrials,ID,"US$101,601.20","581,501",SMGR.JK
4927,Pola Orbis Holdings Inc,0.0002%,Consumer Discretionary,JP,"US$102,413.97","11,900",4927.TW
000876,New Hope Liuhe Co Ltd,0.0002%,Consumer Staples,CN,"US$102,367.25","76,900",000876.SZ
603185,Hoyuan Green Energy Co Ltd,0.0002%,Technology,CN,"US$102,319.39","23,769",603185.SS
300769,Shenzhen Dynanonic Co Ltd,0.0002%,Basic Materials,CN,"US$101,529.26","14,668",300769.SZ
300759,Pharmaron Beijing Co Ltd,0.0002%,Health Care,CN,"US$104,124.91","25,425",300759.SZ
ACEN,ACEN Corp,0.0002%,Utilities,PH,"US$103,827.29","2,425,877",PADEL.ST
1030,Seazen Group Ltd,0.0002%,Real Estate,HK,"US$106,416.73","387,158",1030.SR
300418,Kunlun Tech Co Ltd,0.0002%,Consumer Discretionary,CN,"US$103,997.06","16,900",300418.SZ
467,United Energy Group Ltd,0.0002%,Energy,HK,"US$102,489.21","1,612,000",4674.T
VESBE,Vestel Beyaz Esya Sanayi ve Ticaret AS,0.0002%,Consumer Discretionary,TR,"US$103,635.62","524,131",VESBE.IS
9898,Weibo Corp,0.0002%,Technology,HK,"US$104,554.02","10,517",9898.HK
HLFG,Hong Leong Financial Group Bhd,0.0002%,Financials,MY,"US$103,504.76","24,526",HLFGY
1316,Nexteer Automotive Group Ltd,0.0002%,Consumer Discretionary,HK,"US$104,978.42","139,000",1316.HK
029780,Samsung Card Co Ltd,0.0002%,Financials,KR,"US$96,648.49","2,589",029780.KS
2314,Lee & Man Paper Manufacturing Ltd,0.0002%,Basic Materials,HK,"US$99,299.99","247,000",2314.HK
600027,Huadian Power International Corp Ltd,0.0002%,Utilities,CN,"US$100,931.68","138,540",600027.SS
300999,Yihai Kerry Arawana Holdings Co Ltd,0.0002%,Consumer Staples,CN,"US$98,834.34","23,500",300999.SZ
008930,Hanmi Science Co ltd,0.0002%,Health Care,KR,"US$97,082.07","3,675",008930.KS
9917,Taiwan Secom Co Ltd,0.0002%,Industrials,TW,"US$100,254.90","29,000",9917.TW
347,Angang Steel Co Ltd,0.0002%,Basic Materials,HK,"US$97,923.09","387,000",347740.KQ
PTBA,Bukit Asam Tbk PT,0.0002%,Energy,ID,"US$99,972.86","720,800",PTBA.JK
SCC,Semirara Mining & Power Corp,0.0002%,Energy,PH,"US$100,779.44","203,100",SCC
9401,TBS Holdings Inc,0.0002%,Consumer Discretionary,JP,"US$96,902.27","2,600",9401.T
601117,China National Chemical Engineering Co Ltd,0.0002%,Industrials,CN,"US$98,645.48","93,600",601117.SS
600673,Guangdong HEC Technology Holding Co Ltd,0.0002%,Basic Materials,CN,"US$98,575.04","32,900",600673.SS
6185,CanSino Biologics Inc,0.0002%,Health Care,HK,"US$100,912.45","19,800",6185.HK
600570,Hundsun Technologies Inc,0.0002%,Technology,CN,"US$91,262.20","22,003",600570.SS
SACCO,Saudi Cement Co,0.0002%,Industrials,SA,"US$95,474.29","9,856",3030.SR
601618,Metallurgical Corp of China Ltd,0.0002%,Industrials,CN,"US$94,694.40","210,500",601618.SS
EMAAR,Emaar Economic City,0.0002%,Real Estate,SA,"US$92,200.91","31,161",EMAAR.AE
579,Beijing Jingneng Clean Energy Co Ltd,0.0002%,Utilities,HK,"US$95,987.46","314,000",579.SI
026960,Dongsuh Cos Inc,0.0002%,Consumer Staples,KR,"US$93,267.87","5,006",026960.KS
002790,AMOREPACIFIC Group,0.0002%,Consumer Discretionary,KR,"US$96,048.86","4,965",002790.SZ
603659,Shanghai Putailai New Energy Technology Group Co Ltd,0.0002%,Basic Materials,CN,"US$95,153.00","25,230",603659.SS
002074,Gotion High-tech Co Ltd,0.0002%,Industrials,CN,"US$93,453.91","16,900",002074.SZ
600346,Hengli Petrochemical Co Ltd,0.0002%,Basic Materials,CN,"US$92,022.72","34,400",600346.SS
600426,Shandong Hualu Hengsheng Chemical Co Ltd,0.0002%,Basic Materials,CN,"US$96,100.28","24,030",600426.SS
ALPEKA,Alpek SAB de CV,0.0002%,Basic Materials,MX,"US$95,645.05","192,800",ALPEKA.MX
1033,Sinopec Oilfield Service Corp,0.0002%,Energy,HK,"US$92,195.85","970,000",1033.HK
000120,CJ Logistics Corp,0.0002%,Industrials,KR,"US$95,543.26","1,539",000120.KS
GUBRF,Gubre Fabrikalari TAS,0.0002%,Basic Materials,TR,"US$88,945.93","12,082",GUBRF.IS
OSP/F,Osotspa PCL,0.0002%,Consumer Staples,TH,"US$90,643.27","184,700",OSOPF
525,Guangshen Railway Co Ltd,0.0002%,Industrials,HK,"US$86,636.87","308,000",5257.T
600872,Jonjee Hi-Tech Industrial And Commercial Holding Co Ltd,0.0002%,Consumer Staples,CN,"US$90,635.10","36,300",600872.SS
000963,Huadong Medicine Co Ltd,0.0002%,Health Care,CN,"US$89,122.15","15,000",000963.SZ
600845,Shanghai Baosight Software Co Ltd,0.0002%,Technology,CN,"US$87,581.22","28,998",600845.SS
600383,Gemdale Corp,0.0002%,Real Estate,CN,"US$89,767.79","183,400",600383.SS
3759,Pharmaron Beijing Co Ltd,0.0002%,Health Care,HK,"US$85,909.56","30,375",3759.HK
601669,Power Construction Corp of China Ltd,0.0002%,Industrials,CN,"US$89,950.13","117,100",601669.SS
300133,Zhejiang Huace Film & Television Co Ltd,0.0002%,Consumer Discretionary,CN,"US$88,557.71","81,300",300133.SZ
BRIS,Bank Syariah Indonesia Tbk PT,0.0002%,Financials,ID,"US$87,692.18","624,151",BMY
293490,Kakao Games Corp,0.0002%,Consumer Discretionary,KR,"US$86,814.80","8,179",293490.KQ
3958,Orient Securities Co Ltd/China,0.0002%,Financials,HK,"US$89,129.68","101,600",3958.HK
000630,Tongling Nonferrous Metals Group Co Ltd,0.0002%,Basic Materials,CN,"US$80,804.08","112,000",000630.SZ
6993,Blue Moon Group Holdings Ltd,0.0002%,Consumer Staples,HK,"US$80,987.98","226,000",6993.HK
600745,Wingtech Technology Co Ltd,0.0002%,Telecommunications,CN,"US$81,041.74","14,000",600745.SS
002155,Hunan Gold Corp Ltd,0.0002%,Basic Materials,CN,"US$82,802.99","26,390",002155.SZ
69,Shangri-La Asia Ltd,0.0002%,Consumer Discretionary,HK,"US$81,278.26","140,000",6920.T
002625,Kuang-Chi Technologies Co Ltd,0.0002%,Consumer Discretionary,CN,"US$82,411.67","12,900",002625.SZ
6699,Angelalign Technology Inc,0.0002%,Health Care,HK,"US$85,411.55","10,691",6699.HK
028670,Pan Ocean Co Ltd,0.0002%,Industrials,KR,"US$85,469.40","33,341",028670.KS
300628,Yealink Network Technology Corp Ltd,0.0002%,Telecommunications,CN,"US$82,239.54","17,220",300628.SZ
900911,Shanghai Jinqiao Export Processing Zone Development Co Ltd,0.0001%,Real Estate,CN,"US$76,268.70","102,100",900911.SS
600392,Shenghe Resources Holding Co Ltd,0.0001%,Basic Materials,CN,"US$76,613.22","26,100",600392.SS
995,Anhui Expressway Co Ltd,0.0001%,Industrials,HK,"US$78,103.16","44,000",9955.HK
2356,Dah Sing Banking Group Ltd,0.0001%,Financials,HK,"US$80,031.85","56,800",2356.TW
600522,Jiangsu Zhongtian Technology Co Ltd,0.0001%,Telecommunications,CN,"US$79,721.60","35,600",600522.SS
002555,37 Interactive Entertainment Network Technology Group Co Ltd,0.0001%,Consumer Discretionary,CN,"US$76,858.94","26,400",002555.SZ
088350,Hanwha Life Insurance Co Ltd,0.0001%,Financials,KR,"US$79,842.31","39,010",088350.KS
AIR,Air New Zealand Ltd,0.0001%,Consumer Discretionary,NZ,"US$76,470.78","223,887",AIR
000960,Yunnan Tin Co Ltd,0.0001%,Basic Materials,CN,"US$79,285.18","22,700",000960.SZ
OLG,Olam Group Ltd,0.0001%,Consumer Staples,SG,"US$78,947.61","108,200",OLGERD.IC
000069,Shenzhen Overseas Chinese Town Co Ltd,0.0001%,Real Estate,CN,"US$80,338.66","213,500",000069.SZ
002407,Do-Fluoride New Materials Co Ltd,0.0001%,Basic Materials,CN,"US$71,847.30","14,700",002407.SZ
600325,Zhuhai Huafa Properties Co Ltd,0.0001%,Real Estate,CN,"US$72,471.44","112,100",600325.SS
BURG,Burgan Bank SAK,0.0001%,Financials,KW,"US$70,509.04","96,190",MBTN.SW
2866,COSCO SHIPPING Development Co Ltd,0.0001%,Industrials,HK,"US$74,002.00","501,000",2866.HK
600588,Yonyou Network Technology Co Ltd,0.0001%,Technology,CN,"US$72,702.51","36,040",600588.SS
600549,Xiamen Tungsten Co Ltd,0.0001%,Basic Materials,CN,"US$71,535.38","14,700",600549.SS
300413,Mango Excellent Media Co Ltd,0.0001%,Consumer Discretionary,CN,"US$71,501.43","19,500",300413.SZ
601699,Shanxi Lu'an Environmental Energy Development Co Ltd,0.0001%,Energy,CN,"US$75,263.23","40,800",601699.SS
MDIA3,M Dias Branco SA,0.0001%,Consumer Staples,BR,"US$73,337.33","15,200",MDIA3F.SA
SUNTV,Sun TV Network Ltd,0.0001%,Consumer Discretionary,IN,"US$72,624.77","11,691",SUNTV.BO
002601,LB Group Co Ltd,0.0001%,Basic Materials,CN,"US$71,684.76","27,600",002601.SZ
600039,Sichuan Road and Bridge Group Co Ltd,0.0001%,Industrials,CN,"US$72,756.52","54,540",600039.SS
002080,Sinoma Science & Technology Co Ltd,0.0001%,Basic Materials,CN,"US$74,940.41","16,300",002080.SZ
002812,Yunnan Energy New Material Co Ltd,0.0001%,Industrials,CN,"US$75,168.17","9,600",002812.SZ
601567,Ningbo Sanxing Medical Electric Co Ltd,0.0001%,Industrials,CN,"US$71,132.20","22,200",601567.SS
603486,Ecovacs Robotics Co Ltd,0.0001%,Consumer Discretionary,CN,"US$73,367.05","6,600",603486.SS
6088,FIT Hon Teng Ltd,0.0001%,Industrials,HK,"US$67,992.19","104,000",6088.HK
300347,Hangzhou Tigermed Consulting Co Ltd,0.0001%,Health Care,CN,"US$65,666.19","9,100",300347.SZ
018880,Hanon Systems,0.0001%,Consumer Discretionary,KR,"US$66,526.56","25,986",018880.KS
300751,Suzhou Maxwell Technologies Co Ltd,0.0001%,Industrials,CN,"US$65,126.73","3,840",300751.SZ
000080,Hite Jinro Co Ltd,0.0001%,Consumer Staples,KR,"US$66,777.96","5,221",000080.KS
GGRM,Gudang Garam Tbk PT,0.0001%,Consumer Staples,ID,"US$65,039.33","72,700",GGRM.JK
300782,Maxscend Microelectronics Co Ltd,0.0001%,Technology,CN,"US$67,673.35","6,912",300782.SZ
300661,SG Micro Corp,0.0001%,Technology,CN,"US$66,527.90","7,224",300661.SZ
BJC/F,Berli Jucker PCL,0.0001%,Consumer Discretionary,TH,"US$66,431.96","140,709",BLJZY
JSMR,Jasa Marga Persero Tbk PT,0.0001%,Industrials,ID,"US$66,276.27","318,107",JSMR.JK
6127,Joinn Laboratories China Co Ltd,0.0001%,Health Care,HK,"US$67,360.78","31,555",6127.HK
002648,Satellite Chemical Co Ltd,0.0001%,Basic Materials,CN,"US$69,145.81","28,991",002648.SZ
002266,Zhefu Holding Group Co Ltd,0.0001%,Utilities,CN,"US$68,806.26","119,800",002266.SZ
INCO,Vale Indonesia Tbk PT,0.0001%,Basic Materials,ID,"US$68,439.81","298,394",INCO
300207,Sunwoda Electronic Co Ltd,0.0001%,Consumer Staples,CN,"US$69,668.48","16,700",300207.SZ
BSDE,Bumi Serpong Damai Tbk PT,0.0001%,Real Estate,ID,"US$61,846.41","1,095,800",BSDE.JK
600007,China World Trade Center Co Ltd,0.0001%,Real Estate,CN,"US$60,697.84","21,400",600007.SS
000932,Hunan Valin Steel Co Ltd,0.0001%,Basic Materials,CN,"US$64,533.35","81,900",000932.SZ
601016,CECEP Wind-Power Corp,0.0001%,Utilities,CN,"US$64,494.76","152,990",601016.SS
811,Xinhua Winshare Publishing and Media Co Ltd,0.0001%,Consumer Discretionary,HK,"US$60,457.77","45,000",8117.T
601811,Xinhua Winshare Publishing and Media Co Ltd,0.0001%,Consumer Discretionary,CN,"US$61,965.36","31,400",601811.SS
300037,Shenzhen Capchem Technology Co Ltd,0.0001%,Basic Materials,CN,"US$62,902.92","8,460",300037.SZ
600009,Shanghai International Airport Co Ltd,0.0001%,Industrials,CN,"US$60,463.01","13,500",600009.SS
300146,By-health Co Ltd,0.0001%,Consumer Staples,CN,"US$61,907.50","35,900",300146.SZ
6808,Sun Art Retail Group Ltd,0.0001%,Consumer Discretionary,HK,"US$63,071.57","305,000",6808.TWO
000661,Changchun High-Tech Industry Group Co Ltd,0.0001%,Health Care,CN,"US$63,552.69","4,526",000661.SZ
601877,Zhejiang Chint Electrics Co Ltd,0.0001%,Industrials,CN,"US$63,602.09","16,000",601877.SS
007070,GS Retail Co Ltd,0.0001%,Consumer Staples,KR,"US$61,998.47","4,231",007070.KS
002532,Tianshan Aluminum Group Co Ltd,0.0001%,Basic Materials,CN,"US$62,865.91","34,800",002532.SZ
601828,Red Star Macalline Group Corp Ltd,0.0001%,Consumer Discretionary,CN,"US$54,807.29","146,200",601828.SS
000938,Unisplendour Corp Ltd,0.0001%,Technology,CN,"US$54,994.31","15,600",000938.SZ
MCG,MultiChoice Group,0.0001%,Telecommunications,ZA,"US$56,181.58","7,698",MGRC
000301,Jiangsu Eastern Shenghong Co Ltd,0.0001%,Basic Materials,CN,"US$58,321.11","42,900",000301.SZ
HLUNA,H Lundbeck A/S,0.0001%,Health Care,DK,"US$56,833.19","10,450",HLUNAC.XD
000629,Pangang Group Vanadium Titanium & Resources Co Ltd,0.0001%,Basic Materials,CN,"US$59,823.88","138,200",000629.SZ
600521,Zhejiang Huahai Pharmaceutical Co Ltd,0.0001%,Health Care,CN,"US$58,853.30","23,100",600521.SS
300896,Imeik Technology Development Co Ltd,0.0001%,Health Care,CN,"US$54,701.79","2,660",300896.SZ
300003,Lepu Medical Technology Beijing Co Ltd,0.0001%,Health Care,CN,"US$55,471.32","24,600",300003.SZ
601333,Guangshen Railway Co Ltd,0.0001%,Industrials,CN,"US$51,691.98","120,200",601333.SS
000027,Shenzhen Energy Group Co Ltd,0.0001%,Utilities,CN,"US$51,912.38","55,100",000027.SZ
000883,Hubei Energy Group Co Ltd,0.0001%,Utilities,CN,"US$50,389.66","77,100",000883.SZ
600741,Huayu Automotive Systems Co Ltd,0.0001%,Consumer Discretionary,CN,"US$53,021.45","19,300",600741.SS
GULF-R,Gulf Development PCL,0.0001%,Utilities,TH,"US$53,797.09","42,503",GULF-R.BK
2778,Champion REIT,0.0001%,Real Estate,HK,"US$51,541.31","176,000",277880.KQ
603260,Hoshine Silicon Industry Co Ltd,0.0001%,Basic Materials,CN,"US$51,768.65","6,500",603260.SS
MEG,Megaworld Corp,0.0001%,Real Estate,PH,"US$49,762.78","1,437,605",MEG
600803,ENN Natural Gas Co Ltd,0.0001%,Utilities,CN,"US$47,306.88","15,700",600803.SS
603444,G-bits Network Technology Xiamen Co Ltd,0.0001%,Consumer Discretionary,CN,"US$48,570.72",800,603444.SS
600763,Topchoice Medical Corp,0.0001%,Health Care,CN,"US$47,487.27","7,983",600763.SS
300763,Ginlong Technologies Co Ltd,0.0001%,Industrials,CN,"US$47,677.80","4,650",300763.SZ
ERES,Ezdan Holding Group QSC,0.0001%,Real Estate,QA,"US$44,457.65","142,617",0P0001NCEV.F
KNPL,Kansai Nerolac Paints Ltd,0.0001%,Industrials,IN,"US$44,499.43","16,831",KANSAINER.NS
000830,Luxi Chemical Group Co Ltd,0.0001%,Basic Materials,CN,"US$47,690.25","22,400",000830.SZ
002007,Hualan Biological Engineering Inc,0.0001%,Health Care,CN,"US$49,117.76","22,300",002007.SZ
002326,Zhejiang Yongtai Technology Co Ltd,0.0001%,Basic Materials,CN,"US$46,881.22","12,900",002326.SZ
BRKM5,Braskem SA,0.0001%,Basic Materials,BR,"US$45,800.27","32,200",BRKM5.SA
,Eurazeo SE,0.0001%,Financials,FR,"US$46,045.86",726,EUQ.BE
000400,Xuji Electric Co Ltd,0.0001%,Industrials,CN,"US$39,913.99","11,000",000400.SZ
000937,Jizhong Energy Resources Co Ltd,0.0001%,Energy,CN,"US$42,053.35","50,300",000937.SZ
DFM,Dubai Financial Market PJSC,0.0001%,Financials,AE,"US$42,918.10","101,046",DFMPX
600132,Chongqing Brewery Co Ltd,0.0001%,Consumer Staples,CN,"US$40,609.14","5,400",600132.SS
688185,CanSino Biologics Inc,0.0001%,Health Care,CN,"US$43,351.65","4,477",688185.SS
002624,Perfect World Co Ltd/China,0.0001%,Consumer Discretionary,CN,"US$39,088.55","19,500",002624.SZ
002920,Huizhou Desay Sv Automotive Co Ltd,0.0001%,Consumer Discretionary,CN,"US$42,010.91","2,700",002920.KS
000878,Yunnan Copper Co Ltd,0.0001%,Basic Materials,CN,"US$42,555.40","18,100",000878.SZ
002670,Guosheng Securities Inc,0.0001%,Financials,CN,"US$34,158.96","13,400",002670.SZ
002821,Asymchem Laboratories Tianjin Co Ltd,0.0001%,Health Care,CN,"US$34,901.22","2,660",002821.SZ
600699,Ningbo Joyson Electronic Corp,0.0001%,Consumer Discretionary,CN,"US$37,421.12","9,900",600699.SS
002268,CETC Cyberspace Security Technology Co Ltd,0.0001%,Industrials,CN,"US$38,950.62","15,600",002268.SZ
002409,Jiangsu Yoke Technology Co Ltd,0.0001%,Basic Materials,CN,"US$38,299.61","3,900",002409.SZ
000860,Beijing Shunxin Agriculture Co Ltd,0.0001%,Consumer Staples,CN,"US$34,630.32","16,000",000860.SZ
900909,Shanghai Huayi Group Co Ltd,0.0001%,Consumer Discretionary,CN,"US$36,997.20","71,700",900909.SS
300142,Walvax Biotechnology Co Ltd,0.0001%,Health Care,CN,"US$35,436.10","20,600",300142.SZ
601155,Seazen Holdings Co Ltd,0.0001%,Real Estate,CN,"US$38,176.96","18,100",601155.SS
300496,Thunder Software Technology Co Ltd,0.0001%,Technology,CN,"US$36,995.59","4,000",300496.SZ
600985,Huaibei Mining Holdings Co Ltd,0.0001%,Energy,CN,"US$37,584.08","21,600",600985.SS
688188,Shanghai BOCHU Electronic Technology Corp Ltd,0.0001%,Technology,CN,"US$35,849.05","1,913",688188.SS
VAKBN,Turkiye Vakiflar Bankasi TAO,0.0001%,Financials,TR,"US$35,338.11","52,163",VAKBN.IS
603806,Hangzhou First Applied Material Co Ltd,0.0001%,Industrials,CN,"US$36,695.44","18,384",603806.SS
600779,Sichuan Swellfun Co Ltd,0.0001%,Consumer Staples,CN,"US$37,084.01","6,500",600779.SS
300724,Shenzhen SC New Energy Technology Corp,0.0001%,Energy,CN,"US$36,102.96","3,000",300724.SZ
600233,YTO Express Group Co Ltd,0.0001%,Industrials,CN,"US$34,490.98","14,300",600233.SS
601233,Tongkun Group Co Ltd,0.0001%,Basic Materials,CN,"US$37,422.25","17,200",601233.SS
004990,Lotte Corp,0.0001%,Consumer Discretionary,KR,"US$38,730.32","2,075",004990.KS
601666,Pingdingshan Tianan Coal Mining Co Ltd,0.0001%,Energy,CN,"US$30,603.84","27,700",601666.SS
002302,China West Construction Group Co Ltd,0.0001%,Industrials,CN,"US$29,380.60","32,200",002302.SZ
000799,JiuGui Liquor Co Ltd,0.0001%,Consumer Staples,CN,"US$30,462.80","3,700",000799.SZ
BLOOM,Bloomberry Resorts Corp,0.0001%,Consumer Discretionary,PH,"US$32,020.89","658,900",BE
002568,Shanghai Bairun Investment Holding Group Co Ltd,0.0001%,Basic Materials,CN,"US$32,872.33","9,884",002568.SZ
STH,StarHub Ltd,0.0001%,Telecommunications,SG,"US$29,222.87","33,200",S8T.F
600348,Shan Xi Hua Yang Group New Energy Co Ltd,0.0001%,Energy,CN,"US$29,543.99","27,300",600348.SS
002153,Beijing Shiji Information Technology Co Ltd,0.0001%,Technology,CN,"US$32,710.80","19,110",002153.SZ
000786,Beijing New Building Materials PLC,0.0001%,Industrials,CN,"US$32,582.07","9,100",000786.SZ
200028,China National Accord Medicines Corp Ltd,0.0001%,Consumer Staples,CN,"US$29,738.75","17,100",200028.SZ
601799,Changzhou Xingyu Automotive Lighting Systems Co Ltd,0.0001%,Consumer Discretionary,CN,"US$28,971.63","1,700",601799.SS
603939,Yifeng Pharmacy Chain Co Ltd,0.0001%,Consumer Staples,CN,"US$33,061.46","10,332",603939.SS
603290,StarPower Semiconductor Ltd,0.0001%,Technology,CN,"US$29,929.20","2,240",603290.SS
600298,Angel Yeast Co Ltd,0.0001%,Consumer Staples,CN,"US$26,100.06","4,500",600298.SS
603338,Zhejiang Dingli Machinery Co Ltd,0.0001%,Industrials,CN,"US$23,893.22","3,000",603338.SS
600704,Wuchan Zhongda Group Co Ltd,0.0001%,Industrials,CN,"US$25,543.40","33,500",600704.SS
603392,Beijing Wantai Biological Pharmacy Enterprise Co Ltd,0.0001%,Health Care,CN,"US$26,200.94","3,857",603392.SS
300212,Beijing E-Hualu Information Technology Co Ltd,0.0001%,Technology,CN,"US$25,843.30","9,500",300212.SZ
300601,Shenzhen Kangtai Biological Products Co Ltd,0.0001%,Health Care,CN,"US$25,144.33","11,040",300601.SZ
688122,Western Superconducting Technologies Co Ltd,0.0001%,Basic Materials,CN,"US$28,325.34","3,026",688122.SS
601139,Shenzhen Gas Corp Ltd,0.0001%,Utilities,CN,"US$24,853.20","26,700",601139.SS
000591,CECEP Solar Energy Co Ltd,0.0001%,Utilities,CN,"US$23,872.00","37,500",000591.SZ
300677,Intco Medical Technology Co Ltd,0.0001%,Health Care,CN,"US$27,417.79","4,500",300677.SZ
000902,Yonfer Agricultural Technology Co Ltd,0.00%,Basic Materials,CN,"US$20,392.00","9,300",000902.SZ
300454,Sangfor Technologies Inc,0.00%,Technology,CN,"US$22,787.54","1,400",300454.SZ
300699,Weihai Guangwei Composites Co Ltd,0.00%,Basic Materials,CN,"US$18,871.26","4,640",300699.SZ
603737,Skshu Paint Co Ltd,0.00%,Industrials,CN,"US$23,285.04","3,724",603737.SS
300595,Ovctek China Inc,0.00%,Health Care,CN,"US$21,482.00","9,660",300595.SZ
603456,Zhejiang Jiuzhou Pharmaceutical Co Ltd,0.00%,Health Care,CN,"US$19,249.25","7,300",603456.SS
300618,Nanjing Hanrui Cobalt Co Ltd,0.00%,Basic Materials,CN,"US$22,509.71","3,600",300618.SZ
603816,Jason Furniture Hangzhou Co Ltd,0.00%,Consumer Discretionary,CN,"US$18,613.91","4,160",603816.SS
601216,Inner Mongolia Junzheng Energy & Chemical Industry Group Co Ltd,0.00%,Basic Materials,CN,"US$21,469.67","31,100",601216.SS
603345,Anjoy Foods Group Co Ltd,0.00%,Consumer Staples,CN,"US$20,740.00","1,800",603345.SS
600338,Xizang Zhufeng Resources Co Ltd,0.00%,Basic Materials,CN,"US$22,957.87","11,200",600338.SS
,SEB SA,0.00%,,FR,"US$20,977.08",371,GRB.DU
200539,Guangdong Electric Power Development Co Ltd,0.00%,Utilities,CN,"US$20,140.26","87,600",200539.SZ
000519,North Industries Group Red Arrow Co Ltd,0.00%,Industrials,CN,"US$19,145.98","7,300",000519.SZ
600483,Fujian Funeng Co Ltd,0.00%,Utilities,CN,"US$21,076.74","15,080",600483.SS
002607,Offcn Education Technology Co Ltd,0.00%,Consumer Discretionary,CN,"US$17,083.73","45,400",002607.SZ
600079,Humanwell Healthcare Group Co Ltd,0.00%,Health Care,CN,"US$13,672.47","5,000",600079.SS
603882,Guangzhou Kingmed Diagnostics Group Co Ltd,0.00%,Health Care,CN,"US$16,715.35","4,000",603882.SS
300001,Qingdao TGOOD Electric Co Ltd,0.00%,Technology,CN,"US$16,198.87","4,300",300001.SZ
600038,AVICOPTER PLC,0.00%,Industrials,CN,"US$16,535.13","3,300",600038.SS
002791,Guangdong Kinlong Hardware Products Co Ltd,0.00%,Industrials,CN,"US$17,198.59","5,200",002791.SZ
601636,Zhuzhou Kibing Group Co Ltd,0.00%,Industrials,CN,"US$13,547.98","15,700",601636.SS
601456,Guolian Securities Co Ltd,0.00%,Financials,CN,"US$14,905.89","10,300",601456.SS
300357,Zhejiang Wolwo Bio-Pharmaceutical Co Ltd,0.00%,Health Care,CN,"US$8,018.45","1,800",300357.SZ
007310,Ottogi Corp,0.00%,Consumer Staples,KR,"US$12,696.43",48,007310.KS
600655,Shanghai Yuyuan Tourist Mart Group Co Ltd,0.00%,Consumer Discretionary,CN,"US$7,809.93","10,300",600655.SS
300529,Jafron Biomedical Co Ltd,0.00%,Health Care,CN,"US$10,065.85","3,500",300529.SZ
000725,Hyundai Engineering & Construction Co Ltd,0.00%,Industrials,KR,"US$9,361.03",254,000725.SZ
601966,Shandong Linglong Tyre Co Ltd,0.00%,Consumer Discretionary,CN,"US$11,933.88","5,700",601966.SS
TNET,Telenet Group Holding NV,0.00%,Telecommunications,BE,US$0.00,0,TNET
FLOT,Sovcomflot PJSC,0.00%,Industrials,RU,US$0.01,"51,010",FLOT
ALRS,Alrosa PJSC,0.00%,Basic Materials,RU,US$0.06,"495,420",ALRS
HUH1V,Huhtamaki Oyj,0.00%,Industrials,FI,US$0.00,0,HUH1V.HE
TYRES,Nokian Renkaat Oyj,0.00%,Consumer Discretionary,FI,US$0.00,0,TYRES.HE
TUI1,TUI AG,0.00%,Consumer Discretionary,DE,US$0.00,0,TUI1.DE
MAGN,Magnitogorsk Iron & Steel Works PJSC,0.00%,Basic Materials,RU,US$0.07,"505,635",MAGN
,Blue Zones Holdings Co Ltd,0.00%,Consumer Staples,JP,US$0.00,0,417A.T
NOVOB,Novo Nordisk A/S,0.00%,Health Care,DK,US$0.00,0,NOVOBC.XD
UMI,Umicore SA,0.00%,Basic Materials,BE,US$0.00,0,UMI
GVYM,Gav-Yam Lands Corp Ltd,0.00%,Real Estate,IL,US$7.71,0.66,GVYM.TA
AENA,Aena SME SA,0.00%,Industrials,ES,US$0.00,0,AENA.MC
RBREW,Royal Unibrew A/S,0.00%,Consumer Staples,DK,US$0.00,0,RBREW.CO
SAMPO,Sampo Oyj,0.00%,Financials,FI,US$0.00,0,SAMPO.HE
GMAT1,Grupo Mateus SA,0.00%,Consumer Discretionary,BR,US$31.93,"8,530",GMAT1F.SA
566,Hanergy Thin Film Power Group Ltd,0.00%,Energy,HK,US$0.30,"236,000",566.SI
,ROCKWOOL A/S,0.00%,Industrials,,US$0.00,0,ROCK-B.CO
CRH,CRH PLC,0.00%,Industrials,GB,US$0.00,0,CRH
RASP,Raspadskaya PAO,0.00%,Energy,RU,US$0.00,"10,110",RASP
COLR,Colruyt Group N.V,0.00%,Consumer Staples,BE,US$0.00,0,COLRF
OMU,Old Mutual Ltd,0.00%,Financials,GB,US$0.00,0,OMU.JO
ENG,Enagas SA,0.00%,Energy,ES,US$0.00,0,BNAI
2590241D,TVS Motor Co Ltd,0.00%,Consumer Discretionary,IN,US$0.05,"476,356",TVSMOTOR.NS
TUI,TUI AG,0.00%,Consumer Discretionary,GB,US$0.00,0,TUI1.DE
PROX,Proximus SADP,0.00%,Telecommunications,BE,US$0.00,0,PROX.BR
DLN,Derwent London PLC,0.00%,Real Estate,GB,US$0.00,0,DLN
CHR,Chr Hansen Holding A/S,0.00%,Health Care,DK,US$0.00,0,CHR
HMSO,Hammerson PLC,0.00%,Real Estate,GB,US$0.00,0,HMSO.L
ROSN,Rosneft Oil Co PJSC,0.00%,Energy,RU,US$0.04,"305,383",ROSN
NEM,Newmont Corp,0.00%,Basic Materials,AU,US$91.46,1,NEM
KOJAMO,Kojamo Oyj,0.00%,Real Estate,FI,US$0.00,0,V4OC.F
0188801F,Hanon Systems,0.00%,Consumer Discretionary,KR,"US$2,062.72","10,644",0188801F.KS
NMC,NMC Health PLC,0.00%,Health Care,GB,US$0.09,"6,970",NMCO
ADER1,Adani Enterprises Ltd,0.00%,Industrials,IN,"US$2,220.72",449,ADANIENT.BO
SOLB,Solvay SA,0.00%,Basic Materials,BE,US$0.00,0,SOLB.BR
SSA,Sistema AFK PAO,0.00%,Financials,GB,US$0.02,"2,109",SSAC.SW
EVR,Evraz PLC,0.00%,Basic Materials,GB,US$1.42,"106,517",EVR
1FRVIA,Forvia SE,0.00%,Consumer Discretionary,IT,US$0.00,0,1FRVIA.MI
VOE,voestalpine AG,0.00%,Basic Materials,AT,US$0.00,0,VOE
