name,0.01,0.02,0.03,0.04,0.05,0.06,0.07,0.08,0.09,0.10
NVDA,-0.47432897690177916,-0.82039739356301,-1.1113875000052633,-1.3700595993556952,-1.5977052972747825,-1.7752744811907586,-1.977195156806825,-2.162421309946964,-2.2847486017027,-2.4633754018317098
AAPL,-0.686448966829328,-1.1170926024755654,-1.492780230096219,-1.7734242477565312,-2.053054536378272,-2.2847486017027,-2.4796305340295475,-2.69519642312547,-2.8346314809778623,-2.994082558905509
MSFT,-0.8097102176621397,-1.3253847130955578,-1.7411124869535166,-2.046786997218423,-2.264375953059876,-2.4633754018317098,-2.654088942641608,-2.8139479831547503,-2.9323172371449133,-3.029837028801329
AMZN,-0.5937431816821842,-1.0246013918044958,-1.3564680378044396,-1.600458686454064,-1.7998999745025142,-1.9993294704355098,-2.120663321028304,-2.259426639852963,-2.411098038393774,-2.4965685244309896
GOOGL,-0.7981694249885459,-1.312578843806686,-1.7152823540705584,-1.9808313345737556,-2.2913129064776574,-2.515020451896647,-2.644424264550653,-2.8177987930440365,-3.057525338025326,-3.372863119704279
AVGO,-0.637395565898332,-1.112198476378626,-1.503213083739478,-1.8292559159733521,-2.1040190303561412,-2.3474989326266384,-2.586618972085669,-2.7072365634904454,-2.8170872946331817,-2.8507575156103364
GOOG,-0.7956078606264627,-1.3147885009480111,-1.707219345102413,-1.9875066264810881,-2.2913129064776574,-2.515020451896647,-2.6601301114052265,-2.8177987930440365,-3.057525338025326,-3.372863119704279
META,-0.6728827334869528,-1.149109215447694,-1.5155426560127718,-1.7678840369951838,-2.0567733866114577,-2.2487949088195043,-2.4879905314120188,-2.5783615438971466,-2.696497171559171,-2.828851783264797
TSLA,-0.458859292721778,-0.7944035587972353,-1.0794906907741382,-1.3537778000040541,-1.5972953022596412,-1.7974095203803528,-1.9757736392359537,-2.134477782752373,-2.307717318884014,-2.411448686856526
2330.TW,-0.6729110827474464,-1.2145022673036323,-1.6720352336896231,-2.0154167211684375,-2.281003115059875,-2.421796051641911,-3.1127894446433713,-3.230550390334471,-3.3119017212686157,-3.607736195621635
JPM,-0.742866815423574,-1.221897358754522,-1.5708145878731772,-1.8400609439934088,-2.1098913351633066,-2.2847486017027,-2.4633754018317098,-2.6054369881979067,-2.7099735383976475,-2.794402495947033
LLY,-0.8311791039370393,-1.4000692475119656,-1.8634793044721083,-2.1996321818220173,-2.4401505072139695,-2.6413291991609484,-2.8800482509373944,-2.994082558905509,-3.0699424590340376,-3.169068054888483
BRKU,-0.6391470525964724,-1.0968035620935135,-1.6161559218424957,-1.8763585618946,-2.166106752892334,-2.4287370866922844,-2.4287370866922844,-2.4287370866922844,-2.4287370866922844,-2.6704148847808584
V,-0.8377969142189675,-1.384452839313711,-1.777330661918645,-2.0897545166871474,-2.3682366199195726,-2.5515705642704307,-2.734074686012712,-2.954891264583433,-3.0572018668403476,-3.123471769982577
XOM,-0.8371504085376626,-1.4093223652214155,-1.8613078250541872,-2.1910977943351524,-2.5327638923707947,-2.741435159375291,-2.8346314809778623,-2.9323172371449133,-3.0699424590340376,-3.169068054888483
JNJ,-1.1050121950457412,-1.7734242477565312,-2.2308358870440865,-2.5832502800030572,-2.8346314809778623,-2.994082558905509,-3.115691259587702,-3.3146523927384957,-3.3146523927384957,-3.426366522732482
7004.KL,-0.6688094245454971,-1.008164694236847,-1.2571157822097696,-1.4530087199778445,-1.621215054024273,-1.7667719347847801,-1.9108344572578544,-2.0257639528699163,-2.096739711780566,-2.184351458700386
WMT,-0.9545460520637575,-1.601839943136806,-2.019534286602006,-2.322861892455491,-2.562266673910372,-2.7099735383976475,-2.8566037537823714,-2.994082558905509,-3.169068054888483,-3.3146523927384957
NFLX,-0.5038387649363566,-0.927868384670133,-1.2768660157923162,-1.5483902707976782,-1.7883164823912354,-1.979111978679232,-2.136306550882268,-2.253330092614576,-2.383072197292639,-2.489495350347397
MA,-0.8083363207646195,-1.3160449329109154,-1.644067762802013,-1.9439131889814538,-2.2269149235255288,-2.4322811637363784,-2.5998355260073174,-2.6474431256668356,-2.8157613430521353,-2.9436066725620464
ASML,-0.5508444251801488,-0.9606091260161198,-1.301767517624903,-1.5668776442287864,-1.7846180536321217,-1.9993294704355098,-2.1953450008245587,-2.3646817036900085,-2.5327638923707947,-2.6170298751918515
COST,-0.8911664434910471,-1.4389105505547641,-1.8463478170595429,-2.142976289743136,-2.3774277410396354,-2.5832502800030572,-2.8139479831547503,-2.994082558905509,-3.115691259587702,-3.169068054888483
ABBV,-0.8714907789077725,-1.4531670797518708,-1.8549136201192429,-2.1546062371505164,-2.4111538077722314,-2.562319777840053,-2.7414853963658756,-2.961836227612837,-2.961836227612837,-2.961836227612837
PLTR,-0.3588638159592546,-0.6697294052319623,-0.952370547487631,-1.1956883947866819,-1.3780695423592615,-1.5754547508709558,-1.8041223978791954,-2.076163975232309,-2.186379135563689,-2.3041874888314804
BAC,-0.7054960234597378,-1.1878353038697755,-1.5337320713389797,-1.8116435531624624,-2.01077442309147,-2.162421309946964,-2.2847486017027,-2.4041430237710606,-2.5142545746632035,-2.5726168960788374
HD,-0.7964798664787446,-1.3281577061197483,-1.7393698948328384,-2.031460636644224,-2.2847486017027,-2.6054369881979067,-2.758243671798118,-2.961789141910216,-3.029837028801329,-3.0699424590340376
AMD,-0.3967618993615145,-0.7292962562427578,-1.0258981533137468,-1.2937592701343468,-1.509336844222889,-1.723919178249286,-1.8925426366225189,-2.053054536378272,-2.1868897485630843,-2.3116262784285535
9988.HK,-0.3495630214721344,-0.7744467160618729,-1.145505061392697,-1.5327667602933026,-1.8429703932215122,-2.0821000352593524,-2.3020326083360856,-2.5121443279304674,-2.599596864847446,-2.713051888472723
PG,-1.095881929513194,-1.7463722339753438,-2.142976289743136,-2.4326930212668962,-2.654088942641608,-2.758243671798118,-2.905191387241866,-3.169068054888483,-3.426366522732482,-3.6102880350485664
ORCL,-0.7114081988897828,-1.1678913622553506,-1.5105353885333281,-1.7411124869535166,-1.988140564040896,-2.1868897485630843,-2.390572138325214,-2.5521838702359307,-2.654088942641608,-2.794402495947033
005930.KS,-0.630618066813249,-1.1399550150182327,-1.5641869212830748,-1.9383295796057638,-2.224158808186101,-2.4162182788753834,-2.6151974322238423,-2.7396715236461704,-2.930650242241383,-3.068339178882371
GE,-0.7540262481609054,-1.2431999581811133,-1.6144110646041738,-1.908878878601049,-2.1243093055038123,-2.3402855421128654,-2.4880103093564743,-2.6413291991609484,-2.7758695696819626,-2.8800482509373944
CSCO,-0.756575581908294,-1.2178638115550469,-1.5526460283710277,-1.8176102805195051,-2.0284519178112332,-2.1953450008245587,-2.322861892455491,-2.4633754018317098,-2.654088942641608,-2.7758695696819626
UNH,-0.7980601216470423,-1.3290843102477075,-1.7552473631849272,-2.0626097876164935,-2.264375953059876,-2.4477462211583094,-2.5832502800030572,-2.7099735383976475,-2.8139479831547503,-2.9323172371449133
CVX,-0.8166462767049211,-1.3809189940671844,-1.8297416731633558,-2.1996321818220173,-2.5327638923707947,-2.680985395375806,-2.7758695696819626,-2.8346314809778623,-3.029837028801329,-3.115691259587702
IBM,-0.8928783686902739,-1.4846531655847548,-1.8379813903377575,-2.1279837495171936,-2.3646817036900085,-2.6170298751918515,-2.794402495947033,-2.961789141910216,-3.115691259587702,-3.3146523927384957
KO,-1.0744701415307412,-1.6893862457590374,-2.1279837495171936,-2.4796305340295475,-2.69519642312547,-2.7758695696819626,-2.994082558905509,-3.115691259587702,-3.3146523927384957,-3.6102880350485664
AZN,-0.8171814462996386,-1.4207981810012416,-1.850579962400739,-2.2354755556681742,-2.4401505072139695,-2.628985525095589,-2.7758695696819626,-2.994082558905509,-3.169068054888483,-3.169068054888483
WFC,-0.7714600097251156,-1.2955317060901255,-1.6315799380886258,-1.8834297845038726,-2.089054030422193,-2.259426639852963,-2.4401505072139695,-2.5521838702359307,-2.5832502800030572,-2.7253672237986515
ROG,-0.5873541253540902,-1.0475493002269218,-1.4103579630630307,-1.7222276286580331,-1.977195156806825,-2.2262437492770206,-2.4041430237710606,-2.5521838702359307,-2.6672960131867987,-2.794402495947033
CAT,-0.6981402905823506,-1.2235163567573726,-1.620081063355292,-1.9331384330576866,-2.2449019095076244,-2.471421344323008,-2.654088942641608,-2.8139479831547503,-2.994082558905509,-3.233360977747898
MRK,-0.859675606470847,-1.4789076071559184,-1.8834297845038726,-2.1996321818220173,-2.390572138325214,-2.594184027828096,-2.7758695696819626,-2.8566037537823714,-2.961789141910216,-3.169068054888483
MU,-0.40465413068626493,-0.7443830888794928,-1.064960023862587,-1.3555067628832855,-1.5868110888501887,-1.8077012815006883,-1.9799093313765461,-2.1584665855253675,-2.2953013781886913,-2.4326930212668962
NESN.SW,-1.094130165092753,-1.759615871410473,-2.2485406493088336,-2.575881691208725,-2.859598134363844,-3.072759870621543,-3.6127349225624044,-3.7127349225624044,-3.7127349225624044,-3.7127349225624044
SAP,-0.7074639997087356,-1.2251385681541471,-1.6087924973466357,-1.8834297845038726,-2.053054536378272,-2.2449019095076244,-2.4181716767148407,-2.6054369881979067,-2.794402495947033,-2.961789141910216
HSBA.L,-0.8675969998511676,-1.4495846720421803,-1.8475179684743748,-2.136505178984072,-2.375441848258664,-2.5873904056194674,-2.8604138058800146,-2.965484977326408,-3.172556696826953,-3.3180081737032414
PM,-0.9730978156170371,-1.596769460266699,-1.99128732866976,-2.324508469771788,-2.5104144167957347,-2.6696659057426446,-2.711427480624776,-2.876615418713217,-3.05733576287185,-3.2072974284199183
GS,-0.6816052302975562,-1.1847362852844843,-1.5854624860091489,-1.8834297845038726,-2.162421309946964,-2.3402855421128654,-2.4633754018317098,-2.628985525095589,-2.7099735383976475,-2.7758695696819626
NOVN.SW,-1.0562259002047698,-1.7116753065097292,-2.117266494855291,-2.4588758057984372,-2.7131020919132887,-2.964693738497563,-3.2360556394184044,-3.317289687285658,-3.4289286566635737,-3.7127349225624044
RTX,-0.8747503794932244,-1.4421562612810843,-1.8359097548658103,-2.1279837495171936,-2.397302394269086,-2.5832502800030572,-2.7099735383976475,-2.8566037537823714,-2.961789141910216,-3.169068054888483
TMO,-0.7959535566361299,-1.335602734660684,-1.7771308120741691,-2.1468007811965357,-2.4041430237710606,-2.5832502800030572,-2.794402495947033,-2.8800482509373944,-3.115691259587702,-3.6102880350485664
MCD,-0.9697705390799239,-1.613001644633655,-2.0723571582081686,-2.3343986285231986,-2.6054369881979067,-2.8139479831547503,-2.994082558905509,-3.169068054888483,-3.233360977747898,-3.3146523927384957
ABT,-0.8883190234562856,-1.5287799316542727,-2.0050191182998316,-2.289993113482879,-2.594184027828096,-2.7253672237986515,-2.8139479831547503,-2.994082558905509,-3.0699424590340376,-3.6102880350485664
SHEL,-0.7797456507675468,-1.3497652388292083,-1.7922066965933672,-2.113454802454823,-2.328591520473661,-2.4796305340295475,-2.680985395375806,-2.7758695696819626,-2.905191387241866,-3.029837028801329
RY,-0.9606091260161198,-1.5374710101402862,-1.988140564040896,-2.3061161280083855,-2.562266673910372,-2.7758695696819626,-2.8346314809778623,-2.961789141910216,-3.115691259587702,-3.169068054888483
CRM,-0.6092381092882933,-1.0432267844361511,-1.400565922540963,-1.7067339410756677,-1.9906424109433944,-2.263103414630236,-2.3951324539667898,-2.5643197689718265,-2.696133579308525,-2.8457643678340383
BRK-B,-1.0629346414791006,-1.710522524184857,-2.117045310895952,-2.397302394269086,-2.6170298751918515,-2.8346314809778623,-3.0699424590340376,-3.233360977747898,-3.3146523927384957,-3.6102880350485664
7203.T,-0.7149094070378943,-1.2986760219040956,-1.7501858670185053,-2.128850940633859,-2.4452013526548875,-2.5917560751783224,-2.811677798563135,-2.9596146887607326,-3.067833360084542,-3.1670156818673907
AMAT,-0.5383950719474364,-0.9593936900628274,-1.3026624887879312,-1.5655707111011412,-1.8096689017131373,-2.031460636644224,-2.254532061700739,-2.4181716767148407,-2.654088942641608,-2.8566037537823714
ISRG,-0.6334140952966327,-1.0749913963198003,-1.396660902474439,-1.6573582178434654,-1.8341943106755112,-2.015064579636539,-2.1674671379855384,-2.2885655451469225,-2.351857090320776,-2.490269324908507
PEP,-1.0986814892108192,-1.7307351892655696,-2.2083298544007097,-2.5521838702359307,-2.7758695696819626,-2.961789141910216,-3.115691259587702,-3.169068054888483,-3.169068054888483,-3.169068054888483
LRCX,-0.5015326154799491,-0.8963100944494243,-1.205880455212517,-1.4720767507779235,-1.7072208758585978,-1.9065138116229907,-2.120663321028304,-2.3116262784285535,-2.4181716767148407,-2.5832502800030572
AXP,-0.7730095214735158,-1.2251385681541471,-1.5827738977812327,-1.867848813631727,-2.1063544601762274,-2.3061161280083855,-2.425368421939968,-2.5327638923707947,-2.69519642312547,-2.794402495947033
000660.KS,-0.4277691653966692,-0.7925427410129138,-1.0953342363731775,-1.3740241204078458,-1.5978062608094692,-1.7878467377229976,-1.9185362483955595,-2.0202454542149066,-2.137032774969783,-2.224158808186101
SHL.DE,-0.822477300336165,-1.42228361075479,-1.8436130590624673,-2.2040200255656806,-2.450364868547843,-2.6054893739000407,-2.800848761234815,-3.084530655633356,-3.385125932283461,-3.385125932283461
MS,-0.6153727094988984,-1.0785757932471276,-1.4166035558479224,-1.7072208758585978,-1.908878878601049,-2.1243093055038123,-2.254532061700739,-2.346254695115646,-2.5053135990191526,-2.594184027828096
LIN,-0.8502835557876803,-1.427137391038705,-1.8297416731633558,-2.212742108953147,-2.4633754018317098,-2.7099735383976475,-2.8566037537823714,-2.9323172371449133,-3.029837028801329,-3.233360977747898
C,-0.6791893528224362,-1.1410203690473908,-1.470944931520739,-1.7376325685773681,-1.940643160106646,-2.1468007811965357,-2.289993113482879,-2.397302394269086,-2.4796305340295475,-2.5327638923707947
DIS,-0.7678516629586177,-1.31895372070737,-1.7138429247201876,-2.085667890622077,-2.3061161280083855,-2.4880103093564743,-2.6054369881979067,-2.7758695696819626,-2.8800482509373944,-3.233360977747898
AMGN,-0.7714600097251156,-1.3198690947478584,-1.710522524184857,-1.9965087461959663,-2.254532061700739,-2.4554858393650236,-2.6672960131867987,-2.8800482509373944,-3.0699424590340376,-3.6102880350485664
MC,-0.6318346820630671,-1.1215584236187766,-1.5344656434430828,-1.8534677611965276,-2.0746643775647797,-2.307167477346096,-2.4865499544824328,-2.741820093976406,-2.9295590485219525,-3.08483371156385
QCOM,-0.6093616479472168,-1.0703825220444665,-1.4207981810012416,-1.6783108283873305,-1.8744707076087233,-2.0405988435047373,-2.1996321818220173,-2.3710065740570783,-2.5053135990191526,-2.69519642312547
T,-0.8635650238787869,-1.441072670453997,-1.8216243417043299,-2.1545453337908858,-2.397302394269086,-2.6413291991609484,-2.794402495947033,-3.029837028801329,-3.169068054888483,-3.3146523927384957
SHOP,-0.4362254617749982,-0.790813571349808,-1.0635496556546427,-1.3056003355571166,-1.4983890577187298,-1.7456684033034955,-1.9780583315537639,-2.1807414432246643,-2.2824379521982796,-2.381933348815818
INTC,-0.6176905778975994,-1.0772052250074242,-1.441072670453997,-1.7463722339753438,-1.988140564040896,-2.182720074784711,-2.3710065740570783,-2.4965685244309896,-2.628985525095589,-2.7253672237986515
NEE,-0.9401358498765492,-1.5655707111011412,-1.9559891506883051,-2.269381363370994,-2.4554858393650236,-2.7099735383976475,-2.8346314809778623,-2.994082558905509,-3.233360977747898,-3.426366522732482
6758.T,-0.57724968918597,-1.0795445614075758,-1.5044298110831742,-1.8163540349365936,-2.0895248296803266,-2.2872515268614504,-2.477057029488441,-2.614566652354394,-2.81162825123693,-2.902932957925707
UBER,-0.4208727628819394,-0.8356509680882097,-1.1855831648188229,-1.4891599953508141,-1.73587873652857,-1.9576652973317379,-2.1555465458255503,-2.342593997356464,-2.3920089606908665,-2.5908074567677715
VZ,-0.8786911814575734,-1.4974688873291286,-1.9482588049604173,-2.2847486017027,-2.5521838702359307,-2.794402495947033,-3.115691259587702,-3.3146523927384957,-3.426366522732482,-3.426366522732482
83069.HK,-0.4818941324804449,-0.9891686273406354,-1.3839175536453674,-1.8255921789355714,-2.1853597613711933,-2.3519413061678938,-2.425670513098901,-2.569424549191219,-2.7069146484824484,-3.138561528867374
INTU,-0.7218148481659938,-1.1964169919606693,-1.504564214828356,-1.7734242477565312,-1.977195156806825,-2.162421309946964,-2.346254695115646,-2.4554858393650236,-2.6054369881979067,-2.7253672237986515
APH,-0.7627141515659707,-1.2736617995505293,-1.641821475008763,-1.9585921042501466,-2.212742108953147,-2.3710065740570783,-2.4880103093564743,-2.628985525095589,-2.7758695696819626,-2.8346314809778623
TJX,-0.7844299197455145,-1.3710401487362953,-1.801840037260218,-2.162421309946964,-2.411098038393774,-2.6170298751918515,-2.8346314809778623,-3.0699424590340376,-3.169068054888483,-3.169068054888483
NOW,-0.62077638821882,-1.0369386952916437,-1.3677891277076875,-1.6471420220914337,-1.9544517056174575,-2.161921028289015,-2.3485691236628012,-2.5187099774571347,-2.6418689920116813,-2.788189475498524
CBAT,-0.22565551866534836,-0.4673156280411809,-0.7403645927527059,-0.9902737156735674,-1.2134143298622486,-1.3803092923500446,-1.571347224405891,-1.7400946143655194,-1.8446170687332084,-1.9983430404870057
ALV,-0.684509545520515,-1.177038091871882,-1.5787623405952744,-1.8879666126483656,-2.1506569335814425,-2.346254695115646,-2.4965685244309896,-2.628985525095589,-2.794402495947033,-2.8800482509373944
GEV,-0.5367763324805568,-0.965916872532621,-1.2353392040059972,-1.5104622774465242,-1.7180977836522997,-1.9628689839520737,-2.0472651858962516,-2.1493999577098246,-2.3644125398393583,-2.4691348174000636
BKNG,-0.5992388627033558,-1.0168567228180703,-1.3226218743154,-1.5450140461773354,-1.7324518175544705,-1.8766963833712498,-1.9853818534307854,-2.1243093055038123,-2.2216980834854643,-2.328591520473661
SAN,-0.5814428276176002,-1.064960023862587,-1.426076872272847,-1.7393698948328384,-1.9826381702968612,-2.1953450008245587,-2.328591520473661,-2.4796305340295475,-2.6413291991609484,-2.7758695696819626
BLK,-0.7606647780599622,-1.2540660060515911,-1.6659002062330126,-1.9257410285043162,-2.1953450008245587,-2.346254695115646,-2.4880103093564743,-2.6672960131867987,-2.758243671798118,-2.9323172371449133
SCHW,-0.5701315627489014,-1.0155718660995054,-1.3769513235913298,-1.6613116868600473,-1.9508226498492451,-2.1910977943351524,-2.3774277410396354,-2.5234011779966083,-2.6413291991609484,-2.7758695696819626
GILD,-0.6835407999740589,-1.1839633063682107,-1.5564961754647542,-1.8338459686834898,-2.0375338396676974,-2.1953450008245587,-2.328591520473661,-2.425368421939968,-2.5726168960788374,-2.741435159375291
ACN,-0.8237505668089529,-1.3462826404702288,-1.7357863077605522,-2.043776722506639,-2.2884071588369004,-2.466120528560785,-2.6204846688135905,-2.8149785623949124,-2.8859421324699475,-3.051577496429759
NOVOBN.MX,-1.7455892420688885,-1.8759527762171104,-2.1092098672341004,-2.258780231220862,-2.4395422638528848,-2.4395422638528848,-2.7753221111333195,-2.7753221111333195,-3.115194701335741,-3.115194701335741
KLAC,-0.5782682298735898,-0.9864695764843655,-1.2955317060901255,-1.550091994581097,-1.7588364524288607,-1.9664816191061734,-2.1506569335814425,-2.3006751181912235,-2.4796305340295475,-2.6413291991609484
TXN,-0.634009958171334,-1.0937878831084131,-1.4619574604039165,-1.7428603822822153,-1.993703818263053,-2.2354755556681742,-2.3774277410396354,-2.6170298751918515,-2.8139479831547503,-2.961789141910216
SPGI,-0.8187883614098677,-1.4000692475119656,-1.7941200767861403,-2.0405988435047373,-2.2744442853386224,-2.4554858393650236,-2.5832502800030572,-2.758243671798118,-2.8800482509373944,-2.9323172371449133
BSX,-0.6811217368961632,-1.2243270597179927,-1.6330325539576431,-1.9018154188317928,-2.1391828885120803,-2.322861892455491,-2.5521838702359307,-2.741435159375291,-2.8346314809778623,-2.9323172371449133
TD,-0.9188792395366928,-1.5153514008130666,-1.9232984805079496,-2.2401638513710274,-2.471421344323008,-2.7099735383976475,-2.9323172371449133,-3.029837028801329,-3.169068054888483,-3.233360977747898
SU,-0.6052130175008215,-1.08407844317371,-1.4653138999030122,-1.7883995014827254,-2.0626097876164935,-2.2354755556681742,-2.4477462211583094,-2.5726168960788374,-2.6672960131867987,-2.794402495947033
PFE,-0.8252372902084101,-1.4399907690526257,-1.9018154188317928,-2.2401638513710274,-2.4880103093564743,-2.741435159375291,-2.8800482509373944,-3.0699424590340376,-3.233360977747898,-3.233360977747898
ULVR.L,-0.9668169701158081,-1.599539334112191,-2.0707712809035153,-2.350726932522966,-2.598309935247104,-2.7621666639549405,-2.9977446080610166,-3.119231132123314,-3.3180081737032414,-3.6134015746996266
DHR,-0.8563521419160463,-1.4292632572588888,-1.9065138116229907,-2.254532061700739,-2.542354039142762,-2.8139479831547503,-2.8346314809778623,-2.994082558905509,-3.115691259587702,-3.426366522732482
IBE.MC,-0.9436184027297464,-1.5406223855079553,-1.9421477591523841,-2.243548519604136,-2.440246322372755,-2.636079814198096,-2.8866262919850394,-3.000448713729622,-3.17513295906343,-3.2393218517645708
APP,-0.3733865619914056,-0.6254960049724371,-0.8537402175672395,-1.0837379306738362,-1.279151014920482,-1.5277191697587056,-1.689418592252035,-1.8631066886690064,-2.031600729176697,-2.236539457140855
6501.T,-0.605301876237336,-1.139566289489975,-1.541362485171595,-1.915310910029782,-2.1757379421963496,-2.337590470356898,-2.5807607681201894,-2.7390644453254165,-2.902932957925707,-2.959567232064889
WELL,-0.8404200954517084,-1.3809189940671844,-1.7998999745025142,-2.0993587478560025,-2.269381363370994,-2.4401505072139695,-2.594184027828096,-2.7099735383976475,-2.8566037537823714,-2.9323172371449133
UNP,-0.8107747631414045,-1.4051950114931004,-1.7771308120741691,-2.120663321028304,-2.3646817036900085,-2.5726168960788374,-2.905191387241866,-3.0699424590340376,-3.115691259587702,-3.169068054888483
AIR,-0.5242685657360778,-0.9722273598397332,-1.303558504567128,-1.5681872591936752,-1.7922066965933672,-1.9664816191061734,-2.135420022383252,-2.269381363370994,-2.397302394269086,-2.542354039142762
COF,-0.6125956233438012,-1.0710625493380614,-1.4103579630630307,-1.6767453298499633,-1.8948455900788463,-2.078966482608293,-2.2171978664371497,-2.3710065740570783,-2.471421344323008,-2.562266673910372
BA,-0.6820888830875256,-1.1979867909912587,-1.5708145878731772,-1.8789313946169455,-2.1316871512579874,-2.328591520473661,-2.562266673910372,-2.7099735383976475,-2.8566037537823714,-2.905191387241866
LOW,-0.7094347197398431,-1.261676266185571,-1.6736266033527711,-1.9664816191061734,-2.2401638513710274,-2.471421344323008,-2.680985395375806,-2.8566037537823714,-2.994082558905509,-3.0699424590340376
ADBE,-0.6476606421850866,-1.0882270705656114,-1.4103579630630307,-1.7055770066400415,-1.9257410285043162,-2.0993587478560025,-2.259426639852963,-2.390572138325214,-2.5327638923707947,-2.6672960131867987
ETN,-0.7378248506984388,-1.3053536826383514,-1.717182328722343,-2.0626097876164935,-2.3116262784285535,-2.5142545746632035,-2.6413291991609484,-2.8800482509373944,-2.961789141910216,-3.029837028801329
ANET,-0.608631367837788,-1.0373915429602376,-1.3753786498834617,-1.6302088287682368,-1.8387177186195824,-2.062482730301831,-2.245535615993736,-2.354446248775654,-2.542928058875717,-2.6418856143691243
MDT,-0.8624524306752299,-1.4858081759177666,-1.940643160106646,-2.2083298544007097,-2.425368421939968,-2.5726168960788374,-2.8346314809778623,-2.9323172371449133,-3.115691259587702,-3.169068054888483
BHP,-0.5960308603513083,-1.0710625493380614,-1.4575076686741708,-1.7771308120741691,-2.043683137995616,-2.259426639852963,-2.471421344323008,-2.6170298751918515,-2.7253672237986515,-2.8346314809778623
PGR,-0.8618965342529579,-1.4508866027513332,-1.859145086994976,-2.1664101463657346,-2.390572138325214,-2.5053135990191526,-2.6170298751918515,-2.7253672237986515,-2.961789141910216,-3.115691259587702
ADI,-0.6153727094988984,-1.065636122888673,-1.4145155578475799,-1.6958092696945808,-1.9381294415096686,-2.1545453337908858,-2.3172075209346654,-2.5053135990191526,-2.6413291991609484,-2.8566037537823714
HDFCBANK.NS,-0.8060848339398021,-1.370469950680558,-1.7686123025326825,-2.132834814675417,-2.3438522205982006,-2.5401012594804815,-2.6267934841596436,-2.878016111099928,-3.113790427914554,-3.1671947709493873
SYK,-0.8524866812379652,-1.4346063764862576,-1.8548455155502048,-2.1584665855253675,-2.4181716767148407,-2.594184027828096,-2.8346314809778623,-2.9323172371449133,-3.029837028801329,-3.115691259587702
PANW,-0.6454616996067067,-1.1203455730309746,-1.46864960325018,-1.790775110417501,-2.027822608848848,-2.2723848463867964,-2.3709801955598575,-2.5541548997250887,-2.692286633118408,-2.786850996798761
CRWD,-0.44522765171296763,-0.7393861848150471,-1.0321513685260035,-1.372847119835274,-1.5804297194739705,-1.7867108603476627,-1.9945815408058207,-2.120546603134964,-2.2341990062039807,-2.4745231061003654
BBVA,-0.6102849893098351,-1.0903084245845829,-1.4563997188966853,-1.7307351892655696,-1.993703818263053,-2.1664101463657346,-2.3172075209346654,-2.5234011779966083,-2.69519642312547,-2.8800482509373944
HON,-0.8075838743841894,-1.3593594097755186,-1.7552473631849272,-2.0375338396676974,-2.254532061700739,-2.5053135990191526,-2.6054369881979067,-2.794402495947033,-2.961789141910216,-3.115691259587702
TTE,-0.7459010756705386,-1.2937592701343468,-1.7359004712452926,-2.1243093055038123,-2.3774277410396354,-2.5234011779966083,-2.7253672237986515,-2.905191387241866,-3.029837028801329,-3.0699424590340376
UBSG.SW,-0.7364691496109576,-1.2193970441523354,-1.5914948307733168,-1.8422086914261817,-2.0795147322474956,-2.2679902898519946,-2.42879201997262,-2.575881691208725,-2.7131020919132887,-2.816980271099988
RS,-0.6410557446939892,-1.1170926024755654,-1.4916131794886276,-1.780861953781938,-2.0050191182998316,-2.212742108953147,-2.352308636669281,-2.4796305340295475,-2.5726168960788374,-2.680985395375806
RRP.BO,-2.9346803383061126,-2.9346803383061126,-2.9346803383061126,-2.9346803383061126,-2.9346803383061126,-2.9346803383061126,-2.9346803383061126,-2.9346803383061126,-2.9346803383061126,-2.9346803383061126
PLD,-0.8225460798270458,-1.3526304271593688,-1.697426006475477,-1.9065138116229907,-2.1243093055038123,-2.2496909064686688,-2.390572138325214,-2.4554858393650236,-2.5142545746632035,-2.594184027828096
MSA,-0.6947205238539664,-1.1979867909912587,-1.6087924973466357,-1.9184475265606735,-2.1545453337908858,-2.3646817036900085,-2.5234011779966083,-2.7099735383976475,-2.794402495947033,-2.8566037537823714
BATS.L,-0.897226502734792,-1.4772104990813766,-1.8978080987744512,-2.240120412559136,-2.5369708674337197,-2.7621666639549405,-2.8838322768144353,-2.965484977326408,-3.2367897411210493,-3.429626683218221
UCG.MI,-0.5797318835877268,-1.0194415760661248,-1.3323391795665285,-1.6123793210156987,-1.8327667065217448,-1.9920589131622635,-2.123407671027952,-2.2415772153374824,-2.301278674001683,-2.364301032164815
DE,-0.7208203817631471,-1.2349402832018586,-1.6258036295844078,-1.9431692013599902,-2.1910977943351524,-2.3710065740570783,-2.6054369881979067,-2.7253672237986515,-2.794402495947033,-2.961789141910216
ABBNY,-0.694992569472875,-1.2007026110417895,-1.5364938856183596,-1.786965307235112,-2.0045718269732427,-2.1714293790683947,-2.30407464750331,-2.4220882468348073,-2.5449059154116767,-2.6642595133349505
CEG,-0.6032070357718546,-1.0142072477285218,-1.3120118715480227,-1.6124923710914574,-1.834820716255328,-1.9920008215683827,-2.166907139201407,-2.3233326278321034,-2.5093086291652145,-2.649356713374682
8316.HK,-0.48912111324196667,-0.7184632645003473,-0.9183154728665324,-1.0918645986707112,-1.2217865294114103,-1.3299884958976558,-1.426076872272847,-1.5093915528029562,-1.6012015210501218,-1.6682037683769178
COP,-0.6859638696730878,-1.2082632586253683,-1.607395762136177,-1.9482588049604173,-2.203960177268958,-2.4041430237710606,-2.562266673910372,-2.6413291991609484,-2.8346314809778623,-3.029837028801329
CFR,-0.7393354658327672,-1.3062528512988347,-1.6893862457590374,-2.0050191182998316,-2.2401638513710274,-2.4880103093564743,-2.654088942641608,-2.8800482509373944,-2.994082558905509,-3.029837028801329
MCK,-0.8012266273172851,-1.3700595993556952,-1.7846180536321217,-2.0690861544162478,-2.346254695115646,-2.542354039142762,-2.69519642312547,-2.7758695696819626,-2.905191387241866,-2.961789141910216
1299.HK,-0.7311199619877883,-1.3142263207005964,-1.7525507906076887,-2.163779405712969,-2.4883364684751617,-2.72566998991246,-2.8990195517938884,-2.947016950450785,-3.0702163736092474,-3.2715706252820747
VRTX,-0.508500176888916,-0.92827483318576,-1.2771200379673064,-1.5312513075096177,-1.7481362670839262,-1.9381294415096686,-2.1063544601762274,-2.2496909064686688,-2.411098038393774,-2.5234011779966083
CB,-0.8344324910334635,-1.3720220181156728,-1.7588364524288607,-2.0690861544162478,-2.269381363370994,-2.471421344323008,-2.6170298751918515,-2.7758695696819626,-2.8800482509373944,-3.0699424590340376
PH,-0.7253011194076513,-1.2390595542666907,-1.6258036295844078,-1.988140564040896,-2.2171978664371497,-2.4477462211583094,-2.6054369881979067,-2.758243671798118,-2.8800482509373944,-2.994082558905509
BX,-0.5843459860388064,-1.0312037074338718,-1.3781137589543453,-1.6859465656068284,-1.9229760759166121,-2.1213657654450437,-2.236622466106095,-2.365247646681527,-2.475660066943678,-2.551533193855477
DTE,-0.9734579734259432,-1.6144110646041738,-2.0756504865922842,-2.390572138325214,-2.6672960131867987,-2.8800482509373944,-2.961789141910216,-3.169068054888483,-3.233360977747898,-3.233360977747898
ENB,-0.889457126046518,-1.468686928839912,-1.8925426366225189,-2.2744442853386224,-2.5327638923707947,-2.758243671798118,-2.9323172371449133,-3.115691259587702,-3.169068054888483,-3.169068054888483
9984.T,-0.4817181773332179,-0.8878621428130038,-1.214428589732096,-1.480903978701083,-1.6956252648026653,-1.8624583646115889,-1.990655334387298,-2.1675754369560147,-2.3089048800776792,-2.4300797188940946
9399.T,-0.2513698499475827,-0.5523526260765727,-0.7993823045211593,-1.0107629602754502,-1.1838177967464185,-1.3795758172074104,-1.5055326019245907,-1.6190145801848874,-1.7405789954863333,-1.8535655701979616
EL,-0.7601529338085494,-1.2814644307881442,-1.7055770066400415,-1.9965087461959663,-2.2216980834854643,-2.397302394269086,-2.542354039142762,-2.7099735383976475,-2.8800482509373944,-2.961789141910216
ADP,-0.9425239536834292,-1.5153514008130666,-1.8994818790480108,-2.203960177268958,-2.5142545746632035,-2.7099735383976475,-2.8800482509373944,-2.9323172371449133,-3.115691259587702,-3.233360977747898
CME,-0.7926518291213571,-1.3233049790713025,-1.7217560747532008,-2.0098024443203055,-2.2234000656403583,-2.339742556263679,-2.4811910288215957,-2.6136018180600624,-2.736873236914337,-2.8676689758016924
SO,-1.0435763279788606,-1.717182328722343,-2.1391828885120803,-2.4796305340295475,-2.758243671798118,-2.905191387241866,-2.994082558905509,-3.169068054888483,-3.426366522732482,-3.426366522732482
CVS,-0.7901786217343245,-1.3769513235913298,-1.7827368597899271,-2.0993587478560025,-2.3006751181912235,-2.4796305340295475,-2.6170298751918515,-2.741435159375291,-2.8800482509373944,-2.9323172371449133
NEM,-0.5526298487342303,-1.00726082330938,-1.40622460520933,-1.710522524184857,-1.988140564040896,-2.2262437492770206,-2.4326930212668962,-2.6413291991609484,-2.794402495947033,-2.905191387241866
ISPA.DE,-1.3142247819356199,-2.0090626153791193,-2.538508073429441,-2.7321445689722643,-2.9777040452213606,-3.0998619754163355,-3.184093438602881,-3.2996501648482566,-3.4894436445566863,-3.4894436445566863
BMY,-0.8252372902084101,-1.426076872272847,-1.8359097548658103,-2.135420022383252,-2.328591520473661,-2.5053135990191526,-2.758243671798118,-2.9323172371449133,-2.994082558905509,-3.029837028801329
MO,-0.9618259827219382,-1.5462797981570144,-1.881175831249176,-2.1996321818220173,-2.4181716767148407,-2.542354039142762,-2.741435159375291,-2.8800482509373944,-3.029837028801329,-3.115691259587702
BN,-0.7865173486726998,-1.3290843102477075,-1.7393698948328384,-2.043683137995616,-2.3116262784285535,-2.5142545746632035,-2.594184027828096,-2.758243671798118,-2.905191387241866,-2.994082558905509
CMCSA,-0.7302968594171885,-1.268502823127308,-1.6643668040650954,-1.9638381815670314,-2.1996321818220173,-2.3710065740570783,-2.5327638923707947,-2.7099735383976475,-2.8346314809778623,-2.994082558905509
SBUX,-0.7257998775688841,-1.2650821752569625,-1.6537409923575035,-1.9533993825900502,-2.1910977943351524,-2.4326930212668962,-2.594184027828096,-2.7099735383976475,-2.8139479831547503,-2.961789141910216
ZWS,-0.6654224232737203,-1.1637911228586335,-1.5912172429884623,-1.9775731689786562,-2.2810860981429983,-2.431681853978374,-2.58187244788171,-2.6481865503418605,-2.7599880932582797,-2.794232125101109
MELI,-0.5153486321785631,-0.8741758935712225,-1.1862517269805533,-1.4396841318534064,-1.654142656989787,-1.823154232937859,-1.99715705611055,-2.123549105564688,-2.27503113382027,-2.3994041061653855
BP,-0.742866815423574,-1.3098601317570095,-1.7088693715003787,-2.0499107012567697,-2.2953013781886913,-2.4554858393650236,-2.628985525095589,-2.7099735383976475,-2.905191387241866,-2.994082558905509
6857.T,-0.4575745045803409,-0.8292509581589788,-1.1673516410390667,-1.4615324472796902,-1.785099217457661,-1.9768450319800703,-2.205509512021333,-2.408466040987054,-2.549669716346944,-2.755884960926732
LMT,-0.9130479727193112,-1.5362223101223247,-1.9508226498492451,-2.2744442853386224,-2.5142545746632035,-2.6672960131867987,-2.794402495947033,-2.9323172371449133,-3.0699424590340376,-3.169068054888483
TMUS,-0.6965498420221348,-1.1579942835429402,-1.5123532563777606,-1.7766123796413276,-1.9848263156271329,-2.1568464142305372,-2.360086775486577,-2.4677435060457946,-2.5411966569224704,-2.6672189156310724
HOOD,-0.3640410738885988,-0.5811326142845287,-0.8689178118921145,-1.1373411863580716,-1.3869151883463011,-1.5756438100852206,-1.735039477939257,-1.8855730049667618,-2.0972525706013547,-2.2118299441408618
GSK,-0.884344691567778,-1.5069462388777148,-1.9965087461959663,-2.3343986285231986,-2.4796305340295475,-2.7758695696819626,-2.905191387241866,-3.0699424590340376,-3.3146523927384957,-3.6102880350485664
DUK,-0.9401358498765492,-1.5300144514738012,-1.9638381815670314,-2.2354755556681742,-2.5142545746632035,-2.741435159375291,-2.8566037537823714,-2.994082558905509,-3.0699424590340376,-3.115691259587702
8035.T,-0.5122998669648757,-0.9127617919520697,-1.2878968119746228,-1.573829802076198,-1.8668512304713216,-2.1400898696025465,-2.314491286651564,-2.511709714255781,-2.692792093318821,-2.81162825123693
TT,-0.7089417816655957,-1.227577947734821,-1.607395762136177,-1.9281951198855367,-2.1584665855253675,-2.3584500386378116,-2.5142545746632035,-2.69519642312547,-2.9323172371449133,-2.994082558905509
SPOT,-0.4744240627352513,-0.8709406547825972,-1.1902042161482669,-1.5333387714789108,-1.8268186585854378,-2.032798765958086,-2.231406999531444,-2.335886110705902,-2.5030157276479796,-2.6032111519260828
1810.HK,-0.4148632736557875,-0.814031866683134,-1.214298523374005,-1.5807087120877392,-1.8444936411628596,-2.111539223421883,-2.335192447549857,-2.6243482238477656,-3.0658703012541415,-3.0658703012541415
MMM,-0.895165014614634,-1.5189866103450955,-1.9281951198855367,-2.2496909064686688,-2.471421344323008,-2.7253672237986515,-2.9323172371449133,-3.029837028801329,-3.115691259587702,-3.426366522732482
BMO,-0.927095909905518,-1.5153514008130666,-1.908878878601049,-2.212742108953147,-2.4880103093564743,-2.654088942641608,-2.8566037537823714,-3.0699424590340376,-3.0699424590340376,-3.169068054888483
PDD,-0.39421956702991195,-0.7211129543174652,-0.9706387611217533,-1.2001797040888322,-1.3997648909568647,-1.5876763191397907,-1.7680858719193335,-1.9760060402240884,-2.1705851342297224,-2.282295329417776
MMCAS.IS,-0.36053564977156327,-0.6316730300725356,-0.8881131514302275,-1.1155087874267062,-1.2934973143198738,-1.4501452083640498,-1.5889726206253725,-1.7323135364910875,-1.827106404226836,-2.1025372366985806
HCA,-0.7423692240714027,-1.296372966804817,-1.6972978421647118,-1.9841812191591077,-2.246197535640823,-2.382905631369569,-2.551196659628201,-2.649901261364489,-2.78409768614689,-2.897843477473281
GD,-0.8792552673498829,-1.4641932534098105,-1.9281951198855367,-2.2401638513710274,-2.562266673910372,-2.69519642312547,-2.8346314809778623,-3.115691259587702,-3.3146523927384957,-3.426366522732482
2317.TW,-0.7049322840842623,-1.1797241528646152,-1.5752681407811584,-1.9190958462354188,-2.1353031358712706,-2.3024563505862456,-2.791270691369515,-2.8315368735067836,-2.876994654365917,-3.067049811520753
ICE,-0.7719530484258178,-1.275049889175102,-1.641225128100948,-1.9010947064341417,-2.075613929732717,-2.202116892257834,-2.31623870385953,-2.441689155254075,-2.540708185282154,-2.580087836904609
AEM,-0.47304243785754113,-0.86635119569393,-1.230841861163062,-1.5324905105199909,-1.8338459686834898,-2.0594037769794107,-2.2308358870440865,-2.425368421939968,-2.542354039142762,-2.741435159375291
ORLY,-0.7938505178537754,-1.3593594097755186,-1.7606395262667596,-2.043683137995616,-2.2496909064686688,-2.397302394269086,-2.5327638923707947,-2.628985525095589,-2.7758695696819626,-2.9323172371449133
8411.HK,-0.7269369607350805,-1.0183320558422335,-1.2083677744510337,-1.3594910666219084,-1.5174703177337365,-1.6970558681406132,-1.8544337501851822,-1.997785589471864,-2.0687982532242475,-2.140839349500821
BNS,-0.9457174898486634,-1.5405788355139074,-1.9326495862253188,-2.2526819327190997,-2.479647313777798,-2.6343327881799947,-2.8254817529910383,-2.9316087647339666,-3.040675750804725,-3.0867954685902435
BNP.PA,-0.6675584202861866,-1.1606811482200905,-1.5348054974363412,-1.8333100640274087,-2.052575605957912,-2.2579542685945855,-2.41892306991527,-2.6243545956753818,-2.6881666426307715,-2.841488598456898
ENR,-0.6825120051682011,-1.153786840430157,-1.555722847079142,-1.924936617848435,-2.209805785054178,-2.3200350184222525,-2.489118529550934,-2.557388393367706,-2.6723164766323264,-2.7463433729411553
CDNS,-0.6561944233461908,-1.1271649825540278,-1.504564214828356,-1.767909672632559,-1.9965087461959663,-2.1868897485630843,-2.38394845534244,-2.5234011779966083,-2.6413291991609484,-2.758243671798118
AMT,-0.7040218327140647,-1.1716905885470528,-1.5275477373678383,-1.7642629432201087,-1.9585921042501466,-2.117045310895952,-2.2449019095076244,-2.3774277410396354,-2.4633754018317098,-2.562266673910372
7974.T,-0.5835092056056952,-1.0754283706783394,-1.48675832648756,-1.8120145480775158,-2.032979693256951,-2.2558975732591833,-2.372743915780068,-2.5352735399592494,-2.6938780360473076,-2.864752357650531
WBC.JO,-0.7095902997852284,-1.2568258446502374,-1.6348134180372635,-2.0358706962945803,-2.4592925223306437,-2.60153562791831,-2.60153562791831,-2.83099316749525,-2.83099316749525,-2.83099316749525
KKR,-0.6622069481252596,-1.1421172303751466,-1.5345124867018431,-1.8226073032523518,-2.097148093384026,-2.2886054436567234,-2.47391433532809,-2.664508131622695,-2.7981221610524325,-3.0149715742588827
HWM,-0.7174600508862597,-1.1336427229877792,-1.516708577279455,-1.7933519429410243,-2.0635278983162486,-2.266226809209657,-2.3978180508347586,-2.4382896485054935,-2.5076767715729282,-2.624385178612249
REGN,-0.4500156037384152,-0.8815144146193644,-1.2074682289996146,-1.499825612383775,-1.7481362670839262,-1.9744954700398747,-2.142976289743136,-2.2744442853386224,-2.4041430237710606,-2.5234011779966083
MUV2.DE,-0.8453899519979517,-1.3710683525695464,-1.7314532531376234,-1.986727560381381,-2.2016506884269145,-2.389860398859979,-2.58879283607813,-2.781093854100751,-2.9102205281173226,-3.034690619862657
RMS.PA,-0.7822515464162367,-1.3237052387001724,-1.690123443601489,-2.068245183005564,-2.325282157709334,-2.6127882874722372,-2.801341805743902,-2.9389821650917063,-3.2394926478645356,-3.615856325596529
ICICIBANK.NS,-0.6256345929942594,-1.1386922470792684,-1.5223202664391742,-1.8359921578774627,-2.0606503260088407,-2.2805400236158895,-2.4311627296422396,-2.672660946857762,-2.8700037691824636,-2.9271755429214794
CRH,-0.5969468052700796,-1.0792618377273484,-1.4586174105139886,-1.7827368597899271,-2.092464294014752,-2.259426639852963,-2.4633754018317098,-2.628985525095589,-2.758243671798118,-2.8566037537823714
D05.SI,-0.8882047756457258,-1.46906200066083,-1.8933939717309545,-2.247663872636516,-2.507845445617629,-2.816249522342373,-2.9345405462215304,-3.0720808748785458,-3.428311152610254,-3.7121451819568545
WM,-0.985223190672208,-1.5747760300762277,-1.9853818534307854,-2.264375953059876,-2.4965685244309896,-2.8139479831547503,-2.9323172371449133,-3.115691259587702,-3.3146523927384957,-3.3146523927384957
CM,-0.9118854420728659,-1.4881241616242613,-1.8766963833712498,-2.203960177268958,-2.390572138325214,-2.594184027828096,-2.69519642312547,-2.961789141910216,-3.0699424590340376,-3.169068054888483
BARC.L,-0.599096565270093,-1.0725583376199526,-1.4506685863955633,-1.7244994992563836,-1.9689625745242103,-2.1291400933155566,-2.2945515161357117,-2.4225380565919576,-2.5276207709187553,-2.6453948252671498
NBR,-0.3486816289810512,-0.6748507283568431,-0.9771586917909649,-1.2423701729516832,-1.4846531655847548,-1.7006728559094657,-1.908878878601049,-2.0562187952197424,-2.212742108953147,-2.3006751181912235
7011.T,-0.623488362222341,-1.1076287514810852,-1.5251025625234123,-1.8870788367431088,-2.151670816644699,-2.437543603898595,-2.7075800479093495,-2.792069225181797,-2.8543130637750833,-2.959567232064889
BK,-0.7438774743869939,-1.2357624604932456,-1.5774307841008002,-1.9112546714295002,-2.182720074784711,-2.3710065740570783,-2.4326930212668962,-2.5521838702359307,-2.69519642312547,-2.8139479831547503
PRX.AS,-0.5690725135983308,-1.0374955887338144,-1.4447972225088106,-1.7339847328602218,-1.933149190878122,-2.2263596787540902,-2.467293777053996,-2.6250601417932864,-2.9015790166748334,-2.9015790166748334
SHW,-0.8268548887681334,-1.4051950114931004,-1.8569910101640252,-2.1468007811965357,-2.4633754018317098,-2.6413291991609484,-2.8139479831547503,-2.994082558905509,-3.115691259587702,-3.169068054888483
SNOW,-0.42521947056564846,-0.7711778796345921,-1.0000356966500248,-1.2158025416521787,-1.4382048488317842,-1.6485097076045712,-1.8580783082387156,-2.063156681026367,-2.1893497555220893,-2.3646911440438676
RHM.DE,-0.6348781315689607,-1.1051964100375444,-1.4703767520612763,-1.7716753878410818,-1.9977047106209822,-2.219009477569528,-2.4169570133676586,-2.5781780732806525,-2.73067160572004,-2.79959795093483
8058.T,-0.677400988765412,-1.2087976261662101,-1.625161470671736,-1.9250701784832227,-2.209926127707503,-2.4528920040996716,-2.651653972512027,-2.792069225181797,-2.959567232064889,-2.9918809929976073
8001.T,-0.676429939079296,-1.163544265771288,-1.5554463488963357,-1.8646502997159626,-2.128789028777603,-2.387922140784025,-2.5807607681201894,-2.755884960926732,-2.8543130637750833,-2.9918809929976073
LLOY.L,-0.6567639168106759,-1.1579060277136277,-1.4908809752869379,-1.746702077035232,-2.0158096398090257,-2.1632388115888923,-2.2841408967637546,-2.429724463085723,-2.5276207709187553,-2.5767709368675527
SNPS,-0.740343480486898,-1.227577947734821,-1.5895169859588745,-1.8971586371033033,-2.1664101463657346,-2.3343986285231986,-2.4880103093564743,-2.6054369881979067,-2.7253672237986515,-2.905191387241866
ENEL.MI,-0.8440972155560749,-1.420880517266294,-1.8576097933289137,-2.1889354027823926,-2.389749834998085,-2.672594379702115,-2.7995007666518705,-2.966644556267556,-3.0345998220949695,-3.3190611810704103
HII,-0.8547596166669674,-1.4392465224914215,-1.8300634479636848,-2.1343597891484913,-2.393782544901611,-2.586962067833189,-2.6971770920156555,-2.817407051396829,-2.9451921354734814,-2.9451921354734814
ELV,-0.7672272746107291,-1.3320778931406996,-1.7214491487501982,-2.0011167536362606,-2.289811844572167,-2.497822073974804,-2.6042522022130816,-2.670967295366362,-2.8114035317748547,-3.007886512391957
RIO,-0.5841685819336406,-1.0226594737020742,-1.4367551363716238,-1.7341735662900133,-1.9744954700398747,-2.1664101463657346,-2.3172075209346654,-2.4554858393650236,-2.5521838702359307,-2.7253672237986515
NOC,-0.9147940861445948,-1.483500132462261,-1.8948455900788463,-2.182720074784711,-2.425368421939968,-2.654088942641608,-2.8566037537823714,-3.029837028801329,-3.115691259587702,-3.233360977747898
MRVL,-0.45010482033985444,-0.8409531492868121,-1.1600601390030143,-1.4125779486730703,-1.6383878265657483,-1.8377083388045552,-1.9940275031754557,-2.154745057058159,-2.2721984894346425,-2.3834763927239293
MCO,-0.7907025253448635,-1.2849574395319887,-1.6643668040650954,-1.9160388814625544,-2.1316871512579874,-2.3116262784285535,-2.5053135990191526,-2.6413291991609484,-2.7758695696819626,-2.8800482509373944
TDG,-0.7913436613435434,-1.313303527162252,-1.683220588398103,-1.9653152645814957,-2.190298309130644,-2.3325682883727286,-2.510871401426579,-2.618497477335257,-2.6681306621165923,-2.7932095254788765
MDLZ,-0.9984593220159679,-1.6476077046163387,-2.0974764810367743,-2.3901366452105726,-2.7064042456213175,-2.861942993519374,-3.0124954601049923,-3.152383696396793,-3.152383696396793,-3.2986065633084727
USB,-0.7844299197455145,-1.3044555681249543,-1.6705240708591558,-1.9184475265606735,-2.1468007811965357,-2.3172075209346654,-2.4401505072139695,-2.5142545746632035,-2.654088942641608,-2.7758695696819626
NKE,-0.7740435611406331,-1.3281577061197483,-1.7446136185686312,-2.0626097876164935,-2.322861892455491,-2.4880103093564743,-2.680985395375806,-2.741435159375291,-2.794402495947033,-2.9323172371449133
JCI,-0.7637400402886838,-1.27972377485982,-1.6301307568678831,-1.8789313946169455,-2.085667890622077,-2.2795661887764522,-2.4554858393650236,-2.594184027828096,-2.680985395375806,-2.7253672237986515
EMR,-0.78234590327828,-1.3440678683223282,-1.7428603822822153,-2.0993587478560025,-2.3710065740570783,-2.5832502800030572,-2.8566037537823714,-2.961789141910216,-3.0699424590340376,-3.0699424590340376
AON,-0.895165014614634,-1.4698149934350064,-1.848459751253215,-2.1391828885120803,-2.3646817036900085,-2.5327638923707947,-2.69519642312547,-2.8566037537823714,-2.8800482509373944,-3.0699424590340376
PNC,-0.7591298422297279,-1.2557508939056072,-1.6258036295844078,-1.913641301370329,-2.1545453337908858,-2.352308636669281,-2.5142545746632035,-2.5832502800030572,-2.7253672237986515,-2.8566037537823714
EQIX,-0.5892741706457099,-1.0222634536320134,-1.312039947757807,-1.5418871544518797,-1.7264861752350842,-1.8572661570732323,-1.9670472792486589,-2.082740727234755,-2.173306673740852,-2.319642601338343
GBPNGN=X,-1.4046671511163378,-2.01074341897404,-2.221592697599967,-2.3278312225040425,-2.349602679163872,-2.3968155912815523,-2.4596524905206243,-2.534024774377258,-2.597272662983539,-2.6257829834810593
WMB,-0.625596321358945,-1.096581013773619,-1.4530865508119453,-1.690985469265899,-1.8766963833712498,-2.0405988435047373,-2.1468007811965357,-2.269381363370994,-2.3172075209346654,-2.397302394269086
CI,-0.7433720499923228,-1.2659359489297062,-1.6186586804906553,-1.9306608791980429,-2.1468007811965357,-2.3116262784285535,-2.425368421939968,-2.4965685244309896,-2.594184027828096,-2.6413291991609484
ABX,-0.9319713123431904,-1.2088337390087416,-1.4605311820132314,-1.6276288705256439,-1.85874661227107,-2.0042335798798243,-2.1316815686335326,-2.2111272410853324,-2.3076067091137036,-2.397297300612333
UPS,-0.9330034870857256,-1.539975627152163,-1.9691388698110008,-2.2308358870440865,-2.4477462211583094,-2.628985525095589,-2.741435159375291,-2.8566037537823714,-3.0699424590340376,-3.233360977747898
6098.T,-0.6331728251399612,-1.1262712897196114,-1.4929198543104119,-1.8389798790111602,-2.0944629373375174,-2.3210803752324893,-2.596536939929403,-2.851872617882564,-2.9093444132794306,-2.9784079047065273
DASH,-0.44737728320000963,-0.7738417323372532,-1.0660773658896132,-1.2469082085579628,-1.430283320768965,-1.6338913422347767,-1.8066915527675942,-2.013521500210338,-2.1927672284907143,-2.347837261697977
CNQ,-0.5626653122417726,-1.0119915980749508,-1.372696456321322,-1.7236725728176654,-2.0631418243191324,-2.231484607736055,-2.3823266764826143,-2.554469643123428,-2.702527394246441,-2.750905879687451
3690.HK,-0.3515981340140126,-0.7002056515475583,-1.0186274059362366,-1.3173853256338113,-1.5709204951940405,-1.8389551183713413,-2.0514467152484785,-2.198226615682837,-2.345640593800988,-2.391935738067529
ITW,-0.8646786870865547,-1.4454172361187076,-1.8856933469762802,-2.1785880083156175,-2.4633754018317098,-2.7099735383976475,-2.905191387241866,-3.115691259587702,-3.233360977747898,-3.426366522732482
DG,-0.8375781200784163,-1.4211018302715708,-1.8447582455411329,-2.2028318009783034,-2.414075264100457,-2.5807182206248203,-2.6785292843660504,-2.81158860735555,-2.845313305892474,-3.027620337193497
GM,-0.6535310284374409,-1.1430334002502116,-1.541919696761528,-1.8733467689213152,-2.198969893267092,-2.4656363199794704,-2.656716194088948,-2.759644549262205,-2.9520973999256617,-3.0079464688125648
TEL,-0.7656691644737557,-1.3035894269558996,-1.6843371061178833,-2.01285155360378,-2.237120096048892,-2.432482515233597,-2.5122451352072015,-2.725175313787079,-2.9265365647123893,-3.014893613129268
VRT,-0.6560334919450641,-0.9927835449231716,-1.2586562880810004,-1.4312432398093862,-1.6890924382604549,-1.8880974023669304,-2.142057675262991,-2.2464044808449457,-2.383103176967856,-2.5513836676587096
MAR,-0.7178412486899067,-1.216255927960583,-1.6032242627014597,-1.8766963833712498,-2.117045310895952,-2.3402855421128654,-2.6054369881979067,-2.8139479831547503,-2.994082558905509,-3.029837028801329
CMI,-0.6585733969449172,-1.1476605274837857,-1.5424899420274392,-1.8196136462581856,-2.0723571582081686,-2.264375953059876,-2.4181716767148407,-2.5521838702359307,-2.69519642312547,-2.8800482509373944
1398.HK,-0.7575496037620784,-1.3560292206453646,-1.8024547712299683,-2.0651494662775436,-2.262222593939915,-2.4371806169967853,-2.6006662406776733,-2.9305726087894013,-3.222952214152262,-3.337339763132022
COR,-0.8431517132725693,-1.4010914574654767,-1.7481362670839262,-2.0562187952197424,-2.3061161280083855,-2.4880103093564743,-2.69519642312547,-2.9323172371449133,-3.0699424590340376,-3.169068054888483
8031.T,-0.6754595268058218,-1.183530689906852,-1.5927610697819172,-1.9477245084173973,-2.205509512021333,-2.4451458057538664,-2.614566652354394,-2.755884960926732,-2.959567232064889,-3.067787330537571
HLT,-0.777575122859142,-1.35675275985206,-1.8080176016916851,-2.1402748219302388,-2.355943037887533,-2.579382111976205,-2.789510045668222,-3.0068853432840035,-3.093284190065908,-3.093284190065908
CP,-0.7448888937422262,-1.334668055995098,-1.7606395262667596,-2.085667890622077,-2.352308636669281,-2.5726168960788374,-2.741435159375291,-2.905191387241866,-3.029837028801329,-3.169068054888483
ECL,-0.9265069312159941,-1.520202818868944,-1.9356279101963152,-2.264375953059876,-2.542354039142762,-2.7253672237986515,-2.758243671798118,-2.905191387241866,-3.0699424590340376,-3.169068054888483
PWR,-0.606134033102617,-1.0194314854395081,-1.334668055995098,-1.601839943136806,-1.8379813903377575,-2.043683137995616,-2.1996321818220173,-2.38394845534244,-2.471421344323008,-2.542354039142762
NSC,-0.7128901282105756,-1.2523846707965283,-1.6507390804607291,-1.9482588049604173,-2.1953450008245587,-2.4554858393650236,-2.654088942641608,-2.8139479831547503,-2.8800482509373944,-3.115691259587702
RCL,-0.5423874645204391,-0.9667077200988625,-1.301767517624903,-1.557784699438719,-1.778993287167298,-1.9533993825900502,-2.078966482608293,-2.254532061700739,-2.3646817036900085,-2.4477462211583094
CSX,-0.7094347197398431,-1.2398859352374252,-1.6477519708703396,-2.0050191182998316,-2.2308358870440865,-2.4477462211583094,-2.69519642312547,-2.8800482509373944,-3.029837028801329,-3.115691259587702
AZO,-0.8719438185992713,-1.4641932534098105,-1.8722542787324836,-2.1953450008245587,-2.38394845534244,-2.5521838702359307,-2.628985525095589,-2.7758695696819626,-2.8566037537823714,-2.994082558905509
ANZ.NZ,-0.8057886186138835,-1.4137108834049128,-1.8470379431257247,-2.215179879270381,-2.434955601740851,-2.607577559349371,-2.743487980873296,-2.934257683583072,-3.1175341439448268,-3.170884256711351
NWG,-0.5143791987153921,-0.9156979748369288,-1.2427124915485042,-1.4932522140141493,-1.716742665471454,-1.888551394988162,-2.0342996011658605,-2.168363975466716,-2.308691638098613,-2.358668903178228
GLW,-0.5937431816821842,-1.0448988195533422,-1.3789324453651537,-1.6315799380886258,-1.8277010305409345,-1.9826381702968612,-2.1243093055038123,-2.254532061700739,-2.411098038393774,-2.542354039142762
TRV,-0.8770005986873092,-1.435679927831915,-1.8297416731633558,-2.1243093055038123,-2.352308636669281,-2.562266673910372,-2.7099735383976475,-2.8346314809778623,-2.994082558905509,-3.115691259587702
ADSK,-0.6121332352047003,-1.0468859905534746,-1.4072556917746066,-1.717182328722343,-1.9431692013599902,-2.1506569335814425,-2.38394845534244,-2.5327638923707947,-2.628985525095589,-2.7253672237986515
AEP,-0.9223930437953961,-1.561665871388807,-1.9559891506883051,-2.254532061700739,-2.5234011779966083,-2.7253672237986515,-2.8800482509373944,-2.961789141910216,-3.115691259587702,-3.426366522732482
2454.TW,-0.5507832854843464,-0.9960568304218752,-1.3915502287071302,-1.6685493673243177,-1.9135747164940518,-2.1408686507532058,-2.591580615175399,-2.700759453316216,-2.7703042433048233,-2.9713522305228226
3883.KL,-0.5989945138329049,-1.096771560608631,-1.456342979715624,-1.7686123025326825,-1.9909808542331449,-2.228336436105618,-2.4303587346607083,-2.5810265583002163,-2.678828367758589,-2.854557614592297
CL,-1.0136477184618473,-1.6783108283873305,-2.1063544601762274,-2.4326930212668962,-2.6672960131867987,-2.794402495947033,-3.115691259587702,-3.233360977747898,-3.233360977747898,-3.3146523927384957
8766.T,-0.6533120201344621,-1.166588812788027,-1.594135317318505,-1.9375330139945963,-2.1882603001237464,-2.4528920040996716,-2.6029648016094957,-2.7229849282867558,-2.832325916888525,-2.902932957925707
9983.HK,-0.3334207014279331,-0.7241470385099242,-1.0423308864523797,-1.3806449106808907,-1.7543819658836,-1.9680520508068648,-2.1126348364563814,-2.322574531946198,-2.484125224707316,-2.484125224707316
CTAS,-0.8328046956293236,-1.3661505124736062,-1.7428603822822153,-2.0626097876164935,-2.322861892455491,-2.5234011779966083,-2.69519642312547,-2.8346314809778623,-2.9323172371449133,-2.961789141910216
6861.TW,-0.5357302194696787,-0.9939613346592095,-1.3430530906243252,-1.7246412483038673,-1.9924266119912024,-2.1172377182776945,-2.1945292757445967,-2.2876984918299477,-2.509664481603933,-3.1881454464165695
DBK.DE,-0.588035219548791,-1.0591290572705727,-1.412806706418849,-1.68286978989282,-1.9254261058435531,-2.1058838028886973,-2.301392584161564,-2.4853596278754106,-2.6225140379624046,-2.781093854100751
SRE,-0.927095909905518,-1.520202818868944,-1.9208673533741416,-2.2847486017027,-2.5327638923707947,-2.7253672237986515,-2.8346314809778623,-2.905191387241866,-3.0699424590340376,-3.115691259587702
AJG,-0.9341889133246679,-1.5300144514738012,-1.9281951198855367,-2.2216980834854643,-2.4633754018317098,-2.69519642312547,-2.8139479831547503,-2.905191387241866,-2.9323172371449133,-3.0699424590340376
NET,-0.39967767232871976,-0.6965074215790178,-0.9904183151850106,-1.1911725365514967,-1.403883528385087,-1.5932188180230502,-1.746016522699213,-1.8950875175301694,-2.090018235853018,-2.2375176778060677
MSI,-0.7133844526027978,-1.1831910342190928,-1.520202818868944,-1.786505584327544,-1.9853818534307854,-2.1910977943351524,-2.3774277410396354,-2.542354039142762,-2.69519642312547,-2.758243671798118
FCX,-0.45128851965683914,-0.8360625004573724,-1.1558456340089025,-1.4303286169135845,-1.6705240708591558,-1.8856933469762802,-2.046786997218423,-2.174492807535187,-2.2795661887764522,-2.4477462211583094
TFC,-0.7464074532834499,-1.2481967465126584,-1.622935703040655,-1.8925426366225189,-2.1391828885120803,-2.3006751181912235,-2.5053135990191526,-2.6672960131867987,-2.794402495947033,-2.8346314809778623
MPC,-0.6186536076026691,-1.0635917284540897,-1.4471169053436477,-1.7769587475943067,-2.0427884496356903,-2.246937359699959,-2.399235293544118,-2.510729649090617,-2.6431164845081954,-2.7775850090085186
INFO,-1.2225535368415628,-1.8012642626018842,-2.3349894104966835,-2.4829669937414653,-2.7206861551248096,-2.7206861551248096,-2.8206861551248097,-2.8206861551248097,-2.8206861551248097,-2.8206861551248097
MFC,-0.7771506597042143,-1.2955317060901255,-1.6643668040650954,-1.988140564040896,-2.182720074784711,-2.3710065740570783,-2.4965685244309896,-2.5726168960788374,-2.654088942641608,-2.758243671798118
ITX.MC,-0.7824395681006381,-1.3508294272794246,-1.8392029960951166,-2.1647267695386345,-2.450796821673242,-2.629445529258137,-2.921426877951747,-3.019245459415555,-3.105350219342993,-3.105350219342993
FDX,-0.7267979359919793,-1.2964194522909183,-1.7006728559094657,-2.00788845717969,-2.254532061700739,-2.4477462211583094,-2.6413291991609484,-2.7099735383976475,-2.8346314809778623,-2.905191387241866
VST,-0.6419923119876826,-1.1223103174289808,-1.5006422109192388,-1.7863525899407329,-2.023246079457886,-2.179797269110483,-2.2693705285367645,-2.420546387959076,-2.4861229232821183,-2.6271808363663216
IDXX,-0.7657942333614575,-1.2398859352374252,-1.5977052972747825,-1.9585921042501466,-2.2401638513710274,-2.4477462211583094,-2.594184027828096,-2.7253672237986515,-2.8566037537823714,-3.029837028801329
WES,-0.6081702232531679,-1.1207251564741916,-1.4825125853475962,-1.8078872617731172,-2.0334296689497235,-2.172306231799545,-2.3480168357331666,-2.44185850925514,-2.5250636948239955,-2.630593495370046
PYPL,-0.6206218119159496,-1.0594520858104859,-1.439531470938456,-1.744565066791621,-2.000423569105984,-2.2908913747319652,-2.4667024043907477,-2.5811042079716264,-2.7880259056287806,-2.7880259056287806
EOG,-0.5760042246854653,-1.040936805567028,-1.427137391038705,-1.7624483423148023,-2.0050191182998316,-2.212742108953147,-2.4401505072139695,-2.6054369881979067,-2.8139479831547503,-2.8566037537823714
SPG,-0.8145079326649638,-1.3089567142984229,-1.6767453298499633,-1.9208673533741416,-2.1468007811965357,-2.2795661887764522,-2.390572138325214,-2.471421344323008,-2.5327638923707947,-2.69519642312547
ABI,-2.5259784794809583,-2.5259784794809583,-2.5259784794809583,-2.5259784794809583,-2.5259784794809583,-2.5259784794809583,-2.5259784794809583,-2.5259784794809583,-2.5259784794809583,-2.5259784794809583
RBLX,-0.388669481277567,-0.6757906786254056,-0.9434426325856543,-1.1883114107253108,-1.3661215147692334,-1.580250168640241,-1.7842677667205944,-1.8605346748050673,-2.040281322010416,-2.173375515099901
STX,-0.5545383302504127,-0.9631756084367551,-1.3096566488925396,-1.6123852872068172,-1.9015385217471208,-2.0719590109762525,-2.2335477883318133,-2.381582965303345,-2.510182295608642,-2.655049919267787
CSL,-0.7740435611406331,-1.3328021885920793,-1.7463722339753438,-2.0594037769794107,-2.264375953059876,-2.4326930212668962,-2.628985525095589,-2.7253672237986515,-2.8346314809778623,-3.029837028801329
LSEG.L,-0.7963774499996554,-1.3662198433480552,-1.7033113560177522,-1.9692726553853748,-2.1839373901565566,-2.3651284752259185,-2.478435168896128,-2.6501188093815347,-2.818303964012336,-2.9460562362620433
COIN,-0.18922600988170196,-0.44079807045396924,-0.6758170161297186,-0.8946112404581378,-1.0880798346689704,-1.2606918295129745,-1.427426495238562,-1.6724527592719574,-1.8516162747433937,-2.048897126624946
ZTS,-0.8491207655899627,-1.4722015787884193,-1.887485117687154,-2.3092535284846747,-2.6032815017332913,-2.739368138564848,-2.854606500064186,-2.9598518530078852,-3.0279367609362438,-3.0279367609362438
ARGX,-0.5719687093925021,-1.0467758914674936,-1.4480556912808624,-1.776529060385051,-2.1077184485912004,-2.3382806577532835,-2.6035978781383813,-2.6791889385317185,-2.8329163039970253,-2.8329163039970253
WDC,-0.46320474225247077,-0.8290150586491959,-1.1580914177986696,-1.444328537494258,-1.6597899252697146,-1.8116435531624624,-1.977195156806825,-2.174492807535187,-2.259426639852963,-2.3774277410396354
NU,-0.45696831831385226,-0.7894771670514764,-1.1010985266479663,-1.2922492128842828,-1.4636934599097717,-1.6349437307979457,-1.8204217753889171,-1.9853548554689728,-2.177535607436621,-2.2643515320939622
APD,-0.8273945692294455,-1.4093223652214155,-1.7752744811907586,-2.113454802454823,-2.3343986285231986,-2.562266673910372,-2.680985395375806,-2.794402495947033,-2.961789141910216,-3.115691259587702
4063.T,-0.6300671564988116,-1.1492276866361975,-1.5845780716474576,-1.8916803740442891,-2.179874172536678,-2.422748806178468,-2.626531483332929,-2.792069225181797,-3.02765758217813,-3.067787330537571
WBD,-0.5909994931310537,-1.0423598832814553,-1.40679637945262,-1.760130279701116,-2.0155272162079894,-2.171681364906774,-2.368710625142672,-2.489130702348224,-2.572755309604192,-2.716540216571071
ALNY,-0.4310648639409821,-0.807520418187902,-1.142337651252776,-1.4439673525158636,-1.6866070283694652,-1.8888631970505374,-2.1349049170418333,-2.3148972354600783,-2.5077511293114436,-2.6183148024192286
AI,-0.22776761051541283,-0.5070546927615581,-0.72423396703101,-0.9207153577959122,-1.177034474249652,-1.4248198458920842,-1.5835479932776928,-1.7401918605123239,-1.9060146233734832,-2.044413981939643
TRP,-0.9341889133246679,-1.5668776442287864,-2.0284519178112332,-2.38394845534244,-2.5327638923707947,-2.794402495947033,-2.9323172371449133,-3.029837028801329,-3.115691259587702,-3.426366522732482
2308.TW,-0.626533225482422,-1.0890337651620938,-1.5115186104991178,-1.8071840260506344,-2.0850403606822705,-2.250747342427902,-2.791220711190076,-2.876945923371268,-3.026865052867319,-3.1662083050980154
6503.T,-0.5873134308836411,-1.074716798819567,-1.490215466732827,-1.8264950648322054,-2.1141318806866636,-2.355771410854543,-2.549669716346944,-2.692792093318821,-2.81162825123693,-3.067787330537571
ROST,-0.7069717490136569,-1.2473617846125367,-1.6659002062330126,-1.9482588049604173,-2.182720074784711,-2.390572138325214,-2.5726168960788374,-2.758243671798118,-2.9323172371449133,-3.115691259587702
PSX,-0.704662980850277,-1.178063302626407,-1.5873597962829227,-1.9230245784181859,-2.131670990785795,-2.37843578582111,-2.5243622145341944,-2.831271325368645,-2.831271325368645,-2.8737113736004005
NDAQ,-0.7700823305146921,-1.2146124252794237,-1.5718888477826698,-1.8297551532571183,-2.0444112867877786,-2.2059429191821205,-2.3672558201713887,-2.5272429019982448,-2.6071726261075017,-2.6920893603271074
ALL,-0.8837780698996811,-1.4789076071559184,-1.8613078250541872,-2.0823054974290214,-2.2449019095076244,-2.3774277410396354,-2.5142545746632035,-2.6170298751918515,-2.6672960131867987,-2.8566037537823714
BDX,-0.9341889133246679,-1.5349760008771538,-1.9993294704355098,-2.289993113482879,-2.5726168960788374,-2.7253672237986515,-2.8139479831547503,-2.905191387241866,-3.029837028801329,-3.115691259587702
D,-0.968544321208118,-1.5868110888501887,-2.046786997218423,-2.390572138325214,-2.5521838702359307,-2.7099735383976475,-2.905191387241866,-2.994082558905509,-2.994082558905509,-3.115691259587702
APO,-0.6677231265858259,-1.0957958993195338,-1.4917074238663466,-1.771313277728801,-2.0838180137660887,-2.327562534003444,-2.5328277072625007,-2.671864793816662,-2.751808090521716,-2.751808090521716
VLO,-0.5584447013965648,-1.00789766272489,-1.362262190916033,-1.6877913312479538,-1.9533993825900502,-2.1704337529603746,-2.346254695115646,-2.4965685244309896,-2.6054369881979067,-2.741435159375291
AFL,-0.8569053952420017,-1.3899266416311788,-1.7324518175544705,-2.00788845717969,-2.2216980834854643,-2.352308636669281,-2.471421344323008,-2.594184027828096,-2.628985525095589,-2.69519642312547
IFX.DE,-0.5193918830134273,-0.8982214961574526,-1.2285061746881263,-1.5306621257112563,-1.771837525392892,-1.9889923531989588,-2.1540559471851206,-2.3317869298438563,-2.4284622804675413,-2.5172602920847877
SLB,-0.5750994492950507,-1.041596005861903,-1.441072670453997,-1.7570390786334125,-2.078966482608293,-2.2744442853386224,-2.4554858393650236,-2.680985395375806,-2.8139479831547503,-2.8346314809778623
PCAR,-0.6888768808839091,-1.2082632586253683,-1.6359481674049283,-1.9306608791980429,-2.135420022383252,-2.3584500386378116,-2.6054369881979067,-2.758243671798118,-2.9323172371449133,-2.994082558905509
RKT,-0.3133035232331678,-0.7037466318843014,-1.0323363454586763,-1.350890580607643,-1.61625916525746,-1.8673289134397661,-2.056188406325012,-2.2887942323959583,-2.342679874273343,-2.476849273589603
MNST,-0.6767774329244141,-1.1213954074524386,-1.483500132462261,-1.7481362670839262,-1.9691388698110008,-2.1316871512579874,-2.3006751181912235,-2.4554858393650236,-2.5327638923707947,-2.628985525095589
CPG.L,-0.8072447911236882,-1.3843919364505748,-1.7483758183963996,-2.0516932190789703,-2.278969419963305,-2.5007711498208027,-2.6094966543793663,-2.7797227896273027,-2.965438495101686,-3.172512818103902
DLR,-0.7489057358931869,-1.2622171508126059,-1.6528233984510898,-1.9669983127508077,-2.179631664718023,-2.4142249085401546,-2.5117250037551746,-2.626166588906935,-2.79089563355366,-2.8404247498580126
URI,-0.5172445282322112,-0.9188792395366928,-1.2523846707965283,-1.5300144514738012,-1.7552473631849272,-1.9585921042501466,-2.1243093055038123,-2.289993113482879,-2.38394845534244,-2.4880103093564743
O,-0.8803842793272767,-1.444328537494258,-1.8527085252407391,-2.1098913351633066,-2.328591520473661,-2.5234011779966083,-2.680985395375806,-2.794402495947033,-2.994082558905509,-3.0699424590340376
CNR,-0.3460307199742579,-0.68958498420366,-0.9723309083274619,-1.2310439896643222,-1.461398833831055,-1.6551441940680995,-1.868632156030816,-2.0043571500724875,-2.0944350493866715,-2.191859917062645
LHX,-0.7581075446281437,-1.2999806965693885,-1.7039377335322514,-2.013677234175551,-2.259426639852963,-2.4633754018317098,-2.680985395375806,-2.758243671798118,-2.9323172371449133,-3.0699424590340376
CAH,-0.8426048868195447,-1.3789324453651537,-1.7902998553012273,-2.0958990678310654,-2.346254695115646,-2.4796305340295475,-2.654088942641608,-2.758243671798118,-2.8346314809778623,-2.961789141910216
GLEN.L,-0.533140807588706,-1.0135988042721729,-1.3844670697416153,-1.690364141936677,-1.9709668606295228,-2.1730305452612186,-2.3573028008758343,-2.455295515769972,-2.6469857402827137,-2.8153267227964047
EA,-0.6377637715658329,-1.102897047787762,-1.468686928839912,-1.753461264853011,-1.9853818534307854,-2.1868897485630843,-2.3402855421128654,-2.4554858393650236,-2.6054369881979067,-2.794402495947033
KMI,-0.8047912168496852,-1.3970678707958302,-1.801772560236866,-2.0992984692469485,-2.3733363026443968,-2.5706913928133326,-2.6515291115128092,-2.7546180723804006,-2.8993546909446652,-2.947347479206506
WPM,-0.49769836016400437,-0.913946870872161,-1.2339470028403299,-1.5376785517143867,-1.7603096776287108,-1.9696796474755482,-2.118473482664184,-2.3530708804035765,-2.468279785665376,-2.615042142349697
DGE.L,-0.9311656068974141,-1.5954688326992472,-2.061170324311037,-2.344766778673382,-2.685001571872313,-2.965484977326408,-3.119231132123314,-3.3180081737032414,-3.429626683218221,-3.6134015746996266
NPN.JO,-0.6308083539472709,-1.0702372236440145,-1.4387625306839606,-1.7853312614048167,-2.082969340189483,-2.2967792564889296,-2.4466042067477343,-2.6231287803928756,-2.7816795139522625,-2.862276431270342
SREN.SW,-0.8515107685621806,-1.3801178208084914,-1.7051392367588962,-1.9472284911896827,-2.1544181711418093,-2.3379276552599166,-2.4361083834076216,-2.5655421827561993,-2.69833912243316,-2.7284811670800537
GLE,-0.13708231372787363,-0.28086206277408915,-0.48273559061213406,-0.5633321602016321,-0.6477696370734108,-0.8550501871541686,-0.9990777898966963,-1.1224239100969928,-1.2657363864927116,-1.3983973801276282
FTNT,-0.655591761364827,-1.1033920872778376,-1.437877999918526,-1.768597752231002,-1.991973626580796,-2.209589061991569,-2.3705792332816853,-2.475092220651997,-2.5804628134703202,-2.63608878206821
EW,-0.7984216747333386,-1.367149469259299,-1.7265625406295255,-2.062170746138938,-2.2560043371227945,-2.4764517172102485,-2.625954294995274,-2.722424628851655,-2.853774326357246,-2.929549458152074
DHL.DE,-0.7618628658004141,-1.314671226248473,-1.7252108681760572,-2.0812359457282716,-2.3451793933930714,-2.5766386914624806,-2.751979852013589,-2.9558889804714954,-3.16349945181504,-3.2278881703163407
BKR,-0.5450538666418073,-1.000282363408131,-1.3690803654892452,-1.7006728559094657,-1.9533993825900502,-2.2262437492770206,-2.4041430237710606,-2.542354039142762,-2.69519642312547,-2.8346314809778623
DDOG,-0.4128086199735149,-0.7628218970628886,-1.028323950802465,-1.2672573337530235,-1.543189475458144,-1.7521568825947955,-1.8939786175548234,-2.217597646961576,-2.4278201579461958,-2.5304261931254635
F,-0.555758588623784,-1.0448988195533422,-1.4093223652214155,-1.7188592369564877,-1.9965087461959663,-2.2083298544007097,-2.3710065740570783,-2.5142545746632035,-2.628985525095589,-2.741435159375291
CVNA,-0.316525025826248,-0.5584527091201296,-0.7831360824155389,-0.9686451397878815,-1.1321726174482476,-1.28731791617697,-1.435174434325788,-1.5819666010006592,-1.716013963715372,-1.8200967575839904
ABNB,-0.44230610118306124,-0.8875122951526082,-1.2128246983794313,-1.5301312196497685,-1.6966450908585902,-1.998437113754035,-2.2148311897804227,-2.317574802538101,-2.494923601640214,-2.731785559648024
MBG.DE,-0.6656367026379238,-1.1655601561631574,-1.5594649218858727,-1.8905028114901286,-2.1418610476696127,-2.3176837249123112,-2.5479688536054113,-2.73067160572004,-2.9102205281173226,-3.120430498409294
OR,-0.5795590992805145,-1.1054680075779675,-1.4950654538415344,-1.7830965331511694,-2.051504450518305,-2.2523797805547385,-2.391986995624906,-2.5739506383387982,-2.6719652257653936,-3.021697575052427
7741.T,-0.6318041823734319,-1.1765602046312613,-1.6139892366357023,-1.9622337184959064,-2.256082609274754,-2.4883174516858735,-2.7425410613118277,-2.917402435316276,-3.015331861783296,-3.4133284188440216
LONN.SW,-0.83095492949416,-1.4071942626655374,-1.7851858455299814,-2.1354739626332258,-2.3681749758781137,-2.60866823723272,-2.7445339877195014,-2.8376452764086575,-2.9352464764978534,-2.964693738497563
9999.HK,-0.4482305283669029,-0.9323922087977965,-1.3056824441269022,-1.6765234923001446,-1.9748875806007682,-2.1420771860770405,-2.2433852465423696,-2.374837164877854,-2.479206086450736,-2.520931534066063
CBRE,-0.6402229726054598,-1.083222494726568,-1.4125502070693121,-1.641733907946619,-1.8384862685915142,-2.015321555963436,-2.134387671796801,-2.2127854278971806,-2.2883041386947776,-2.3956734760694327
6701.T,-0.6118070354445517,-1.089975428572365,-1.486708543365473,-1.8203880012140954,-2.086110920601155,-2.2925647707836463,-2.4300797188940946,-2.6648709662659913,-2.7390644453254165,-2.773523324241805
NXPI,-0.5637809385440092,-0.9891686273406354,-1.353174154548003,-1.6318567003496167,-1.9252863178630824,-2.1990978168645663,-2.375011843870344,-2.58258037812713,-2.7373546446760457,-2.830663155689506
FERG,-1.1935291768472287,-1.547263779483675,-1.865276341390042,-2.1343843105673694,-2.3012574771413865,-2.485810500192748,-2.63348308912748,-2.808880191857478,-2.8799698918557803,-2.9218142585859925
O39.SI,-0.9769866395339478,-1.6012443656080313,-2.0344417541432405,-2.386582964829698,-2.656504659408521,-2.882305480709656,-3.1178027927192993,-3.235406210816535,-3.235406210816535,-3.235406210816535
ROP,-0.8393292029250602,-1.3819143152810034,-1.7902998553012273,-2.089054030422193,-2.3061161280083855,-2.4880103093564743,-2.680985395375806,-2.8346314809778623,-2.8800482509373944,-3.115691259587702
CSU.TO,-0.897422043915271,-1.4780963701347742,-1.8740405945296388,-2.2484853956590447,-2.5042068031260345,-2.8491891540923984,-3.212702450081527,-3.327396246056972,-3.6158744920326944,-3.6158744920326944
9433.T,-0.7177852483776457,-1.224172274705192,-1.6094547403601243,-1.8870788367431088,-2.132525779004933,-2.337590470356898,-2.6029648016094957,-2.81162825123693,-2.959567232064889,-3.067787330537571
HOLN.SW,-0.7752173261199766,-1.301814972675974,-1.6734137506365716,-1.9490431583866936,-2.203372275879031,-2.401034974598918,-2.556318691671583,-2.7259699315514063,-2.890461185399426,-2.947297924408673
DB1.DE,-0.7921008289523267,-1.3469776798149937,-1.7477741414029635,-2.038405127254075,-2.2689652320784144,-2.532638777694285,-2.6579551597032163,-2.7854158157726667,-2.8477813723885026,-2.985604015448275
2318.HK,-0.6159957716269867,-1.115970337793578,-1.4974113697773095,-1.7906490333211045,-2.0589820676955544,-2.3205303302199534,-2.4593825521919923,-2.6406242909593987,-2.7467755047519846,-2.8398253745902986
CTVA,-0.7408905871025243,-1.2615683410275447,-1.600117377342079,-1.9158175718119614,-2.2189508835295793,-2.364356790718903,-2.477112001115092,-2.5887410069329966,-2.819065046951205,-2.910173493229574
MSTR,-0.47047170418218004,-0.8333470487328094,-1.0703825220444665,-1.2805936178178767,-1.4597289515938157,-1.5922345716317705,-1.7376325685773681,-1.8744707076087233,-1.9965087461959663,-2.1316871512579874
XEL,-0.9746900629953376,-1.588162583863168,-2.0224889867720837,-2.3116262784285535,-2.4796305340295475,-2.6413291991609484,-2.7758695696819626,-2.8800482509373944,-2.994082558905509,-3.029837028801329
WDAY,-0.6166491850128691,-1.0526383559271921,-1.4088059105896618,-1.7400300211658346,-2.020473111764929,-2.275584335075938,-2.46131406199014,-2.5888446565781336,-2.7153526215961428,-2.861752285389361
SGOV,-3.2898457396944867,-3.2898457396944867,-3.2898457396944867,-3.2898457396944867,-3.2898457396944867,-3.2898457396944867,-3.2898457396944867,-3.2898457396944867,-3.2898457396944867,-3.2898457396944867
TTWO,-0.5723879414695102,-0.9983875852420132,-1.3459621392398704,-1.6215067314978526,-1.8236424288782698,-2.0284519178112332,-2.1664101463657346,-2.322861892455491,-2.4326930212668962,-2.562266673910372
CMG,-0.6531508653220837,-1.1807880330907687,-1.5413554139540497,-1.8563072893783348,-2.063314558584335,-2.2779122783626096,-2.458339232174998,-2.590944732431574,-2.6530810428773046,-2.7713026670686647
OKE,-0.7545357224919327,-1.2753890121460554,-1.6552475536588993,-1.9664816191061734,-2.1584665855253675,-2.3774277410396354,-2.5234011779966083,-2.6672960131867987,-2.741435159375291,-2.7758695696819626
AME,-0.8464379828365977,-1.4093223652214155,-1.8442440861003937,-2.1910977943351524,-2.4041430237710606,-2.5832502800030572,-2.794402495947033,-2.8566037537823714,-3.029837028801329,-3.0699424590340376
FAST,-0.7233078878271487,-1.2633773887899318,-1.6507390804607291,-1.971810097761319,-2.212742108953147,-2.4181716767148407,-2.5726168960788374,-2.741435159375291,-2.961789141910216,-3.029837028801329
EXC,-0.8502835557876803,-1.4563997188966853,-1.8902496769169461,-2.2083298544007097,-2.4181716767148407,-2.5832502800030572,-2.7758695696819626,-2.9323172371449133,-3.115691259587702,-3.3146523927384957
ROK,-0.686448966829328,-1.2227064571431252,-1.6101923781721452,-1.9281951198855367,-2.1545453337908858,-2.3584500386378116,-2.4965685244309896,-2.6413291991609484,-2.741435159375291,-2.7758695696819626
LNG,-0.5058844657907585,-0.8669092373058385,-1.1528602932286414,-1.3869115807099122,-1.5814338831506032,-1.7138429247201876,-1.8442440861003937,-1.9993294704355098,-2.0958990678310654,-2.1953450008245587
SJT,-0.5787213864417443,-1.00789766272489,-1.3459621392398704,-1.6582719976720715,-1.9257410285043162,-2.117045310895952,-2.2795661887764522,-2.4880103093564743,-2.654088942641608,-2.758243671798118
BHARTIARTL.BO,-0.6381242576569924,-1.137164465258686,-1.5712589261162662,-1.8765072406342393,-2.1618541805679485,-2.39041486573913,-2.693607858039262,-2.932184235671994,-3.0873462609080953,-3.205912753194437
NA,-0.05889528979973761,-0.25690662121469665,-0.4497080554021784,-0.6257170121874991,-0.8197280880773058,-0.9789474273344435,-1.129048358964931,-1.2514578884660668,-1.3307354943011438,-1.4193923872139216
6702.T,-0.5686051150345444,-1.0637749012440578,-1.4637830513806287,-1.8244518098555766,-2.0726929683136333,-2.3089048800776792,-2.520863785931593,-2.7075800479093495,-2.8543130637750833,-3.02765758217813
4568.TWO,-1.0186108633888962,-1.5483129779997702,-1.9411914668943113,-2.271711058028386,-2.455642847062133,-2.541122373199372,-2.6953419684499345,-2.805580607683152,-2.876738724904507,-3.3892576184957734
1211.HK,-0.4519585922722744,-0.8303682018157584,-1.1609646202808726,-1.4860022960616213,-1.7378940424157454,-1.9492597947783545,-2.1401666170000886,-2.2449387852397416,-2.472472582334433,-2.6275029093279634
RACE,-0.7709819530144821,-1.3119186566045278,-1.7811803339408914,-2.12554286065122,-2.3832467717723196,-2.4766946271154624,-2.545234518221184,-2.7348827682211527,-2.7785495545243064,-2.9556484738466713
3988.HK,-0.8122779000770132,-1.4060741412972089,-1.8570670625186048,-2.1461918593221365,-2.306180694238244,-2.455547266208623,-2.640649780763563,-2.9006728298740283,-3.080190809734098,-3.229237405097106
CARR,-0.6376349484796462,-1.1600017098123345,-1.5681827541913644,-1.9299886230998862,-2.149243277913738,-2.3683129046021527,-2.5013771918109686,-2.6417692389299035,-2.7762919140424738,-2.868539937208478
VALE3.SA,-0.5634400927287286,-1.0088120355524859,-1.4178790894715414,-1.7509705215138016,-2.0368977976899005,-2.263789363071383,-2.4628266856210304,-2.640810695225623,-2.7939075987420505,-2.9613178535358653
8267.HK,-0.47754124049279345,-0.8068180781790147,-0.9671755369537551,-1.1394425247311215,-1.294479587597217,-1.4456166080785668,-1.5630636497764443,-1.6914996015333597,-1.830776569470546,-1.9400040649452568
WCN,-0.9395396612713167,-1.5105353885333281,-1.8902496769169461,-2.174492807535187,-2.3646817036900085,-2.5832502800030572,-2.741435159375291,-2.794402495947033,-2.9323172371449133,-3.029837028801329
MQGPG.AX,-2.4395422638528848,-2.780421939647528,-2.780421939647528,-2.780421939647528,-2.780421939647528,-2.780421939647528,-2.780421939647528,-2.780421939647528,-2.780421939647528,-2.780421939647528
HLN,-0.8366705492413722,-1.4378981209000075,-1.932963123500201,-2.234305739348511,-2.5248710767937106,-2.831734334218075,-3.0465532394498425,-3.0465532394498425,-3.1465532394498426,-3.1465532394498426
A,-0.6719653583609887,-1.1113875000052633,-1.4552935540473628,-1.7307351892655696,-1.9356279101963152,-2.162421309946964,-2.3116262784285535,-2.4796305340295475,-2.6170298751918515,-2.794402495947033
AIG,-0.7198266277148635,-1.177038091871882,-1.476622994828574,-1.7324518175544705,-1.9112546714295002,-2.043683137995616,-2.1996321818220173,-2.254532061700739,-2.352308636669281,-2.425368421939968
DHI,-0.5185595824505909,-0.9383482847676268,-1.301767517624903,-1.6215067314978526,-1.881175831249176,-2.085667890622077,-2.259426639852963,-2.3710065740570783,-2.4965685244309896,-2.69519642312547
MET,-0.74038397871274,-1.2200968191842576,-1.5618665433918038,-1.8656201247076538,-2.0952972328090964,-2.2410448559157348,-2.3485906950237787,-2.4441443223093917,-2.5388607238761254,-2.6639370885544564
9961.HK,-0.4546021197430082,-0.8621571675355993,-1.1619631546488884,-1.4826431085202738,-1.7439119836026586,-1.9592257414884782,-2.312949995031503,-2.3808838397344374,-2.419448971998494,-2.563485788995737
AMP,-0.727529445021098,-1.1835672509972412,-1.5016920619385943,-1.786424496053447,-2.0005886189235045,-2.152783677843676,-2.2983252846711193,-2.4546786578757342,-2.6268744211142048,-2.676379833077992
4502.KL,-0.5134092504044453,-0.9667031070281698,-1.290992806040041,-1.597273703378491,-1.8268417619519342,-2.0227705053133067,-2.176042256878228,-2.3438522205982006,-2.461064465095908,-2.5810265583002163
2914.T,-0.7588606484768741,-1.304895224974572,-1.7682574837611356,-2.1141318806866636,-2.401504952565732,-2.6648709662659913,-2.792069225181797,-3.02765758217813,-3.166970890995784,-3.166970890995784
DSVSF,-0.43946656784588245,-0.6529377910755805,-0.8820764064703055,-1.1135752124526523,-1.2930209716654493,-1.5202462551233356,-1.7136979940115102,-1.8812132832282602,-2.064076473375621,-2.230868826339409
AU,-0.42470653490558297,-0.8279344907812387,-1.1831910342190928,-1.5033763973739138,-1.753461264853011,-1.9965087461959663,-2.182720074784711,-2.346254695115646,-2.5053135990191526,-2.6672960131867987
MPWR,-0.525267005932237,-0.9364897562481873,-1.2860698802932768,-1.534120544352546,-1.783234167312847,-1.9857305310902296,-2.209952864795433,-2.3961952051590307,-2.510729649090617,-2.6106836266124396
INVEBS.XC,-1.0527271231571673,-1.594146905428901,-2.023214803541579,-2.3605088469780564,-2.695932647863175,-3.043333522256893,-3.109856449706617,-3.193860954962528,-3.3091217086854465,-3.498464307216663
FICO,-0.7084490157954877,-1.2178638115550469,-1.5895169859588745,-1.8656596065199567,-2.120663321028304,-2.254532061700739,-2.411098038393774,-2.5327638923707947,-2.7253672237986515,-2.7758695696819626
ITUB4.SA,-0.6072901392944492,-1.1217934147761397,-1.56225397076349,-1.9489067260829205,-2.23383479499115,-2.508933615788437,-2.653471158441704,-2.867081273379816,-2.981535402783635,-3.1571174439693106
YUM,-0.8447937076283306,-1.4197471816417526,-1.850579962400739,-2.162421309946964,-2.411098038393774,-2.594184027828096,-2.741435159375291,-2.8800482509373944,-3.0699424590340376,-3.233360977747898
VOLVBS.XC,-1.2547950811033903,-1.5670490125452896,-1.891545090085525,-2.085985139580223,-2.297826801871578,-2.7389631456618466,-2.7389631456618466,-2.959472294806201,-2.959472294806201,-2.959472294806201
ATD.TO,-0.8329606537556811,-1.3021892151502554,-1.6386183144989344,-1.8858468957808474,-2.1050705066809603,-2.3027524431726594,-2.4497239356791836,-2.596070999257443,-2.6828221500474316,-2.777654211140409
PEG,-0.8803842793272767,-1.4664363896363453,-1.9431692013599902,-2.264375953059876,-2.5142545746632035,-2.6413291991609484,-2.7758695696819626,-3.029837028801329,-3.426366522732482,-3.426366522732482
KR,-0.7875623491523268,-1.3749755914421402,-1.8338459686834898,-2.1391828885120803,-2.352308636669281,-2.5053135990191526,-2.69519642312547,-2.905191387241866,-2.961789141910216,-3.115691259587702
MSCI,-0.7408705559340105,-1.2366203261430986,-1.6037374838158271,-1.8580783082387156,-2.0973239031987694,-2.262213582661457,-2.4137458037352277,-2.588156152252216,-2.6757537628318913,-2.790469991089084
9434.T,-1.222694192104052,-1.9206285373870418,-2.181620818152074,-2.559260503457056,-2.8295051710951467,-3.3471910703031096,-3.3471910703031096,-3.3471910703031096,-3.3471910703031096,-3.3471910703031096
RSG,-0.9920973831803959,-1.5437507646785238,-1.9431692013599902,-2.203960177268958,-2.390572138325214,-2.6170298751918515,-2.8346314809778623,-2.994082558905509,-3.233360977747898,-3.3146523927384957
PSA,-0.8713833303596838,-1.4608422991351995,-1.8379813903377575,-2.085667890622077,-2.3006751181912235,-2.4326930212668962,-2.5832502800030572,-2.7099735383976475,-2.905191387241866,-3.0699424590340376
ETR,-0.9147940861445948,-1.520202818868944,-1.9482588049604173,-2.269381363370994,-2.5832502800030572,-2.69519642312547,-2.8139479831547503,-2.9323172371449133,-3.169068054888483,-3.233360977747898
TGT,-0.7287962284010886,-1.2382340185912417,-1.6344886238740322,-1.9559891506883051,-2.2083298544007097,-2.4326930212668962,-2.5726168960788374,-2.7099735383976475,-2.758243671798118,-2.8800482509373944
IQV,-0.7968837628686755,-1.33955613754854,-1.7665127286798088,-2.159669807649636,-2.373948722852,-2.6449225512679684,-2.767037797678248,-2.8966907449318615,-3.1076822954332766,-3.2256041197386778
ADYEN.AS,-0.5521018814378202,-0.9439021793692024,-1.350847820152352,-1.6239205558089083,-1.8965970749313685,-2.1438944666455955,-2.2954835800154374,-2.4453719012014505,-2.736929913345945,-2.7963738199883816
AAL,-0.40621832721968265,-0.7587220714183434,-1.04208662665078,-1.3155975961090531,-1.5578767997357161,-1.7152011385192956,-1.8664023671549599,-1.9751227706430383,-2.0871209058215117,-2.188424684597449
DELL,-0.7045022202390608,-1.1434210666029925,-1.5081227149254661,-1.7520662904599604,-1.9522192767741504,-2.1207665730922933,-2.2610038977869515,-2.468275446920879,-2.632121036298891,-2.7070555286022704
FNV,-0.6109176107880618,-1.0786403760039336,-1.47767813539946,-1.792535019745571,-2.057855980595459,-2.2609496316228253,-2.478291611252778,-2.6196936029021507,-2.8174620112916218,-2.959607909719687
CLS,-0.515492512514172,-0.9389438064299462,-1.2357624604932456,-1.5021906972690018,-1.7222276286580331,-1.8948455900788463,-2.043683137995616,-2.1910977943351524,-2.2847486017027,-2.4326930212668962
GWW,-0.8001702341110706,-1.388920218109195,-1.8379813903377575,-2.162421309946964,-2.425368421939968,-2.628985525095589,-2.794402495947033,-2.9323172371449133,-2.961789141910216,-3.0699424590340376
AXON,-0.44907340208848867,-0.8440547813520944,-1.1530102581669919,-1.431365841027369,-1.6681578548601976,-1.8376384268780583,-1.9981756736661695,-2.143343061369169,-2.267905717204095,-2.3495206443199135
7267.T,-0.6371462655998342,-1.1544746958523115,-1.5764998240929156,-1.9081093888151839,-2.209926127707503,-2.4854437920004275,-2.651653972512027,-2.792069225181797,-2.959567232064889,-3.02765758217813
PRU,-0.7545749662834972,-1.2367965647511256,-1.57889011994833,-1.8444800925864377,-2.071192929185816,-2.1913696476613462,-2.2935810293528767,-2.3826775461512315,-2.419669419925752,-2.4960099609806243
TSCO,-0.6787066531016603,-1.1778047723810798,-1.555210230561491,-1.8744707076087233,-2.1545453337908858,-2.322861892455491,-2.5327638923707947,-2.6672960131867987,-2.8800482509373944,-2.961789141910216
8002.T,-0.6371462655998342,-1.0962912789166743,-1.452603227363747,-1.777551710600626,-2.0284546900480445,-2.205509512021333,-2.362008674711904,-2.5597605672688206,-2.755884960926732,-2.832325916888525
CTSH,-0.6820888830875256,-1.1626005958568466,-1.4858081759177666,-1.778993287167298,-1.9826381702968612,-2.1545453337908858,-2.3006751181912235,-2.4633754018317098,-2.5142545746632035,-2.594184027828096
VMC,-0.6743694436731852,-1.1909457725154329,-1.620081063355292,-1.9160388814625544,-2.212742108953147,-2.4041430237710606,-2.680985395375806,-2.8346314809778623,-3.0699424590340376,-3.233360977747898
EXPN.L,-0.8153007401363503,-1.4116358413319934,-1.8507137634025348,-2.191703739740759,-2.4791000761066266,-2.6969715631298077,-2.8109668201278843,-2.980131009580642,-3.1475535763812688,-3.3448689238588223
005935.KS,-0.6958562255342746,-1.2348231084161914,-1.7024243223321895,-2.0797612868207502,-2.428085851680097,-2.7270129784674197,-2.8484084994519514,-3.156314806311663,-3.239279135534344,-3.3531819979938406
7GW.F,-0.6696413939969442,-1.027867103666354,-1.293067673849274,-1.600138321894493,-1.8155173349526699,-2.006967849479813,-2.297242528756993,-2.3872420942001535,-2.738456131958308,-2.831734334218075
CCO,-0.4334444100791649,-0.8184291819298568,-1.1054668614538539,-1.3392486744545722,-1.5679035915482125,-1.742856925421615,-1.9042929805429976,-2.0044330057051987,-2.1445290377706767,-2.281618926168166
EOAN.DE,-0.78645203519101,-1.3334237689866295,-1.7148063475006226,-2.0503419258661766,-2.290861815299053,-2.519920057920527,-2.700549758135141,-2.8851142546701873,-3.034690619862657,-3.1737387262398045
CCI,-0.6849941592397796,-1.1694090274063842,-1.509336844222889,-1.7138429247201876,-1.9257410285043162,-2.1098913351633066,-2.2401638513710274,-2.397302394269086,-2.542354039142762,-2.628985525095589
EBAY,-0.6176905778975994,-1.0937878831084131,-1.4664363896363453,-1.7697418888982013,-1.9638381815670314,-2.120663321028304,-2.2401638513710274,-2.3584500386378116,-2.4965685244309896,-2.5832502800030572
GMG.V,-0.4216204081284883,-0.6634759754969733,-0.8303813883702573,-1.0096847104209066,-1.1926127317284279,-1.3397462093910986,-1.4652337926855228,-1.6302697568847546,-1.71973790879993,-1.8333890780789708
ALC,-0.7851449688817266,-1.3457549105904556,-1.8373736441136481,-2.2631458790909016,-2.423840382558938,-2.5545664236973,-2.9161320480351622,-3.040396371991748,-3.040396371991748,-3.040396371991748
HIG,-0.7343066100470443,-1.203504478887514,-1.5539268523071381,-1.8277010305409345,-2.043683137995616,-2.1545453337908858,-2.2496909064686688,-2.346254695115646,-2.38394845534244,-2.4401505072139695
DOL,-1.0483258379073994,-1.6565005177055536,-2.0386125407178586,-2.3432347966752363,-2.5062317065596247,-2.6818541377211393,-2.872877280238018,-3.0306211569622317,-3.0852574291175325,-3.234102564162805
III,-0.5170925970515883,-0.9417754920973321,-1.2964388884166007,-1.58958088838003,-1.8437336595284464,-2.0369215891621004,-2.1553017559351892,-2.299789820556125,-2.482554996611662,-2.6349189561225463
ENI.MI,-0.8121959358630404,-1.3806251393291127,-1.8207577777749377,-2.123407671027952,-2.3521296953957838,-2.6224114614874825,-2.715203108891005,-3.074652205294844,-3.120341837264847,-3.43064971745013
ED,-1.0110880109834481,-1.6958092696945808,-2.1910977943351524,-2.5832502800030572,-2.8139479831547503,-3.0699424590340376,-3.233360977747898,-3.233360977747898,-3.233360977747898,-3.6102880350485664
9618.HK,-0.32396858147981267,-0.698952849481561,-1.0694317134487408,-1.4148179506525018,-1.682298286607182,-1.9481668051109453,-2.14061084881369,-2.289911771391821,-2.4400731580102,-2.519641830945277
AD,-0.6377637715658329,-1.1476605274837857,-1.5238650019865514,-1.8196136462581856,-2.0723571582081686,-2.2496909064686688,-2.3710065740570783,-2.471421344323008,-2.5726168960788374,-2.6413291991609484
GFI,-0.3975914892194249,-0.7596412886280122,-1.0555452608681017,-1.3497652388292083,-1.606002155723031,-1.842148485657092,-2.002166192606358,-2.203960177268958,-2.352308636669281,-2.5327638923707947
SYY,-0.9124665532488304,-1.5362223101223247,-1.940643160106646,-2.1704337529603746,-2.3774277410396354,-2.5726168960788374,-2.7758695696819626,-2.9323172371449133,-3.115691259587702,-3.233360977747898
MLM,-0.6638203148796296,-1.2011352773041892,-1.615823698861933,-1.9585921042501466,-2.254532061700739,-2.471421344323008,-2.6413291991609484,-2.7758695696819626,-2.994082558905509,-3.0699424590340376
WAB,-0.6719653583609887,-1.1694090274063842,-1.5362223101223247,-1.8442440861003937,-2.102843739948585,-2.352308636669281,-2.5234011779966083,-2.6413291991609484,-2.7253672237986515,-2.9323172371449133
2222.SR,-1.2607536379734976,-1.9362249291444547,-2.382981624531746,-2.5566670439751045,-2.716128891911318,-3.2113772419342568,-3.2113772419342568,-3.2113772419342568,-3.2113772419342568,-3.311377241934257
TRGP,-0.6534651270008461,-1.0798452845767048,-1.4437380819983583,-1.7025391092556057,-1.9282353626272986,-2.1291073164252126,-2.2698119145506634,-2.3668138922001662,-2.425117563859382,-2.4785270119710456
FFH.TO,-0.7869164135799072,-1.3508919788999776,-1.7454156265130953,-2.0521808355097613,-2.2920780339630804,-2.5346879647741734,-2.6559409891976284,-2.777654211140409,-2.8817787730192452,-2.963479310552931
GEHC,-0.7804526149001043,-1.291320980507014,-1.7903697161482963,-2.2230516142589813,-2.4151810055218186,-2.4808715333594122,-2.4808715333594122,-2.559412393003838,-2.657866828736894,-2.791745081384795
EQT,-0.6358857448254682,-1.0951833804209659,-1.4465076506462269,-1.7273171528223668,-1.9664816191061734,-2.1868897485630843,-2.3710065740570783,-2.542354039142762,-2.680985395375806,-2.8800482509373944
FLUT,-1.3635519668979392,-1.6069235691520978,-1.8793881112210822,-2.0827096009917683,-2.2162295278371436,-2.377258491765247,-2.5232398240230656,-2.6295445998813882,-2.7778518424543397,-2.820963723153948
NUE,-0.5778151920222202,-1.0495420003148686,-1.4597289515938157,-1.7697418888982013,-2.013677234175551,-2.174492807535187,-2.3774277410396354,-2.4965685244309896,-2.6170298751918515,-2.741435159375291
IFC.TO,-1.088153539845248,-1.747359516006786,-2.147216440216244,-2.411477612396242,-2.62360014192872,-2.7249630598236063,-2.8380198216661214,-3.1067704909783296,-3.2547658004506985,-3.368212447964632
VTR,-0.7704280302028003,-1.282336216598299,-1.652238175272092,-1.9331384330576866,-2.120663321028304,-2.269381363370994,-2.397302394269086,-2.542354039142762,-2.6170298751918515,-2.654088942641608
G,-0.8322542833534362,-1.3263565527975554,-1.7034896236569443,-2.0523247769400013,-2.2213517375488276,-2.419605972982994,-2.549433314221807,-2.7227609339687042,-2.887405459277611,-2.9655779188585987
KDP,-0.9569624219378496,-1.6008498671691673,-2.0002339145735912,-2.289296444138594,-2.520872124946924,-2.6872657054652715,-2.8406282570815344,-2.8740670913033477,-3.054915662507688,-3.054915662507688
WEC,-1.0110880109834481,-1.723919178249286,-2.1664101463657346,-2.4633754018317098,-2.794402495947033,-3.233360977747898,-3.3146523927384957,-3.426366522732482,-3.426366522732482,-3.426366522732482
RMD,-0.7688815973705362,-1.2955317060901255,-1.7006728559094657,-1.9744954700398747,-2.142976289743136,-2.328591520473661,-2.471421344323008,-2.5832502800030572,-2.69519642312547,-2.7758695696819626
4519.T,-0.7009020572723172,-1.2738656638630677,-1.7256434162683774,-2.128789028777603,-2.3747660966111024,-2.614566652354394,-2.7390644453254165,-2.8543130637750833,-2.902932957925707,-2.9918809929976073
TCS.NS,-0.7925231500352183,-1.3530622093806544,-1.7600995849437509,-2.0694079416861655,-2.296266473451244,-2.501194609625147,-2.6865128723685747,-2.8192582279419756,-3.1349047509258905,-3.2818021469963994
CPNG,-0.5308344590237699,-0.8558883250325852,-1.1589300519188312,-1.3656685790871181,-1.648473310558618,-1.8485962885014087,-1.9924722029390909,-2.1515738360397276,-2.4350838917290227,-2.640789936814822
PCG,-0.7678516629586177,-1.303558504567128,-1.622935703040655,-1.8722542787324836,-2.0405988435047373,-2.2308358870440865,-2.3710065740570783,-2.4633754018317098,-2.5234011779966083,-2.5832502800030572
VEEV,-0.5992490201327629,-1.0758533764633968,-1.4589520223628258,-1.7425817057170683,-1.9699506672023428,-2.2352812097688255,-2.3881680917492263,-2.5404398904284275,-2.689132849795178,-2.793752772902215
KEYS,-0.7528431129114934,-1.2809449792041043,-1.7135197211322115,-2.1026227739330174,-2.2549071867433135,-2.4705769895996497,-2.630748659941307,-2.765715792543574,-2.9845561641174574,-2.9845561641174574
6367.T,-0.6281847292011161,-1.074716798819567,-1.4996579853308443,-1.873508851732165,-2.1439183059223286,-2.362008674711904,-2.530234103077824,-2.692792093318821,-2.832325916888525,-2.877773234504277
STT,-0.7000981124364332,-1.1648640747699508,-1.5081404641738032,-1.801840037260218,-2.043683137995616,-2.1996321818220173,-2.3774277410396354,-2.5327638923707947,-2.628985525095589,-2.7253672237986515
RWE.DE,-0.7335789114449208,-1.2633288260613775,-1.659997409540421,-1.9813275540405262,-2.232481672283678,-2.4937238870702303,-2.64677205962865,-2.8397653692427687,-2.9667371174357595,-3.1737387262398045
KRW=X,-1.4974286858909964,-2.08436482191453,-2.4787251098084786,-2.9227264002070115,-3.197150470514865,-3.39195335693562,-3.577435906769121,-3.577435906769121,-3.577435906769121,-3.677435906769121
KFH.KW,-0.9974050086422548,-1.7143283102042577,-1.9779274371159574,-2.2203409661787226,-2.3676701814721297,-2.508167210895318,-2.5754098850184914,-2.631729553805198,-2.6700076688663734,-2.7126499592093842
KMB,-1.0324080091138426,-1.6925890292272048,-2.1785880083156175,-2.425368421939968,-2.562266673910372,-2.741435159375291,-2.961789141910216,-3.169068054888483,-3.233360977747898,-3.3146523927384957
6981.T,-0.5565292313136238,-1.0633120785353711,-1.4723329888675578,-1.8140961685289667,-2.1312832930577668,-2.366080641895473,-2.5157479442816197,-2.6509874571411904,-2.7983503442235,-2.864752357650531
SCTA.F,-0.7073095839952297,-1.2639195877142448,-1.7444475421409682,-2.0704862978046035,-2.2774460689258933,-2.691536311312039,-3.290051361440904,-3.290051361440904,-3.290051361440904,-3.290051361440904
FIS,-0.826663390721623,-1.405725975620359,-1.7733239629867856,-2.0971471520078184,-2.362495739660095,-2.512335017353505,-2.63442964353589,-2.7392030103280294,-2.8381146761551967,-2.9142326953523146
PAYX,-0.8311791039370393,-1.3526304271593688,-1.7481362670839262,-2.092464294014752,-2.352308636669281,-2.471421344323008,-2.7099735383976475,-2.8566037537823714,-2.961789141910216,-3.0699424590340376
UCB,-0.5610400148669509,-1.0206184287787397,-1.3827217217739267,-1.6583685138224111,-1.8395710030468126,-1.988253816580442,-2.139263064374528,-2.3070392593928304,-2.4563640968809506,-2.574963633684338
FISV,-0.8059915102314787,-1.3309409497839815,-1.712180364842728,-2.0050191182998316,-2.2401638513710274,-2.4181716767148407,-2.6413291991609484,-2.758243671798118,-2.8566037537823714,-2.9323172371449133
ACGL,-0.9395396612713167,-1.496293637236296,-1.9112546714295002,-2.2171978664371497,-2.4401505072139695,-2.5832502800030572,-2.8566037537823714,-2.9323172371449133,-3.0699424590340376,-3.3146523927384957
OTIS,-0.8765041639049729,-1.5337713620034201,-2.041137988119102,-2.224470004013195,-2.5013771918109686,-2.589125817134723,-2.7762919140424738,-2.868539937208478,-2.99447887820043,-2.99447887820043
BAYN.DE,-0.710568946496598,-1.2558238720941037,-1.6690417572230911,-1.975984712680202,-2.241693490850425,-2.431199905657895,-2.557781157572005,-2.7467138099312085,-2.8851142546701873,-2.998985316461079
CPRT,-0.7792262328814186,-1.311670180934333,-1.6862006985391322,-1.9965087461959663,-2.2449019095076244,-2.4326930212668962,-2.594184027828096,-2.6672960131867987,-2.741435159375291,-2.7758695696819626
XYL,-0.8607592926131141,-1.4639164314768147,-1.8859573717673594,-2.205591890339517,-2.5031972666378177,-2.659220529604589,-2.8047882161904316,-2.8848434116124295,-3.056715949660345,-3.141940448354162
SLF,-0.8222741772291953,-1.380232600802014,-1.7713182782854586,-2.024863503766982,-2.1877142816917625,-2.36149433622943,-2.5592783766410365,-2.738608326350181,-2.811181948690313,-2.902498458367798
IMB.L,-0.8977931078020143,-1.510737895523258,-1.9742530483832257,-2.2543129317469046,-2.5369708674337197,-2.7293293715644515,-2.965484977326408,-3.429626683218221,-3.429626683218221,-3.6134015746996266
LOR.DU,-0.8430200666490895,-1.4735636039722797,-1.9017559243419357,-2.3345016145414355,-2.6343470982809567,-2.9101264506212368,-2.9988936000925075,-3.074652205294844,-3.3190611810704103,-3.614378644274121
LUMI.ST,-0.4810865772745194,-0.9078187282903137,-1.3150695275441169,-1.643504710568976,-1.8989783955839041,-2.186436874379711,-2.4358685592571954,-2.5100745849823722,-2.6770190630767345,-2.830844708298166
ATCOBS.XC,-0.9219116970090896,-1.356274962546742,-1.7505774764403341,-2.0965681600534065,-2.324071431940074,-2.535437483329476,-2.6346252177665272,-2.797661484897329,-3.043333522256893,-3.3091217086854465
KVUE,-0.7469564979370034,-1.3797466285888613,-1.8600796949211216,-2.0650089265293947,-2.257896773862222,-2.433102561480411,-2.6127371245687216,-2.7484364614126986,-2.7484364614126986,-2.968352050176394
8053.T,-0.6778867531863434,-1.183530689906852,-1.5672033846644418,-1.91049889902349,-2.179874172536678,-2.4528920040996716,-2.6388845698073062,-2.81162825123693,-2.9300764502190235,-3.067787330537571
AMS,-0.4542615071370322,-0.8366063307274634,-1.1322443179992547,-1.4124337086118692,-1.6272426216034304,-1.8338459686834898,-1.9965087461959663,-2.1243093055038123,-2.3006751181912235,-2.425368421939968
HEI,-0.6695651504999351,-1.1293382730734172,-1.5312513075096177,-1.8317899638103563,-2.085667890622077,-2.346254695115646,-2.542354039142762,-2.7099735383976475,-2.794402495947033,-2.905191387241866
BAFNAPH.NS,-0.44461667609819855,-0.8370056435503253,-1.1831624803481777,-1.4208383859869795,-1.9102302351663263,-2.1593097972747017,-2.3086722457207562,-2.485224408721772,-2.6027534880355594,-2.738861811669118
9888.HK,-0.3462814933191123,-0.730513014095249,-1.0932683849127518,-1.4103623768514832,-1.6938720024675582,-2.0446856394303747,-2.2329284562436897,-2.4669058117754963,-2.568245793924386,-2.7057852311868444
UZC.BE,-0.6390048164705124,-1.0003933112054078,-1.3225450594585484,-1.605331697174284,-1.7884153551370197,-1.9967360149973576,-2.1874151000223976,-2.3569192145345648,-2.4997617966874004,-2.6835185243770896
FER,-1.590574850190253,-1.8150337921497608,-2.0810082046458427,-2.242091848639952,-2.2906346801773525,-2.369226944370738,-2.5155838292595396,-2.63886218844411,-2.7509775983457248,-2.785313845081107
GRMN,-0.7132000214573853,-1.1976898921924741,-1.567038551639273,-1.8319231637933946,-2.0221495797619458,-2.245219477102812,-2.3703316424670895,-2.5012086581333,-2.6686079576371147,-2.729284526737128
GIVN.SW,-0.9939350133696669,-1.6289779866300116,-2.1208520798615877,-2.499913589178996,-2.670465748470275,-2.883022172556776,-2.9969605969442727,-3.2360556394184044,-3.317289687285658,-3.317289687285658
MTD,-0.7776692388618701,-1.3089567142984229,-1.717182328722343,-2.0344878582398773,-2.2795661887764522,-2.4965685244309896,-2.69519642312547,-2.8800482509373944,-2.961789141910216,-3.115691259587702
GALDY,-0.868671675829468,-1.3031798461976762,-1.7192904538102396,-1.7812825106448655,-1.9310575500957703,-2.301022234494141,-2.5525033804951387,-2.785313845081107,-2.785313845081107,-2.885313845081107
XYZ,-0.4608481001809584,-0.7794649796746078,-1.0680685764570865,-1.302674813799606,-1.511919026107985,-1.7227206821294385,-1.9439026120011946,-2.131695923774168,-2.3180189825773554,-2.3637939237483585
8801.T,-0.5951308518002191,-1.0740291613194959,-1.496101398596141,-1.8103579501410643,-2.1141318806866636,-2.4155458302242003,-2.6388845698073062,-2.773523324241805,-2.9300764502190235,-3.1135632538678264
ORA,-0.6671113427734141,-1.16022520684398,-1.5136126658957068,-1.8049701503521287,-2.0512696744713295,-2.2500577411447242,-2.431336181199854,-2.583578823314188,-2.6899840492204072,-2.8398853675921103
VRSK,-1.0529575872824863,-1.657326526951348,-2.105364983290821,-2.3836894682672924,-2.583007502989474,-2.6385895313345036,-2.8137217531733407,-2.8137217531733407,-3.0296244727348265,-3.296369249090634
IR,-0.6788426464095806,-1.1718624075052517,-1.5877677869289508,-1.8956144151149128,-2.1650123392340435,-2.376127928687499,-2.5130117711831548,-2.640135326352317,-2.724203782064167,-2.833505500192427
NRG,-0.6581540232082681,-1.1490388610653588,-1.5359524779419038,-1.827167518268353,-2.04680997528073,-2.2328633765352364,-2.380724739551149,-2.505176767570568,-2.5731004941750317,-2.687476163933362
338220.KQ,-0.2289971855424945,-0.5173866630767813,-0.854936410540828,-1.1768418502396352,-1.4396802731187557,-1.7172641548015923,-1.888400540707399,-2.0667983479638345,-2.237191915946085,-2.4708466757123833
6762.TWO,-0.9316863600366215,-1.3934368185431323,-1.7564062081556076,-2.0881451741185466,-2.344089975501583,-2.504525391519217,-2.644780726919943,-2.644780726919943,-2.997191415936462,-3.3025010954957583
SNDK,-0.4183712879116542,-0.6533766109715352,-0.9319713123431904,-1.212750501598007,-1.3978365289711043,-1.6067550689692431,-1.694922676668298,-1.85874661227107,-1.85874661227107,-1.9264031529639867
WDS,-0.6246642114915375,-1.0731056093379003,-1.431395602456996,-1.7642629432201087,-2.02546145002457,-2.1868897485630843,-2.3584500386378116,-2.5327638923707947,-2.628985525095589,-2.69519642312547
WTW,-0.9470994933316238,-1.5328053007592888,-1.936675895269788,-2.242404625089565,-2.390196113916111,-2.5032545731919553,-2.621922804730176,-2.7572478214564855,-3.012544608237838,-3.21701089702257
NOK,-0.5317600644560637,-1.0028143347673621,-1.3545467388879338,-1.6243679962592972,-1.842148485657092,-2.0284519178112332,-2.1910977943351524,-2.3402855421128654,-2.4965685244309896,-2.562266673910372
MTB,-0.7938505178537754,-1.2911082119782364,-1.6477519708703396,-1.9799093313765461,-2.203960177268958,-2.4041430237710606,-2.5327638923707947,-2.7099735383976475,-2.8139479831547503,-2.905191387241866
6301.T,-0.5777058582329503,-1.074716798819567,-1.4705797415869717,-1.8103579501410643,-2.053240158175195,-2.314491286651564,-2.511709714255781,-2.6648709662659913,-2.8543130637750833,-2.959567232064889
EBS,-0.42939379867601907,-0.7858987032338676,-1.107366455591347,-1.3788258600170495,-1.5974555112180908,-1.784066844758127,-1.9538656601249524,-2.081214696058137,-2.2052419165141357,-2.3513161942698018
5803.T,-0.4947678269469118,-0.8907290367466115,-1.253277471389592,-1.5751634094140132,-1.8431223268761496,-2.053240158175195,-2.237374698726854,-2.422748806178468,-2.6029648016094957,-2.773523324241805
FITB,-0.665732817529526,-1.1447031144392381,-1.4892851538369691,-1.7428603822822153,-1.940643160106646,-2.0993587478560025,-2.264375953059876,-2.3774277410396354,-2.4880103093564743,-2.5521838702359307
EXPE,-0.5959408060963016,-1.0667095515465947,-1.4588499396555838,-1.7779441849018236,-1.9930268832547748,-2.145967053017851,-2.3151901747799735,-2.499431872539207,-2.534117865860533,-2.614312605177362
DRMA.JK,-0.5342004127202148,-0.954450174785516,-1.293973535171936,-1.6605323027437418,-1.9648329633818193,-2.185717888996371,-2.56563676742919,-3.0814815752342337,-3.0814815752342337,-3.181481575234234
5802.T,-0.6211453319840681,-1.1241803182419314,-1.5214070029358944,-1.8870788367431088,-2.1716386036549506,-2.422748806178468,-2.614566652354394,-2.7075800479093495,-2.81162825123693,-2.902932957925707
TER,-0.4850809819315358,-0.8641217215172551,-1.195633196914203,-1.4630744427103402,-1.7188592369564877,-1.9356279101963152,-2.0993587478560025,-2.259426639852963,-2.4326930212668962,-2.6054369881979067
SYF,-0.6824522747544434,-1.164197726458958,-1.5529645473852094,-1.8281620483636536,-2.0792827692482923,-2.262465807871849,-2.424843156060153,-2.5608365634857875,-2.610168111929855,-2.698686861801546
1070.HK,-0.3879866542010831,-0.788168082280492,-1.1140252537031492,-1.432269789300758,-1.657241313043924,-1.8752018490114595,-2.049562365884061,-2.1963193575377,-2.314026740090625,-2.437097773386981
U11.SI,-0.9343242606392994,-1.5118185924363865,-1.9487860205348824,-2.3143256952719375,-2.564752862071086,-2.8588765151383924,-3.0720808748785458,-3.428311152610254,-3.428311152610254,-3.428311152610254
CBK,-1.0675705238781417,-1.8557299227201105,-2.2475938835560476,-2.2475938835560476,-2.2475938835560476,-2.2475938835560476,-2.2475938835560476,-2.2475938835560476,-2.2475938835560476,-2.2475938835560476
RJF,-0.6585733969449172,-1.146920233661109,-1.511736106677618,-1.786505584327544,-2.019534286602006,-2.1996321818220173,-2.397302394269086,-2.5234011779966083,-2.69519642312547,-2.8346314809778623
SIKA.SG,-1.1246971016317704,-1.6050334694970287,-1.957351029835645,-2.2225417002792587,-2.5737173724204108,-2.81936354574719,-3.0085852060057663,-3.063556826886192,-3.2132683865787053,-3.3279452334033497
SDZNY,-0.7594186987307748,-1.3371542522120647,-1.7829136837781585,-2.0633817071859584,-2.302368723735194,-2.553742834787447,-2.9153939746622735,-3.0153939746622735,-3.0153939746622735,-3.0153939746622735
KBC.BR,-0.6851242969314562,-1.1476273880528285,-1.4777332242062189,-1.7092806148845028,-1.9449507681961364,-2.1116073260834556,-2.272654776431134,-2.3918991206082354,-2.5218739841912843,-2.580096105719349
HUM,-0.6879052287174013,-1.170929390857144,-1.5424899420274392,-1.8297416731633558,-2.0594037769794107,-2.1996321818220173,-2.322861892455491,-2.471421344323008,-2.5832502800030572,-2.654088942641608
VICI,-0.8348907660418018,-1.4749397514877214,-1.9134248570619248,-2.259235783749976,-2.4109167218835523,-2.6539211900624253,-2.6539211900624253,-2.698670311857849,-2.749579394126563,-2.80880015333917
105560.KS,-0.8540921515776109,-1.3295394431748835,-1.7051758660726883,-1.9678091731589564,-2.215647612319653,-2.393306670967629,-2.5114967171309535,-2.6243055782218185,-2.6962331168394713,-2.747179633013792
ADM,-0.756575581908294,-1.3198690947478584,-1.7606395262667596,-2.0224889867720837,-2.2308358870440865,-2.4554858393650236,-2.6054369881979067,-2.7253672237986515,-2.8800482509373944,-2.8800482509373944
LEN,-0.519436783598005,-0.9722273598397332,-1.3272322409403448,-1.620081063355292,-1.8766963833712498,-2.043683137995616,-2.174492807535187,-2.346254695115646,-2.5234011779966083,-2.6170298751918515
DANSKE.CO,-0.735121276938063,-1.2768078870761026,-1.6881535604121884,-1.972725341951666,-2.2192576935451855,-2.4369885934867477,-2.6312175086223992,-2.766165678016378,-2.847130094422727,-3.224838387381835
9432.T,-0.7843403673977317,-1.3573295409638964,-1.7908273151787164,-2.0895248296803266,-2.343565047628959,-2.692792093318821,-3.02765758217813,-3.166970890995784,-3.312635205332825,-3.4244068872839715
SNBR,-0.39220401440794084,-0.7302968594171885,-0.9846005713633588,-1.2243270597179927,-1.441072670453997,-1.5787623405952744,-1.7341735662900133,-1.8527085252407391,-1.9508226498492451,-2.089054030422193
8630.T,-0.6816127178995169,-1.1892975969126065,-1.6173328518159718,-1.981958630736574,-2.3336720016789707,-2.6011817276816247,-2.7967910334353245,-2.95796486480334,-3.080790847129484,-3.080790847129484
OXY,-0.6481335000642222,-1.1213954074524386,-1.4653138999030122,-1.7846180536321217,-2.0344878582398773,-2.269381363370994,-2.397302394269086,-2.562266673910372,-2.7099735383976475,-2.8139479831547503
6752.T,-0.6300671564988116,-1.1484806934003073,-1.594135317318505,-1.9555030688056285,-2.196803206125663,-2.4451458057538664,-2.6029648016094957,-2.755884960926732,-2.9918809929976073,-3.02765758217813
PRY.MI,-0.6025088965074283,-1.0780472774118335,-1.4645710887249366,-1.8035108890815053,-2.133162570382269,-2.3802780708006552,-2.5052557792907364,-2.601463272129585,-2.7528900591377963,-3.0195331849030618
NTR,-0.5741184957443995,-1.129758921147405,-1.5492040745260043,-1.9134248570619248,-2.228341030605114,-2.544614913513846,-2.613928722047152,-2.698670311857849,-2.749579394126563,-2.749579394126563
ARES,-0.6882239649394638,-1.2012809210119149,-1.602572990563582,-1.886077606765262,-2.111224950122883,-2.24870114670906,-2.4669058117754963,-2.568245793924386,-2.740591032448258,-2.92839626664895
8725.T,-0.6644284453343497,-1.1677777500044213,-1.5739873421206123,-1.9117208594942652,-2.1608649315901634,-2.3876404910097433,-2.463758945823783,-2.641691630746527,-2.72572042124058,-2.8349733107039614
SLHNE.SW,-1.5038636141518011,-1.9899632669646867,-2.2989923037331192,-2.3672433070400443,-2.4487091264133016,-2.9126091268337864,-3.0126091268337865,-3.0126091268337865,-3.0126091268337865,-3.0126091268337865
HPE,-0.6507641386062865,-1.1498762216479974,-1.5449041619749377,-1.8211158793247837,-2.0100384084165315,-2.207490457498139,-2.3361086294906404,-2.498535315152519,-2.7351394284867054,-2.7788028609116666
510810.SS,-1.11321017460117,-1.8598300989321348,-2.2930765215815603,-2.589512837224385,-2.850233094542315,-2.920475570534498,-3.0089836776580423,-3.0089836776580423,-3.130096649018308,-3.4283105812276893
CSGP,-0.6372940542178862,-1.104306596989701,-1.4552935540473628,-1.7290236460286998,-1.9356279101963152,-2.120663321028304,-2.3116262784285535,-2.4401505072139695,-2.654088942641608,-2.758243671798118
FANG,-0.5277790155354375,-0.9143792434954384,-1.2650927037107513,-1.576301375816977,-1.828937525873105,-2.0889323551167522,-2.3289527140864297,-2.46131406199014,-2.5888446565781336,-2.6864123531439614
7269.T,-0.6263045252695126,-1.1425276720503217,-1.5658863283622377,-1.901005487139143,-2.147778425841973,-2.368339205566445,-2.539831993566806,-2.773523324241805,-2.959567232064889,-3.166970890995784
MCHP,-0.5638290646696386,-1.0130071693361167,-1.362262190916033,-1.6537409923575035,-1.8722542787324836,-2.0375338396676974,-2.212742108953147,-2.4181716767148407,-2.5521838702359307,-2.7099735383976475
ST,-0.696407037920853,-1.24900251810953,-1.651963553499108,-1.9884932535729711,-2.195121941409251,-2.3739951357833204,-2.5916193903674074,-2.719607343787278,-2.9660421688042105,-3.173082684286665
LPLA,-0.7479378716943575,-1.221257796729325,-1.5729579125747635,-1.8927560339565102,-2.0485616554199493,-2.214011537540174,-2.401966387925704,-2.614238384477949,-2.7046078799832154,-2.8245740752442123
PPL,-0.9136297010083554,-1.5189866103450955,-1.9331384330576866,-2.1953450008245587,-2.4401505072139695,-2.6170298751918515,-2.758243671798118,-2.9323172371449133,-3.029837028801329,-3.115691259587702
BMW.DE,-0.696557502732385,-1.2075029096260645,-1.588094991089165,-1.9158830381836855,-2.168800702308231,-2.4459537642359095,-2.6225140379624046,-2.79959795093483,-2.9102205281173226,-2.998985316461079
6954.T,-0.5827316890003341,-1.0692298482940084,-1.4832198095606213,-1.8044262554440804,-2.059638126752796,-2.297943534477068,-2.4607882425139125,-2.6648709662659913,-2.81162825123693,-2.9300764502190235
AHT,-0.4276321998904518,-0.7844296416001868,-1.0522731358802582,-1.2839869690491357,-1.4622599617730572,-1.6400453762272516,-1.7846116876073022,-1.9179219354504826,-2.066699835865074,-2.181306693373073
CBOE,-0.865044590850303,-1.5006906875329862,-1.9294019518651122,-2.2327964244613314,-2.5349155488983763,-2.9130884569497524,-2.9608930220086513,-3.083619477454786,-3.083619477454786,-3.083619477454786
POW,-0.6920771366140132,-1.3476288775748855,-2.1098747721953894,-2.1098747721953894,-2.1098747721953894,-2.1098747721953894,-2.1098747721953894,-2.1098747721953894,-2.1098747721953894,-2.1098747721953894
CCL,-0.5878096891747675,-1.0555452608681017,-1.4000692475119656,-1.641821475008763,-1.8527085252407391,-2.065837140058441,-2.1996321818220173,-2.38394845534244,-2.471421344323008,-2.5521838702359307
FE,-0.8883190234562856,-1.5057541588898318,-1.940643160106646,-2.2262437492770206,-2.471421344323008,-2.628985525095589,-2.7758695696819626,-2.905191387241866,-2.961789141910216,-3.0699424590340376
8750.T,-0.5897551150376497,-1.0716640183482908,-1.4879116551962344,-1.8893965735940963,-2.2138556609717814,-2.5009205395254943,-2.765852583079445,-2.830663155689506,-2.95796486480334,-3.013721578514359
AEE,-0.9814931824629284,-1.6403478379181626,-2.120663321028304,-2.3710065740570783,-2.654088942641608,-2.8566037537823714,-2.905191387241866,-3.0699424590340376,-3.233360977747898,-3.233360977747898
9020.T,-0.7801459188475474,-1.4286268180484565,-1.9300193823715392,-2.3033896135877363,-2.591703082088823,-2.755884960926732,-2.9918809929976073,-3.231299859623814,-3.312635205332825,-3.4244068872839715
GFNORTEO.MX,-0.6370408866285091,-1.1204928705766177,-1.5358172530069911,-1.8896431752444218,-2.1315930542465393,-2.304072911185855,-2.435943951732774,-2.5653844779981654,-2.744384782298359,-2.8375001619560196
ATO,-0.9939803142698955,-1.620081063355292,-2.031460636644224,-2.3774277410396354,-2.69519642312547,-2.8566037537823714,-3.029837028801329,-3.233360977747898,-3.233360977747898,-3.3146523927384957
FSLR,-0.41988629869698596,-0.7644769403323215,-1.0890113342856445,-1.3521227940269844,-1.5824927859085953,-1.7813233737837755,-1.964341184854755,-2.118854986872496,-2.2825330005139715,-2.443240321340912
PETR4.SA,-0.568396655509147,-1.017148996755682,-1.3800861653095853,-1.674451153806952,-1.9374692610805342,-2.165803094444812,-2.316631446953515,-2.4549357081127576,-2.5418191248391415,-2.6804732061491237
STE,-0.7818254299923016,-1.3071530773125803,-1.7138429247201876,-2.0626097876164935,-2.2847486017027,-2.5142545746632035,-2.654088942641608,-2.7758695696819626,-2.8139479831547503,-2.994082558905509
EXR,-0.7681818041031861,-1.3073965545090034,-1.6916835859552493,-1.967977453441282,-2.1937583281002997,-2.339088475061931,-2.473414036376437,-2.5875745607160705,-2.7118220820749066,-2.7940985860629697
EXE,-0.6346900351818815,-1.1332254018287964,-1.4944074255460988,-1.742809106997029,-2.0810557452525678,-2.402725607737881,-2.584075710704098,-2.7209552537281243,-2.9426007519554718,-3.250961517286131
PSTG,-0.5127083615813559,-0.9072552274192455,-1.2629644895189986,-1.5629759470495577,-1.8025665728923843,-2.011507824777377,-2.1662608165112496,-2.2558876222269784,-2.3848221771322513,-2.4997760303125154
HSY,-0.9946087415817239,-1.6432986861400831,-2.089054030422193,-2.3710065740570783,-2.69519642312547,-2.905191387241866,-3.029837028801329,-3.115691259587702,-3.115691259587702,-3.233360977747898
BR,-0.8903940470770985,-1.4818379789291172,-1.8770131407554196,-2.1923563262705725,-2.3791879802774463,-2.6004485120075245,-2.802025222759808,-3.018637063194516,-3.139430879823229,-3.525182672089576
3711.TW,-0.5411314410744332,-0.9818421765717537,-1.3775580890365837,-1.7108746938389174,-1.946597474906245,-2.1545519673461118,-2.772670087673992,-2.8107846651020547,-2.9021116837782417,-3.4236943438411376
8802.T,-0.6230194826809552,-1.1307415348541148,-1.5818738427100743,-1.920167684061587,-2.223441036609264,-2.520863785931593,-2.692792093318821,-2.773523324241805,-2.9918809929976073,-3.231299859623814
PHM,-0.5063201768647354,-0.9419264241454157,-1.2981980163871714,-1.5949639675335576,-1.8613078250541872,-2.053054536378272,-2.2744442853386224,-2.4477462211583094,-2.594184027828096,-2.680985395375806
4901.T,-0.6989289626431548,-1.2356888458961126,-1.6624310829450621,-2.0077453061433945,-2.2469109651040164,-2.477057029488441,-2.6785705547680516,-2.81162825123693,-3.02765758217813,-3.231299859623814
AMRZ,-0.6396686212202229,-1.2564434852902646,-1.6977643930643624,-2.17206518837744,-2.17206518837744,-2.4341847912895975,-2.5341847912895976,-2.5341847912895976,-2.5341847912895976,-2.5341847912895976
MDB,-0.4055077562438401,-0.7277547854896947,-1.0120811127916312,-1.2600088173600064,-1.4518949739310902,-1.6593748958174772,-1.85865414812421,-2.1091168378238154,-2.268649231554605,-2.4198609377860163
SWEDAS.XC,-0.9454914208905799,-1.4018055285687956,-1.713775536733598,-1.9966917361945546,-2.158558730464229,-2.3605088469780564,-2.521106528056552,-2.5818629479237583,-2.695932647863175,-2.8283092964587135
2628.HK,-0.6178354909661437,-1.1013914179103494,-1.5233963507186319,-1.8689572657151865,-2.1454749319733275,-2.351284349282718,-2.634051428171875,-2.875395539800595,-2.974495995647628,-3.0616744214153897
GMEXICOB.MX,-0.583940443390977,-1.037539080443466,-1.419323275584112,-1.7738760100588054,-2.056763270657876,-2.298705408050331,-2.435943951732774,-2.586347472715061,-2.859453954003471,-2.9645538780188243
BBCA,-1.1409278561881226,-1.7529377377646753,-2.2802512414322123,-2.5170465418247647,-2.6724067327475147,-2.7834004854201577,-2.855021694788713,-2.855021694788713,-2.9451921354734814,-2.9451921354734814
GIS,-1.0448988195533422,-1.7155102353832825,-2.2083298544007097,-2.5327638923707947,-2.7099735383976475,-2.9323172371449133,-2.994082558905509,-3.233360977747898,-3.3146523927384957,-3.3146523927384957
MKL,-0.9377530957010021,-1.5475480323349335,-1.961208396044492,-2.203960177268958,-2.4181716767148407,-2.5327638923707947,-2.6672960131867987,-2.758243671798118,-2.8139479831547503,-2.9323172371449133
ERICBS.XC,-0.8281585393716984,-1.347499628644966,-1.7532985626709732,-2.0323808557494276,-2.202800720394468,-2.3511034570715297,-2.480971629490757,-2.5657666552759113,-2.695932647863175,-2.797661484897329
ASM,-0.25518943088182033,-0.5563379655673705,-0.8142580543923397,-1.068196454984601,-1.2724811598482932,-1.4969206136517166,-1.662254526327757,-1.796932643870148,-1.978826528210265,-2.092757311754208
NBK.KW,-1.0415216831970728,-1.813326013415361,-2.059548252733772,-2.3037289428526178,-2.4430651807328947,-2.554995009643047,-2.608201274976509,-2.6978849469713726,-2.728031144223416,-2.728031144223416
PGHN.SW,-0.8592639717704346,-1.3839777091358285,-1.767437946873331,-2.060181913456406,-2.3321923080049873,-2.5606364988784995,-2.7462692303382052,-2.98747320446081,-3.154561672636131,-3.351518390696507
ODFL,-0.6176905778975994,-1.0792618377273484,-1.4281995173398365,-1.702303026525647,-1.940643160106646,-2.1279837495171936,-2.328591520473661,-2.4796305340295475,-2.6413291991609484,-2.8800482509373944
GEBNZ.XC,-1.1519868534292264,-1.7929210444601222,-2.2981583224207793,-2.534330994087916,-2.7036764530166177,-2.7545088034574423,-2.84734734904973,-3.1806387074175198,-3.2963004570169017,-3.586253871618467
BHARTIARTL.NS,-0.6450441418379681,-1.13951244212317,-1.5719726209370686,-1.8945693517226616,-2.1778555197426854,-2.391914814307015,-2.704481149972653,-2.8700037691824636,-3.136413503829628,-3.201272013419695
TEVA,-0.6486065029069288,-1.170929390857144,-1.5642664466261818,-1.8789313946169455,-2.113454802454823,-2.254532061700739,-2.4041430237710606,-2.4880103093564743,-2.6170298751918515,-2.7758695696819626
ACHR,-0.26072602175236165,-0.4999807847053674,-0.7381175202683949,-0.9632082256713668,-1.1697822522548975,-1.35432437983333,-1.4905641997558852,-1.7027888247823726,-1.9413553522707883,-2.1692555068349426
CINF,-0.859675606470847,-1.4541891670351872,-1.8037869056656064,-2.085667890622077,-2.322861892455491,-2.4880103093564743,-2.6413291991609484,-2.758243671798118,-2.8800482509373944,-2.9323172371449133
SAMPO.HE,-0.8602741594131688,-1.4353435840869986,-1.8278936092633982,-2.1208520798615877,-2.3681749758781137,-2.5456503445746375,-2.7613268344903514,-2.859598134363844,-3.0326861895638855,-3.171809784006414
FTS,-1.1922599482267215,-1.777016662429408,-2.1995347581113207,-2.4225646202787616,-2.614013660405654,-2.7496608648248246,-2.842631784080537,-2.8799698918557803,-3.091934720070507,-3.482291909398132
LDOS,-0.8711137393187647,-1.4401165161743676,-1.8960985079355397,-2.1307155554683668,-2.4347844692191,-2.5781260702882713,-2.6578435794964324,-2.7365556503317907,-2.783306505809468,-2.8673635193822222
RF,-0.6633425686296033,-1.1417556795538681,-1.4475997877948483,-1.6862006985391322,-1.8948455900788463,-2.0626097876164935,-2.203960177268958,-2.352308636669281,-2.4181716767148407,-2.4965685244309896
3968.HK,-0.5665679066304095,-1.0454540423780385,-1.459855116552742,-1.794106769558276,-2.0583769157486858,-2.250682742857848,-2.418862730330288,-2.602402581108277,-2.7537866215199145,-2.932145035899113
BIIB,-0.6056734610799082,-1.0663127093788565,-1.4563997188966853,-1.7393698948328384,-1.9559891506883051,-2.1243093055038123,-2.2795661887764522,-2.4633754018317098,-2.5521838702359307,-2.6413291991609484
DOV,-0.7627141515659707,-1.3337345418754853,-1.7481362670839262,-2.078966482608293,-2.346254695115646,-2.542354039142762,-2.8139479831547503,-2.994082558905509,-3.0699424590340376,-3.169068054888483
SEBA.DU,-0.9852977017035404,-1.450087027018822,-1.815109385889291,-2.0884355544941036,-2.3254085391685457,-2.5313716947634126,-2.6960105759111803,-2.9344227209167433,-3.0434039149004843,-3.2898224279756905
EFX,-0.8065220710386881,-1.3720220181156728,-1.7771308120741691,-2.1063544601762274,-2.3061161280083855,-2.5053135990191526,-2.680985395375806,-2.741435159375291,-3.0699424590340376,-3.169068054888483
4578.T,-0.8278111171957819,-1.4662246636989908,-1.9055333617414356,-2.1739932241667383,-2.4702314597832173,-2.75101298561196,-3.067245907361258,-3.1522260452860076,-3.2687583212696847,-3.460036276894714
1024.HK,-0.2957226994521613,-0.5489256445259246,-0.8832959120069797,-1.172830492915261,-1.4472013750301476,-1.7058292949137617,-1.8583246626334673,-2.0218740159523167,-2.2692057962849685,-2.395200130731115
AVB,-0.8613409040471449,-1.4010914574654767,-1.8277010305409345,-2.078966482608293,-2.2744442853386224,-2.397302394269086,-2.562266673910372,-2.654088942641608,-2.905191387241866,-2.961789141910216
AWK,-0.9320652889496331,-1.5625896407299367,-1.9572807844983957,-2.3570918949522355,-2.5645007749803375,-2.9117683641048666,-3.1218892569613352,-3.205622026588513,-3.205622026588513,-3.320528268364567
7751.TWO,-0.44282165759651115,-0.8798374597961204,-1.2666983844847988,-1.5503704303276478,-1.822223682062526,-1.982991123527054,-2.0324782530884185,-2.149700064344474,-2.2215195883378422,-2.4137458037352277
CVE,-0.5099150550931553,-0.9409462022409998,-1.3256464177443872,-1.6300893509761951,-1.8759230674313851,-2.1436718883544903,-2.413895599825334,-2.5319189873396293,-2.7259414431998574,-2.7806271590626315
HBAN,-0.6705247700363769,-1.1755068028740938,-1.4974688873291286,-1.712180364842728,-1.9184475265606735,-2.0405988435047373,-2.1704337529603746,-2.2795661887764522,-2.4041430237710606,-2.5142545746632035
IRM,-0.813440156266645,-1.3374756005588293,-1.7570390786334125,-2.0499107012567697,-2.2496909064686688,-2.4477462211583094,-2.594184027828096,-2.758243671798118,-2.8800482509373944,-2.961789141910216
ES,-0.9485178665500219,-1.5681872591936752,-2.013677234175551,-2.3710065740570783,-2.6170298751918515,-2.7758695696819626,-2.8566037537823714,-2.961789141910216,-3.029837028801329,-3.0699424590340376
6902.TW,-0.606855319616919,-0.9909198684844627,-1.3133806146161409,-1.5858669876191072,-1.77265892972867,-1.9080500869766421,-2.0914890673446345,-2.17206518837744,-2.2183056870407243,-2.9367466387422834
WAT,-0.7484348811359968,-1.2532248955832233,-1.600458686454064,-1.8613078250541872,-2.0958990678310654,-2.2953013781886913,-2.4880103093564743,-2.628985525095589,-2.758243671798118,-2.8139479831547503
2891.TW,-0.8195058497764179,-1.370937629104862,-1.7279228959581734,-2.013616098990451,-2.1878075125640337,-2.3636069432942572,-2.8214570130820427,-2.897942942651652,-2.9964116397375884,-3.136914563822626
DXCM,-0.4861027705205169,-0.8761092395611,-1.2403458603249367,-1.5496090765242008,-1.769975340205645,-1.916932566242772,-2.075049275509569,-2.2423671070809745,-2.3649635925719306,-2.504080786416563
NTRS,-0.7378248506984388,-1.237409325922099,-1.6144110646041738,-1.9112546714295002,-2.1664101463657346,-2.411098038393774,-2.542354039142762,-2.6170298751918515,-2.794402495947033,-2.905191387241866
ZS,-0.4679841584618185,-0.8325438446418768,-1.1091929836393195,-1.367627923315688,-1.5792195192835745,-1.7530592534525162,-1.9100836097395328,-2.066561304331564,-2.2493569389904224,-2.425053701298006
WKL.AS,-0.8665655832881144,-1.4357906526136857,-1.8216945452286457,-2.133245691331568,-2.3856158010349526,-2.613043974896835,-2.8417271322034217,-2.968627971500453,-3.076576220298682,-3.122241722068196
STLD,-0.49502257227151664,-0.9212205119963629,-1.27972377485982,-1.5564961754647542,-1.8256679706075085,-2.0499107012567697,-2.1785880083156175,-2.289993113482879,-2.4401505072139695,-2.5327638923707947
CNP,-0.832262587382175,-1.4010914574654767,-1.8176102805195051,-2.0499107012567697,-2.2953013781886913,-2.4477462211583094,-2.5327638923707947,-2.628985525095589,-2.741435159375291,-2.7758695696819626
UMGNF,-0.5549947872364792,-1.0074356012873078,-1.4350933292659422,-1.7709804131101359,-2.061916500809467,-2.197129420488731,-2.351972881580702,-2.599459551383507,-2.8997312558576387,-2.8997312558576387
TZA,-0.234152699787751,-0.5374732371620059,-0.8032416516260767,-1.065513902152292,-1.2982751596836422,-1.4939387172275604,-1.6730932350860244,-1.8386287980359646,-1.9912117972351464,-2.0995055655325
L,-0.9113046386686207,-1.4575076686741708,-1.8834297845038726,-2.1545453337908858,-2.2953013781886913,-2.4965685244309896,-2.628985525095589,-2.741435159375291,-2.8566037537823714,-2.9323172371449133
ULTA,-0.6262552382606734,-1.090688810085841,-1.4521925002758367,-1.7456354570585453,-1.9804741677180686,-2.1241069416882006,-2.300484878252942,-2.3763189843615544,-2.4689263015979823,-2.505135843057537
FSRL,-1.1365946860098681,-1.3506622410637157,-1.4912708039981868,-1.6016919584386435,-1.68088430998852,-1.7657194836494028,-1.8401009036860487,-1.9006215697481081,-1.9564602647341967,-2.0052951141454267
KROS,-0.32665633723488147,-0.677222027743382,-0.9875225431161502,-1.2173898227599724,-1.5288518314027122,-1.780782723788483,-1.960260914842198,-2.080562422797142,-2.241670884831643,-2.39423441139545
005380.KS,-0.5787903736458725,-1.0230735690689496,-1.426404770369497,-1.758157071766458,-2.0056327135265133,-2.257365592443981,-2.402180533703512,-2.5034149765629587,-2.639510585761672,-2.7396715236461704
HINDUNILVR.NS,-0.7666636610798121,-1.361642427082183,-1.7989079291841177,-2.1290984789950036,-2.461064465095908,-2.678828367758589,-2.903174062736331,-3.231519889754641,-3.6086164047857814,-3.6086164047857814
TEWXX,-2.9531363463053646,-2.9531363463053646,-2.9531363463053646,-2.9531363463053646,-2.9531363463053646,-2.9531363463053646,-2.9531363463053646,-2.9531363463053646,-2.9531363463053646,-2.9531363463053646
035420.KS,-0.4994846032442987,-0.9546654184390989,-1.3549912333339589,-1.6910340486140536,-1.991233781877186,-2.2314043117692277,-2.443127741862662,-2.6837436178841614,-2.8165977250345433,-3.0785532951581156
VWS.CO,-0.47316290797021016,-0.8697496374318768,-1.1962764429076118,-1.4890168198753637,-1.7401766362100834,-1.9571320615399932,-2.1204710261813946,-2.2708036014048303,-2.407621543573785,-2.548863067753282
NTAP,-0.547278831635372,-0.9654851288020411,-1.2771200379673064,-1.51414410308198,-1.7072208758585978,-1.8613078250541872,-1.9853818534307854,-2.065837140058441,-2.182720074784711,-2.2795661887764522
8015.T,-0.638092556116322,-1.136614867101556,-1.516511682762948,-1.880250565190098,-2.1250817691409867,-2.343565047628959,-2.530234103077824,-2.7075800479093495,-2.877773234504277,-2.959567232064889
VLTO,-0.9382129372802506,-1.613794831314214,-1.993733628342668,-2.2434659209972327,-2.6918919588359103,-3.0153939746622735,-3.0153939746622735,-3.0153939746622735,-3.0153939746622735,-3.0153939746622735
NST.AX,-0.5505884241384629,-0.8113078574916391,-1.0486051327004806,-1.3080144814969146,-1.4891917429111243,-1.631545387750326,-1.7556946837006802,-1.9233866235378527,-2.0345324435696552,-2.124102260296244
450330.KQ,-0.3005780600781105,-0.7006579830264446,-1.031731744123156,-1.3711452858098676,-1.6502045873916893,-1.8775733052031782,-2.1324845536780357,-2.29074749435689,-2.5430480700197045,-2.77651526458467
TEAM,-0.5415300479313894,-0.8950675334043816,-1.1801396826554869,-1.427764396567025,-1.6467728537555497,-1.8744417383388328,-2.101773488816199,-2.249103233986184,-2.4514233456911727,-2.6914308539486127
9022.T,-0.7834092297445435,-1.3748389476281797,-1.7936240561640509,-2.21200539544004,-2.4971368131867178,-2.7787134834028384,-2.8900074107988445,-3.055455294935876,-3.4131972290011,-3.597713229639976
DVN,-0.515492512514172,-0.9401358498765492,-1.3071530773125803,-1.6447794919298773,-1.8879666126483656,-2.1391828885120803,-2.3116262784285535,-2.5053135990191526,-2.594184027828096,-2.628985525095589
VOD,-0.6947205238539664,-1.2283926995349088,-1.6215067314978526,-1.9306608791980429,-2.1279837495171936,-2.3343986285231986,-2.5521838702359307,-2.6413291991609484,-2.758243671798118,-2.8800482509373944
034020.KS,-0.43247749963070303,-0.8408262259659288,-1.2095200724107207,-1.516262751848556,-1.7704395628825393,-1.9885062796557686,-2.175667224423856,-2.2858227354455005,-2.4336095878725876,-2.5385177513996595
PHIA.AS,-0.6681493093106486,-1.161133051753137,-1.4961689563563363,-1.8080721393024788,-2.0498108785889455,-2.2778742445968203,-2.479360220580842,-2.636536841804156,-2.7830900899862208,-2.9121423411202656
PPG,-0.7683665282825433,-1.3337345418754853,-1.8037869056656064,-2.120663321028304,-2.3402855421128654,-2.5832502800030572,-2.758243671798118,-2.961789141910216,-3.029837028801329,-3.115691259587702
WSP.TO,-0.9467817563010457,-1.5050398576351858,-1.944279941712026,-2.3400353469145756,-2.6822064997329536,-3.0045689765138928,-3.2094725931326464,-3.2094725931326464,-3.2094725931326464,-3.2094725931326464
055550.KS,-0.5934343161629525,-1.0765690961102181,-1.4772583571436786,-1.8033025434935706,-2.044563521078582,-2.1932373490051416,-2.3564573844672303,-2.47771606619776,-2.5923384028671905,-2.75648896402412
BABA,-0.5136881340823021,-0.9688328136335271,-1.3526095223449175,-1.709353532795643,-1.965723883142947,-2.2250973965273895,-2.4372570691786617,-2.512725012311844,-2.6626874500056923,-2.8113733042736904
EMAAR.AE,-0.7803804119279247,-1.367672733936458,-1.7390636045499213,-2.0662850552167833,-2.263975226565012,-2.46366505905184,-2.565108929581303,-2.6797649624241493,-2.7819851935300344,-3.095526744874719
HPQ,-0.6652544638081016,-1.1278888208466546,-1.4777643368521116,-1.7516807428654086,-2.0050191182998316,-2.2401638513710274,-2.4326930212668962,-2.5521838702359307,-2.6672960131867987,-2.7253672237986515
QSR,-0.7851355458443884,-1.3869151883463011,-1.8776310526044477,-2.227718679669044,-2.573349556800492,-2.6877165089964543,-2.804723804929309,-2.911487560610426,-2.980508997560328,-3.0675417098412416
EQR,-0.832262587382175,-1.3849085234417275,-1.7606395262667596,-2.019534286602006,-2.254532061700739,-2.390572138325214,-2.5142545746632035,-2.594184027828096,-2.741435159375291,-2.8346314809778623
OTP.BD,-0.6656042415659198,-1.1594692071312667,-1.5444647520203254,-1.8339883631201983,-2.0846187204227853,-2.2847408988104365,-2.454216561486927,-2.569690105020532,-2.643357434489637,-2.671463608675
WRB,-0.8911664434910471,-1.5275477373678383,-1.9356279101963152,-2.2216980834854643,-2.4796305340295475,-2.6413291991609484,-2.8346314809778623,-2.905191387241866,-3.0699424590340376,-3.233360977747898
2881.HK,-0.5168467276526096,-0.8798374597961204,-1.1567649119349086,-1.3945290787252949,-1.6448536269514729,-1.822223682062526,-2.0324782530884185,-2.149700064344474,-2.4137458037352277,-2.5580427269867734
NI,-0.920049245353667,-1.520202818868944,-1.940643160106646,-2.2847486017027,-2.4796305340295475,-2.6054369881979067,-2.8800482509373944,-3.0699424590340376,-3.0699424590340376,-3.115691259587702
HUBB,-0.7959535566361299,-1.3516741312200498,-1.7846180536321217,-2.085667890622077,-2.3402855421128654,-2.628985525095589,-2.741435159375291,-2.8139479831547503,-2.994082558905509,-3.115691259587702
PODD,-0.5476681108534133,-0.9946682675336526,-1.2924426882665654,-1.5717169555242159,-1.757057066393128,-1.9535277611449577,-2.1136058670019398,-2.2133808301855584,-2.350120629916733,-2.477721375493192
8570.T,-0.5915569921364721,-1.0370873054053928,-1.3886848409156805,-1.722211098439056,-1.9540280646774963,-2.2263507786060885,-2.438211198557903,-2.5776643729714386,-2.7602502556431543,-2.917402435316276
HAL,-0.5198755340614952,-0.9545460520637575,-1.3089567142984229,-1.6144110646041738,-1.8656596065199567,-2.102843739948585,-2.269381363370994,-2.3774277410396354,-2.5234011779966083,-2.6413291991609484
4839.T,-0.6559408185110562,-1.135672634330768,-1.4852728410974911,-1.7860068591734477,-2.0310596519689463,-2.241026254901436,-2.4181508095750153,-2.551542253758851,-2.7052729112005567,-2.815187508212411
TDY,-0.7128901282105756,-1.2178638115550469,-1.6087924973466357,-1.8700470094266928,-2.0594037769794107,-2.259426639852963,-2.4477462211583094,-2.5832502800030572,-2.680985395375806,-2.7758695696819626
PETR3.SA,-0.5571516784264127,-0.9973829808564473,-1.3633645362811284,-1.6636307346092964,-1.9177823683901536,-2.1273683103806302,-2.294720986288201,-2.4628266856210304,-2.593657825595833,-2.694686462038395
TROW,-0.6898491838603417,-1.1724524657463657,-1.5564961754647542,-1.8548455155502048,-2.0958990678310654,-2.2953013781886913,-2.471421344323008,-2.6054369881979067,-2.741435159375291,-2.8800482509373944
8308.T,-0.5460555888204002,-1.0455937985503068,-1.4116920152838055,-1.730800408247329,-1.9962873938304129,-2.1882603001237464,-2.343565047628959,-2.4940091068259407,-2.6388845698073062,-2.7229849282867558
VOW3.DE,-0.6334944022103224,-1.126996008611866,-1.522372680666568,-1.8169486187594797,-2.095603466223445,-2.290861815299053,-2.529050075365743,-2.700549758135141,-2.7467138099312085,-2.8191133541373548
KHC,-0.864849839084275,-1.4557760251170173,-1.8989142031474742,-2.218582348562776,-2.3939797998185135,-2.5085957242228307,-2.6704148847808584,-2.8375969129437992,-2.964647126022537,-3.1717657833516175
6146.T,-0.4850693598198099,-0.8923368323599679,-1.2772667107342075,-1.5879153990210177,-1.9048891572339999,-2.1393399039679513,-2.310567967080486,-2.5455787816040307,-2.7602502556431543,-2.8413556163565135
ORI,-0.8349755809949845,-1.361293322451183,-1.7341735662900133,-2.0050191182998316,-2.2216980834854643,-2.390572138325214,-2.5327638923707947,-2.7099735383976475,-2.758243671798118,-2.8800482509373944
1288.HK,-0.8098201753823886,-1.4678488219200583,-1.979751620248093,-2.255085171552366,-2.4400163182164194,-2.6152252310726984,-2.760588342113715,-2.9050751246958826,-3.1607631175929645,-3.4679107946680428
HEIA.AS,-0.9139296476389879,-1.5462422784195649,-2.008683168497381,-2.3369148214776008,-2.5501139806917186,-2.8417271322034217,-3.076576220298682,-3.1755237886141,-3.2397059883034784,-3.320862444034208
CFG,-0.6467201938430328,-1.1306532670881477,-1.5261033537637125,-1.799385814336317,-2.1052061333532315,-2.3050455737572286,-2.4728542371476125,-2.605610230134484,-2.7677924198159385,-2.8602700303760917
VIE.PA,-0.7661942622148235,-1.2709905005074533,-1.6612380473073978,-1.9771301589128505,-2.217138284751916,-2.425312905197114,-2.641277388217714,-2.7253167330631984,-2.8800000324809525,-3.069896780139724
LH,-0.8974563507409691,-1.468686928839912,-1.8442440861003937,-2.0993587478560025,-2.3061161280083855,-2.5142545746632035,-2.6413291991609484,-2.758243671798118,-2.8800482509373944,-3.029837028801329
CMS,-0.8775638475815687,-1.4951204502166466,-1.8634793044721083,-2.1279837495171936,-2.3116262784285535,-2.4401505072139695,-2.5832502800030572,-2.69519642312547,-2.794402495947033,-2.8346314809778623
WSM,-0.540168405495063,-0.9870933444126391,-1.3488126342935096,-1.6359481674049283,-1.8359097548658103,-2.0405988435047373,-2.2354755556681742,-2.3646817036900085,-2.471421344323008,-2.6054369881979067
289930.KQ,-0.33121190408061435,-0.6991967750413334,-1.0719621696938275,-1.3848773778818444,-1.5647264713617985,-1.7736288191357004,-1.8642704310063651,-1.9734623802916458,-2.201768561289448,-2.201768561289448
DMYD-B.ST,-0.33322300756886186,-0.7045593724202328,-1.0733766789321026,-1.3574029367156626,-1.5938439265037339,-1.7919562476109803,-1.9301040476784401,-2.0699018308950565,-2.1270322672075315,-2.200905011949846
4543.TWO,-0.6323471750920554,-1.1154124544456396,-1.4570716266660406,-1.775415031381216,-1.9762851227744964,-2.0757757959437924,-2.2561498700844536,-2.36094940590886,-2.442583053374107,-3.3783851983240307
LVS,-0.5089819551828073,-0.9401903623499572,-1.2788658873416112,-1.547992203003786,-1.7415546521113272,-1.9328247496345599,-2.057272129841353,-2.177252188215466,-2.2483879380907204,-2.333132905353958
DLTR,-0.6767774329244141,-1.1793402139209122,-1.584116760545807,-1.8722542787324836,-2.1098913351633066,-2.2449019095076244,-2.3774277410396354,-2.5053135990191526,-2.6054369881979067,-2.6672960131867987
2802.T,-0.8173297887183563,-1.4211676661643753,-1.9177336425592546,-2.237374698726854,-2.4688409605646506,-2.692792093318821,-2.877773234504277,-2.9918809929976073,-3.067787330537571,-3.166970890995784
NXT,-0.3414267113632233,-0.676658599942751,-1.059754726570477,-1.4439240859642075,-1.6624692058448856,-1.9403135321765597,-2.0687719359569186,-2.397022125126622,-2.6410700568249417,-2.9938491683534485
SBK.JO,-0.7037342004297314,-1.2437007113201275,-1.6490189211221498,-2.0731822116279717,-2.3410832246082283,-2.6473821804288846,-2.8856821983621885,-3.035234784748973,-3.035234784748973,-3.1209618602631397
STC,-0.6471879290750293,-1.1221145622866033,-1.5033763973739138,-1.8136252940358952,-2.02546145002457,-2.2083298544007097,-2.3343986285231986,-2.4965685244309896,-2.5327638923707947,-2.654088942641608
TECK,-0.4380381462661923,-0.7956698527182867,-1.1108240801973868,-1.3697638494276634,-1.6320940995264202,-1.8288415796138673,-2.004076811406005,-2.154888107636015,-2.2841705250288546,-2.4184848251760083
FLEX,-0.5339691191401232,-0.9479169430200272,-1.2788548990986703,-1.5238650019865514,-1.710522524184857,-1.8744707076087233,-2.0405988435047373,-2.1391828885120803,-2.328591520473661,-2.4554858393650236
FWONK,-0.723774556427677,-1.2894783625471797,-1.7411293960775378,-2.1211398582004715,-2.365760508367021,-2.5191244734984184,-2.6394324036163455,-2.7740490990907047,-2.7740490990907047,-2.8172095594324884
ON,-0.41417158369026247,-0.7454331444974172,-1.0602443325549826,-1.3127082139694828,-1.5630971759932786,-1.7583587145730424,-1.9326139954890222,-2.063834009932543,-2.194620521378737,-2.2644900655881934
EIX,-0.8139739284596156,-1.3710401487362953,-1.7715800655535847,-2.02546145002457,-2.2083298544007097,-2.3343986285231986,-2.542354039142762,-2.6413291991609484,-2.7253672237986515,-2.758243671798118
STLAM.MI,-0.5628514343583445,-0.9876014313991136,-1.3471508389296687,-1.632071338357847,-1.942431364542136,-2.1766761121756435,-2.423907674745823,-2.567741733031968,-2.70044962497934,-2.7809961313169147
8604.T,-0.5749706421200409,-1.053631293877748,-1.4148364611039812,-1.7536969996935274,-2.0469251491460936,-2.251756779621947,-2.381292600535688,-2.539831993566806,-2.6648709662659913,-2.792069225181797
DGX,-0.8820799046589551,-1.4530865508119453,-1.8379813903377575,-2.089054030422193,-2.289993113482879,-2.4554858393650236,-2.6054369881979067,-2.7253672237986515,-2.8139479831547503,-2.961789141910216
DTG,-1.0480096815142848,-1.6864595644309737,-2.299731883252607,-3.0975583929756696,-3.1975583929756697,-3.1975583929756697,-3.1975583929756697,-3.1975583929756697,-3.1975583929756697,-3.1975583929756697
2382.TW,-0.6450127566707123,-1.147633991805842,-1.5139496502905827,-1.8419488955458454,-2.0716171602642746,-2.275814026685624,-2.6256390080729495,-2.791220711190076,-2.9021116837782417,-3.3119017212686157
FMG.AX,-0.48387241163536604,-0.8208545162228272,-1.0737150293128008,-1.2986182556686199,-1.533506327846917,-1.7045903170468177,-1.8557972216627998,-1.993090742886157,-2.132686851735935,-2.244684531319828
ZM,-0.4735449545071538,-0.8655916864774568,-1.1325244820579632,-1.4085911098128714,-1.6239377884408857,-1.7968425648548343,-2.038315540387452,-2.242779577986982,-2.422335283581774,-2.5938815705973846
2344.T,-1.102744722155572,-1.6267428797489587,-2.017116253573339,-2.3278584236022426,-2.448929485190201,-2.6810658037103017,-2.9531781866268716,-3.0299096039507565,-3.0299096039507565,-3.0299096039507565
QNBK.QA,-1.0280548676002148,-1.602827440318682,-2.0803807079181427,-2.4090067757142024,-2.6316203830829585,-2.84088343786633,-2.967814763973094,-3.0903065442133295,-3.0903065442133295,-3.480823361233857
WST,-0.7735264379215844,-1.341235472146159,-1.7715800655535847,-2.120663321028304,-2.352308636669281,-2.5142545746632035,-2.6672960131867987,-2.8800482509373944,-3.029837028801329,-3.029837028801329
VNA.DE,-0.7934186578575981,-1.3665340773764039,-1.7873127201461003,-2.0692539677217723,-2.3343598620730788,-2.6181352841447767,-2.803692918132575,-2.9519674283542754,-3.4177061557324624,-3.4177061557324624
ENGI.PA,-0.7771668791152346,-1.319213519218597,-1.7108288740846194,-1.9729984917874057,-2.212356029292519,-2.41892306991527,-2.5697185440388304,-2.7170914667972763,-2.841488598456898,-2.9389821650917063
KNEBV.HE,-0.8002113412092037,-1.3698113169561041,-1.7937918025100683,-2.1795243924825303,-2.491535831011489,-2.806351553076019,-3.046843042834199,-3.249448001914235,-3.5498636538512924,-3.5498636538512924
VRSN,-0.6801552273875965,-1.1071322975497662,-1.3879151994450722,-1.6144110646041738,-1.7979666627259248,-1.9585921042501466,-2.092464294014752,-2.1910977943351524,-2.2953013781886913,-2.4326930212668962
CHD,-0.9802528773377897,-1.6258036295844078,-2.0284519178112332,-2.3006751181912235,-2.4880103093564743,-2.680985395375806,-2.8800482509373944,-3.115691259587702,-3.233360977747898,-3.3146523927384957
BRO,-0.919464085111811,-1.4904481569395884,-1.9160388814625544,-2.1584665855253675,-2.425368421939968,-2.594184027828096,-2.758243671798118,-2.994082558905509,-3.115691259587702,-3.3146523927384957
1925.HK,-0.8568249949483772,-1.3076386318335047,-1.660259745445838,-1.8609177121725133,-2.0442617640568983,-2.2702509680810654,-2.4322144002664876,-2.504043079391512,-2.778739554630322,-2.8709216574712384
466100.KQ,-0.2822161470625082,-0.6208136785826223,-0.8616341201741723,-1.1336427229877792,-1.4297883359455212,-1.562987412516735,-1.6939342499250727,-1.731664396122245,-1.971986820105691,-2.310991338257424
SPWR,-0.28375812847857274,-0.447858502061929,-0.617001035746486,-0.8106735068661789,-0.9853176104507044,-1.1900097671160506,-1.3140487857615746,-1.4922321460512362,-1.578888204063758,-1.6931572893576745
8309.HK,-0.6955458519179841,-0.9370789494287322,-1.1172920726742919,-1.318272069286421,-1.4832976818277763,-1.6237512678269121,-1.76050820051356,-1.8563529709237785,-1.941361438044654,-2.0825086096715912
4452.T,-0.8238177331685109,-1.4286268180484565,-1.8916803740442891,-2.266620283531802,-2.4940091068259407,-2.832325916888525,-3.067787330537571,-3.1135632538678264,-3.312635205332825,-3.312635205332825
7182.T,-0.9367207969923511,-1.5867254031043874,-2.0149281722161625,-2.2708890943229316,-2.4096446702910876,-2.590601429414167,-2.6881166608043263,-2.8207991084184627,-2.9484601821152734,-2.9484601821152734
BBDC4.SA,-0.6349025867263635,-1.139553728901723,-1.5881429192565848,-1.9083141431241593,-2.176512036674623,-2.358755855111554,-2.438251614545975,-2.58143687908495,-2.7337802963015605,-2.784155712066713
SB=F,-0.6236359320977582,-1.1648845371014709,-1.621124827505644,-1.9847722940683472,-2.23742351358654,-2.4572946247523286,-2.607161048790372,-2.858201381177895,-2.9633388481559177,-3.170530836352232
BAMI.MI,-0.5606423177905746,-0.969935025515609,-1.3268594784377263,-1.6249660039085512,-1.8576097933289137,-2.072318622256772,-2.26059359494652,-2.423907674745823,-2.610838113423253,-2.715203108891005
LYV,-0.616575305624914,-1.0550871456317834,-1.366144515158865,-1.6543580549701444,-1.8782907203691679,-2.009708138132466,-2.1474354070016664,-2.3001967088569444,-2.4208953358987793,-2.5148149410035496
FAB,-1.001985785084464,-1.5449350693641015,-1.9430137595835661,-2.2523232075849293,-2.4895511899225578,-2.7054314189113278,-2.749486257495848,-2.8276003375465315,-2.9280650646339508,-2.9693362486098343
MTX,-0.6801552273875965,-1.2122499130579392,-1.6243679962592972,-1.9691388698110008,-2.2216980834854643,-2.4965685244309896,-2.6672960131867987,-2.758243671798118,-2.8800482509373944,-3.029837028801329
SBAC,-0.6509736984028874,-1.0542079192626879,-1.3431225387985337,-1.5539268523071381,-1.723919178249286,-1.8656596065199567,-1.9853818534307854,-2.120663321028304,-2.3006751181912235,-2.3646817036900085
HLMAL.XC,-0.8591337498328543,-1.50459342284426,-1.9633781899541978,-2.298638014341877,-2.6743632036719296,-2.8618688441477818,-3.043333522256893,-3.3091217086854465,-3.3091217086854465,-3.498464307216663
BXBLY,-0.7662856880007006,-1.3506531835142388,-1.7927856719964392,-2.1287446673049835,-2.3480377216772146,-2.5000895777222474,-2.6760427399116367,-2.8092001280870234,-2.9221237854607836,-2.9698052690556
ILMN,-0.5040448405300837,-0.9142334060662329,-1.2252401428101711,-1.4883095678693332,-1.6755656620944868,-1.8646097731114837,-1.995637296939809,-2.1153294695367277,-2.2268428342259163,-2.3260546164992353
CTRA,-0.5406120042089292,-0.9933522792566579,-1.3730052120016814,-1.7307351892655696,-1.9744954700398747,-2.1953450008245587,-2.3584500386378116,-2.4880103093564743,-2.680985395375806,-2.8139479831547503
PFG,-0.744816837943018,-1.2046058125598533,-1.5254125333321564,-1.7952506930279077,-1.9805432649795869,-2.158544871069885,-2.2958307695023064,-2.3992553446110194,-2.453980341154524,-2.4888918433539415
IP,-0.6509736984028874,-1.17321502411237,-1.590874310165873,-1.8902496769169461,-2.1279837495171936,-2.2847486017027,-2.4041430237710606,-2.562266673910372,-2.654088942641608,-2.758243671798118
1211.SR,-0.765360654294987,-1.3050482996029,-1.7102668101867897,-1.9787469382004517,-2.2664495551397335,-2.4100995452837815,-2.543832468119727,-2.613163223268935,-2.6531651616188183,-3.024323127075387
068270.KS,-0.5276437949118208,-0.9826980346828609,-1.3124584774862458,-1.596853002673366,-1.8302875110360737,-2.042369984060161,-2.207514742296402,-2.316015499801858,-2.4131939592299374,-2.51628120201827
2388.HK,-0.8517347035965799,-1.4658643972734482,-1.8671003833210456,-2.153395546652132,-2.3752974820625075,-2.5651004087589224,-2.7563558333442946,-2.958203414089876,-3.081021282638258,-3.2818021469963994
IHG,-0.73446021604755,-1.2588671099423698,-1.641387955212991,-1.9422486037933013,-2.1645143111862404,-2.354759266372339,-2.5051513040491327,-2.750794350023036,-2.837541098981907,-2.9529623585035276
6971.KL,-0.5579454452782592,-0.8958651944333457,-1.202069461817613,-1.4675757985074502,-1.7108049203141185,-1.9013422715466164,-2.073008766126106,-2.188563271342904,-2.287544249612106,-2.3686239980559622
BMPS.MI,-0.5165800499640655,-0.937820634692724,-1.2707332184778393,-1.5467113637682388,-1.776999832748637,-1.9705694430838396,-2.1092387334487466,-2.246255593952454,-2.370520499778872,-2.4384016868280116
PTC,-0.6042925149970299,-0.9964963847077101,-1.3026624887879312,-1.5642664466261818,-1.7734242477565312,-1.9691388698110008,-2.162421309946964,-2.2953013781886913,-2.4326930212668962,-2.5327638923707947
GMAB,-0.8431625894742988,-1.2712447506582645,-1.6147133558099571,-1.8780542634306976,-2.086923340325172,-2.2814748352047136,-2.3712341153243286,-2.557543177464832,-2.6459716772685575,-2.6880366727223013
DRI,-0.738328201853406,-1.259978786827494,-1.6315799380886258,-1.9331384330576866,-2.2083298544007097,-2.425368421939968,-2.5327638923707947,-2.628985525095589,-2.680985395375806,-2.794402495947033
PKOH,-0.4268050423327494,-0.7693968705206992,-1.0337152381004886,-1.291990889267319,-1.5165609113212355,-1.7088693715003787,-1.8548455155502048,-2.002166192606358,-2.135420022383252,-2.2744442853386224
NVR,-0.6859638696730878,-1.1793402139209122,-1.5655707111011412,-1.8856933469762802,-2.1506569335814425,-2.397302394269086,-2.6672960131867987,-2.7758695696819626,-2.9323172371449133,-3.115691259587702
DNBBY,-0.8223583538008133,-1.2824456573995076,-1.6532747432242962,-1.923917925829252,-2.1393191785965575,-2.3096134170455045,-2.4412456126980424,-2.51146853010031,-2.578186283485969,-2.706697781192393
AIBG.L,-0.7486212118206913,-1.1098700316094723,-1.396706275487319,-1.6510538513803141,-1.8185070997186445,-1.9654360569952287,-2.071351886848193,-2.1817538809481016,-2.239216912808607,-2.333481791256944
BAM,-0.7252391904982012,-1.2336454255676408,-1.6042110987642866,-2.094420819995382,-2.2687111173462857,-2.4199197473960004,-2.7959560151527523,-3.1129374825498357,-3.1129374825498357,-3.1129374825498357
SSNC,-0.8068064508381053,-1.3608469586234029,-1.798174595259814,-2.147090535130283,-2.372693090060755,-2.5727015798810875,-2.744815616925352,-2.9172093753424413,-3.020604746682715,-3.087546275450747
TRMB,-0.581896819565113,-1.0396197601437376,-1.3990484984191742,-1.690985469265899,-1.9184475265606735,-2.089054030422193,-2.2953013781886913,-2.397302394269086,-2.5726168960788374,-2.7253672237986515
5020.KL,-0.6774521463879237,-1.223034636386049,-1.6123005590948454,-1.9667130552419492,-2.198694019101755,-2.395131176911994,-2.6086163873605526,-2.76785628276781,-2.872278607975581,-2.9246646672468164
CNC,-0.6217190992409573,-1.0781982375813575,-1.455862958023919,-1.7208658975412918,-1.9959182730529625,-2.1734409017429837,-2.3422010488413543,-2.4867821335174245,-2.6411260501227534,-2.7505555765011893
CVU,-0.526468876242311,-0.9359695182634135,-1.2507068684575717,-1.509336844222889,-1.712180364842728,-1.8613078250541872,-2.043683137995616,-2.1704337529603746,-2.328591520473661,-2.397302394269086
TYL,-0.6767774329244141,-1.1388181302883895,-1.4630744427103402,-1.7290236460286998,-1.9457077029584426,-2.142976289743136,-2.3006751181912235,-2.425368421939968,-2.5142545746632035,-2.6054369881979067
EXPD,-0.7333030675318492,-1.261676266185571,-1.6492436861775368,-1.9533993825900502,-2.1868897485630843,-2.425368421939968,-2.5832502800030572,-2.741435159375291,-2.961789141910216,-3.115691259587702
PAAS,-0.387654262729321,-0.7828665885821992,-1.1156629218248972,-1.427137391038705,-1.702303026525647,-1.9331384330576866,-2.1316871512579874,-2.2449019095076244,-2.4041430237710606,-2.5521838702359307
6160.HK,-0.36957810180749795,-0.7152338110914432,-1.0438811887657249,-1.3540274441632694,-1.5794932898624225,-1.8171591280913513,-1.9555202858818113,-2.1746809123405684,-2.290956100809802,-2.423395723133887
6723.T,-0.40957137965675816,-0.7723752922507519,-1.1149549636135463,-1.4324273240788208,-1.7135426264972162,-1.9572807844983957,-2.153659985216167,-2.2501652922023285,-2.40499907456811,-2.538242984295865
5401.T,-0.5717849824852608,-1.0998190571082773,-1.520179755196345,-1.901005487139143,-2.218890916465115,-2.4451458057538664,-2.6029648016094957,-2.81162825123693,-2.959567232064889,-3.231299859623814
LULU,-0.5685786941446607,-0.9865842682553305,-1.3151982161622202,-1.598367603333001,-1.7776365799194147,-1.9524567441192593,-2.0896001833926485,-2.228109390918682,-2.3633357117231117,-2.4738165766662625
HCLTECH.NS,-0.6563422799898337,-1.1487849608664127,-1.5519225218398236,-1.8383326079753015,-2.0843037930808683,-2.256051776946391,-2.413140707310689,-2.6277369325796425,-2.776124290554173,-2.958203414089876
CDW,-0.8298786982867002,-1.3612222772675913,-1.750391243697345,-2.1553957745261405,-2.4264398811529797,-2.549087872357989,-2.6160813554092255,-2.7289704249536024,-2.8017520463256025,-2.893318601687893
CPAY,-0.761951761875131,-1.2943045261557211,-1.666238292009061,-2.041247669809143,-2.296099545753825,-2.450378460805611,-2.6551158149173815,-2.789103796394088,-2.8606053957804733,-2.9506317755292466
4598.T,-0.2659867245867666,-0.5559701037080518,-0.8678297733009744,-1.1407637392345984,-1.3158969971417065,-1.5170593481273138,-1.6683911939470795,-1.8801275032855138,-1.9807523966472833,-2.0340146996921247
AMCR,-1.0815259049609194,-1.5491171582902032,-1.8975178393123209,-2.2224282828455935,-2.504800669895947,-2.645044062738777,-2.756951204603507,-2.8291319854434067,-2.9199760003061535,-3.0441068609494053
000270.KS,-0.5801579343555363,-1.023724204245027,-1.3951300372807134,-1.7386103710868426,-1.9668501238487746,-2.197527708187013,-2.362693213635429,-2.570758664134906,-2.639510585761672,-2.7235949738071996
BIRG.IR,-0.5187477912011302,-0.8893410593445313,-1.189412245645737,-1.4621394778842756,-1.6823819501669532,-1.8454617666629949,-2.0034666818492055,-2.1403663463506506,-2.2131935951140393,-2.3000845404321386
ZBH,-0.8307448211165528,-1.400359162962995,-1.8227772821423065,-2.1219355571553558,-2.3353547878632175,-2.5510889377456603,-2.7379215030651967,-2.8147694676660255,-2.913015882721159,-3.0110663931277464
STZ,-0.8054611762097038,-1.3710401487362953,-1.7883995014827254,-2.0756504865922842,-2.2953013781886913,-2.471421344323008,-2.628985525095589,-2.7099735383976475,-2.8346314809778623,-2.9323172371449133
FTV,-0.874383302076648,-1.4517678571267194,-1.8487832826583948,-2.168104273636594,-2.430563193522056,-2.6721057747987826,-2.7113904602110552,-2.8636726976557663,-3.1425131523532865,-3.1425131523532865
QBEN.ST,-0.29787409976057155,-0.6541562381384199,-0.9213316084311902,-1.2184623412765194,-1.4991720794928456,-1.7844569610159844,-1.9427645772764583,-2.0838400256681378,-2.2851363713669497,-2.776707811367187
AMXB.MX,-0.918048427110003,-1.304158787424832,-1.6359548116676355,-1.9127936288562912,-2.178042814929819,-2.387252224298663,-2.474631395974719,-2.6443706428137945,-2.7611783827308356,-2.8168342669430353
TWLO,-0.4426241991044551,-0.7919454497105711,-1.0678349058645373,-1.2899234317329316,-1.5130325194436707,-1.69002608410429,-1.9519894497822794,-2.18040360159048,-2.341495051241045,-2.473994667635529
VGT,-0.9808108953778727,-1.5235197777136142,-1.9565632461531821,-2.314010428471302,-2.6380114600688667,-2.909004551817037,-3.018765256851445,-3.379884426653554,-3.379884426653554,-3.5659202840500903
FCNCA,-0.7000981124364332,-1.2549080046671124,-1.6783108283873305,-2.0284519178112332,-2.3061161280083855,-2.5142545746632035,-2.7099735383976475,-2.8566037537823714,-2.905191387241866,-3.029837028801329
MT,-0.4402805799862283,-0.8139739284596156,-1.1351599564333434,-1.4367551363716238,-1.6767453298499633,-1.8656596065199567,-2.065837140058441,-2.2083298544007097,-2.3646817036900085,-2.4633754018317098
CCEP,-0.8268548887681334,-1.437832008476441,-1.848459751253215,-2.1279837495171936,-2.3172075209346654,-2.4880103093564743,-2.6413291991609484,-2.7253672237986515,-2.8346314809778623,-2.905191387241866
HNR1.DE,-0.8421764393420833,-1.3672027246797778,-1.746016522699213,-2.0040374858275736,-2.2292627765929547,-2.419543181698172,-2.5177589498334316,-2.6358934224791835,-2.7706527344375185,-2.851510541284357
HUBS,-0.5337934885841007,-0.8747167474902386,-1.1926592963511176,-1.4315722051089343,-1.6772969982780015,-1.8951415264474543,-2.146041242757469,-2.3431476715411566,-2.51097975752003,-2.63159207322973
012450.KS,-0.466100016552215,-0.8670468157853601,-1.2139030506640691,-1.53851092554668,-1.793592535825648,-2.0232203887249582,-2.2287542828636555,-2.4091400657589146,-2.521513569542368,-2.7081929616300022
108860.KQ,-0.4057995337418007,-0.745305484112434,-1.0714241930030746,-1.3719354829475978,-1.648669370055934,-1.8572533343425612,-2.0333747156160897,-2.252389856626179,-2.415996090900038,-2.52279508971826
9987.HK,-0.5226368468504475,-1.0384088424549343,-1.4773921389499867,-1.8083493398594617,-2.105175045668423,-2.2485698362911406,-2.4623320378493294,-2.6663179989051073,-2.7404790485463226,-2.7404790485463226
GPN,-0.750405510852276,-1.2572443178446573,-1.66992252763793,-1.9792673010547541,-2.187973242418032,-2.362367134051268,-2.473489933749362,-2.5914521253156835,-2.8008281997842457,-2.949224182005495
4307.T,-0.6623108562072321,-1.1961030189188986,-1.599795347392723,-1.9202843216426377,-2.1072092159278686,-2.351066144886016,-2.5312544761420153,-2.695899243977437,-2.80611965308078,-3.0028953544454757
TRI,-0.9394429428580571,-1.5389391049301233,-2.01866291283145,-2.3034228963669188,-2.470424595908494,-2.7260228313137493,-2.9314516162973026,-3.0405233972059627,-3.086645060596779,-3.2871286724165336
SAABBS.XC,-0.8982210849714025,-1.3939452568955817,-1.7707153640166402,-2.043995547722122,-2.233196099835821,-2.340218431493227,-2.4705452468912097,-2.588616581695975,-2.759909399463357,-2.9315563915457212
1155.KL,-1.1965257462246972,-1.7192000097229987,-2.118064367531282,-2.461064465095908,-2.63914556510125,-2.9598044360474915,-3.1671947709493873,-3.3128505436177123,-3.424616079155089,-3.424616079155089
SW,-1.1906231978687358,-1.4129170721573523,-1.5776969319653456,-1.7654942063462886,-1.8991544050195888,-2.0145572098728395,-2.159504407911453,-2.2426296463721203,-2.353907081436299,-2.4678398274419027
LNT,-0.9642639789435439,-1.6087924973466357,-2.016597112984096,-2.3584500386378116,-2.6054369881979067,-2.8139479831547503,-2.961789141910216,-3.029837028801329,-3.233360977747898,-3.6102880350485664
NTPCGREEN.BO,-0.6045853465832371,-1.1569991019090793,-1.5105266640117145,-2.017567124544211,-2.092837798505779,-2.4435028541457156,-2.7840911613276327,-2.7840911613276327,-2.7840911613276327,-2.7840911613276327
160550.KQ,-0.4195615645784308,-0.7323926103994365,-1.0499356757255183,-1.3278134769248697,-1.5839392375511276,-1.7775870750733929,-2.031785648469595,-2.2389797664643916,-2.4751362647805086,-2.56361423847745
VAL,-0.4330731381291108,-0.8222894301626332,-1.1697185837719375,-1.470163503850526,-1.7116753065097292,-1.964726809163915,-2.1610621729731228,-2.4666006522977053,-2.705502214584983,-2.928131335799804
GDDY,-0.7235738171820326,-1.2457387829985254,-1.6144486096233113,-1.855236554385171,-2.156532246609874,-2.313507508804643,-2.403023047321943,-2.6170559742456003,-2.752579081008363,-2.845470276266034
6988.HK,-0.2753965647633111,-0.6073339025072053,-0.8837448252421687,-1.1498806049487766,-1.329194576952668,-1.5090964710321046,-1.7058775092570189,-1.7858023004554133,-1.879093992913477,-1.9649428765262673
FEMSAUBD.MX,-0.8183532612762192,-1.4120791932463925,-1.854584010165956,-2.1904242505789915,-2.4912031407579853,-2.608512661515829,-2.797305600664879,-2.9645538780188243,-3.118339297413599,-3.235925880850907
RBA,-0.8246985703942303,-1.388920218109195,-1.7922066965933672,-2.085667890622077,-2.254532061700739,-2.4796305340295475,-2.6170298751918515,-2.794402495947033,-2.8346314809778623,-2.9323172371449133
DSY,-0.5783872782718614,-0.7282052776397339,-0.8473809094115284,-0.9479330491047878,-1.0951328359455041,-1.2198543143539653,-1.2938696316378495,-1.384452839313711,-1.4485865372399656,-1.5087319693881842
TEF,-0.6966736787413027,-1.2259508842034712,-1.652238175272092,-1.9664816191061734,-2.269381363370994,-2.5234011779966083,-2.680985395375806,-2.8346314809778623,-2.994082558905509,-3.233360977747898
WALMEX.MX,-0.7506080364072055,-1.3737080890737319,-1.8694924513955355,-2.204199508023964,-2.5425677503273043,-2.756299604733367,-2.994269131783986,-3.2817536652905215,-3.394413387520354,-3.394413387520354
600519.SS,-0.7283674922697735,-1.2688242526452083,-1.6985296585770289,-2.0673741111914676,-2.416286161766801,-2.66612740188438,-2.828918522430244,-3.0035051016804966,-3.1437363155270095,-3.4027050448014258
PNR,-0.7193300171984707,-1.2591314069708583,-1.6344886238740322,-1.9909144888764019,-2.2354755556681742,-2.4633754018317098,-2.6170298751918515,-2.7099735383976475,-2.8139479831547503,-2.8800482509373944
0P0001PIQ7,-1.1761501424447347,-2.0585758968045824,-2.8302501162071643,-3.045157951933798,-3.045157951933798,-3.045157951933798,-3.145157951933798,-3.145157951933798,-3.145157951933798,-3.145157951933798
LOGN,-1.443241548094638,-1.6462639131783499,-1.848459751253215,-2.013677234175551,-2.1704337529603746,-2.2953013781886913,-2.397302394269086,-2.4880103093564743,-2.5521838702359307,-2.6170298751918515
9992.HK,-0.31598633209804605,-0.6234158694733763,-0.9356830641607148,-1.1711315752568996,-1.440385180292438,-1.669551911416729,-1.9470412401710158,-2.0348302626261248,-2.141842984494239,-2.2546614143106103
CHTR,-0.7680526960052376,-1.3227128236741839,-1.7306188838425336,-2.093648262872688,-2.3781456767752,-2.514166927794399,-2.63348308912748,-2.6987530525104595,-2.9218142585859925,-3.0250759258606705
1801.HK,-0.36762626525242703,-0.6727068845299708,-0.960637048097955,-1.2480352716324967,-1.477820677360871,-1.715968540905486,-1.951308082628366,-2.119910361316874,-2.242279548982088,-2.4675152609284083
INCY,-0.4335329703990509,-0.802812895907705,-1.1156629218248972,-1.3661505124736062,-1.5949639675335576,-1.7660833721166094,-1.9306608791980429,-2.0562187952197424,-2.1868897485630843,-2.346254695115646
2412.TW,-1.3480931618219383,-1.9235683981488778,-2.2085730340554113,-2.408857145263801,-2.546473700592521,-2.6520157812796747,-2.74338291570401,-2.7797025794472505,-2.7993336562049405,-2.9182018883989773
300750.SZ,-0.45130309131589325,-0.9159883133599015,-1.3246534971842958,-1.627918187799251,-1.8654001197563317,-2.0851330971492152,-2.354881560078125,-2.5824814230079456,-2.779182414572862,-2.941169578372033
SGSNZ.XC,-1.1768849505448302,-1.7811710438135144,-2.1944474487911414,-2.507566318167414,-2.7569035064572938,-2.97629103267702,-3.488211610640812,-3.588211610640812,-3.588211610640812,-3.588211610640812
NN,-0.49381890771717646,-0.7549652157336593,-0.9866296899875632,-1.1813314276306974,-1.3161418234454656,-1.5732907790894706,-1.7407519804957186,-1.891206666773688,-2.037154705340445,-2.2007128176635664
402340.KS,-0.4817268495847302,-0.8596173642419116,-1.2159604197073186,-1.4908533552466605,-1.6849407678719148,-1.9431337511050712,-2.053748910631828,-2.2571292444862308,-2.5121443279304674,-2.747781385444999
SABR,-0.4996557613888185,-0.8899095953479967,-1.2156752427104751,-1.4392316896662039,-1.6104460726985543,-1.7864664231670329,-1.924201175795325,-2.053048110618956,-2.1716621625887655,-2.27194250787721
2502.HK,-0.3923777595995075,-0.7759965819875558,-0.9918204079009832,-1.2792665350914394,-1.4887766813676553,-1.823200083980691,-1.9414077802714629,-2.0124102696140933,-2.0520928203327244,-2.1428080575092174
TTD,-0.4385997689032095,-0.7510275248482116,-1.0437224888834153,-1.2995887336148726,-1.5129028842220393,-1.709053375116017,-1.8561117313434818,-2.0167603217678653,-2.193244670493189,-2.315705246363317
2303.TW,-0.6096631918579503,-1.1146059837666464,-1.505479777332923,-1.8232697317892297,-2.113072130963949,-2.3191648349215717,-2.853480048050543,-3.1127894446433713,-3.1127894446433713,-3.230550390334471
BAP,-0.7735264379215844,-1.3044555681249543,-1.7307351892655696,-2.065837140058441,-2.2847486017027,-2.4880103093564743,-2.654088942641608,-2.8346314809778623,-2.9323172371449133,-3.029837028801329
LGEN.L,-0.7240681869795145,-1.2153387205691344,-1.547307723827477,-1.8210399405885742,-2.0548736950296305,-2.2689746079153887,-2.4225380565919576,-2.500824670622154,-2.60954835679287,-2.7293293715644515
GPC,-0.9009022177385633,-1.511736106677618,-1.993703818263053,-2.3774277410396354,-2.562266673910372,-2.794402495947033,-2.994082558905509,-3.029837028801329,-3.0699424590340376,-3.169068054888483
HOLX,-0.665732817529526,-1.1498851918306885,-1.4846531655847548,-1.7463722339753438,-1.9482588049604173,-2.135420022383252,-2.2795661887764522,-2.38394845534244,-2.5832502800030572,-2.7099735383976475
ESSITY-B.ST,-0.9311199287452633,-1.651431314053766,-2.083270028868226,-2.4350277711213657,-2.676240335007613,-2.7712593825032767,-2.9007538557445023,-3.3106891118323456,-3.4106891118323457,-3.4106891118323457
MKC,-0.9902179629478787,-1.6374112042874753,-2.065837140058441,-2.4041430237710606,-2.6170298751918515,-2.794402495947033,-2.994082558905509,-2.994082558905509,-3.0699424590340376,-3.169068054888483
SMCI,-0.4895618558712551,-0.8654671085220893,-1.172364801514916,-1.4640144430058557,-1.6595086224135154,-1.8236441419111615,-1.9564425142374435,-2.101630214364144,-2.222261747249682,-2.3201146717444296
086790.KS,-0.5633130147838946,-1.0487749061549154,-1.461046104158348,-1.7980080492698771,-2.090077052595117,-2.303171829871653,-2.4242106988755623,-2.560231325406847,-2.62296292083184,-2.732993839079928
2882.TW,-0.7579277969254018,-1.3134399326236188,-1.6550465393210803,-1.9784634505383216,-2.2133636174311584,-2.3803266512180703,-2.9021116837782417,-3.026865052867319,-3.1127894446433713,-3.4236943438411376
SUI,-0.8580126895545747,-1.4186977481986436,-1.8317899638103563,-2.0958990678310654,-2.322861892455491,-2.411098038393774,-2.594184027828096,-2.7099735383976475,-2.9323172371449133,-3.0699424590340376
7832.TWO,-0.4251439958532765,-0.9042673435995684,-1.3317972275136802,-1.6567947658159812,-1.8736722734653857,-1.9705053031703335,-2.250925696502799,-2.506447346480891,-2.506447346480891,-2.6064473464808913
PKG,-0.7443274084637062,-1.3002111798821034,-1.6961180928771926,-1.9925393209655318,-2.278515105776392,-2.478647382557568,-2.6280479913317305,-2.740529446494177,-2.8791790842957683,-2.9609402570105874
EQNR,-0.6238464195779919,-1.1114743483182152,-1.5029262280361637,-1.820405057357051,-2.147464520328389,-2.3760650053777215,-2.5124493759535813,-2.6615985253770167,-2.7953281955062903,-2.8870658130703215
6273.T,-0.5494379191741864,-1.0460805923866152,-1.467843866213951,-1.8269708304377474,-2.097631042496282,-2.3468771882693362,-2.5776643729714386,-2.7788698763400363,-2.9794296900453126,-3.101529537043595
IT,-0.7010780301352646,-1.1972015226976374,-1.5300144514738012,-1.8277010305409345,-2.0344878582398773,-2.259426639852963,-2.4181716767148407,-2.5234011779966083,-2.741435159375291,-2.8346314809778623
IFF,-0.859675606470847,-1.4346063764862576,-1.9112546714295002,-2.1996321818220173,-2.3646817036900085,-2.5053135990191526,-2.6413291991609484,-2.8139479831547503,-2.9323172371449133,-2.961789141910216
APTV,-0.6784841206126089,-1.1391325156851524,-1.5524132282338492,-1.8705430061444965,-2.096291525736402,-2.342502033870105,-2.5007127532120803,-2.633511225259503,-2.681744208339105,-2.8403049733355994
INVH,-0.8550803078384862,-1.5131527764178687,-2.0254720885865063,-2.2281613238089104,-2.4980218595560175,-2.690407328983358,-2.7850247369318675,-3.1239972371259905,-3.1239972371259905,-3.1239972371259905
DOW,-0.5932453168856845,-1.093520798872095,-1.5374036494115035,-1.8491196404623864,-2.106633219774948,-2.229566806048589,-2.3998219938643004,-2.4868462695686318,-2.5981347884506194,-2.6954256252952886
KKPNY,-0.6705247700363769,-1.1878353038697755,-1.5642664466261818,-1.848459751253215,-2.0690861544162478,-2.259426639852963,-2.390572138325214,-2.4880103093564743,-2.69519642312547,-2.7758695696819626
TATE.L,-0.8269234567430083,-1.428254930770426,-1.8331010224396727,-2.107712006415393,-2.3567717810648015,-2.518486562136135,-2.6581385346835322,-2.7293293715644515,-2.838466230958622,-2.908947869045648
SBIN.NS,-0.623175568197703,-1.118863446688882,-1.5169059081334197,-1.8477036831583458,-2.140398069233171,-2.3378782229078663,-2.5810265583002163,-2.7561367778130723,-2.9598044360474915,-3.113790427914554
CLNX.VI,-0.7320616200229197,-1.3114769449586148,-1.762427408260986,-2.090295788578998,-2.37957338629453,-2.5558722347782097,-2.8900578655208764,-2.8900578655208764,-3.3011402644770493,-3.3011402644770493
6178.T,-0.9259133402558579,-1.5973862267299272,-1.9439937268345013,-2.1980700871851533,-2.56293186420373,-2.7272106162674787,-2.9484601821152734,-2.9484601821152734,-3.036274799920429,-3.156489495720881
AGI,-0.41694574505767207,-0.7503973478881091,-1.0666829983551023,-1.3498355970772178,-1.5776050065871874,-1.7976656117855672,-1.989609751683492,-2.128327278523445,-2.3073041890294275,-2.4656991290065857
Q,-0.3911962581894717,-0.6406668899191048,-1.0271542729149996,-1.1243382315686388,-1.3597373839386055,-1.5123895860676801,-2.119086200583147,-2.119086200583147,-2.119086200583147,-2.119086200583147
EVRG,-0.9473163615966235,-1.5564961754647542,-1.961208396044492,-2.3061161280083855,-2.4965685244309896,-2.69519642312547,-2.758243671798118,-2.9323172371449133,-2.994082558905509,-2.994082558905509
ROL,-0.8070528589748526,-1.3574305678061869,-1.780861953781938,-2.089054030422193,-2.3402855421128654,-2.542354039142762,-2.7099735383976475,-2.794402495947033,-2.905191387241866,-2.994082558905509
6693.HK,-0.32844627758651884,-0.5763828473422552,-0.9221781782775871,-1.2062456881822774,-1.5191971786348157,-1.7001170496139728,-2.057855980595459,-2.174028827696485,-2.174028827696485,-2.3300789227879157
TTAN,-0.46940066943903463,-0.7963037382507668,-1.2455551498035644,-1.688815706864813,-2.0746087156007142,-2.1646010445559467,-2.4273607186066375,-2.6691405213880457,-2.769140521388046,-2.769140521388046
SCMN.SW,-1.1475023449424075,-1.7870575179844128,-2.1244651405940767,-2.4007578927793882,-2.69833912243316,-2.859598134363844,-3.118473258775813,-3.4289286566635737,-3.4289286566635737,-3.4289286566635737
ESS,-0.859675606470847,-1.4229049008808727,-1.8256679706075085,-2.1584665855253675,-2.3172075209346654,-2.4965685244309896,-2.594184027828096,-2.741435159375291,-2.8566037537823714,-3.115691259587702
KEY,-0.6533445473402498,-1.1432281555403754,-1.4541891670351872,-1.6941969533702632,-1.9431692013599902,-2.1279837495171936,-2.3061161280083855,-2.411098038393774,-2.5053135990191526,-2.5521838702359307
TRU,-0.7284072549166524,-1.226648721763889,-1.6386558275282013,-1.9544969161438768,-2.266323316235363,-2.448096964873885,-2.556207137077357,-2.6711769486565555,-2.74522929554908,-2.788761257704516
6201.TW,-1.202046417070622,-1.7011526349957506,-2.0337508535398916,-2.3013834320970794,-2.391259318453309,-2.5405890648196006,-2.7631811704716207,-2.925913961560186,-2.9623654026430115,-3.1696119847089106
SNA,-0.8214712626184797,-1.4051950114931004,-1.7979666627259248,-2.117045310895952,-2.3584500386378116,-2.5142545746632035,-2.628985525095589,-2.794402495947033,-3.029837028801329,-3.169068054888483
8830.T,-0.5604545399249594,-1.0192770155969177,-1.404408753541895,-1.712111321995365,-1.9687364427673966,-2.237374698726854,-2.477057029488441,-2.6388845698073062,-2.792069225181797,-2.9300764502190235
BHE,-0.6102849893098351,-1.0522054346672953,-1.394980006478787,-1.699047192267761,-1.9018154188317928,-2.0823054974290214,-2.2401638513710274,-2.352308636669281,-2.5142545746632035,-2.628985525095589
J,-0.7114081988897828,-1.240713163801774,-1.613001644633655,-1.8971586371033033,-2.0993587478560025,-2.2953013781886913,-2.4477462211583094,-2.5521838702359307,-2.680985395375806,-2.758243671798118
KEGS,-0.870465882477539,-0.8934308969380718,-0.9132373096199151,-0.9371170499376239,-0.951139988643357,-0.9778296455559333,-0.9963443221839193,-1.0202312078080744,-1.043682230596551,-1.0956621467367669
TPL,-0.7025491703903157,-1.154351677633468,-1.492780230096219,-1.7697418888982013,-2.002166192606358,-2.1664101463657346,-2.352308636669281,-2.4880103093564743,-2.628985525095589,-2.7099735383976475
005490.KS,-0.5806140290218618,-1.059525782739149,-1.4807099295887334,-1.8376556621714772,-2.137032774969783,-2.4307489532389903,-2.6791889385317185,-2.7741241337090283,-2.878355795615548,-3.0282156601502876
MAA,-0.8957374077197859,-1.4281995173398365,-1.8176102805195051,-2.117045310895952,-2.3172075209346654,-2.4477462211583094,-2.5832502800030572,-2.7253672237986515,-2.8346314809778623,-2.8800482509373944
2884.T,-0.4239295925746994,-0.8383838059512612,-1.1977275448817561,-1.49032571641833,-1.7410023402004466,-1.8851770324320491,-2.0493383314648854,-2.1965471355717883,-2.2856075561835825,-2.435980499332892
DD,-0.6724458643828689,-1.1724524657463657,-1.6046116614265074,-1.9112546714295002,-2.1391828885120803,-2.322861892455491,-2.4401505072139695,-2.5726168960788374,-2.7099735383976475,-2.8800482509373944
TSN,-0.7353108926262285,-1.244030600292,-1.6344886238740322,-1.9306608791980429,-2.1098913351633066,-2.3006751181912235,-2.411098038393774,-2.6054369881979067,-2.69519642312547,-2.8139479831547503
9735.T,-0.7754435088942535,-1.3621955887992199,-1.8203880012140954,-2.147778425841973,-2.4300797188940946,-2.6785705547680516,-2.81162825123693,-2.902932957925707,-3.067787330537571,-3.231299859623814
6326.T,-0.5863960987307454,-1.07609360055102,-1.497284823796296,-1.8285459738080825,-2.086110920601155,-2.3201508715107084,-2.511709714255781,-2.692792093318821,-2.9300764502190235,-3.02765758217813
FMC,-0.6869342255740439,-1.2114510413710755,-1.601839943136806,-1.9457077029584426,-2.1664101463657346,-2.322861892455491,-2.4796305340295475,-2.5726168960788374,-2.6672960131867987,-2.758243671798118
288620.KQ,-0.3856252011507303,-0.7833721972560032,-1.1114709477789995,-1.4156265424882553,-1.6762999320066139,-1.8905028114901286,-2.0830567650806233,-2.2440264469285007,-2.388223930979973,-2.500113568613466
9868.HK,-0.19420611780608402,-0.473481684159622,-0.694579535855151,-0.9601961150517926,-1.1726354451917056,-1.4255942144336335,-1.6736322385177087,-1.8194645943105527,-1.9538019999472422,-2.235839006254799
PBKX,-1.2429864345513328,-1.5025777023187201,-1.9429423736179594,-1.9931705517089933,-2.2714229355167537,-2.7599880932582797,-2.7599880932582797,-2.7599880932582797,-2.7599880932582797,-2.7599880932582797
GC=F,-1.1475261430734898,-1.8209646391554066,-2.2950129659269565,-2.675980314751305,-2.9895198077103773,-3.3104719796002744,-3.4223054416989362,-3.606409899399753,-3.606409899399753,-3.706409899399753
1802.TW,-0.626533225482422,-1.1124471398176972,-1.4669346907709186,-1.7542817613343138,-1.9703079417732956,-2.166535760424742,-2.4679024899410846,-2.5588491383418885,-2.6256390080729495,-3.026865052867319
FNF,-0.773322797986285,-1.3002645183504193,-1.6453305086082626,-1.9309384961167007,-2.161218486164362,-2.3179449936240157,-2.4736874058111553,-2.71207568854439,-2.732109684164772,-2.7758127379385757
DSFIR.AS,-0.70667448980832,-1.418415941311427,-1.919561628424778,-2.445856084591504,-2.7599880932582797,-2.979183815272048,-3.079183815272048,-3.079183815272048,-3.079183815272048,-3.079183815272048
ACA,-0.585222347618611,-1.0921897156961755,-1.5268128153525655,-1.8114070576252952,-2.141198120972024,-2.3259307190421765,-2.505269344981869,-2.5754448581238076,-2.6611930751414516,-2.7126834738213845
SHBAJRG.BO,-0.44526745770448717,-0.7810338115227089,-1.2883376328280003,-1.6315856728795881,-1.8574925740706831,-2.2617085680475464,-2.7560948206570477,-2.7560948206570477,-2.7560948206570477,-2.7560948206570477
ALLE,-0.8576674554992345,-1.4432497440588197,-1.854635508017786,-2.2526977134614716,-2.430167088814352,-2.718307636714871,-2.8342612956803572,-2.940121102563855,-3.09494349683406,-3.2132683865787053
ACS.JO,-1.260226438614422,-1.32864341749239,-1.384942172461168,-1.4614946514287772,-1.5073896550133645,-1.547721620809427,-1.623373137260728,-1.7293252791206093,-1.775127246704957,-1.849235843088214
TNBI,-1.3961072007909519,-1.4237496676918946,-1.4504295363977713,-1.480366330945209,-1.4958456678116148,-1.5139869296574329,-1.5445754855632547,-1.5920642785715626,-1.6185721163041855,-1.6434418603182757
WY,-0.6676477583148062,-1.2186689353344755,-1.6115954215690123,-1.9457077029584426,-2.212742108953147,-2.425368421939968,-2.5832502800030572,-2.7099735383976475,-2.8139479831547503,-2.994082558905509
COO,-0.7611768216714205,-1.334668055995098,-1.7570390786334125,-2.046786997218423,-2.2216980834854643,-2.397302394269086,-2.542354039142762,-2.6413291991609484,-2.794402495947033,-2.8346314809778623
EQH,-0.6428963420021683,-1.1138382245177079,-1.5179291595942783,-1.7621514970204653,-1.987868614618036,-2.1959470490017186,-2.3943616428577537,-2.638610285505558,-2.6835696966665465,-2.7347115390308794
STMPA.PA,-0.5243084206742306,-0.9900981229580018,-1.3568405107709471,-1.6453195100040339,-1.9336675295175743,-2.2417739660343643,-2.463238948457438,-2.567395807146929,-2.710198087648331,-2.8199526270426327
CHKP,-0.7368187087255489,-1.1979867909912587,-1.498646209392842,-1.7273171528223668,-1.9356279101963152,-2.113454802454823,-2.2449019095076244,-2.3584500386378116,-2.4554858393650236,-2.5327638923707947
3193.T,-0.5708617141863656,-1.0564392142843173,-1.4496632148667983,-1.7805184250153385,-2.1122417014842045,-2.267719582894605,-2.4189775130897,-2.604642055672204,-2.859373822837602,-3.0725488067158486
LISN.SW,-0.9675226260934927,-1.630410841950146,-2.1137079254383067,-2.4511447717820727,-2.69833912243316,-2.9081436568242083,-3.171809784006414,-3.4289286566635737,-3.4289286566635737,-3.6127349225624044
9503.T,-0.7780538350000724,-1.303991152837203,-1.730800408247329,-2.0165150210713305,-2.3316981874286897,-2.591703082088823,-2.7229849282867558,-2.832325916888525,-2.9300764502190235,-3.067787330537571
BURL,-0.6068066603776915,-1.089611186957226,-1.5020907347744792,-1.8196729285367677,-2.0786436742268086,-2.289147973652896,-2.4842408170400123,-2.608727483581,-2.7565057244085853,-2.8377005391246364
TRN,-0.5414995209962864,-1.0053527514269884,-1.3545467388879338,-1.672073325245837,-1.9257410285043162,-2.162421309946964,-2.3402855421128654,-2.471421344323008,-2.6413291991609484,-2.741435159375291
7013.T,-0.5013242445607728,-0.9275018137276889,-1.2976922751618853,-1.6165447487868394,-1.889374604666225,-2.1439183059223286,-2.362008674711904,-2.549669716346944,-2.6648709662659913,-2.8543130637750833
1156.HK,-0.6868245321288061,-0.998131466726664,-1.1471948120655953,-1.3095900020517621,-1.5049302605920636,-1.653932324650805,-1.8126327970504448,-1.9552156612514782,-2.1735389586104823,-2.3112718501765044
BBY,-0.5553112932782559,-1.0187871615913113,-1.383909075181181,-1.697426006475477,-1.8856933469762802,-2.113454802454823,-2.2744442853386224,-2.397302394269086,-2.4965685244309896,-2.5832502800030572
7936.T,-0.5550587385430856,-0.9769907727577154,-1.3907974379234553,-1.7311393067212681,-1.9380007181442633,-2.135391763063901,-2.366258867122258,-2.5255595615983504,-2.6649076576145023,-2.7985058223902994
196170.KQ,-0.3023810176246351,-0.6406175140326338,-0.9392518063555798,-1.2445855549561056,-1.5233335530490828,-1.8017374953435383,-1.9398450487832202,-2.147741239113525,-2.3418545359438703,-2.456695708170177
WRT1V.HE,-0.6923559349124251,-1.1926792867583784,-1.5689954784990883,-1.8611870249609725,-2.10318988229561,-2.309679161274529,-2.474793762113199,-2.5655421827561993,-2.7131020919132887,-2.778936463066188
1023.KL,-0.9062874123193305,-1.4268977892983699,-1.828892391034835,-2.171943360510312,-2.437821935970046,-2.6651298695796526,-2.854557614592297,-2.9921160239835505,-3.068017401514884,-3.113790427914554
FBK,-0.6477861297275539,-1.2106556739810062,-1.5699000921629587,-1.8876322126199951,-2.127357254184255,-2.3007792908332463,-2.538586233146689,-2.664709759764423,-2.926802979495999,-2.926802979495999
6669.HK,-0.3440068674131747,-0.6642316552118422,-0.961206004026445,-1.2502316089054346,-1.533171335827278,-1.7705502931652246,-1.955981871294543,-2.2523673788256127,-2.39056589878964,-2.4335088220376426
PINS,-0.42746709644300057,-0.7600706808609673,-1.0777646697874195,-1.3772142218574077,-1.6408412755091228,-1.7820989557248657,-1.94152571613064,-2.038315540387452,-2.144055129604619,-2.242779577986982
7733.T,-0.6071578688695438,-1.074716798819567,-1.494920064976903,-1.7813127800504263,-2.0564286202813333,-2.266620283531802,-2.381292600535688,-2.511709714255781,-2.6388845698073062,-2.7075800479093495
RPRX,-0.7474262371725894,-1.3296179242671253,-1.791764287378516,-2.098420615556931,-2.4861739822460156,-2.627229656980783,-2.9813890022450056,-3.2875734310256446,-3.2875734310256446,-3.2875734310256446
2345.TW,-0.527289912939205,-0.9138946582846105,-1.2120777355548817,-1.5176130736609272,-1.724413597276463,-1.8723492508870725,-2.569210560748155,-2.69191771416088,-2.791220711190076,-3.4236943438411376
JBHT,-0.660956103604664,-1.1778047723810798,-1.5747760300762277,-1.913641301370329,-2.1391828885120803,-2.425368421939968,-2.5327638923707947,-2.7253672237986515,-2.8800482509373944,-3.029837028801329
TXT,-0.6571455664293453,-1.1901670756380656,-1.557784699438719,-1.8359097548658103,-2.0594037769794107,-2.1996321818220173,-2.352308636669281,-2.4477462211583094,-2.5142545746632035,-2.6170298751918515
MTN,-0.673888315146385,-1.1648640747699508,-1.5564961754647542,-1.8400609439934088,-2.0594037769794107,-2.2847486017027,-2.471421344323008,-2.628985525095589,-2.794402495947033,-2.8800482509373944
PKN.WA,-0.5993177991902974,-1.0941652853549424,-1.5341965237264366,-1.9001938561539284,-2.2536393327243998,-2.513324281633493,-2.7656487587982124,-2.9393530516918647,-3.175653939035569,-3.3209876492994774
601888.SS,-0.5195171561790808,-0.9662374052924808,-1.3820293162155273,-1.6990092958401108,-1.9408951434880872,-2.1576300039784857,-2.311470118991022,-2.426992697540313,-2.5884025410507783,-2.771355780403486
SCHP,-2.3861055359898558,-3.013799867265897,-3.5723122093649415,-3.5723122093649415,-3.5723122093649415,-3.5723122093649415,-3.5723122093649415,-3.5723122093649415,-3.5723122093649415,-3.5723122093649415
BALL,-0.8097102176621397,-1.4010914574654767,-1.8400609439934088,-2.1545453337908858,-2.4554858393650236,-2.654088942641608,-2.8346314809778623,-2.961789141910216,-3.233360977747898,-3.426366522732482
KEP,-0.6065947337383825,-1.125719074892546,-1.5387221120755616,-1.8766963833712498,-2.1316871512579874,-2.328591520473661,-2.4965685244309896,-2.6672960131867987,-2.794402495947033,-2.8800482509373944
UCLQF,-2.831734334218075,-2.831734334218075,-2.831734334218075,-2.831734334218075,-2.831734334218075,-2.880674359111062,-2.880674359111062,-3.006182388363962,-3.2109973984715023,-3.2109973984715023
SGE.L,-0.7479041382945422,-1.2443860629664174,-1.5954688326992472,-1.8454348158699028,-2.039479087076869,-2.259146358482868,-2.500824670622154,-2.7621666639549405,-2.908947869045648,-3.073527382020066
TATASTEEL.NS,-0.546710706746669,-0.9772219390157452,-1.3320199749947688,-1.6357439767145163,-1.885131869186906,-2.1217137606483814,-2.2569518753672684,-2.469116459239023,-2.5810265583002163,-2.678828367758589
IMO,-0.6869342255740439,-1.2098556131853313,-1.6447794919298773,-1.988140564040896,-2.2216980834854643,-2.390572138325214,-2.5521838702359307,-2.7758695696819626,-2.8139479831547503,-2.905191387241866
WPC,-0.8945929146456886,-1.5021906972690018,-1.9232984805079496,-2.264375953059876,-2.4477462211583094,-2.628985525095589,-2.8139479831547503,-3.029837028801329,-3.0699424590340376,-3.115691259587702
2020.OL,-0.5162911081192139,-0.9881160358081404,-1.373705368608315,-1.647240611053023,-1.8884314021919453,-2.1011644188440965,-2.33284999476486,-2.4386554966161094,-2.5818225698671045,-2.7400755587699135
3017.TW,-0.5061649707210336,-0.9306740087415741,-1.2986515723391228,-1.5456008046344567,-1.7376223308637473,-1.9145813756382393,-2.434121969983757,-2.539245543344093,-2.6676858744557665,-3.279073286080282
MAS,-0.6542939153965197,-1.1380852768768153,-1.5238650019865514,-1.8196136462581856,-2.0823054974290214,-2.2847486017027,-2.4181716767148407,-2.5832502800030572,-2.654088942641608,-2.7758695696819626
2885.HK,-0.4446679048374405,-0.8647573009084295,-1.2070698424147885,-1.4462576253292183,-1.6434418603182757,-1.8676736031344934,-2.1363234199054233,-2.329642141576304,-2.645241416098802,-2.7571419207939902
DSCT.TA,-0.7478069327587727,-1.3292957116434023,-1.757408933849221,-2.0706062039303728,-2.376374323960891,-2.6425829404692305,-2.8201947285044455,-2.8692998851506593,-3.0357068265768494,-3.1357607400719565
BBRI.JK,-0.6310217675174772,-1.073600790345816,-1.447020502862393,-1.7813303499865991,-2.0830499819404835,-2.30476964840474,-2.489821702412192,-2.6998005900196174,-2.906785577982767,-3.26478027026508
3864.T,-0.5374005101900297,-1.1210601441231978,-1.5941121819503674,-1.9296223001800517,-2.1858192911016125,-2.427215497057133,-2.536045669862019,-2.651731984747393,-2.651731984747393,-2.794052346919734
CEMEXCPO.MX,-0.582139277540067,-1.0666114733348495,-1.4490723853407865,-1.755844970694386,-2.05992322974862,-2.229729842564776,-2.4286271921760827,-2.5972705807926664,-2.744384782298359,-2.8375001619560196
AVY,-0.787039741479026,-1.3700595993556952,-1.778993287167298,-2.078966482608293,-2.322861892455491,-2.4796305340295475,-2.6170298751918515,-2.7253672237986515,-2.8346314809778623,-2.9323172371449133
SBSP3.SA,-0.5625403883610064,-1.0158617913357497,-1.4348675005664355,-1.7617411956619493,-2.0524221186263505,-2.294720986288201,-2.53222733663103,-2.6667816603816394,-2.7939075987420505,-2.9936155836728706
OMC,-0.7818254299923016,-1.3564680378044396,-1.7960400479333454,-2.092464294014752,-2.2953013781886913,-2.4633754018317098,-2.5726168960788374,-2.8139479831547503,-2.9323172371449133,-3.169068054888483
BAER,-0.6288296586489327,-0.8008188676185128,-1.0075033554559365,-1.1942884726405407,-1.3691437118482874,-1.5430379153775549,-1.6886511249516856,-1.7926491279790535,-1.907688141835326,-2.022220987989432
1928.HK,-0.4743634726962223,-0.93480934226333,-1.3330796346958749,-1.6967689142466085,-1.9873211781084017,-2.2786619351649993,-2.480817622451139,-2.773495985765067,-2.804364130929365,-2.8755475027205404
7270.T,-0.5891495799661565,-1.0556513277917696,-1.4762959960589097,-1.7985573782733373,-2.1105375958332773,-2.337590470356898,-2.5027613986441968,-2.6648709662659913,-2.773523324241805,-2.877773234504277
9531.T,-0.8081969683241343,-1.4405115110992304,-1.9400620420868304,-2.2925647707836463,-2.5597605672688206,-2.773523324241805,-2.959567232064889,-3.1135632538678264,-3.166970890995784,-3.6084166359288314
LISPN.MX,-2.707056833425343,-2.707056833425343,-2.707056833425343,-2.707056833425343,-2.707056833425343,-2.707056833425343,-2.707056833425343,-2.707056833425343,-2.707056833425343,-2.707056833425343
EVN,-1.311670180934333,-1.9508226498492451,-2.352308636669281,-2.4880103093564743,-2.741435159375291,-2.8800482509373944,-2.994082558905509,-3.0699424590340376,-3.3146523927384957,-3.3146523927384957
FMONC.PA,-1.3772846141389536,-1.5925376688206818,-1.7555306829681534,-1.890518303983986,-2.0596558444485225,-2.1871305214974623,-2.3346274429932126,-2.41132105858742,-2.6542952809881486,-3.0300217283455417
2020.SR,-0.9730901993326068,-1.5583826276700774,-1.9444229661401882,-2.32747158812203,-2.513201208251763,-2.6530810428773046,-2.9209613270500356,-3.0242477352639914,-3.175552716373061,-3.2913694031857976
GEN,-0.6772595015937272,-1.1656198953325552,-1.5105353885333281,-1.7697418888982013,-1.9559891506883051,-2.1468007811965357,-2.322861892455491,-2.4880103093564743,-2.6054369881979067,-2.654088942641608
AXIA3.SA,-0.44862959362022964,-0.8442501480948971,-1.2299482198235119,-1.5354451150843105,-1.8149218727546992,-2.0399635202314093,-2.244311353696193,-2.41761476041241,-2.5827222619574752,-2.7577433814419945
HRC=F,-1.4815044868475977,-1.9158132069784648,-2.1182196050646436,-2.2570996894071533,-2.43796101215955,-2.44941638002164,-2.5550845328026566,-2.639275979504062,-2.8326950486405758,-2.86621152736035
FFIV,-0.5566535131198044,-0.941329230725134,-1.249032579515431,-1.496293637236296,-1.6925890292272048,-1.8359097548658103,-1.9356279101963152,-2.0993587478560025,-2.2354755556681742,-2.3710065740570783
UPM.HE,-0.671751106047627,-1.1857479296042264,-1.6023674301366795,-1.9298273124432022,-2.1701503856403566,-2.4007578927793882,-2.508649247710182,-2.7974524549954474,-3.0326861895638855,-3.2360556394184044
ITC.NS,-0.7938648294264553,-1.3548492252060211,-1.7723111130807867,-2.132834814675417,-2.3378782229078663,-2.503033886216315,-2.6519139359128476,-2.930315670545396,-2.9921160239835505,-3.1671947709493873
BOLT,-0.1800123697927051,-0.4637077514571791,-0.7668313098951857,-1.0015552534045253,-1.1990217704824029,-1.4534318232965824,-1.6738715625293368,-1.8923710650590024,-2.0314655359020786,-2.2265998952400694
QIBK.QA,-1.0259317215233867,-1.6212046466960903,-2.043633648380506,-2.3080788497882208,-2.5759157384667817,-2.721513381691735,-2.84088343786633,-2.920105842754803,-3.0903065442133295,-3.290597057789942
214.BE,-0.33528504755703104,-0.635381154445792,-0.9366845160690498,-1.0790273409456976,-1.2877249460740903,-1.4614758728798483,-1.5756438100852206,-1.69577732858126,-1.8227232061344487,-1.8990800111199566
ENX.AX,-0.8594034008300698,-0.952039999996661,-1.0321728518657582,-1.1878766611446325,-1.2979004834685077,-1.4087019981777713,-1.513462412389651,-1.6241161001472102,-1.7073441093237731,-1.826024259812508
CG,-0.6152089109966555,-1.1136603795754698,-1.4769191071294652,-1.8166769767643611,-2.0766411547431045,-2.2784326173874225,-2.429159410783399,-2.7919806058377508,-2.9770504775041804,-3.044808030572846
SNAP,-0.36438363092819753,-0.696607270073566,-0.9716330723318182,-1.2872137328173294,-1.5156299033510938,-1.724550776077125,-1.9267932539680965,-2.039459990426203,-2.1861739644916858,-2.297291257067871
2503.HK,-0.20473094627355226,-0.5972986461458916,-0.7941558233361945,-1.0281028771956828,-1.1795153740540374,-1.4326750647096442,-1.5942370239747368,-1.7384274487000857,-1.7870960163317906,-1.9317684621684106
XRO.AX,-0.6371326213539299,-1.1117957920433685,-1.4712409677868694,-1.7616704103630667,-1.9766878672442811,-2.266226809209657,-2.511579213851508,-2.5893623867044,-2.6350107625832733,-2.8622288207727977
DPZ,-0.7498121075151797,-1.2694149238284176,-1.680324727620055,-1.9862801941131978,-2.1802679980819497,-2.3628559898055514,-2.5279526321296846,-2.576085337339337,-2.678198919048138,-2.7955376173113207
RIVN,-0.21762800763989154,-0.4770854835391945,-0.7451055864592527,-0.9565641409974047,-1.1734485518116993,-1.3866654776655665,-1.5994489395726235,-1.8164759013612028,-1.9124156156087904,-2.09049197543282
RTO,-0.6859638696730878,-1.118524570102881,-1.4541891670351872,-1.7552473631849272,-2.0224889867720837,-2.212742108953147,-2.411098038393774,-2.5327638923707947,-2.758243671798118,-2.8346314809778623
CF,-0.5554929881585349,-0.9635279372972531,-1.3144525470103623,-1.645799388587951,-1.8445212457243063,-2.0324782530884185,-2.196304226323561,-2.328547672502324,-2.4983971586284346,-2.584692474243121
KIM,-0.7714600097251156,-1.2532248955832233,-1.6447794919298773,-1.9184475265606735,-2.089054030422193,-2.2171978664371497,-2.3061161280083855,-2.411098038393774,-2.5234011779966083,-2.6054369881979067
DOCU,-0.467582952021352,-0.8145519133244941,-1.092828315317935,-1.3660233275517994,-1.6277718190804031,-1.829514088254347,-2.060425871963585,-2.2125446839125544,-2.4196373640726003,-2.563665603499978
9766.T,-0.5631672368077792,-1.0284068833932491,-1.399251682932778,-1.7430157209706125,-2.02544262129869,-2.1882603001237464,-2.362008674711904,-2.520863785931593,-2.6648709662659913,-2.7390644453254165
FPH,-0.45574402877153924,-0.9282732054478062,-1.3174957847045181,-1.6216616942809547,-1.8960178691857101,-2.077900860535883,-2.229826405966797,-2.4624420254561854,-2.5717157082835076,-2.680114158638336
HEN3.DE,-0.9062839980215466,-1.518776906640203,-1.9680747016101494,-2.270532069536638,-2.538395904970857,-2.7467138099312085,-2.9102205281173226,-3.0747419930514175,-3.2379515060318975,-3.319145237864979
HNDL,-1.5792195192835745,-2.3254085391685457,-2.746960512725756,-2.966968387838907,-3.2898224279756905,-3.2898224279756905,-3.2898224279756905,-3.3898224279756906,-3.3898224279756906,-3.3898224279756906
KYGAL.XC,-0.961398425192577,-1.6404792338706742,-2.0730997068637467,-2.4199197473960004,-2.635198997655457,-2.944559011270533,-3.217382273083932,-3.4111771450365183,-3.4111771450365183,-3.4111771450365183
EG,-0.8475354387811366,-1.4519856983718773,-1.8400609439934088,-2.120663321028304,-2.328591520473661,-2.5521838702359307,-2.7099735383976475,-2.8566037537823714,-2.905191387241866,-2.994082558905509
1756.HK,-0.4040047940109955,-0.863720397553165,-1.1394944016118658,-1.4054301570954348,-1.6075761097914072,-1.750995401066551,-1.9659839350550616,-2.161636109644682,-2.326597916346982,-2.4749776775387757
LUNR,-0.4592776209798726,-0.6339519423534683,-0.7968607388267138,-0.9843333354972083,-1.1421662712199965,-1.3292896796961242,-1.4364638134058934,-1.5311782751415544,-1.732569877948012,-1.8670432292005636
MG,-0.5706902195172718,-1.0390103945319984,-1.3979246865748465,-1.7051284915176532,-1.8789610168661355,-2.0371396259149637,-2.1342905343320204,-2.241686652213128,-2.3630764892795093,-2.427938617259452
GWO.TO,-1.070461972750584,-1.6786129792552598,-2.087775339847166,-2.3405859830446665,-2.4700019593223725,-2.582960891424647,-2.743432534417222,-2.8739782028952945,-2.931084599413772,-3.2048938226001846
KSPI,-0.5244005127080408,-0.948535040826638,-1.4217389759719405,-1.7899037384712329,-2.0887004772542075,-2.4015331297280884,-2.5050069721727812,-2.645241416098802,-2.8717829006568407,-2.8717829006568407
OGN,-0.47366497769492977,-0.943625953646708,-1.3609182707956313,-1.698851967960171,-1.9614360450224841,-2.136409528059082,-2.2562499358939347,-2.382787046856519,-2.382787046856519,-2.6279123332432217
2887E.TW,-2.416050297096544,-2.570598871066293,-2.639354201533733,-2.9923039073081035,-3.41302268620595,-3.41302268620595,-3.41302268620595,-3.41302268620595,-3.41302268620595,-3.41302268620595
226950.KQ,-0.2513663373892692,-0.5476596216641403,-0.8199455828803347,-1.1028485348258066,-1.3530098372753159,-1.549016298698608,-1.7391292627962058,-1.9667918109332656,-2.2390854716311748,-2.3536642514327455
CPU2.F,-0.5275245626186987,-0.7088067998874085,-0.9051415299741052,-1.0835486517218118,-1.2441458611369431,-1.3857852712176784,-1.5688980716568532,-1.754829279654151,-1.967368094311327,-2.126472057599312
1216.HK,-0.7493802299309701,-1.1623964037258727,-1.4098715762536962,-1.6222149664953094,-1.8298300998316779,-2.049992025167534,-2.256698668090017,-2.423370788828836,-2.5895278782692173,-2.665446726584221
111380.KS,-0.4703117614444229,-0.926693673696733,-1.297228639969718,-1.6980720533929912,-1.9549950240885123,-2.155427393264932,-2.267719582894605,-2.6613802730072194,-2.8868618330563183,-2.8868618330563183
DECK,-0.5089364667035338,-0.9009022177385633,-1.2341189398533217,-1.5129390082929863,-1.7222276286580331,-1.904159360972963,-2.0958990678310654,-2.2354755556681742,-2.352308636669281,-2.4401505072139695
EDP.LS,-0.8302463372519322,-1.4317586020549813,-1.8606116173633465,-2.183388976774647,-2.504548900211703,-2.7831871235616923,-2.968719885429656,-3.1756105625590214,-3.3209459209077825,-3.3209459209077825
INDIGOPNTS.NS,-0.672551699221955,-1.248093787181406,-1.7971679783727699,-2.154202152998321,-2.3991350197329995,-2.58068985239708,-2.939561463168941,-3.148094533316018,-3.248094533316018,-3.248094533316018
9101.T,-0.6029120169772811,-1.0872707020893806,-1.5064316652619583,-1.8346880630670082,-2.097454768760582,-2.2318282753311944,-2.425215728016892,-2.5912766885985494,-2.8344970811540264,-3.103507859860681
ZBRA,-0.6377637715658329,-1.1491430050870914,-1.5324905105199909,-1.848459751253215,-2.053054536378272,-2.2401638513710274,-2.38394845534244,-2.542354039142762,-2.680985395375806,-2.794402495947033
SRG,-0.5016566102234478,-0.9553634329144168,-1.2924188818636217,-1.5920937716187658,-1.8238032777788429,-1.966486638670762,-2.052186765675289,-2.12804523418499,-2.229847394400064,-2.332070746461916
950250.KQ,0.4887764111146696,0.31863936396437514,0.0,0.0,0.0,-0.1573106846101707,-0.1573106846101707,-0.31863936396437514,-0.6744897501960818,-0.8871465590188761
3407.T,-0.669167263728233,-1.2047988574605208,-1.6472479791837518,-2.001983496948856,-2.2925647707836463,-2.511709714255781,-2.755884960926732,-3.02765758217813,-3.312635205332825,-3.4244068872839715
EMA,-1.120523653766238,-1.7034110259406607,-2.0509844984416086,-2.3101483873488777,-2.560905659077516,-2.842631784080537,-2.969499948853982,-3.091934720070507,-3.091934720070507,-3.091934720070507
8697.T,-0.6508262751595746,-1.1675007004336837,-1.5593273613982093,-1.9152222993657917,-2.0947557060302877,-2.322397983100708,-2.479383080303438,-2.652466769499093,-2.7962219594672884,-2.897601365501403
3231.TW,-0.6238432077575334,-1.1001936893212716,-1.4586354862718771,-1.7304813876117229,-1.9607380834474786,-2.107417865749072,-2.5840445285631186,-2.6539059352596985,-2.7397666398715863,-3.0195331849030618
SJWD.BK,-0.4292580100295301,-0.9623541366849125,-1.4039939831196389,-1.754419120343263,-2.0366675674581893,-2.2827535450419045,-2.4669416938073216,-2.619044853545974,-2.819515604680974,-2.94722357599601
ASIANPAINT.BO,-0.9423649045786661,-1.5254953156647135,-1.9480553357673878,-2.303680725826352,-2.56002813033786,-2.7923183244859167,-2.9598044360474915,-3.02789025057063,-3.231519889754641,-3.231519889754641
267260.KS,-0.37298503154480356,-0.71135388652111,-1.0793016944447467,-1.372294839786049,-1.6536145494766297,-1.8639911570207515,-2.0876746233110173,-2.219686766578311,-2.366824171823437,-2.47778659678667
CLX,-0.968544321208118,-1.5854624860091489,-1.9799093313765461,-2.259426639852963,-2.4477462211583094,-2.628985525095589,-2.7758695696819626,-2.961789141910216,-3.029837028801329,-3.169068054888483
BMRI.JK,-0.6334660536733789,-1.0857310791311219,-1.4577411598665504,-1.8019263499289806,-2.0814075311910805,-2.2672839146668124,-2.475510989756713,-2.64082648872703,-2.704920452285585,-3.0212805544315016
8233.T,-0.6362005452823567,-1.1373517940026658,-1.5818738427100743,-1.9607552671734045,-2.2872515268614504,-2.591703082088823,-2.792069225181797,-2.9300764502190235,-3.067787330537571,-3.166970890995784
VTI,-1.1085669508310592,-1.7088554655276234,-2.1726426266358168,-2.4674572680327738,-2.722457766537005,-2.9143844339838223,-3.15228911675905,-3.15228911675905,-3.2985156181375395,-3.5953212090235596
028260.KS,-0.6202287905647647,-1.20453885218184,-1.6604603536511997,-1.9902519072554588,-2.2281811056919523,-2.437677233210478,-2.589616952604642,-2.7960157378265325,-2.972236019937753,-3.1789302441863057
OKTA,-0.5007094906410549,-0.8403207013759897,-1.1693599168582973,-1.4040920556504044,-1.6483961646599194,-1.8733502406000289,-2.0168051913007523,-2.233728983412974,-2.4000363771273943,-2.6079935095545155
GRASIM.NS,-0.7241747791624855,-1.2832100235401567,-1.7176745468059849,-2.086404236673449,-2.3229602199785164,-2.4654996678695107,-2.6577131487520935,-2.897406954193513,-2.9958905826640403,-3.136413503829628
JKHY,-0.8366063307274634,-1.3759627861299215,-1.7446136185686312,-1.993703818263053,-2.212742108953147,-2.390572138325214,-2.5327638923707947,-2.6413291991609484,-2.794402495947033,-2.8800482509373944
7532.T,-0.6367217362208956,-1.1709541713021216,-1.5547466588960328,-1.9250148633293285,-2.163758176422932,-2.422788443635464,-2.5776643729714386,-2.819283975789497,-2.917402435316276,-2.9470004139115633
G1AR34.SA,-1.5232782559811238,-1.7090630110425975,-1.94851621174261,-2.1283243417282707,-2.286811964596978,-2.39423441139545,-2.4979515789366356,-2.6384926599641814,-2.6997276843523395,-2.865480044105934
4507.T,-0.6808047076788769,-1.2055970694523421,-1.676431374863113,-2.0135745507974643,-2.2768147728469073,-2.4528920040996716,-2.6029648016094957,-2.792069225181797,-2.959567232064889,-2.9918809929976073
ITSA4.SA,-0.6150518981547857,-1.13276364023626,-1.5255373136481625,-1.803091343540573,-2.021849395367716,-2.1578578170100338,-2.253943473178774,-2.2894116662865964,-2.41761476041241,-2.724861933714484
BPAC11.SA,-0.579342229182273,-1.0797082727160652,-1.4311719086331403,-1.7412906000251969,-2.083691821699105,-2.2493569389904224,-2.42237331317503,-2.518326883117687,-2.645241416098802,-2.645241416098802
6594.T,-0.6002875617399756,-1.1075463488099304,-1.5165750969110634,-1.8948978279241855,-2.176277586786217,-2.4380371763542574,-2.624888416568412,-2.7093472971354684,-2.7787134834028384,-2.8900074107988445
FOXA,-0.7009046506962836,-1.249929887190625,-1.631695139670445,-1.9291926775843622,-2.180930490673258,-2.375753987263775,-2.5586522072733566,-2.6448465821070544,-2.828945213831495,-3.2466930579477156
LYB,-0.6619788274039589,-1.1566833016936602,-1.516956898410134,-1.822091754476715,-2.108578404110135,-2.3403651854711707,-2.478834582383054,-2.5378568767049083,-2.6691405213880457,-2.802570816178956
IEX,-0.8246985703942303,-1.3720220181156728,-1.8096689017131373,-2.0823054974290214,-2.2953013781886913,-2.5142545746632035,-2.680985395375806,-2.8800482509373944,-3.029837028801329,-3.169068054888483
IAG,-0.3648199076657648,-0.7154120976690296,-1.0274483185246635,-1.2880282887576646,-1.5492150539008762,-1.7958710123606774,-1.9955296537654772,-2.1000218510366224,-2.267719582894605,-2.387159353332122
2383.TW,-0.5255113011228885,-0.90103903106359,-1.1905701039553154,-1.4590331475714957,-1.6565713059239022,-1.8273658016804126,-2.5199409673521007,-2.6776923495590577,-2.738202302394129,-3.1127894446433713
009540.KS,-0.4755726784711536,-0.9093580995209372,-1.2697265787177294,-1.5841432170249623,-1.867669746406664,-2.114878026880771,-2.293265601925993,-2.438211198557903,-2.6035978781383813,-2.75648896402412
ANTO.L,-0.6009103975004507,-1.0012375068124837,-1.3621070684509071,-1.6610373109021284,-1.9358500551154112,-2.1711689392700495,-2.3949785910004144,-2.6581385346835322,-2.908947869045648,-3.073527382020066
CM.TO,-1.0444575178072995,-1.6004188171830247,-2.0188953383290347,-2.319273190422544,-2.5851437583590084,-2.7961772797144735,-2.906909305784795,-3.1173100675894507,-3.234928950560214,-3.316186975481081
NVA3.SG,-0.6565006806325031,-1.1268390074925723,-1.3366830519545994,-1.4831884190782598,-1.6441979610191806,-1.8363506134301795,-1.8841852735795712,-1.9258172328497687,-1.9479508959694143,-1.9593854870478955
0P00018DM0,-1.5779228566327845,-2.310991338257424,-2.561681934934029,-3.078088072842181,-3.178088072842181,-3.178088072842181,-3.178088072842181,-3.178088072842181,-3.178088072842181,-3.178088072842181
AIP.XC,-0.9943040361580638,-1.611092469355892,-2.091315781800384,-2.480971629490757,-2.695932647863175,-2.9880458495616042,-2.9880458495616042,-3.3091217086854465,-3.3091217086854465,-3.498464307216663
316140.KS,-0.745803127958931,-1.2934782629539334,-1.739771721712922,-2.0148829589046193,-2.3457056652887016,-2.6911010626359326,-2.8236665935146728,-3.0389697062111867,-3.0389697062111867,-3.2419991846073657
6383.T,-0.5433682180462576,-0.9979454900335334,-1.4079262951898994,-1.738382545702763,-2.036367557688109,-2.3164106551758525,-2.479524105358939,-2.7095070034993918,-2.917402435316276,-3.015331861783296
SUN,-0.7647096737863872,-1.338012129636558,-1.7561336623410673,-2.071256513964313,-2.297972711282164,-2.40499907456811,-2.5127436595268144,-2.7169428162658313,-2.8632744500961502,-2.9117683641048666
YAPRK.IS,-0.5464888044583194,-0.9292618676767593,-1.2021218871956718,-1.4431586263952711,-1.5951990516356538,-1.7935080380689943,-1.916245413181426,-2.038495552935339,-2.1070214272848244,-2.537235250394017
012330.KS,-0.5669830357992123,-1.0427848047371762,-1.4447647152232375,-1.7878467377229976,-2.0322542710187737,-2.2673273860068717,-2.4307489532389903,-2.56040233478151,-2.7396715236461704,-2.930650242241383
CARLBC.XC,-0.93636069869733,-1.4831145198725846,-1.9171601043517001,-2.202800720394468,-2.4562800343700775,-2.7694357040135924,-2.9880458495616042,-3.193860954962528,-3.193860954962528,-3.498464307216663
EPIAS.XC,-1.0136261919497151,-1.382138647436518,-1.682930990481434,-1.9138208956421785,-2.124889904884702,-2.308031665695189,-2.558956503102085,-2.731785559648024,-2.9527463660139017,-3.276810310200593
035720.KS,-0.4574979766632998,-0.864005391190134,-1.213784198047402,-1.5007675724556597,-1.7454064453739564,-1.9440959718592232,-2.081712412883288,-2.2606633571157237,-2.3487057185385503,-2.459902730653359
DU.AE,-1.1733188237343941,-1.8464078663518446,-2.2184730768678302,-2.3932598243556336,-2.5996450305904513,-2.7819851935300344,-2.92558304849329,-3.0287355259440085,-3.095526744874719,-3.29554254770759
COHR,-0.5176827801440237,-0.9072475887925595,-1.2259508842034712,-1.504564214828356,-1.7138429247201876,-1.8971586371033033,-2.078966482608293,-2.2496909064686688,-2.322861892455491,-2.4796305340295475
8473.TW,-1.0128225617553923,-1.550762796304077,-1.8913517426885882,-2.2169560707916527,-2.4272227596804683,-2.607187097144364,-2.636841149196031,-2.7431135173989856,-2.7866729870556584,-3.170552938719464
043650.KQ,-0.6061005895848697,-1.0523719889788041,-1.4144537254105782,-1.6813642452018998,-1.9467396110617512,-2.165229215491507,-2.3521553177018335,-2.5609135098840143,-2.6839325496076363,-2.823831415485281
UDR,-0.8273945692294455,-1.3879151994450722,-1.7827368597899271,-2.0562187952197424,-2.2354755556681742,-2.3774277410396354,-2.4796305340295475,-2.5726168960788374,-2.69519642312547,-2.8800482509373944
6361.T,-0.5348848091944642,-0.991751942601448,-1.3890477259771716,-1.750114357000783,-2.0077453061433945,-2.2421173448816525,-2.4528920040996716,-2.5807607681201894,-2.773523324241805,-2.877773234504277
ESLT,-0.6927700156079275,-1.2382340185912417,-1.681454223196408,-1.9909144888764019,-2.269381363370994,-2.5142545746632035,-2.7758695696819626,-2.961789141910216,-3.115691259587702,-3.3146523927384957
ETE.AT,-0.43408167979719714,-0.7872431380119319,-1.0680529039475946,-1.300354240836334,-1.4706817313085343,-1.64514912743874,-1.7588051880967486,-1.8783809648051197,-1.9524600670977061,-2.0391190491430216
207940.KS,-0.6418033201218303,-1.1607215909313697,-1.5748914551827125,-1.901825868995547,-2.131290262015068,-2.3000088055232513,-2.5817454699366786,-2.843059325112967,-3.0021312998523615,-3.123471769982577
TSEM,-0.434796635318626,-0.7922755401818186,-1.1344301426141352,-1.3859093570010221,-1.5949639675335576,-1.801840037260218,-1.9585921042501466,-2.089054030422193,-2.1996321818220173,-2.3172075209346654
JSTL.BO,-0.45623452109607154,-0.9388143168769033,-1.162433829311893,-1.4388337610193784,-1.8045428690716185,-2.149174708397226,-2.2617085680475464,-2.413265992069882,-2.7560948206570477,-2.7560948206570477
2015.HK,-0.25382735067473333,-0.5990116428225134,-0.933330502902325,-1.2393568926001393,-1.5294232402041639,-1.7628720150628823,-1.8993846924613722,-2.084598603228338,-2.199684129871482,-2.2858429014492443
603015.SS,-0.4970980940622661,-0.8637801950571696,-1.1889835746821629,-1.46602908198872,-1.6515109123838534,-1.8231195862855842,-1.9218214797883038,-2.02870232335366,-2.1366657248785064,-2.580580719732104
2357.TW,-0.6569751249017391,-1.1719041985211562,-1.5262411976152277,-1.819204025833416,-2.0489876715942787,-2.236360210352019,-2.6136708349003945,-2.6776923495590577,-2.8314874874711733,-2.991080413862558
9633.T,-0.8947346961795053,-1.389740364106739,-1.7760421223275624,-2.090426591859782,-2.3048031060157443,-2.386572430954869,-2.4973075183101447,-2.625052338179387,-2.819283975789497,-2.9470004139115633
AGS.BR,-0.7757667482033428,-1.2167404107636044,-1.5301817012200223,-1.752751836601485,-1.9809544437603555,-2.155838176176981,-2.27599575506065,-2.426843069519442,-2.5393513585174916,-2.713209642524268
VACN.SW,-0.6832102330520436,-1.15109537526935,-1.5102231558082744,-1.7885960047550058,-2.061074348492817,-2.3176814596889965,-2.5283097626755646,-2.7628072894741553,-2.8708785279457776,-3.0287107924230123
WEGE3.SA,-0.9044576229750749,-1.366287715798376,-1.7198217424287738,-2.0652076789750864,-2.345684256081541,-2.50477229284732,-2.640810695225623,-2.724861933714484,-2.7939075987420505,-2.9613178535358653
FOX,-0.7117243049345193,-1.2527948569847795,-1.65976062998551,-1.9680227465052818,-2.2486823911831033,-2.4278907831349055,-2.558449178963126,-2.6446489740458072,-2.9196121274353004,-3.043755610521852
SGRO.JK,-0.8333414537588103,-1.2614303778983627,-1.601426791795444,-1.8608837990867462,-2.112169269831031,-2.356799837637479,-2.5725800698632524,-2.6957913520511734,-2.8183086608734866,-3.007586537480803
8795.T,-0.5386073051635988,-0.9805112937516779,-1.4174196875856717,-1.7324467095136913,-1.9983156372478759,-2.2098964580920772,-2.369185740292796,-2.454367216759382,-2.601376422860378,-2.7509411008273985
SCCO,-0.550398343745657,-0.9983875852420132,-1.3730052120016814,-1.6783108283873305,-1.9508226498492451,-2.1545453337908858,-2.352308636669281,-2.542354039142762,-2.654088942641608,-2.8566037537823714
GFL,-0.6463324508111995,-1.2028384179378626,-1.5962658647161387,-1.9225780672161112,-2.270511756788214,-2.432461356336843,-2.7056720564195955,-2.8711372087229163,-3.202304821730995,-3.202304821730995
BLDR,-0.4245184478874133,-0.7757448853601528,-1.0921823589436002,-1.3413399201376452,-1.5365869218539785,-1.7383189949420992,-1.9186543266618248,-2.1143024877260053,-2.2505528392222356,-2.338215151624942
SOXL,-0.3277681399368376,-0.5501709718297808,-0.7562954149306671,-0.9376655959139149,-1.103097291254109,-1.262868336729432,-1.4004198409299389,-1.541572649484289,-1.687520726405611,-1.8126594394412727
688172.SS,-0.3974211649332712,-0.8690425676123515,-1.2278262613112725,-1.5031850643083697,-1.7431878160897443,-1.8835889609376575,-2.210070483267095,-2.346116250242914,-2.4689732294824083,-2.6466193392086446
1109.HK,-0.42620727510112955,-0.8637529352073754,-1.2064675574560224,-1.51588014891562,-1.7658480493157975,-2.0219335205056557,-2.281532347389526,-2.5112745037947937,-2.692380935527179,-2.811231571371364
EUROBOND.NS,-0.5006281318454405,-0.9249929511627083,-1.3580677394901217,-1.618863324894119,-1.9207222397608132,-2.321053146652422,-2.507165089852213,-2.647305981810228,-2.8737113736004005,-3.1860426036437954
URW.PA,-0.8931853445071178,-1.482044216147004,-1.8563718352033793,-2.080671581847976,-2.6257616580408465,-2.9800679622535573,-2.9800679622535573,-2.9800679622535573,-2.9800679622535573,-3.0800679622535574
2082.SR,-0.5369967756627426,-1.0458399767031736,-1.5103568962835032,-1.7780428020381671,-2.0570383228966853,-2.2601889913293802,-2.368567059267878,-2.5785833989594185,-2.880674359111062,-3.1925980168609445
373220.KS,-0.45862040927907033,-0.863424585633895,-1.2575609771351408,-1.58653804163461,-1.9250496338150624,-2.1808153021682797,-2.3105982256675595,-2.4973359602611325,-2.6379038547342546,-2.7340256411583135
ALFA.ST,-0.7401692155081334,-1.248888972223334,-1.6646298709405798,-2.000141840727107,-2.289099384326171,-2.482579981270587,-2.6652851060249807,-2.805958043191258,-2.9044550919204486,-3.0431524305697697
4684.T,-0.6980280789105054,-1.2417115336307498,-1.6381241574490246,-1.9790529648756234,-2.2360430834632647,-2.446145419753446,-2.588975896505103,-2.864904815398751,-3.015331861783296,-3.301230301013023
STN,-0.7548631040416534,-1.3265688555405888,-1.7314822015632039,-2.0251537634507315,-2.2802229602427144,-2.487748151999462,-2.6445171644660577,-2.7564420299271526,-2.8286336624356525,-2.8864943048641294
JMD=X,-1.6798270092343315,-1.990867198195248,-2.1630887898810043,-2.2988609174646495,-2.371917439033477,-2.409802959778168,-2.4178116465981567,-2.4178116465981567,-2.4178116465981567,-2.4259784794809582
1CON.MI,-0.7142330934652281,-1.1147672686246741,-1.4652337926855228,-1.8080545776932582,-2.055123168714316,-2.2974224135065815,-2.4759280241308774,-2.498885043307438,-2.57697980291661,-2.7141544342061854
6920.T,-0.4524452822741526,-0.8558032595000169,-1.2200391721409662,-1.523527211910264,-1.7659978648871268,-2.059285047397427,-2.166920689202107,-2.3998487994737574,-2.5340187875092273,-2.665457498240065
H,-0.7000774986995637,-1.243631425169114,-1.679602384628388,-1.96239118796763,-2.2474331972058565,-2.3924479525321614,-2.636841149196031,-2.7529015706160282,-2.9248945396136308,-3.29492080265053
006400.KS,-0.5271441621720878,-0.9430927645180784,-1.3233113543354946,-1.6526555580629223,-1.9383295796057638,-2.152406989988947,-2.395335442230766,-2.639510585761672,-2.7741241337090283,-3.0282156601502876
JHX,-0.5968742697006989,-1.0557895162809148,-1.4531243741627677,-1.7851042099290189,-2.0597566217746155,-2.231860583631111,-2.3779052134821055,-2.54778266436297,-2.70168940984915,-2.79089563355366
1303.HK,-0.7134272830942447,-1.0203591933006173,-1.168905119972957,-1.3472274904765809,-1.4624985143696327,-1.5806700999609604,-1.688688869493428,-1.7948699755776338,-1.9034891801914748,-1.9907204615820373
WCP.TO,-0.6738389611231667,-0.9964185348066842,-1.2659609699476846,-1.4708912249196495,-1.6107624536741916,-1.729423958725372,-1.817301623106105,-1.9038834254014803,-1.9601763829124903,-2.0398006970778195
AKZA.AS,-0.7545924275266873,-1.3268304896232455,-1.7637477728778181,-2.129611398251553,-2.4054365699456066,-2.5803027547527937,-2.748730776945483,-2.9121423411202656,-3.122241722068196,-3.2397059883034784
329180.KS,-0.4562870758642088,-0.884042927491969,-1.263245526888516,-1.6203248017487415,-1.9624235506646737,-2.2148750445118206,-2.4252851432604245,-2.527974287913195,-2.6672189156310724,-2.6672189156310724
COLOBC.XC,-0.9621285672436822,-1.5286737459021429,-1.9715031356222206,-2.1833148115719934,-2.535437483329476,-2.695932647863175,-2.8283092964587135,-2.898998592613696,-2.9880458495616042,-2.9880458495616042
SMIN,-0.8735382322075482,-1.4580756550351006,-1.9058584374920766,-2.265715569205323,-2.565477942274913,-2.835229420596787,-2.925913961560186,-2.982178662640357,-2.982178662640357,-3.1352239643312663
9021.T,-0.7827658356208809,-1.377987899941535,-1.8203880012140954,-2.1555960824317983,-2.4854437920004275,-2.773523324241805,-3.02765758217813,-3.231299859623814,-3.312635205332825,-3.4244068872839715
JIOFIN.NS,-0.666456351671223,-1.186322712368813,-1.6173532646853999,-1.9498454776261105,-2.2071475275948247,-2.3853075925418423,-2.927866158737434,-2.927866158737434,-2.927866158737434,-3.0278661587374343
051910.KS,-0.5182968414035644,-0.9604099403246217,-1.3158630197488677,-1.6419500462466885,-1.902429393244939,-2.1634755227863995,-2.3965467667808307,-2.573758872752146,-2.7219220173528194,-2.837752338415565
STMN.CN,-1.0805635487377323,-1.0805635487377323,-1.1307693728404289,-1.1307693728404289,-1.163651633970043,-1.21191876504586,-1.2334945619686912,-1.2556603779971578,-1.3512029346629444,-1.3949083518471472
AFCG,-0.5075003031011226,-0.9791324355854312,-1.3629410797906163,-1.5994273205233107,-1.8130413987622234,-1.9903691022251078,-2.2688878715002803,-2.6391038207769375,-2.9359741044542886,-2.9359741044542886
DPLM.L,-0.8544279120785269,-1.3707777693265202,-1.7863630417212724,-2.1218887223767853,-2.3629039934267078,-2.5563648955121097,-2.7293293715644515,-2.9360444215091093,-3.119231132123314,-3.119231132123314
8593.T,-0.6412684025560684,-1.1075463488099304,-1.5089946088161994,-1.8099407498582918,-2.049129656946387,-2.2558975732591833,-2.4459718498122975,-2.600463532692549,-2.7787134834028384,-2.8900074107988445
033780.KS,-0.7825577863470411,-1.3288821950418055,-1.7783995693010375,-2.144656518797641,-2.486101038367551,-2.8122222680445916,-2.992444737387318,-3.1141081542094917,-3.2318276258986387,-3.3131517185530233
601318.SS,-0.6615031373097159,-1.1450667666011893,-1.5622150034204365,-1.8666203423544458,-2.1145570941558653,-2.3250402507444474,-2.4813383805737934,-2.574624237920253,-2.7419156530474234,-3.064341017133664
289220.KQ,-0.24450774177134807,-0.5516377296457826,-0.8947136669200827,-1.1939983014488336,-1.4688247031605335,-1.6922501374258003,-1.9349905690974563,-2.160044423184288,-2.2865479513109848,-2.3846792709499405
MROL.XC,-0.655831391952529,-1.1359767190053414,-1.5137513740696835,-1.7870127771168987,-2.037028671076827,-2.223160782791365,-2.3799711915119324,-2.4684377358212073,-2.5503088850664017,-2.6743632036719296
ARX,-0.20280722023220576,-0.43892720203419633,-0.8544473986959896,-1.1503493803760083,-1.534120544352546,-1.8027430907391904,-1.930285856057586,-2.368567059267878,-2.368567059267878,-2.368567059267878
6L=F,-1.1673467593818276,-1.9154346151452746,-2.4173004409221637,-2.7267272715261206,-3.1252019762005276,-3.2724763053955983,-3.671187755018818,-3.671187755018818,-3.671187755018818,-3.671187755018818
2880.HK,-0.5630079739085087,-1.1236205193699875,-1.457403072973788,-1.7208782754560197,-1.9439187291837505,-2.1637435446716764,-2.2932578963291053,-2.4365023744832177,-2.579766475092522,-2.696697307000945
ONGC.NS,-0.625050647658477,-1.1385596385788237,-1.5571295039392927,-1.8716210964664837,-2.1253916316403343,-2.356057406378777,-2.5810265583002163,-2.7561367778130723,-2.7923183244859167,-2.854557614592297
BEKE,-0.2863957643299022,-0.5890884787970232,-0.8672422110899871,-1.0951147418389515,-1.308548423828774,-1.4965288691919874,-1.6495296588310013,-1.8349112060863475,-1.9835834901757607,-2.102874763452292
CIPLA.NS,-0.7379904703166762,-1.2945519577181437,-1.7242958067842846,-2.073008766126106,-2.303680725826352,-2.469116459239023,-2.5810265583002163,-2.7923183244859167,-2.878016111099928,-2.930315670545396
STJO,-1.2127918055282823,-1.2503203586889002,-1.2741491593747878,-1.304420071096315,-1.3299995781655283,-1.3675923770812193,-1.4245209204529448,-1.464723764744749,-1.4968806604044869,-1.5482324741270626
010140.KS,-0.47946014312687274,-0.9116915388451914,-1.3187001617462946,-1.6648586505324035,-1.9283384828379984,-2.144656518797641,-2.3690222939999246,-2.530881938656621,-2.6035978781383813,-2.7081929616300022
EMBJ3.SA,-0.6229257232100878,-1.1107716166367858,-1.7012881668522595,-2.0098747721953893,-2.1098747721953894,-2.1098747721953894,-2.1098747721953894,-2.1098747721953894,-2.1098747721953894,-2.1098747721953894
SY1.VI,-0.8611540796170127,-1.5355727695786976,-1.9482953064889241,-2.2923766179381873,-2.5296481064815772,-2.7640517346467135,-2.893816990950438,-3.104975234231637,-3.3044955729681895,-3.4044955729681896
ATRL.TO,-0.7437670859818648,-1.2835751183425688,-1.6926335066545997,-1.9629345918113952,-2.187427008240951,-2.3607064582080066,-2.5380638130001665,-2.60751974420233,-2.7818805670567497,-2.931084599413772
NESTE.HE,-0.5896144710671015,-1.0785483410103955,-1.5116366732064872,-1.8112541912528077,-2.035959192235864,-2.2673775611398197,-2.4246598704306512,-2.5273695332736046,-2.7619330672929707,-2.86170025230902
ORSTED.CO,-0.6497406425966096,-1.1312975311164286,-1.5198543758566951,-1.8619911296269183,-2.1375380161346973,-2.393367921796357,-2.474143802739003,-2.5474474658920157,-2.6732278345946234,-2.7124990972608867
REG,-0.8355189173415526,-1.3759627861299215,-1.7516807428654086,-2.0050191182998316,-2.1910977943351524,-2.352308636669281,-2.4554858393650236,-2.594184027828096,-2.680985395375806,-2.758243671798118
BKT,-1.5387221120755616,-2.203960177268958,-2.654088942641608,-3.169068054888483,-3.426366522732482,-3.7102880350485665,-3.7102880350485665,-3.7102880350485665,-3.7102880350485665,-3.7102880350485665
9866.HK,-0.17767991599210634,-0.4395591808522135,-0.67785560964393,-0.9589045396826047,-1.1929065265336702,-1.456338218532774,-1.6967518271167352,-1.8820512327292807,-2.0476093689608827,-2.200410581210038
8601.T,-0.5717849824852608,-1.0290622996835104,-1.416940555192016,-1.746554037775963,-2.0224488171645194,-2.266620283531802,-2.4688409605646506,-2.6388845698073062,-2.81162825123693,-2.902932957925707
BG,-0.7529735673551056,-1.2965435868097364,-1.6873766819359337,-1.9315085302900923,-2.153615237569771,-2.276747588784829,-2.4655375952268344,-2.540325999203633,-2.6327745080615146,-2.7739828762962575
S68.SI,-0.9217061293339274,-1.4801543951317266,-1.8729628978199555,-2.1549419374740584,-2.3733098795535645,-2.6071646417972496,-2.870938244038695,-3.107170943010579,-3.160671426851049,-3.30657646536208
7259.T,-0.633277839545921,-1.140372278615596,-1.5453876453630715,-1.8760752020176867,-2.131476630290595,-2.4709184026956827,-2.625052338179387,-2.819283975789497,-2.9794296900453126,-3.015331861783296
2360.HK,-0.6906334541127063,-1.140141378832431,-1.516289901039844,-1.7346724777871596,-1.979023050619189,-2.1658755293882104,-2.352276640822371,-2.5222159979002146,-2.5590578693569643,-2.599739835018837
ALGN,-0.4819154841713613,-0.8902627373158667,-1.2002109219983141,-1.4838715071710302,-1.7039766484754326,-1.8903518946414724,-2.0198878453507114,-2.1744076067087437,-2.268595814160799,-2.3749893284866466
3659.TWO,-0.7552637507172857,-1.0324200610885101,-1.2877811907990944,-1.5307474531121241,-1.9738671210795447,-2.208301964425836,-2.3270293656764207,-2.5273022667338023,-2.5661197536525155,-2.6327587019107854
6504.T,-0.5690590292064382,-1.0089458256878683,-1.3819901089760398,-1.6748595118893388,-1.9477245084173973,-2.1840480367838007,-2.3316981874286897,-2.539831993566806,-2.6648709662659913,-2.7390644453254165
HELNF,-3.026351035807062,-3.026351035807062,-3.026351035807062,-3.026351035807062,-3.1263510358070623,-3.1263510358070623,-3.1263510358070623,-3.1263510358070623,-3.1263510358070623,-3.1263510358070623
S32.AX,-0.5115210383148475,-0.982140877895325,-1.4239029640647585,-1.7451968309080816,-2.0526763908636974,-2.3395048577526,-2.4359357279533533,-2.7121915518151334,-2.9707572729847267,-3.0580265282549184
2301.T,-0.5752120685230884,-1.0378057236465468,-1.4095484369321325,-1.6689670963869834,-1.9145058250555622,-2.170407103026468,-2.3497708434569478,-2.489570133270668,-2.6200004292833823,-2.77058766278568
CLAR,-0.547278831635372,-0.949119132793822,-1.2867098380914752,-1.5488187605135215,-1.7715800655535847,-1.9281951198855367,-2.0562187952197424,-2.1506569335814425,-2.264375953059876,-2.352308636669281
SHFL-USD,-0.3196476162495968,-0.5653063013373074,-0.7767456155801995,-0.9021588756574925,-1.0841744411191798,-1.2592194716302614,-1.3780245172192165,-1.4400717705417672,-1.570891079224807,-1.6862735700255669
6841.TWO,-0.4848944828842949,-0.9913164141394173,-1.346968336636484,-1.5852098632140614,-1.7596397959067085,-1.9149224652881762,-2.013908521063047,-2.051776506042371,-2.1619502701306406,-2.5276384561756804
TLS,-0.22642321451904607,-0.5025725999339601,-0.7893515892981577,-1.0621623388778603,-1.3244360894487406,-1.5420849177858387,-1.7273091903548219,-1.853135579130801,-1.9887484801618835,-2.1551174059345883
EPIBS.XC,-1.264063435176882,-1.645108703320659,-1.8967247003564645,-2.111625667988478,-2.288754251509784,-2.4656363199794704,-2.5582256956667195,-2.7906403217357214,-2.86210976031905,-3.376216748521273
HOG,-0.5746472381300387,-1.0799483905462075,-1.4465076506462269,-1.7624483423148023,-1.9691388698110008,-2.182720074784711,-2.328591520473661,-2.4554858393650236,-2.6170298751918515,-2.69519642312547
2601.HK,-0.533158233776017,-1.0457072758901587,-1.5096246004032003,-1.8500676663449545,-2.158537373134942,-2.4278201579461958,-2.538300145162273,-2.717270512148996,-3.0195331849030618,-3.0195331849030618
WNC,-0.4352180111958013,-0.8214712626184797,-1.1329723247798829,-1.4051950114931004,-1.6403478379181626,-1.8277010305409345,-1.9508226498492451,-2.089054030422193,-2.212742108953147,-2.328591520473661
289080.KQ,-0.4417327127834761,-0.8211856040362628,-1.203886004713312,-1.5245090397266414,-1.7411637918161034,-1.9500480983359705,-2.123037847664247,-2.2242807793305515,-2.3339723592664847,-2.512849306354681
DAL,-0.5195692295525682,-0.9288028426445584,-1.2467858000276666,-1.5420671749300396,-1.743029239029648,-1.947104161175742,-2.0713903346858915,-2.214045728836349,-2.3261082957039103,-2.4347245514361875
1010.SR,-0.9959694243136515,-1.5195474700599236,-1.9554400631047026,-2.2645074386104787,-2.4939569125957686,-2.7020851391607152,-2.924932833691147,-2.924932833691147,-3.0488919817483033,-3.543508930903016
3418.T,-0.7973382998727297,-1.3063133221075776,-1.6206549994812516,-1.8846991408711362,-2.080556251938248,-2.213199270405011,-2.367213159816134,-2.5559237815147395,-2.6813774891187863,-3.0301909286827553
HEIOA.XC,-1.1663858534347677,-1.6753955186714107,-2.061565234667824,-2.3614728880393754,-2.6536094049889667,-3.051723898260019,-3.1370647016277555,-3.1370647016277555,-3.2540665058122835,-3.4460580210761624
1378.HK,-0.5225835599421544,-0.9091203208553036,-1.2628302843173473,-1.5838936748852688,-1.8814806302318425,-2.1257306435144296,-2.2906431425544804,-2.410322045579264,-2.599233255282568,-2.6651927129081563
EQTL3.SA,-0.7469700003480342,-1.3445646045638255,-1.8276349573559787,-2.136141566536135,-2.3913255722639133,-2.6267411018404854,-2.753378463154908,-2.779477286889775,-2.871639538042212,-2.9501649104131102
FDS,-0.7535169694728752,-1.260827072382446,-1.6344886238740322,-1.9306608791980429,-2.174492807535187,-2.3343986285231986,-2.542354039142762,-2.654088942641608,-2.758243671798118,-2.8800482509373944
301590.SZ,-0.3928308136497294,-0.8366705492413722,-1.117246627863078,-1.4799413890351922,-1.6584720610356272,-1.9145058250555622,-1.9145058250555622,-2.200410581210038,-2.5601243375600076,-2.5601243375600076
0FB0.IL,-0.9200120931594705,-1.2560636173133164,-1.5477686186432946,-1.7933376258379519,-1.9630737810730703,-2.1327491360529733,-2.220921944461167,-2.3307378611760887,-2.4339463751661974,-2.5432783630673983
OTEX,-0.6903355799623014,-1.2003470399801137,-1.557784699438719,-1.8297416731633558,-2.0562187952197424,-2.2401638513710274,-2.3710065740570783,-2.4401505072139695,-2.5142545746632035,-2.628985525095589
BVILY,-2.5771233171616177,-2.7040831339112614,-2.7700955484454974,-2.7700955484454974,-2.7700955484454974,-2.8996336752946528,-2.8996336752946528,-2.8996336752946528,-2.9563213787415616,-3.0244738495588273
PSPN.SW,-1.2021069632441916,-1.8528853044849043,-2.278359667984756,-2.5852521089503884,-2.8614806766568845,-3.098328408563192,-3.216545947674777,-3.5950258328558347,-3.5950258328558347,-3.6950258328558347
PNDORA.CO,-0.5878899173614633,-1.0407726233844534,-1.4172777498090428,-1.7204179087032005,-1.9591993482764276,-2.217659273752517,-2.37861170231768,-2.5193945046938695,-2.5682162679618252,-2.6446366193073123
009150.KS,-0.5029404367254415,-0.9473098073195202,-1.3335562672795418,-1.6804698859707543,-1.9485179969655368,-2.1889869852686368,-2.438211198557903,-2.6271599108737878,-2.792666710575644,-3.068339178882371
SKFB.DU,-0.8823072194653605,-1.3838119594513207,-1.755358563814747,-2.0810765422715853,-2.301085472182242,-2.5987376556034714,-2.806227343681722,-3.0029970711738594,-3.2079870824229944,-3.5872618092216713
EFNC-M.TA,-0.7535755988596434,-1.055334550060048,-1.3610383282966851,-1.5869977948533824,-1.7761403976629226,-1.9470836167193846,-2.0651753253612193,-2.288954108420649,-2.4141291440323482,-2.4658247101791346
PHOE,-0.3783073147426379,-0.4735257276444893,-0.6974053842309875,-0.8333909493001297,-1.0107445088562221,-1.1398824918863324,-1.2588279416736177,-1.3613269034383977,-1.5253668189402667,-1.5734833683359515
9697.T,-0.5466915067255889,-1.041610507006,-1.4501004932756199,-1.7700097191043078,-2.0112243428590446,-2.1805936780620607,-2.400506685995508,-2.5157479442816197,-2.612481182809762,-2.7787134834028384
SPSN.SW,-1.2034871041125772,-1.8359595699024907,-2.216362779224404,-2.482940008085635,-2.8375969129437992,-2.9969144103537055,-3.1717657833516175,-3.236012393616197,-3.612695650884223,-3.612695650884223
4523.TWO,-0.6206322294288583,-1.0680003321005247,-1.4151873425931187,-1.6492568647138617,-1.8599264852181712,-2.0699018308950565,-2.3825205954220228,-2.5058079868614276,-2.627666128540173,-3.6074115870809855
1339.HK,-0.7477648785334574,-1.347371245977771,-1.7982379786963336,-2.0306692546688363,-2.2630624351015904,-2.5997798548461937,-2.7705008783741745,-3.0248502996176874,-3.110822315450932,-3.110822315450932
9104.T,-0.5505429715179481,-1.0121627179417958,-1.4158877245936936,-1.7188380258869993,-1.9528970699450603,-2.2143862767710143,-2.422748806178468,-2.7075800479093495,-2.8543130637750833,-2.9300764502190235
688387.SS,-0.5411795399933835,-0.9982011721528864,-1.4342001596863796,-1.8238032777788429,-2.104285669540511,-2.572352110942895,-2.6704148847808584,-3.020299005816191,-3.020299005816191,-3.020299005816191
TPEIR.AT,-0.4462826975476758,-0.7856823161799389,-1.0599816324806184,-1.2638700851786402,-1.4452590661510527,-1.6051061556638355,-1.735956068605607,-1.8544088998177664,-1.9524600670977061,-2.0452647601336214
VEDL.NS,-0.46599507731305995,-0.8679738467164975,-1.209251838952641,-1.500055127622993,-1.7451403390694642,-1.9403938333061286,-2.1290984789950036,-2.3438522205982006,-2.4942823654782864,-2.63914556510125
AMC,-0.3300951767436896,-0.6403132840648638,-0.9014287088515719,-1.138197574170099,-1.319554470885207,-1.4730654094978555,-1.599635128597063,-1.7509928456246593,-1.8798719115261149,-1.9753135763027505
ELE,-0.48462669153169524,-0.9176091431457496,-1.217196630852383,-1.4714240601722341,-1.7715421603468555,-2.041748646601835,-2.343228960223323,-2.5657898438548417,-2.8471133758095495,-2.973819901220317
ABG,-0.5376620853822603,-0.9328891732059706,-1.277279015499069,-1.5549138719976627,-1.7772802670195331,-1.9504053932993004,-2.1073446081073044,-2.289416956702249,-2.385787262149161,-2.4921172043564566
9926.HK,-0.2563084773133549,-0.5527792455626552,-0.8591119217871621,-1.1499154444638577,-1.3998976830695673,-1.5851255448564776,-1.7503543746150378,-1.997720576734194,-2.1890686417923257,-2.3260797629850374
MAXHEALTH.BO,-0.6057683522960272,-1.121094032333775,-1.5625621382765036,-1.876995344118595,-2.297086550585412,-2.4846386483274676,-2.760930798319222,-3.2863258270103963,-3.2863258270103963,-3.2863258270103963
GIL,-0.7030398883997598,-1.221897358754522,-1.5935977856244896,-1.8879666126483656,-2.1316871512579874,-2.328591520473661,-2.5053135990191526,-2.6170298751918515,-2.758243671798118,-2.794402495947033
CNA,-0.8017551593392793,-1.3749755914421402,-1.767909672632559,-2.0823054974290214,-2.2308358870440865,-2.390572138325214,-2.4796305340295475,-2.6170298751918515,-2.7099735383976475,-2.8139479831547503
042660.KS,-0.45666762013249096,-0.8070908420680933,-1.1406411333162578,-1.4632157218906965,-1.7141827014748432,-1.9190032477322907,-2.158768039264576,-2.2816834040677354,-2.39991869394437,-2.5347107997806124
6779.T,-0.45408539162784234,-0.8733352975423223,-1.2219591195441943,-1.5615159920059336,-1.837746343793371,-2.049328848889561,-2.2770713212188607,-2.454236685884021,-2.600628712169549,-2.7256523369447065
7453.T,-0.5748720593734947,-1.090189420132775,-1.4480556912808624,-1.7799494790475596,-2.1433216769140944,-2.328338961823439,-2.479524105358939,-2.625052338179387,-2.694038499266409,-2.8413556163565135
HMCLF,-2.0119420674487403,-2.0119420674487403,-2.115374582029075,-2.115374582029075,-2.115374582029075,-2.115374582029075,-2.115374582029075,-2.1769536016263125,-2.2480966983825006,-2.2480966983825006
7202.KL,-0.8663099450178641,-1.3108391484711175,-1.674660996110645,-1.9727079136838175,-2.2041696007817224,-2.3664521514071057,-2.4635672311181227,-2.540121677148506,-2.6846664754678877,-2.741610951905692
NWSA,-0.753988618791205,-1.3483298529260026,-1.7738144383184191,-2.0812305433900273,-2.2762984183554154,-2.549751846520091,-2.7295982997235373,-2.8023663371517897,-2.9506970753981756,-3.2230733307018813
COAL,-0.7941558233361945,-1.232776563449175,-1.813107808473469,-2.399285418902476,-2.64316283576269,-2.869841486266775,-2.869841486266775,-2.869841486266775,-2.969841486266775,-2.969841486266775
LYC.AX,-0.350696298014127,-0.6332013311806148,-0.8823833649633361,-1.15920549911496,-1.3686766806734212,-1.5446519564894055,-1.714390272955559,-1.8621952455411563,-2.015683024690159,-2.155322088670087
GAPB.MX,-0.7292443722565818,-1.211991271086493,-1.6345519845248242,-2.049056000265537,-2.3038739285549323,-2.5359054233236367,-2.87771977423778,-2.9107999912213542,-2.947409410546982,-2.988454169039831
EIM,-1.4486714767279925,-2.095897894131416,-2.432831437433349,-2.56848190119142,-2.6742062514291214,-2.8223865223964024,-2.997295222570995,-3.137764248606916,-3.202599178356269,-3.2845508997817525
6479.T,-0.5184731945989977,-0.9810749935772604,-1.3670941068179832,-1.7239345738687082,-2.001983496948856,-2.2768147728469073,-2.4854437920004275,-2.6785705547680516,-2.8543130637750833,-2.9918809929976073
SQM,-0.5719364328996493,-1.0142886837607372,-1.394980006478787,-1.7188592369564877,-1.977195156806825,-2.1910977943351524,-2.328591520473661,-2.4796305340295475,-2.654088942641608,-2.758243671798118
1658.T,-0.9842599275862128,-1.6885236599410698,-2.1274534500205413,-2.4902906014362074,-2.6582530881221476,-2.8839393262153177,-3.0956723631681657,-3.0956723631681657,-3.2956805128371225,-3.3956805128371226
9927.T,-0.6521107370144468,-1.0427320297181595,-1.3437022664967333,-1.5995103897231406,-1.792609169859556,-1.9989974602736582,-2.136169022147108,-2.287134366402699,-2.381179106950495,-2.4769470578820534
ADANIGREEN.NS,-0.43712986806465387,-0.82790320118658,-1.12720302372179,-1.3465922610549628,-2.0040530527108285,-2.229945323378502,-2.3191617776452462,-2.4318612786614553,-2.5878874629995106,-2.7246089692481608
3665.TW,-0.5172237137383637,-0.9629839944191609,-1.317181546966895,-1.5524459519115859,-1.7907505531699293,-1.984301651260563,-2.2414027276049495,-2.3588162049668204,-2.522069465907711,-3.4524329373875813
EVO,-0.566940338092317,-0.8674346221896349,-1.1672586038482309,-1.4387629153069526,-1.625122640561838,-1.8332632939507911,-2.0255036418017824,-2.1638097310232105,-2.3137370903571552,-2.401499943037655
QGEN,-0.6981402905823506,-1.1694090274063842,-1.51414410308198,-1.8196136462581856,-2.0375338396676974,-2.203960177268958,-2.352308636669281,-2.4477462211583094,-2.5832502800030572,-2.8139479831547503
4349.SR,-1.7519644704284882,-2.290225411056779,-2.5425677503273043,-3.094269131783986,-3.094269131783986,-3.094269131783986,-3.094269131783986,-3.094269131783986,-3.094269131783986,-3.094269131783986
SKY.BK,-0.6481267955048851,-1.1070644018783078,-1.5164425443260428,-1.7508548269485733,-1.9711251720237137,-2.17264106305998,-2.347453795943105,-2.5017205916171217,-2.6842127074783835,-2.801341805743902
EZJ.L,-0.5439880518801136,-0.9706622898162199,-1.3438350854312342,-1.6610745144071717,-1.906062070250411,-2.0831245893696475,-2.2760231303052953,-2.463224598353558,-2.5753426600638,-2.7023713782083747
1179.HK,-0.3575514557149668,-0.7803494979822508,-1.1428848108245149,-1.4406225081756365,-1.7145936537660906,-2.0368341317013936,-2.2227217566590083,-2.3251913927114947,-2.3872420942001535,-2.50210647334307
BAX,-0.8569053952420017,-1.4454172361187076,-1.8569910101640252,-2.182720074784711,-2.3710065740570783,-2.4880103093564743,-2.6170298751918515,-2.7099735383976475,-2.8566037537823714,-2.905191387241866
2883.T,-1.5218952878026903,-2.088067362363744,-2.328839883204599,-2.6481154873226345,-2.8468792143389217,-3.0607944946806254,-3.3758668634568023,-3.3758668634568023,-3.4758668634568024,-3.4758668634568024
3402.TWO,-0.7863299541632072,-1.245026057850962,-1.5803481910171102,-1.8052170495602098,-2.010825502510638,-2.1718861235692266,-2.547180374236617,-2.7071024740144947,-2.9095141930245387,-3.318514149036046
TRENT.BO,-0.6063969506840715,-1.1407754779947958,-1.5728837917124676,-1.9156458498298852,-2.1442260839819607,-2.3622940720128174,-2.570385686312285,-2.7737738095304354,-2.9921160239835505,-3.068017401514884
BAJAJFINSV.NS,-0.6773326087785129,-1.1588463415403847,-1.5965494789689922,-1.8871733598759455,-2.1404419819914167,-2.308469989336602,-2.46365625575874,-2.6143662312957576,-2.7563558333442946,-2.925575407508465
ALQ.MC,-1.6484100868171756,-2.139528448510845,-2.468076803046832,-2.6371957934997066,-2.9542011329873454,-3.278140940912509,-3.278140940912509,-3.278140940912509,-3.278140940912509,-3.278140940912509
XEF.TO,-1.344993326973114,-2.0791260513074605,-2.496706799557878,-2.8061263848989775,-2.897576792020757,-3.1085169955960055,-3.226412498378834,-3.226412498378834,-3.226412498378834,-3.419760558071374
2678.T,-0.5694762566428541,-1.0308953418789948,-1.4389065282850149,-1.7810628736993943,-2.0474023573258977,-2.290605992567763,-2.443805511421469,-2.628711807097266,-2.729917887276387,-2.842810002423091
RDOR3.SA,-0.4615676356840284,-0.9469281006231588,-1.4027209096945599,-1.7818038443683248,-2.090253124913916,-2.4109529932677702,-2.6539547479476284,-2.821949473687755,-3.257535266651733,-3.257535266651733
WTC.AX,-0.5719289209593151,-0.952370547487631,-1.3476849326585194,-1.6186644465331004,-1.8238032777788429,-2.000423569105984,-2.191590466989192,-2.291827755069972,-2.385725805274453,-2.4223125971405204
ARE,-0.8453415454043032,-1.3720220181156728,-1.7660833721166094,-2.019534286602006,-2.182720074784711,-2.3172075209346654,-2.4796305340295475,-2.5832502800030572,-2.741435159375291,-2.8800482509373944
Z,-0.4321273537379888,-0.8429853428244015,-1.1776622110674333,-1.443587788947333,-1.6791142938228774,-1.8841699953114714,-2.173123913121618,-2.2625389993753453,-2.4639779082096562,-2.5784779211507196
064350.KS,-0.5031349575560229,-0.9147016231296577,-1.2713142388895795,-1.5781354559122773,-1.8454654539400643,-2.0518160605797116,-2.204894665497299,-2.363885643885378,-2.551804028546322,-2.5979910756342117
SLM,-0.6840250925053318,-1.1663763823599786,-1.5337320713389797,-1.7752744811907586,-1.9691388698110008,-2.1243093055038123,-2.2308358870440865,-2.289993113482879,-2.390572138325214,-2.4880103093564743
TRYG.CO,-0.9250484392712123,-1.5692023771149077,-1.9895519273950917,-2.2681484842478215,-2.504774040480782,-2.7516904309462005,-2.9149625512753845,-2.9925251800317834,-3.093773264739682,-3.3560950903642395
ABEV3.SA,-0.8089063414933362,-1.3720019974611268,-1.8268740625092847,-2.138447192198114,-2.4034714995978144,-2.6048076668761606,-2.7752722919791677,-2.879469097306397,-3.0292821938575933,-3.168534158630359
TRELBS.XC,-0.8726465365497895,-1.3768686757526816,-1.7210619340698656,-2.0157727729371637,-2.218997759562993,-2.497108353425826,-2.7600667662390572,-2.9792576002310187,-3.101363237278005,-3.301072716706941
HAL.NS,-0.6332196765228,-1.2209462782648826,-1.6343290311739953,-1.996485282363436,-2.3712757797349675,-2.5613199125279977,-2.6379038547342546,-2.7340256411583135,-2.864930217227437,-2.954845308040052
MZTFF,-2.8417390537677925,-2.8417390537677925,-3.0559602463426527,-3.0559602463426527,-3.2580756505790682,-3.2580756505790682,-3.3580756505790683,-3.3580756505790683,-3.3580756505790683,-3.3580756505790683
SBILIFE.BO,-0.8521737800187901,-1.4535236023865454,-1.9354004310210577,-2.2192372480880955,-2.490813557265942,-2.6587489900810732,-2.7034321810778943,-2.813406708039728,-2.973819901220317,-3.096108754401521
GBLBY,-0.9436176817098088,-1.139950776783856,-1.2999989981249682,-1.471709793990703,-1.5948467335211594,-1.7206418593844974,-1.813665197019168,-1.8877106397195156,-1.9738365784195522,-2.0433558234053035
5713.T,-0.5308796846230696,-0.9754675224170833,-1.3982247238154326,-1.7222307508239838,-2.0077453061433945,-2.237374698726854,-2.4155458302242003,-2.5807607681201894,-2.755884960926732,-2.9300764502190235
1093.HK,-0.4696340277194981,-0.9009339061101973,-1.313596600851447,-1.578464640061978,-1.871108776550925,-2.080935296714831,-2.2588908308070943,-2.407875748663249,-2.576384538819407,-2.7444257480736383
003030.SZ,-0.5054780087465286,-1.0102058142861725,-1.3820962532734467,-1.6820353596697049,-1.8723584827603177,-2.008142989118266,-2.173375515099901,-2.3294599799677376,-2.397022125126622,-2.715800714331065
1803.HK,-0.5500059397340136,-0.8611058352079338,-1.09258001076517,-1.2779138222372106,-1.4290288976129208,-1.557906639683052,-1.7195469069054712,-1.8245906381584538,-1.9498621307234412,-2.034662769674586
6618.TWO,-0.44303821274377625,-0.8761428492468409,-1.2285354458422033,-1.5546070549103472,-1.7780428020381671,-1.8991886041545596,-2.135280616801503,-2.310991338257424,-2.411822295883337,-2.5454820183891167
CAE,-0.6943717296189392,-1.1951672031285843,-1.574670897160005,-1.8657526217013012,-2.109065344994676,-2.301375409711536,-2.4775359517295636,-2.581500750574751,-2.6605247374072287,-2.760764655588241
NVMI,-0.5155304741145161,-0.8723848650164147,-1.1645430232707878,-1.3963916117830133,-1.5952130303640852,-1.772254046453298,-1.9138335909551456,-2.0550274609631254,-2.1785339699956525,-2.2807087375373616
7186.KL,-0.5804015863479706,-0.8632419693234914,-1.1523750836438416,-1.3978365289711043,-1.6204006416824044,-1.746576377162775,-1.8755415968013802,-1.9827992699553696,-2.050092307582605,-2.1702370456424505
117730.KQ,-0.31731272141315875,-0.6453677435740799,-0.9397885182541139,-1.2243597098093302,-1.4619285805216744,-1.7411566464708836,-2.0280691449339114,-2.156401483774403,-2.3574409815390247,-2.5271003810663974
4204.T,-0.672597688143064,-1.2101657291293346,-1.6489899817207017,-2.0460561935652026,-2.3344295839615494,-2.600628712169549,-2.7788698763400363,-3.015331861783296,-3.15511221231473,-3.5978384797068235
BCPC,-0.7198266277148635,-1.2267640100121207,-1.6301307568678831,-1.9559891506883051,-2.2171978664371497,-2.4880103093564743,-2.6413291991609484,-2.8139479831547503,-2.994082558905509,-3.115691259587702
PSON.L,-0.7686055142840215,-1.3094267183942427,-1.6824837777700123,-2.0043861705389685,-2.2543129317469046,-2.4520704019960586,-2.60954835679287,-2.685001571872313,-2.7797718657486126,-2.9360444215091093
KNIN.SW,-0.7980220158759902,-1.3475014178165974,-1.7245845548059928,-2.0506453963639313,-2.309427716476437,-2.5501527121952656,-2.7395198695876513,-2.878210265449579,-3.028076245452448,-3.231695782657557
IVN.TO,-0.36656856881027217,-0.7321258913418821,-1.0404537323536944,-1.3228715649198264,-1.5828394753176125,-1.8440350480306795,-2.025183537825051,-2.218012013924586,-2.3057874725301435,-2.402251346978121
8951.T,-0.8654592246484741,-1.4532795741807993,-1.8517337570813286,-2.1149473556378684,-2.318532101205977,-2.536045669862019,-2.794052346919734,-2.947533232726823,-3.035370659735717,-3.155614917053521
ORKLY,-0.8546884467720214,-1.4152685131777227,-1.7943111553314541,-2.0816054870461853,-2.2664495551397335,-2.4458021797053955,-2.576951092134535,-2.7225030553281027,-3.0911958376920343,-3.175625022161823
RXL,-0.6971414348463417,-1.1626833899137392,-1.543584280298517,-1.856057391325402,-2.076853029623224,-2.26472741974419,-2.4947372760385695,-2.6029071849393897,-2.7316125497317914,-2.8958349260711644
MKSI,-0.48335692061690055,-0.8747503794932244,-1.1878353038697755,-1.5069462388777148,-1.7341735662900133,-1.9281951198855367,-2.162421309946964,-2.322861892455491,-2.542354039142762,-2.69519642312547
NHY.OL,-0.6217261873872788,-1.1088012675237648,-1.5543154491318592,-1.8314685756901865,-2.1313495245288236,-2.387029289720987,-2.586138465574437,-2.744185725696189,-2.816639481590205,-2.9349172600567797
DIB.JO,-1.013985464554395,-1.2639819859204342,-1.5203035506647073,-1.6849215674955313,-1.8549744410498124,-1.9651406374326386,-2.078471575479955,-2.1748844376600798,-2.2460784851142823,-2.3549693033918024
4062.T,-0.5059852586878077,-0.9183896859896341,-1.2836570101499352,-1.6110376962025723,-1.9380007181442633,-2.176467849230832,-2.400682877238069,-2.5455787816040307,-2.6791889385317185,-2.7985058223902994
APHSX,-0.8632204200137731,-1.4558525270113831,-1.8441988947401495,-2.259519701407456,-2.473494882953065,-2.6977586658604786,-2.7579035658794924,-2.920883661457702,-2.9772288735452315,-3.044983046428479
7701.T,-0.6736064878241673,-1.2143582740288061,-1.655287486428579,-1.9935095445512667,-2.282478690474934,-2.479524105358939,-2.625052338179387,-2.7602502556431543,-3.015331861783296,-3.2196457204180913
2327.TW,-0.570042830604409,-0.9706201827355349,-1.2828726975673166,-1.5541256826265946,-1.75068607125217,-1.9338838262892872,-2.3610364720176165,-2.5107841767210393,-2.663989045801385,-3.3119017212686157
YMM,-0.3125567856258931,-0.6559234938984497,-0.8844947418499586,-1.1010191962688811,-1.280049565627258,-1.47966683259066,-1.643575818778744,-1.7353789687219718,-1.9664000415726035,-2.086434153279576
6690.TWO,-0.652031997370696,-1.144992197829221,-1.5431779299696342,-1.7997339677107522,-1.9714487782814756,-2.067184054223386,-2.269629231416306,-2.4207922376211917,-2.5407358147840395,-2.663059902023347
4188.TWO,-0.6306199898417938,-1.1384273988662232,-1.459190761797871,-1.7137685920905172,-1.9984172934878648,-2.1355043358588492,-2.293604542010274,-2.3573698047841707,-2.466783782827215,-3.202304821730995
032830.KS,-0.7371704336494429,-1.3541902911940287,-1.7846116876073022,-2.135204827721335,-2.394743040382374,-2.598782265809038,-2.794531033298429,-2.828425776929996,-2.9558088342708517,-3.4703655289608606
FME.DE,-0.8030057570018599,-1.3681773042671548,-1.7485942911982653,-2.062847038753331,-2.280579129917203,-2.5479688536054113,-2.6726953724278637,-2.781093854100751,-2.8617045887556265,-2.998985316461079
TME,-0.3815924606012627,-0.7384568376513864,-1.0682849593237556,-1.3567995968367108,-1.6110767253219438,-1.8823709008984004,-2.121961781909258,-2.2621414838012606,-2.4136773025353007,-2.6111339973693477
LUG.TO,-0.7500377998722768,-0.9851248719266638,-1.209914280068999,-1.3959231366078522,-1.551589587115983,-1.7114601707294264,-1.8141294749644945,-1.8858468957808474,-1.9960217174838644,-2.081212622851665
PZU.WA,-0.763315110832172,-1.3673095576267238,-1.8362707295065952,-2.191414096339021,-2.458249716079634,-2.612992854348663,-2.920883661457702,-3.175480391141351,-3.175480391141351,-3.2912992840219384
TFII,-0.7654468061698869,-1.1686518067770555,-1.5126936411453469,-1.7948087305125204,-2.0308774247906514,-2.2555889554631814,-2.461757919828,-2.5407772544870517,-2.623995250376395,-2.7744026675270113
000810.SZ,-0.5349494323137615,-0.8945071916631037,-1.209935869688957,-1.4778226546932873,-1.6528285651929848,-1.8342641973796465,-1.989077884109167,-2.1209030602536503,-2.2333588150239105,-2.6893312711464894
205720.KS,-1.0604914631367295,-1.8490814425143443,-2.3079974937486116,-2.4828380416897895,-2.6855465086341623,-2.851987729571878,-2.9785188799330644,-3.1848629184701887,-3.3802827461812663,-3.4802827461812664
ABF.L,-0.8698064884707221,-1.4638106432630524,-1.9260759371342857,-2.2893151921911805,-2.5873904056194674,-2.7621666639549405,-2.9360444215091093,-3.073527382020066,-3.172556696826953,-3.3180081737032414
ASII,-0.41612577844560156,-0.47045443285201066,-0.5474415268883509,-0.6087464561417797,-0.6576880438890873,-0.7116373597089758,-0.7695068884966535,-0.8291502684877802,-0.8909236317343194,-0.952159220585202
RDDT,-0.2929309333082163,-0.570656277298833,-0.8210231014770768,-0.9900541525562695,-1.316758871324976,-1.497634692988537,-1.6524934245614529,-1.8617394782474297,-1.9667069756276114,-2.0509844984416086
CAMS.NS,-0.6528605963309354,-1.108392580733472,-1.5547735945968537,-2.0229633809989918,-2.326347874040846,-2.6652851060249807,-2.739469301135349,-2.9599466631130964,-3.1673290097032383,-3.2673290097032384
83188.HK,-0.9478917609984416,-1.5804984465833503,-1.996878719260646,-2.209481987811132,-2.4024720191559346,-2.610271283703687,-2.7460714266423953,-2.8610838176723754,-2.909608471670126,-3.119853684636027
TLKM.JK,-0.6392136557530146,-1.2085403192655493,-1.6566108860038236,-1.9838361062296528,-2.375247823689716,-2.6209471434984724,-2.9262106086083493,-3.050125563620598,-3.2525540147600873,-3.652738772071275
FGR.AX,-0.675833503708686,-0.7755838773111152,-0.9229268627964751,-1.0943864968166566,-1.2396167522230928,-1.3396758007595388,-1.4598085521007698,-1.5542266025652243,-1.6346314116011107,-1.7324635581726457
9901.HK,-0.2849644134129333,-0.5746015234800878,-0.8823877820152904,-1.1590262197762204,-1.4172901826739726,-1.6471556046568676,-1.8690822334607384,-2.058997575205664,-2.2136009760485735,-2.2371511738224994
BNZLL.XC,-0.9952659667085614,-1.6839811771127942,-2.1350588876096186,-2.535437483329476,-2.6346252177665272,-2.8283092964587135,-2.940614415861944,-2.9880458495616042,-3.193860954962528,-3.3091217086854465
HDFCLIFE.NS,-0.7385844613863923,-1.4105866378627874,-1.8752599365348064,-2.1850598015115645,-2.4103721654994983,-2.5440934997575915,-2.7490901020075453,-2.9689648431560443,-2.9689648431560443,-3.0914177114315136
AGNC,-0.9296161109648827,-1.4422440290408736,-1.8039742284237037,-2.1222798199876327,-2.2887828097706784,-2.4245084794436016,-2.5946768456279443,-2.7815332076423935,-2.873640177517702,-2.952120602869915
TVSMOTOR.NS,-0.5483500944084473,-1.0102574809077176,-1.381710276651552,-1.6996111178485656,-1.9616521655411403,-2.146462576804778,-2.300247535188371,-2.4446418241159713,-2.631110406252951,-2.784650176733888
SVTRF,-1.4506056467124844,-1.7299552852613913,-2.025026817782699,-2.232011263605452,-2.4543499056323808,-2.560413019765475,-2.7331660531825377,-2.826589984360157,-2.9061402412788615,-2.954039860277127
285A.T,-0.30693443150298066,-0.61652298430037,-0.8789163363588698,-0.9860457319888214,-1.2659427018054026,-1.497022699172568,-1.7116753065097292,-1.8574925740706831,-1.9824327244564386,-1.9824327244564386
PMET.TO,-0.41372838912519805,-0.5197607529471672,-0.6170236884984587,-0.7412078643874387,-0.8767582183445507,-1.050388945881644,-1.1351315008211862,-1.2536426819545132,-1.32857336562119,-1.4535633083711827
5334.T,-0.60068366961946,-1.0989743835556895,-1.5117588590945206,-1.8554442791983519,-2.167955917068142,-2.454236685884021,-2.694038499266409,-2.8413556163565135,-2.917402435316276,-3.0555996608226104
9005.T,-0.7192847405314698,-1.3315915147960438,-1.7701041240710509,-2.0895248296803266,-2.4155458302242003,-2.5701190004651187,-2.7075800479093495,-2.902932957925707,-3.1135632538678264,-3.312635205332825
9660.HK,-0.24628612371690428,-0.6139488218463334,-0.9382365345184922,-1.2491667363514505,-1.4152452992477518,-1.702096919157492,-1.8703628507047318,-2.0439789026563515,-2.2071475275948247,-2.317476015509008
5019.T,-0.6377477369183873,-1.1146534875594942,-1.5494919093021826,-1.8823850013583716,-2.163172976692278,-2.436261777553111,-2.667932036514526,-2.8293695223330104,-2.929783131604435,-3.0728864314131608
TMPV.BO,-0.5925442114168631,-1.0217254082484988,-1.3635949256600728,-1.6783754932915496,-1.9454887975971795,-2.1442260839819607,-2.3204403282421455,-2.477331793184003,-2.6267934841596436,-2.7561367778130723
BIDU,-0.47199512424996687,-0.8767914534076549,-1.240887128373553,-1.535507830246669,-1.8061181705779794,-1.9850695369900226,-2.1650263919958253,-2.3362543368390565,-2.477112001115092,-2.613581339507385
MOH,-0.6212424283176958,-1.1066243481171734,-1.4749234196464969,-1.7898858050291522,-2.01938186427073,-2.2241378137308576,-2.3510344614233625,-2.491615690192672,-2.5557158244493756,-2.605126521640995
OMVKY,-0.7217222853730191,-1.1751435965196,-1.5407960128748808,-1.8501154205038854,-2.120332141160973,-2.3289052110111848,-2.4412456126980424,-2.560413019765475,-2.681999900969433,-2.792676658421583
7911.T,-0.6837284704074811,-1.2592272987692108,-1.6732917762192516,-2.0469251491460936,-2.3201508715107084,-2.520863785931593,-2.792069225181797,-2.902932957925707,-2.9918809929976073,-3.312635205332825
9501.T,-0.6629013839155887,-1.1850877651176488,-1.5313085201692824,-1.7927498041089456,-2.0165150210713305,-2.179874172536678,-2.3258857634640204,-2.477057029488441,-2.5597605672688206,-2.692792093318821
QYM.DU,-0.3771818236959959,-0.7778981409022169,-1.129250199524038,-1.439648673440544,-1.7606287410732884,-1.991281934085596,-2.1808153021682797,-2.303793463831126,-2.555054407671121,-2.601194373942499
DSG.TO,-0.6501592602608465,-1.081344889822824,-1.408147316893311,-1.6762552158899686,-1.9112724175010956,-2.0521808355097613,-2.197499517836524,-2.330649233955041,-2.4733838449191174,-2.596070999257443
TFBF.DU,-0.6632372296083802,-1.1396694482878487,-1.5054035098222707,-1.8584497337296568,-2.1076828617714782,-2.344909087520235,-2.5752524574745754,-2.7294552159445256,-2.904978099567219,-2.934681872293434
TELIA1.HE,-0.8422335446291755,-1.4814949804903579,-1.8859822722761723,-2.16794579954079,-2.398721064416407,-2.5900120255276793,-2.7771286116092493,-2.99526403470292,-3.081941098679029,-3.081941098679029
TEL2BS.XC,-1.0405565136925878,-1.5249112503876263,-1.9436143443462373,-2.223160782791365,-2.444474904296552,-2.535437483329476,-2.5986573410462612,-2.718834385918889,-2.8283092964587135,-2.940614415861944
4755.T,-0.4603544200863136,-0.8831003688771275,-1.2296507145216766,-1.4995609108094647,-1.7410727743816246,-1.9828736366290014,-2.1240515238815267,-2.2880919048142183,-2.425808819910763,-2.610541501561737
CCHH,-0.3292913469781223,-0.5524425846467742,-0.6493239131864657,-0.8648943586852829,-1.0574142284863812,-1.1309776082451584,-1.2112321309213452,-1.2112321309213452,-1.2112321309213452,-1.2112321309213452
GPT,-1.1117308997392743,-1.649373171935301,-2.2450051514888036,-2.353935152309369,-2.7374395186261196,-2.7374395186261196,-2.7374395186261196,-2.8374395186261196,-2.8374395186261196,-2.8374395186261196
RENT3.SA,-0.5405631330821774,-0.980641927451443,-1.36468115474588,-1.728844075994891,-2.0247469832442087,-2.2128813095127904,-2.3833185455972052,-2.5710718669656893,-2.6959456372663766,-2.778612901442224
601899.SS,-0.5654600725221358,-1.0544089133204053,-1.4402302074064688,-1.719071779526878,-1.9658685750546279,-2.1730790773716704,-2.317621940584297,-2.5093360166105203,-2.5838751995186415,-2.9898278858696368
DIVI,-1.2956337320569777,-2.0140749941695484,-2.34366995704514,-2.523385814500847,-2.7142919688186717,-2.808239272466326,-2.866445212472542,-3.0244738495588273,-3.1450754485929204,-3.1450754485929204
002594.SZ,-0.5010370297448343,-0.929866116204219,-1.313573461663836,-1.6237611817084765,-1.8672869916547652,-2.0745854513099156,-2.2597535719179342,-2.3740610009505674,-2.514554894213564,-2.9285727506477155
SQNNY,-1.1460793129976463,-1.327661280531054,-1.4758660353086253,-1.651233839391686,-1.8022854690841759,-1.9569574833769539,-2.0828946676517504,-2.1673066423451535,-2.30533111405179,-2.4063506782492916
ALO.PA,-0.6411280211838764,-1.1374268755807573,-1.5210224193709614,-1.7872955080467392,-2.043886329590969,-2.220032831394826,-2.4628815994686692,-2.619514108724366,-2.721002716702381,-2.808516764939597
CA,-2.6600674686174655,-2.885634912426763,-2.985634912426763,-2.985634912426763,-2.985634912426763,-2.985634912426763,-2.985634912426763,-2.985634912426763,-2.985634912426763,-2.985634912426763
LI,-0.27085784680629266,-0.5929845539816317,-0.8886808703539247,-1.1993955564172418,-1.4202350882229806,-1.624908993672344,-1.7905373306759784,-1.9609063483496139,-2.1058609298360516,-2.2200949086079045
2688.HK,-0.5242129091722423,-0.9550936642826723,-1.3579030315768998,-1.6783379263561975,-1.930944719395704,-2.1831053923100785,-2.34715947841697,-2.5007232551478387,-2.5833452281585694,-2.7202550953336457
TMCV,-1.1724524657463657,-1.3739897349255692,-1.5263178580056755,-1.6492436861775368,-1.7428603822822153,-1.805740635065951,-1.859145086994976,-1.9018154188317928,-1.9257410285043162,-1.9533993825900502
LVN.MU,-1.3024864037941146,-1.635144939910778,-1.907654713835456,-2.1428514666877088,-2.3608496007503663,-2.495174005621148,-2.6076518772273607,-2.821810275852692,-2.9224426342815164,-3.21545789995561
CAR,-0.44408491853554044,-0.8193244697530792,-1.101489686453902,-1.334668055995098,-1.5513677465127163,-1.7307351892655696,-1.8994818790480108,-2.0375338396676974,-2.1316871512579874,-2.203960177268958
7012.T,-0.5441396440025205,-0.9926046490869709,-1.3533562010788573,-1.6664662872344065,-1.9493584775667454,-2.220405126054679,-2.3740496121669072,-2.5646826036793766,-2.684346991293591,-2.862185531718009
EDV,-0.8035861908640474,-1.4803799003309184,-2.0367419992939584,-2.463880806231538,-2.7869707506900006,-2.9158785499482742,-3.209408870082457,-3.324201397725902,-3.5128302264568765,-3.5128302264568765
2801.TW,-0.8780385846283185,-1.3529807630549762,-1.6847006966432954,-1.9649428765262673,-2.2133636174311584,-2.414590807093334,-3.1662083050980154,-3.230550390334471,-3.3119017212686157,-3.4236943438411376
MOWI.OL,-0.5843378615859212,-0.9771792137492948,-1.2639496363707792,-1.4959454160734498,-1.6313298120027941,-1.777273795562314,-1.8803925724683672,-1.944249824257495,-2.0230357960159004,-2.099303986698742
AKRBP.OL,-0.5606342406845396,-1.004376862414727,-1.349120354314708,-1.6901755659025717,-2.0132336354734575,-2.2737152203864017,-2.5494921978062455,-2.653180003699273,-2.7686725173814866,-2.8275593835881394
015760.KS,-0.6614830471303057,-1.2066881210785485,-1.6648586505324035,-2.0262133377347475,-2.304087858319554,-2.4946645340157225,-2.7235949738071996,-2.878355795615548,-2.992444737387318,-3.0282156601502876
ALAB,-0.24296086511583645,-0.5205524637914007,-0.7764217611479278,-0.9915264746773305,-1.2418667918433206,-1.3451666341766386,-1.4652337926855228,-1.6320043423452146,-1.831913655701191,-1.930285856057586
PEO,-0.8758749347175768,-1.4823490682647453,-1.8902496769169461,-2.1996321818220173,-2.411098038393774,-2.5234011779966083,-2.6413291991609484,-2.758243671798118,-2.8800482509373944,-2.961789141910216
TEN,-0.514403158065337,-0.9368395705995938,-1.2560314926274385,-1.577310799485852,-1.809531199699317,-2.0366262476097177,-2.278815995230383,-2.4403262319914756,-2.5756563617780643,-2.696677707750701
SPIEF,-0.1333671491253531,-0.34550233563267574,-0.5619180318298495,-0.7421552487081325,-0.8989130208839132,-1.0456399085261832,-1.194308849696154,-1.3274813782218455,-1.454010659407931,-1.5118151549593384
588030.SS,-0.6505836069244201,-1.217475313559967,-1.5905463274530671,-1.898291768928295,-2.296950010175804,-2.548755357807564,-2.548755357807564,-2.6871152884239646,-2.6871152884239646,-2.6871152884239646
CNH,-0.5907998175703582,-1.0944462125976586,-1.5049433915014416,-1.837274952524299,-2.1080020265087844,-2.349218870637967,-2.5852521089503884,-2.6612710882175876,-2.795013783620948,-2.837907681128158
1519.HK,-0.4756435295807923,-0.8231059224328742,-1.1503493803760083,-1.416201838042917,-1.6412464425437696,-1.8305738201454227,-1.9411605546624435,-2.006751593767647,-2.17206518837744,-2.224431849474781
TLC.AX,-1.0710365282544616,-1.8266024626969186,-2.332543236243808,-2.718524645258334,-3.0637530833157385,-3.1637530833157386,-3.1637530833157386,-3.1637530833157386,-3.1637530833157386,-3.1637530833157386
PERSISTENT.BO,-0.6688464555897848,-1.2522678512470586,-1.6671602410135538,-2.0275342750083647,-2.3456518503242667,-2.603035207423052,-2.767614692395137,-2.9596305058920565,-2.9596305058920565,-3.167030610503843
8331.T,-0.637619339487291,-1.2055970694523421,-1.6080464070488074,-1.9300193823715392,-2.218890916465115,-2.4451458057538664,-2.6029648016094957,-2.7075800479093495,-2.8543130637750833,-2.9918809929976073
KBXA.F,-0.7315409634641058,-1.2183474213451204,-1.5941891651681992,-1.9102646099298766,-2.224830354483802,-2.3602049695496308,-2.5610027989473614,-2.6594089415622033,-2.7932257563152216,-2.885019488533791
TATACONSUM.NS,-0.6491548931527482,-1.1949485656441046,-1.6240934928237183,-1.9254038703613694,-2.1519777442572625,-2.375050277499044,-2.570385686312285,-2.854557614592297,-3.068017401514884,-3.068017401514884
KGH.L,-0.5783998408643134,-0.9448119770195786,-1.234047971928674,-1.5279878651497243,-1.7944182148931975,-2.0015352489716434,-2.176467849230832,-2.3064423996903836,-2.4648816509289118,-2.634168174068393
KKC.DU,-0.6311167255707174,-1.0273608922565105,-1.3866513619706626,-1.7740030862208738,-1.9667069756276114,-2.2840028295265644,-2.3677403381106337,-2.472349579651011,-2.614013660405654,-2.842631784080537
FORTUM.HE,-0.778974822332518,-1.3343364341164674,-1.7420322422910866,-2.0205461453626326,-2.216421817262829,-2.4075906965773664,-2.644524488708933,-2.778936463066188,-2.964693738497563,-3.072759870621543
SIG,-0.547278831635372,-0.9443185649327787,-1.2507068684575717,-1.5238650019865514,-1.7222276286580331,-1.913641301370329,-2.117045310895952,-2.269381363370994,-2.3584500386378116,-2.4880103093564743
7885.T,-0.7504736259660033,-1.2607924696428443,-1.64407595678656,-1.9845818687498864,-2.216675636144378,-2.4151128060456175,-2.545410700102947,-2.72549341347765,-2.7983503442235,-2.8900074107988445
300340.SZ,-0.3861893771572451,-0.7183017466473671,-1.0162064063607623,-1.2596815945015145,-1.4813143296140663,-1.7013607430312483,-1.8539590419462701,-1.9577402774656705,-2.0814918871495864,-2.4103721654994983
600036.SS,-0.6812476917241814,-1.2419331516386407,-1.6927453849939855,-1.9959661528360138,-2.1862583569443528,-2.4471684084832157,-2.720742827498977,-2.7573100983678454,-2.9264832519039987,-3.3952594546526336
SSW.JO,-0.32765914254254785,-0.6917871010916222,-0.94577708618932,-1.2266734374352861,-1.5042630029053394,-1.7017736161573347,-2.0168051913007523,-2.1877403021395057,-2.3172190322770363,-2.343072171334712
PST,-1.2526413281271276,-2.090637229164345,-2.6661208046963654,-2.9517723592794276,-3.508072879677745,-3.508072879677745,-3.6080728796777453,-3.6080728796777453,-3.6080728796777453,-3.6080728796777453
3661.TW,-0.4019874545469443,-0.7396821393119909,-1.0553174817566977,-1.3128326897148508,-1.5548774333676068,-1.7273413905188304,-1.8946985961431226,-2.032993448457404,-2.1580819675227016,-3.230241169435826
9626.HK,-0.2159075279237857,-0.4806444321164959,-0.7820451595388841,-1.0093214154104604,-1.2435228837190517,-1.4688247031605335,-1.640724095221988,-1.8004166622305184,-1.9939836058885478,-2.1178469200095176
BTTC,0.22060908646341354,0.05971709978532288,0.019895187598079567,-0.1800123697927051,-0.4307272992954575,-0.613293123085799,-0.93612982397263,-0.9996904864891374,-1.0675705238781417,-1.1407637392345984
2313.HK,-0.5468091109864055,-0.9782416518266411,-1.3637372933867786,-1.6977643930643624,-1.9881684620140725,-2.177445314427246,-2.4058352727049193,-2.5870084030902927,-2.7237663259763387,-2.817450235038512
3993.T,-0.34152004961954957,-0.6725618312152514,-1.0194400202767462,-1.392385188717768,-1.603261645922313,-1.8892944962604081,-2.1047689276965134,-2.2976941018557975,-2.4159557691782396,-2.4906393339853987
WISE,-0.6821178886148176,-1.0663467478970765,-1.4229906071917802,-1.9255658412942467,-2.210372745974486,-2.4210937079397024,-2.988692476261893,-2.988692476261893,-2.988692476261893,-2.988692476261893
ITRKL.XC,-0.881402249825984,-1.4761047655757937,-1.9359170092537419,-2.3328937943036845,-2.5503088850664017,-2.718834385918889,-2.898998592613696,-3.193860954962528,-3.498464307216663,-3.598464307216663
STERV.HE,-0.5856700594715136,-1.0476414825746743,-1.464678567501189,-1.825878902453409,-2.10318988229561,-2.3558164364108585,-2.5865041359050034,-2.7613268344903514,-2.9969605969442727,-3.118473258775813
BTI,-0.8530381093158982,-1.444328537494258,-1.8463478170595429,-2.212742108953147,-2.4796305340295475,-2.628985525095589,-2.794402495947033,-2.961789141910216,-3.169068054888483,-3.3146523927384957
7272.T,-0.5987581269901878,-1.0636175131809784,-1.4423422743457757,-1.7858619645213605,-2.059280752822947,-2.3164106551758525,-2.5065040694860508,-2.7095070034993918,-2.7788698763400363,-2.9470004139115633
RK7.F,-0.626792786186767,-0.9271216397084975,-1.181505384519793,-1.4393337283436118,-1.6095194773676766,-1.8773486478405026,-1.9471916856267617,-2.0505216856721424,-2.15253828627134,-2.2835767654643293
RDY,-0.7205074594914009,-1.251701441009994,-1.6833226876716043,-1.9866568427577045,-2.240038048031389,-2.385686374039074,-2.5658376648657444,-2.6783821007425126,-2.8185105547452203,-2.8894012637241064
PHNX.L,-0.9125236534825228,-1.5057872108377053,-1.907288020777441,-2.1905105590891556,-2.426960030319161,-2.6181472552819978,-2.7536258986072775,-2.92558304849329,-3.095526744874719,-3.29554254770759
3088.HK,-0.43563495643366423,-0.9467349169859736,-1.3493189851031344,-1.8404717579645657,-2.1627855486084897,-2.5056379402689397,-2.6676042083416185,-2.741736454712996,-2.741736454712996,-2.834924502383015
1530.TW,-0.8192144137951346,-1.2989041247165436,-1.6911361054023146,-1.9812114334484006,-2.1585122003160007,-2.330716003308497,-2.755027187078188,-2.8107846651020547,-2.853480048050543,-3.1662083050980154
2379.TW,-0.5537231349474412,-0.9712404174817794,-1.3052296177653946,-1.5914613298038462,-1.7838985324175838,-1.95963378092471,-2.69191771416088,-2.791220711190076,-2.9021116837782417,-3.230550390334471
HMBL,-1.0443220784029068,-1.087433359754147,-1.1326666491148283,-1.1968470404919216,-1.2573508961373663,-1.2868138537381877,-1.3282900799597637,-1.3629667826869059,-1.402986627755342,-1.4441043693834903
ADDTBS.XC,-1.666913595747664,-1.7868611167962856,-1.9151768498312176,-2.121279302454006,-2.2010147891186804,-2.5026523381392534,-2.5026523381392534,-2.7389631456618466,-2.7389631456618466,-2.7389631456618466
8952.T,-0.8735150946146939,-1.4678604169994045,-1.8298841282795668,-2.101060729040044,-2.390688439315851,-2.651731984747393,-2.770001374748283,-2.847644861399355,-3.155614917053521,-3.238594737834693
ASX,-0.5063678707621344,-0.9310822421357315,-1.3033920628369837,-1.5915045912342802,-1.8374619254674303,-2.0909178012380445,-2.2895529673762316,-2.452842746103947,-2.573116066416685,-2.700231037306542
SOLS,-0.4853177302549622,-0.7215222839823433,-1.292805229199416,-1.292805229199416,-1.7598610279335334,-1.7598610279335334,-2.061916500809467,-2.161916500809467,-2.161916500809467,-2.161916500809467
QUBT,-0.6685516676342305,-0.7659644100863067,-0.865882461695863,-0.9626677504946358,-1.0509592391976301,-1.1271859594695608,-1.2216269311705448,-1.3046360499157736,-1.360950250582944,-1.4336202124451591
BNR,-0.18966684812884793,-0.42351470676640035,-0.6587930773554908,-0.8758918598350801,-1.0721166934306015,-1.2677953024813806,-1.423028844535958,-1.6574862653046332,-1.8014420220281302,-1.94665648999354
3037.TW,-0.5528208346819036,-0.9388666227616153,-1.266300814675443,-1.5387677575957883,-1.7744753495874057,-1.9812114334484006,-2.4845103698195548,-2.548755357807564,-2.6507684398066615,-3.607736195621635
MPL,0.05015358346473367,0.05015358346473367,-0.05015358346473367,-0.10043372051146976,-0.3054807880993973,-0.5828415072712162,-0.772193214188685,-0.9153650878428143,-0.9153650878428143,-0.9944578832097531
ADEA,-0.5148168143612236,-0.9804423450053347,-1.3622082152652613,-1.672283707598659,-1.9135687017910348,-2.1271794920916847,-2.279635589450579,-2.40519602015902,-2.5059397250445823,-2.6128189811454727
BMW3.MU,-0.7435804095211409,-1.258464074070533,-1.6902056051237007,-1.9880455802386225,-2.1793074467844527,-2.414703308474993,-2.6391483112391807,-2.7653147710080277,-2.9200668962115253,-3.129711384977501
7912.T,-0.7207858517275935,-1.3232053481042378,-1.7536969996935274,-2.128789028777603,-2.3946583238272408,-2.6388845698073062,-2.7390644453254165,-2.877773234504277,-3.02765758217813,-3.312635205332825
0P0001PDNP,-2.3663578394787113,-3.0908256489421073,-3.1908256489421074,-3.1908256489421074,-3.1908256489421074,-3.1908256489421074,-3.1908256489421074,-3.1908256489421074,-3.1908256489421074,-3.1908256489421074
6845.T,-0.7103958634222278,-1.2548590787582283,-1.6489899817207017,-1.9994107116521365,-2.2509874727894346,-2.479524105358939,-2.600628712169549,-2.864904815398751,-3.015331861783296,-3.101529537043595
UAL,-0.44910677604359084,-0.8145403557329061,-1.147444198512531,-1.4208807240233332,-1.6116930353507255,-1.7751168565009756,-1.8874082873967732,-1.9887822788575216,-2.125483062667836,-2.2035513693245607
0P0001RJJH.SA,-2.5700122623014465,-3.0299807058767887,-3.0299807058767887,-3.0299807058767887,-3.0299807058767887,-3.0299807058767887,-3.0299807058767887,-3.0299807058767887,-3.0299807058767887,-3.0299807058767887
7167.T,-0.6843532791966902,-1.2646091187836228,-1.7563576714139644,-2.09160165759703,-2.3747332906877503,-2.5075233536789914,-2.781935376015006,-2.9311370593306063,-2.999775127674813,-3.086343997291135
1060.SR,-0.8129421158528847,-1.3690391454125377,-1.7879835366331118,-2.127244173408432,-2.387808897712361,-2.513201208251763,-2.613078050560457,-2.807998566865305,-2.8791065355107195,-2.968658612799281
2059.TW,-0.678700820839588,-1.1558704798501644,-1.519060033502936,-1.838420512557899,-2.1046223742525654,-2.3444244230572266,-2.618526310851639,-2.7210705079442095,-2.8304732300225366,-3.6002672050865576
8113.HK,-0.7598632753431929,-1.0519947637713538,-1.1833219473138659,-1.3696341343279808,-1.520013736125415,-1.6565986243567328,-1.8070115924185897,-1.9164563403091195,-2.0552631034453923,-2.179693412454226
TUPRS.IS,-0.6266188777660537,-1.0898991393947752,-1.4535878550352015,-1.7232214574127092,-1.9704407535604456,-2.1989878270164382,-2.332070746461916,-2.482940008085635,-2.5973746732074425,-2.9351994688667116
HDFCAMC.BO,-0.7257120568612494,-1.2299956268251526,-1.6857006488889703,-2.1912896782371707,-2.4804429900222407,-2.544771169087911,-2.7781184356722513,-2.8498507512662994,-2.940154984749649,-2.940154984749649
BAJAJ-AUTO.BO,-0.7996596000884819,-1.4019856220813864,-1.8464452216558929,-2.159587748475682,-2.4508262459656973,-2.5879402595848564,-2.7017986283879893,-2.833946618583775,-2.9460704576877474,-3.1150591193460473
ACKB.BR,-0.9318930516664561,-1.5109579610535557,-1.9206644850198984,-2.221170442602057,-2.455531446306665,-2.6882166162104966,-2.9684440538926378,-3.3206954098678865,-3.4322374588224864,-3.6158950911509935
LNW.AX,-0.6012776576782898,-1.125890666938283,-1.576210466948155,-1.834594397750246,-2.0934542577179105,-2.3047597897209333,-2.362455687554594,-2.6091344950803546,-2.7449811571620195,-2.7449811571620195
298040.KS,-0.41079520778415013,-0.7908366818503864,-1.1216559948010258,-1.3607877127419605,-1.61692164039165,-1.8967551438263783,-2.084464854121796,-2.354273466378658,-2.48102722490554,-2.5453434423161734
034730.KS,-0.5680663297385461,-1.042716622565754,-1.5164490634031664,-1.8813859547581004,-2.1739624452897726,-2.3841238674026526,-2.573399345469755,-2.8047701824590514,-2.9655779188585987,-3.0881454464165694
KGFMF,-0.5549878754859063,-0.6645644494105798,-0.7741897896244042,-0.8721576803849761,-0.9930715127317367,-1.1107716166367858,-1.2015553100299123,-1.288797905381293,-1.3493792261509345,-1.4447674858268786
600900.SS,-1.0014969224146106,-1.631918234229629,-2.014471030243575,-2.3273192074287192,-2.564127509396946,-2.732791107380943,-2.873186700383315,-3.013105688376594,-3.059580002569857,-3.561023060577974
THYAO.IS,-0.5414726875352986,-1.0126819101329116,-1.3702590195439273,-1.6657783201888183,-1.9346740800992548,-2.182252411417252,-2.3557601535062798,-2.4588214116073,-2.555417151204049,-2.713051888472723
7309.T,-0.6823398553928446,-1.2267842506113902,-1.6425235925164396,-1.9731794545876256,-2.1849507772915526,-2.4226135360451626,-2.588810110538564,-2.7423829491559246,-2.864752357650531,-2.946851541718005
COFORGE.NS,-0.5460876630976035,-1.0229671830187925,-1.3881578585590444,-1.6908017718229886,-1.9504962396957897,-2.1516175390690933,-2.3250711501213384,-2.48723835080423,-2.5947450279637048,-2.670542028064062
601288.SS,-1.1204705112924598,-1.789822641498864,-2.125483062667836,-2.374517883201185,-2.630748659941307,-2.786697640956229,-2.948336763558528,-3.0714910557709527,-3.156373048665557,-3.5638611105882876
2611.TW,-0.7440702491970861,-1.2040469600267016,-1.5632564894351602,-1.791552777716829,-1.973011883078066,-2.150625239621263,-2.548755357807564,-2.6379955209192554,-2.791220711190076,-3.4236943438411376
WEIRL.XC,-0.591705623116801,-1.0598992126339561,-1.4743636149292898,-1.8514241085046819,-2.1350588876096186,-2.4003790977280186,-2.695932647863175,-2.7694357040135924,-2.9880458495616042,-3.043333522256893
5411.T,-0.5610836926953521,-0.9886439597140484,-1.358218179561655,-1.6955802643574422,-1.9555428476823302,-2.201768561289448,-2.4029597850174316,-2.599257708813472,-2.794978828261999,-2.893789828328216
2368.TW,-0.4741866739318457,-0.8843170320905198,-1.2259123514896393,-1.4971165490745586,-1.7058775092570189,-1.9141698594288863,-2.4761210634417914,-2.569210560748155,-2.6776923495590577,-3.3119017212686157
CEZ.PR,-0.8607461938355845,-1.4165965750135812,-1.8211189922586193,-2.092220266317758,-2.3934235944130564,-2.554889385344167,-2.7607821486684805,-2.8371128368543475,-2.996452125882729,-2.996452125882729
6586.TWO,-0.45044384238989843,-0.9727505582938755,-1.3247352896778108,-1.5912479531981738,-1.8268050677178866,-1.9970777914031796,-2.1586607748353437,-2.3470187430006813,-2.388175130832271,-2.458697047444766
SOBI.ST,-0.6715728456036067,-1.222699280176287,-1.6398761158200732,-1.9679641308891667,-2.214358552474604,-2.388719257253862,-2.538464160381784,-2.6963541364913204,-2.8103702557792287,-2.9795630751396582
IOC.BO,-0.663996134931085,-1.1750847210715476,-1.580726523335519,-1.9252728415458544,-2.205427728952441,-2.416491064219949,-2.5946821896124437,-2.7368493699411456,-2.85941697313799,-2.911997907870729
PMAH,-1.444758164948601,-1.4607202880458954,-1.4770635155893503,-1.493811076799403,-1.5109884296419476,-1.5358125966648681,-1.5485878661088732,-1.5635046651455775,-1.5885135898870182,-1.6003990467657907
ORNBV.HE,-0.8320598908104715,-1.3971315356305984,-1.8180557141773603,-2.098803042692786,-2.3234167543271766,-2.4719494943260063,-2.586162588955577,-2.7293645392840005,-2.8166619634270704,-2.842275020062395
BPCL.NS,-0.5728842003782636,-1.038779735616051,-1.415248883833214,-1.7504717763691848,-2.016837418100459,-2.192814269368916,-2.38157616281986,-2.6148296340068535,-2.7561367778130723,-2.854557614592297
AL,-0.674064329196484,-1.1787259945193806,-1.559055544873587,-1.8648974389297426,-2.0763856023149616,-2.22680994633972,-2.4161835311472535,-2.5664067600918004,-2.781650258478125,-2.895476795986633
241390.KS,-1.9861262113627076,-2.862875654709801,-3.021062730738657,-3.339388478215461,-3.339388478215461,-3.339388478215461,-3.439388478215461,-3.439388478215461,-3.439388478215461,-3.439388478215461
VCX.XA,-0.8193488439090361,-1.4074798124511592,-1.9299498360387892,-2.2435087715262836,-2.4576224044088897,-2.8295051710951467,-2.887351142775619,-2.95684897110142,-2.95684897110142,-3.044457667271573
4013.SR,-0.8003131056487289,-1.4765645972354513,-2.0970837843982046,-2.4989340971975746,-2.7740490990907047,-3.1979499410434813,-3.1979499410434813,-3.2979499410434814,-3.2979499410434814,-3.2979499410434814
SBRY.L,-0.7917126299839577,-1.372718644394586,-1.7716170682558563,-2.0707712809035153,-2.3629039934267078,-2.598309935247104,-2.7797718657486126,-2.9360444215091093,-3.033462341737826,-3.073527382020066
MTLNF,-1.88691620133865,-1.9170874364681825,-1.9491119969398922,-1.983270003791575,-2.0199121099338937,-2.0199121099338937,-2.059485718370667,-2.1499624462817737,-2.1499624462817737,-2.1499624462817737
AIA,-0.8513808551563321,-1.408860390526322,-1.8766494002443557,-2.1960459476156418,-2.4237545647676586,-2.638034109014848,-2.790256939474742,-3.007586537480803,-3.062573447426227,-3.5155251240701926
BOOT,-0.43203312629914303,-0.769766804468528,-1.1001404890852677,-1.3603243532199865,-1.5746227924184153,-1.7439507657181086,-1.914660784113244,-2.126473347861085,-2.2652734212697676,-2.4004274966325463
GTY,-0.849733419093914,-1.3710401487362953,-1.7660833721166094,-2.016597112984096,-2.2401638513710274,-2.397302394269086,-2.4965685244309896,-2.6672960131867987,-2.7758695696819626,-2.794402495947033
BBAS3.SA,-0.5304451355503493,-0.9681369999013152,-1.3721693599696407,-1.6807233440647533,-2.007245386507849,-2.244311353696193,-2.4248128262820994,-2.61650742981354,-2.7939075987420505,-2.8341424575186602
BCE,-0.9858461921420341,-1.6032242627014597,-1.9965087461959663,-2.2449019095076244,-2.4880103093564743,-2.680985395375806,-2.758243671798118,-2.8346314809778623,-2.905191387241866,-3.0699424590340376
BSL,-1.398249301273551,-2.1560110471931164,-2.5204723299727685,-2.8009309926807413,-2.8721857275336147,-2.961914686379306,-3.017609389286668,-3.084606450955631,-3.285197722767662,-3.285197722767662
TLX,-0.2699040873973777,-0.6800798526585093,-1.0410069117561176,-1.3490996379841234,-1.582764384120382,-1.853366907007719,-2.1030546461485398,-2.3030399445897842,-2.3030399445897842,-2.3030399445897842
IFT.NZ,-0.9718932083039024,-1.6315856728795881,-2.1303737127447073,-2.4817503761654405,-2.7273297634278015,-2.96361970324263,-3.1174445354988563,-3.2350591976295644,-3.316314450086677,-3.427981201866752
TLV1.SG,-0.5833804906848558,-0.9838890503565625,-1.284140011044206,-1.527927207121577,-1.7387078314478766,-1.8431567848703985,-1.9767264233238067,-2.083691821699105,-2.202012874014346,-2.2493569389904224
MSUMI.NS,-0.65522044838158,-1.2592739360227092,-1.8353604183776746,-2.2303612086746267,-2.7249630598236063,-3.1695768158417845,-3.1695768158417845,-3.1695768158417845,-3.1695768158417845,-3.1695768158417845
MC.PA,-0.7084419364440728,-1.2564558156732497,-1.6686068016218216,-2.058782877476716,-2.34242647334154,-2.559659598343411,-2.801341805743902,-2.9389821650917063,-3.175306731197378,-3.2394926478645356
8953.T,-0.8217640266214553,-1.3678105920347083,-1.716415147632477,-2.0061068906580255,-2.219887187968022,-2.4368746273009965,-2.575483324008607,-2.7061510940844054,-2.847644861399355,-2.9885765493558534
SPXL,-0.6100467752464642,-0.9221869777021111,-1.1735977089791227,-1.3899558174139526,-1.5885285970788836,-1.7442678291341598,-1.8961710679859483,-2.055186959691215,-2.1745485568155583,-2.302251852271514
PE&OLES.MX,-0.585942899659291,-0.9841424405125391,-1.3228952223382768,-1.6186690195430529,-1.8544489690938109,-2.0441989251915436,-2.1945080143344895,-2.3376444429686094,-2.4508720204377914,-2.5862429867095273
2002.T,-0.8151747769082907,-1.4405115110992304,-1.9177336425592546,-2.2925647707836463,-2.5597605672688206,-2.692792093318821,-2.792069225181797,-2.9300764502190235,-3.067787330537571,-3.1135632538678264
5274.TWO,-0.41389779606818194,-0.8225709244957935,-1.1472372018835584,-1.402799846609006,-1.6523673861063939,-1.8604569765557,-2.0489075416506437,-2.264264729478609,-2.492492822545671,-3.033644651491638
HUBC,-0.2745668302414925,-0.42069465345447177,-0.561763492790002,-0.6831430564425053,-0.8581176224184386,-0.980136096802456,-1.1141743739039318,-1.233610828243407,-1.348593414158356,-1.4271405654871399
2875.T,-0.7524360637695321,-1.3279913265986139,-1.7569008990179953,-2.151388706422386,-2.4709184026956827,-2.7425410613118277,-2.9470004139115633,-3.0555996608226104,-3.301230301013023,-3.4133284188440216
CHCT,-0.7331010206597176,-1.29902643917136,-1.7203915722688714,-2.0492845935603534,-2.2577529943664896,-2.3982585931836176,-2.5851316573142324,-2.709471520512447,-2.7483137441866057,-2.7918056627723487
4911.T,-0.6832407712275252,-1.2415090828578281,-1.6608954692046096,-1.9991273375585719,-2.2421173448816525,-2.477057029488441,-2.7075800479093495,-2.832325916888525,-2.9918809929976073,-3.1135632538678264
BEZ.SI,-0.7578068676122994,-0.9610666768316438,-1.2447370955703256,-1.3937680109798851,-1.5775407055595658,-1.6781857189858431,-1.806589506135056,-1.897891895881963,-1.9677983009659432,-2.048897126624946
BZ,-0.3125992436375617,-0.6264735708213959,-0.9598754487214353,-1.198897804419561,-1.3853716188759706,-1.5824927859085953,-1.8015532605894473,-1.8853051868179933,-2.0172625434763827,-2.1980211574470596
688362.SS,-0.33255040665749686,-0.6417236485694757,-0.9244286998588878,-1.2030748199565928,-1.4777538157052035,-1.670923231736571,-1.8580783082387156,-2.1842025393757685,-2.357044229768461,-2.4794668853016693
LIFCO-B.ST,-0.7038152549362444,-1.2458296446566484,-1.7208717697708233,-2.0450941688527795,-2.3251396702954303,-2.5507598735450348,-2.724017888297925,-2.855306289371104,-2.855306289371104,-3.0687217584296866
ALDAR.PA,-0.9436844929257053,-1.3074012773546082,-1.5872481188907495,-1.8055400516693154,-2.045528458026023,-2.2280836434836924,-2.381336241460982,-2.544383280863662,-2.7146492648650233,-2.8543507003781667
CON,-0.6336400007797008,-1.1254749848982926,-1.7329616064414692,-2.066501367305727,-2.3949970583813744,-2.5401550850200443,-2.773823881198404,-2.8738238811984043,-2.8738238811984043,-2.8738238811984043
WIPRO.NS,-0.6601492239084733,-1.1496953867382205,-1.4976823799010444,-1.7504717763691848,-1.9532272495041967,-2.096739711780566,-2.228336436105618,-2.469116459239023,-2.5919679571194467,-2.678828367758589
ICG,-0.2971110002647892,-0.6065350060241977,-0.7791396836729915,-0.9448619787952731,-1.1486211047413108,-1.3335963423035622,-1.4461035929181751,-1.606053715175677,-1.7197929451206306,-1.8040397786521263
HSX.L,-0.8193729312250586,-1.3487359551565807,-1.7661156131455853,-2.0707092475043942,-2.2400620106748734,-2.4154195910793805,-2.5663819334124813,-2.6453436974171547,-2.7621173278379048,-2.8603658886284866
2319.HK,-0.5142232326585335,-1.0126139312051357,-1.4563440254463331,-1.86935732163128,-2.169619705042336,-2.4319487121434658,-2.5584999483840227,-2.79089563355366,-2.868065192136981,-3.008186166133543
066570.KS,-0.5622503639535502,-1.043324045494638,-1.4296981928831785,-1.7916869431083986,-2.075428849738239,-2.346053116453866,-2.5588093001147767,-2.8017793753804545,-2.9627241557562454,-3.2040173494182795
BIMAS.IS,-0.717587553000192,-1.2426424532909608,-1.675483504316727,-1.9768013818691113,-2.2158428057791135,-2.3750366918339787,-2.6207521216312792,-2.763305693027189,-2.809685519339762,-3.1042989625918684
GAM,-1.1648640747699508,-1.7324518175544705,-2.0958990678310654,-2.3006751181912235,-2.4554858393650236,-2.628985525095589,-2.7758695696819626,-2.8800482509373944,-3.029837028801329,-3.0699424590340376
4004.SR,-0.765952441865687,-1.3377046453923713,-1.8066091325899671,-2.093331051543408,-2.3046454077696823,-2.5090236594468056,-2.6844961258078226,-2.744881844034189,-2.8173206650290905,-3.2363581627402853
365340.KQ,-0.34154026587491604,-0.7817397399048306,-1.2026366847380467,-1.5677259305194624,-1.8659203788663081,-2.1884118189366486,-2.393105337423627,-2.6893139538268165,-2.6893139538268165,-3.0373559005360944
SYENS.BR,-0.5587448321312645,-1.1007801191566398,-1.5618615392556823,-1.9013826653257515,-2.5286448811898254,-2.6678607995426544,-2.6678607995426544,-2.6678607995426544,-2.6678607995426544,-2.6678607995426544
3034.T,-0.6392209564453598,-1.1366152133381902,-1.5245172404442509,-1.869346532845929,-2.1448805692345476,-2.280776221769751,-2.4546786578757342,-2.5642207409254203,-2.6728688753423464,-2.7417943613118707
600030.SS,-0.6110979275336753,-1.0525371150115614,-1.4005538898219758,-1.6894420323767259,-1.9420779900611056,-2.119567292815378,-2.244150882991667,-2.3939797998185135,-2.500227786121321,-2.886081669792174
KESKOB.HE,-0.8304187371376828,-1.372286565043762,-1.7814611517150225,-2.0861603960178807,-2.2883377295509146,-2.474793762113199,-2.644524488708933,-2.7613268344903514,-2.859598134363844,-2.9352464764978534
OU80.F,-0.9336336900590174,-1.499957504440886,-1.8871089466909343,-2.161352413064141,-2.6211907473740004,-2.849328562806274,-2.849328562806274,-3.0630983521351305,-3.0630983521351305,-3.1630983521351306
5209.TWO,-0.9946438711673171,-1.4614521327732537,-1.7527902983772576,-1.9939836058885478,-2.137231274250391,-2.3196098790607014,-2.7071024740144947,-2.8390443403203864,-2.9510047154002654,-3.2035454614831407
601328.SS,-0.9272986324408082,-1.4650027817830427,-1.7567585286353382,-1.9845106562436068,-2.2744689943667744,-2.4432244033948463,-2.5861859795376483,-2.6941053338216907,-2.788618415901936,-3.514181320419177
C6L.SI,-0.8932981279733845,-1.4826332435409493,-1.9120007268844117,-2.2199865872638433,-2.5352735399592494,-2.656504659408521,-2.796717450434581,-3.031999546627963,-3.0720808748785458,-3.235406210816535
HWDN.L,-0.6799681473092632,-1.1660898492634775,-1.5239108763782707,-1.8371812892981543,-2.0838770670135425,-2.2689746079153887,-2.4444854539847953,-2.5664343429777796,-2.7139542715726765,-2.817806257611164
3289.T,-0.6476035829249775,-1.213860337041061,-1.6506680947477288,-2.0423779187430964,-2.354099519551188,-2.5341138596198474,-2.714814027729259,-2.9368494851399403,-2.9368494851399403,-3.0053768443351623
IHHHF,-2.284711740340371,-2.3532900431509556,-2.4004452636600417,-2.453631910596181,-2.47301527970095,-2.587190113192562,-2.644235381080625,-2.711452158372144,-2.793737728345816,-2.793737728345816
DSSA.JK,-1.2748059313305369,-1.4677560361280153,-1.5680337298343863,-1.7113175162051577,-1.833120047090844,-1.9380406395485723,-2.158839305181822,-2.229161104573147,-2.3219097802633257,-2.393330801451678
LTIM.NS,-0.7113238723656733,-1.2903827216619155,-1.6825318539892746,-2.0255763299291973,-2.3007792908332463,-2.4881081921228585,-2.798315782373839,-3.015153399008921,-3.015153399008921,-3.1360622107035776
267250.KS,-0.6140414861161997,-1.1138473846847432,-1.547208275248744,-1.891588735398623,-2.143091396744853,-2.5041173289533827,-2.63159207322973,-2.8254493414838175,-2.8961973141630915,-2.98531534249825
461270.KS,-2.9443587839164045,-3.0443587839164046,-3.0443587839164046,-3.0443587839164046,-3.0443587839164046,-3.0443587839164046,-3.0443587839164046,-3.0443587839164046,-3.0443587839164046,-3.0443587839164046
INDT.ST,-0.7128052852549892,-1.2570093628717545,-1.6777891531290834,-1.9715931290042201,-2.245743786693284,-2.3981018406018295,-2.675788578378688,-2.800582933340134,-3.0414615821272357,-3.2443565255706104
5831.T,-0.7864249527167635,-1.3084663465872508,-1.8978455061752555,-2.16860186508462,-2.324937876074569,-2.4310181156498714,-2.672527032578853,-2.672527032578853,-2.8058233004010096,-3.022204412311593
ALI=F,-1.0330816478429745,-1.7647617709755283,-2.2385194240825315,-2.645011158142727,-2.9287138592872197,-3.202697225236337,-3.397222792712595,-3.397222792712595,-3.397222792712595,-3.397222792712595
BSEM,-0.5811797810914355,-0.7061130765106445,-0.8249048265742592,-0.918006216742626,-1.040230778672383,-1.1370369779550267,-1.2438647703201235,-1.3349731781163643,-1.4132416523539848,-1.5156718209308266
301043.SZ,-0.6002242302045997,-1.0076656025448878,-1.3456861469051975,-1.6203164396467877,-1.8152625707717995,-2.059601844925987,-2.221884978664063,-2.4318126942968967,-2.4798018857302004,-2.5975307463203605
9843.T,-0.6822996332113871,-1.2882113594391997,-1.75530050130824,-2.0915662759376508,-2.393788710919576,-2.5853758919859646,-2.839654557688233,-2.991157038479296,-3.1967999497110537,-3.3916203854956857
EIA.HA,-0.9717025734909182,-1.61583534419115,-2.132851975346116,-2.543367875932579,-2.7768128035789736,-2.7768128035789736,-3.116546827724766,-3.116546827724766,-3.216546827724766,-3.216546827724766
1301.TW,-0.8328273899744143,-1.381568449339298,-1.8032347743126511,-2.1059078781874954,-2.3486482117790928,-2.569210560748155,-2.876945923371268,-2.991080413862558,-3.026865052867319,-3.3119017212686157
601398.SS,-0.9842894714896273,-1.5510056851453962,-1.9301313246103802,-2.223944222823356,-2.464533197088525,-2.6833751960091714,-2.7718764227232957,-2.7978314902808292,-2.9676281196146106,-3.521739909587398
6506.TWO,-1.0892731913399236,-1.506582221471964,-1.8176260906060706,-2.0562747316758014,-2.209982273188895,-2.4237709728656998,-2.6465429504154807,-2.7547861001784053,-2.839549247693377,-3.1202309702498443
IH,-0.2735075861314963,-0.5241814770258393,-0.7925716729521232,-0.9915822101910584,-1.204272202725839,-1.3850669788635557,-1.5794093529401887,-1.7207244482601831,-1.8315258912859298,-1.9981825064704022
RADL3.SA,-0.8660656094602207,-1.312367221308574,-1.7162457649637055,-2.0246306762240676,-2.310875764890405,-2.5135527197161576,-2.7093134091407776,-2.8133081870438885,-2.8794207820270894,-3.069348042415442
BOUBYAN.KW,-0.888514130786123,-1.639660840747109,-1.8802271563830895,-2.1237398668963086,-2.2028828902049415,-2.403542914739061,-2.531241914419213,-2.6147077340134595,-2.72169403420035,-2.873519103933389
FSV,-0.8119451041064656,-1.4026508134534212,-1.8913281871639493,-2.2109806634534457,-2.4698072247970795,-2.6115837124350794,-2.6733258181035113,-2.790834865053433,-2.8980286081378104,-3.0546679788677884
601138.SS,-0.5024022233733554,-0.936230754675657,-1.3077921781092785,-1.5366205711248584,-1.834650062287998,-2.038879212890033,-2.1628722159392506,-2.3128471935662587,-2.4812217327083306,-2.7788281796342678
LAND,-0.7127269117397474,-1.2836570101499352,-1.6997609912350815,-2.047689779816139,-2.2775193988261377,-2.486101038367551,-2.6791889385317185,-2.7741241337090283,-2.903511269644024,-3.2318276258986387
FRES.L,-0.4526253116966766,-0.8955621541786497,-1.2712686209301836,-1.5827504328593154,-1.8450036764360804,-2.06870613430377,-2.212793818607803,-2.385753300564472,-2.5089127687049464,-2.5650459441027946
VIVT3.SA,-0.6940188405322192,-1.2234306026491837,-1.6697898792786725,-2.010132042868155,-2.263789363071383,-2.5137148243219682,-2.6804732061491237,-2.9613178535358653,-3.1686232148505997,-3.232923780398797
5706.T,-0.5043912795393057,-0.9406417518237588,-1.3353489372650884,-1.6972532134476044,-1.990655334387298,-2.2768147728469073,-2.520863785931593,-2.651653972512027,-2.81162825123693,-2.902932957925707
SWKS,-0.4343753366287727,-0.8091782889039172,-1.1156629218248972,-1.3593594097755186,-1.5642664466261818,-1.7606395262667596,-1.8925426366225189,-2.0284519178112332,-2.174492807535187,-2.2847486017027
POLICYBZR.NS,-0.4450965249855163,-0.8584844741418323,-1.2298587592165888,-1.5421099601364985,-1.8098922384806087,-2.1296184691198174,-2.4175590162365097,-2.584019580599483,-2.6600674686174655,-2.6600674686174655
YHNF.TA,-0.6133571087180902,-1.1331246952990353,-1.6198562586382699,-2.1283131816827114,-2.379805344337713,-3.0039615428487134,-3.0039615428487134,-3.2088985371560437,-3.2088985371560437,-3.2088985371560437
4091.T,-0.6151971727697778,-1.1183054796449514,-1.5104992062444202,-1.8807700296344296,-2.1984657690449767,-2.386572430954869,-2.555983908657849,-2.6649076576145023,-2.8413556163565135,-2.864904815398751
HRL,-0.9419264241454157,-1.5868110888501887,-2.053054536378272,-2.346254695115646,-2.5234011779966083,-2.7099735383976475,-2.8800482509373944,-2.961789141910216,-3.0699424590340376,-3.233360977747898
9719.T,-0.6362292893396013,-1.1093319179487955,-1.4906627667608818,-1.7858619645213605,-2.0798192523338566,-2.2717297241586722,-2.422788443635464,-2.7788698763400363,-2.9794296900453126,-3.101529537043595
VBL0.F,-0.6627937038820091,-1.0723071651559168,-1.6977643930643624,-2.17206518837744,-2.4341847912895975,-2.4341847912895975,-2.5341847912895976,-2.5341847912895976,-2.5341847912895976,-2.5341847912895976
RECAF,-1.1220215695040587,-1.2446085899887425,-1.3850769246761663,-1.5098057548978538,-1.6313735985929811,-1.7438543235089248,-1.8369861178917626,-1.9276298668848175,-1.9992334802106373,-2.0442893483833777
NICE,-0.6557190743813324,-1.1454415286049187,-1.509336844222889,-1.8317899638103563,-2.043683137995616,-2.2308358870440865,-2.3584500386378116,-2.4880103093564743,-2.628985525095589,-2.741435159375291
PSN,-0.7502929255295426,-1.3246240481897094,-1.6846806114028088,-1.9480860953510397,-2.140958980847028,-2.343040314525321,-2.4796801080150668,-2.5504266755184792,-2.5912191018183197,-2.5912191018183197
SDG,-1.1659310354216215,-1.9738365784195522,-2.438062963336038,-2.718253360089697,-2.812090368128205,-3.028091739421017,-3.148574478090263,-3.148574478090263,-3.3458375075199296,-3.4458375075199297
6532.TWO,-0.5051892415495132,-0.9720643855270794,-1.377978661151799,-1.6818775202575997,-1.9392645282245229,-2.1115831133092287,-2.2709806698803807,-2.355084009493376,-2.4406589221983417,-3.0465532394498425
DEWA.JK,-0.8489693446679668,-1.1990850594156122,-1.407896104305138,-1.6326566029517182,-1.7976991319799345,-1.9454865148216582,-2.2086970463312814,-2.3251785203277606,-2.461888156780691,-2.5380945462173257
IPNFF,-0.6735188133852849,-0.7218765654274291,-0.8036399596627876,-0.8969359670694523,-1.0026093500679876,-1.0797648361582257,-1.187107589256294,-1.2939606525459195,-1.3592288749377361,-1.4330209447058204
SHBBF,-1.3944561035674539,-1.6428285565556757,-1.8320390246475398,-1.9951630039041641,-2.126365917350427,-2.309416106766038,-2.636841149196031,-2.636841149196031,-2.636841149196031,-2.636841149196031
GBPSCR=X,-0.8770269741573936,-1.1688133694676914,-1.348101767510012,-1.4792480162858972,-1.6302697568847546,-1.8267621231858546,-2.0145097338143523,-2.139112110874031,-2.2724572324618237,-2.412282349077962
VMSP.F,-0.780217214322291,-0.9193453485277131,-1.0114640500273522,-1.1243382315686388,-1.21502269778495,-1.3027810222275087,-1.392324468429276,-1.460594226695053,-1.5305899533600316,-1.5768891109024137
7752.TWO,-0.617001035746486,-1.217525723721425,-1.6146663024148125,-1.721796532401061,-1.891852483154318,-2.1454749319733275,-2.2174003667524955,-2.4098873493793165,-2.4098873493793165,-2.4098873493793165
CLF,-0.3617472581327256,-0.6883909735612296,-0.9902179629478787,-1.2642293227452326,-1.483500132462261,-1.681454223196408,-1.859145086994976,-1.9965087461959663,-2.142976289743136,-2.2401638513710274
SU.PA,-0.6845329709838495,-1.17552569511507,-1.5907762880341338,-1.9374797731632087,-2.221112217024812,-2.4631977681775235,-2.6881666426307715,-2.9119086627052453,-2.9683980557791725,-3.1220214848330627
ZG,-0.41915458045787163,-0.8038942575547288,-1.1375803972245633,-1.434931073107932,-1.685539883373156,-1.8809958036147572,-2.1058980977951034,-2.2808308277193476,-2.3624047051091863,-2.525470965050217
2449.TW,-0.5690403454674657,-0.9875544643586249,-1.3035432768772417,-1.540375344240585,-1.7639543210652422,-1.9436694425010175,-2.658914111815202,-2.7544286474295205,-2.7927506350028697,-3.149913813354686
071050.KS,-0.511892673809136,-0.9316872836252245,-1.321190935136962,-1.6662080569999844,-1.9500913196622005,-2.232489660452643,-2.4307113778958405,-2.570234898858894,-2.6964193688780638,-2.862331966972824
LHA.F,-0.5837540164220686,-1.0715818860056001,-1.518622898533145,-1.879225136122386,-2.116270096083021,-2.3963607566798544,-2.610838113423253,-2.819016731801869,-2.966644556267556,-3.0345998220949695
MRL.MC,-0.8238100045986877,-1.4466417578307968,-1.8534677611965276,-2.1717965565149187,-2.4178061567222056,-2.618739705919834,-2.8233675036257826,-2.8724271546784848,-2.9982277580410583,-3.08483371156385
RAL,-0.581941537379916,-0.9084578685373852,-1.4894700423279408,-2.166106752892334,-2.4287370866922844,-2.4287370866922844,-2.4287370866922844,-2.4287370866922844,-2.5287370866922845,-2.5287370866922845
4689.T,-0.5667900506960404,-1.0931420098807665,-1.5059810464629744,-1.8175782684474477,-2.0726737106438753,-2.287032538112562,-2.461759784164403,-2.5949777124677227,-2.7377987180213985,-3.06413429423671
BTRWL.XC,-0.6029219711105135,-1.0849139775573016,-1.4454241191659116,-1.7345169996282963,-2.0417209118647897,-2.223160782791365,-2.410970060755812,-2.653970538618313,-2.797661484897329,-2.898998592613696
GF,-0.9113046386686207,-1.4346063764862576,-1.7979666627259248,-2.092464294014752,-2.3402855421128654,-2.5832502800030572,-2.7758695696819626,-2.8566037537823714,-2.905191387241866,-2.905191387241866
RNO.PA,-0.5632458656041315,-1.0275828690362256,-1.3935663843164197,-1.7157127034561028,-1.960028013715064,-2.144021887650353,-2.3142212213596345,-2.530945797717227,-2.6485987849126764,-2.732451949142945
VBBR3.SA,-0.5155259124326574,-0.9847593992927148,-1.4092444896104608,-1.7542864096093522,-2.0308714045387664,-2.3341545868272444,-2.5652792972685288,-2.6866851134961625,-2.6866851134961625,-2.868539937208478
2331.T,-0.7674984645373745,-1.4035780955188664,-1.867611175641782,-2.162744177044974,-2.4339962907581865,-2.6243260488595417,-2.7530768963940115,-3.0780363328957896,-3.2789753002149675,-3.2789753002149675
APA,-0.49892606247189275,-0.9407323728319114,-1.2779869877314243,-1.620081063355292,-1.8948455900788463,-2.0993587478560025,-2.2744442853386224,-2.4181716767148407,-2.5521838702359307,-2.6170298751918515
ULTP.L,-0.5355148281806674,-0.9338942931196692,-1.2618875645435859,-1.58923579276868,-1.8303052881929167,-2.03238500085267,-2.268520663319784,-2.3672433070400443,-2.4718694172474396,-2.6135547153577687
1818.KL,-0.9943619915249703,-1.5790257210339724,-1.958552020627745,-2.2371417711026518,-2.4572733682377774,-2.7158329044409237,-2.8870454215639123,-3.0441653594810822,-3.0441653594810822,-3.164122638527311
INDUSTOWER.BO,-0.6079083085311117,-1.0774720158045734,-1.4552034597717285,-1.7862979617879338,-2.036575551213314,-2.2628239103353622,-2.391023149455308,-2.5363648873610543,-2.6752510719574065,-2.770298282631352
EURSEK=X,-2.169157154695985,-3.0809115755220184,-3.619817105755835,-3.719817105755835,-3.719817105755835,-3.719817105755835,-3.719817105755835,-3.719817105755835,-3.719817105755835,-3.719817105755835
JDEPY,-0.5894557978497782,-1.0559188507366806,-1.309171716785777,-1.5477058969152746,-1.6422939489821178,-1.724286779997219,-1.7861555612610773,-1.7861555612610773,-1.89418047969198,-2.0302804297670396
FHZNZ.XC,-1.3108636129688946,-1.9457673496598908,-2.3904678333168787,-2.6600674686174655,-2.9107374030220514,-3.0351894783273665,-3.120917619668612,-3.120917619668612,-3.2384233619176723,-3.2384233619176723
DIM,-1.062562333987967,-1.664595458864361,-2.0679848467191566,-2.305276221367749,-2.5062317065596247,-2.764871107351888,-2.842631784080537,-3.0306211569622317,-3.234102564162805,-3.234102564162805
7735.T,-0.45453126459722115,-0.8733352975423223,-1.2245084822163774,-1.5142853859739103,-1.7858619645213605,-2.0626438490568972,-2.28795363397524,-2.4079213092970053,-2.555983908657849,-2.6649076576145023
G24.VI,-0.9033921729736414,-1.490621507385444,-1.8953959720157336,-2.2761773856147234,-2.5296481064815772,-2.7133673139311867,-2.893816990950438,-3.104975234231637,-3.104975234231637,-3.3044955729681895
JINDALSTEL.BO,-0.49179511698236467,-0.88743291446392,-1.230726362987563,-1.4935903632753103,-1.7549537529512105,-1.950779187646239,-2.118024666953136,-2.2522161851065623,-2.42045389216671,-2.5805479724714853
DMART.NS,-0.7309737055079453,-1.2315115078736134,-1.7140674614700475,-2.030184567995411,-2.417056887792154,-2.6799601510071382,-2.904232524722079,-2.993147830676413,-3.313795923469962,-3.313795923469962
PFC.BO,-0.5170085152553865,-0.9375069429361503,-1.2938762928451615,-1.653233938687751,-1.916002269093493,-2.180984683772828,-2.383103176967856,-2.565577217454196,-2.747312591873217,-2.9260029880452696
4704.T,-0.5778740873912369,-1.0712784783160145,-1.4119051773565252,-1.7154872873974985,-1.9606401861652374,-2.145517016295695,-2.3222185798881427,-2.4517077268472067,-2.540846308529297,-2.670096793928863
JBS,-0.6688406666720875,-1.1287748948295857,-1.6413758274999133,-2.022105367605855,-2.447415418826493,-2.547415418826493,-2.547415418826493,-2.547415418826493,-2.547415418826493,-2.547415418826493
FORH,-1.0295169961625392,-1.8589631066880619,-2.4244357138843067,-3.137564561977353,-3.237564561977353,-3.237564561977353,-3.237564561977353,-3.237564561977353,-3.237564561977353,-3.237564561977353
3626.T,-0.5625805788096714,-1.0288596233836815,-1.4299358191812772,-1.7550218221683667,-1.9935095445512667,-2.2168632133782507,-2.422788443635464,-2.5776643729714386,-2.7602502556431543,-2.864904815398751
BEIJBS.XC,-1.607894697119992,-1.7499712977176884,-1.8263562979439063,-2.0531128572380073,-2.2010147891186804,-2.4226368625059242,-2.4226368625059242,-2.5026523381392534,-2.6028591628540783,-2.6028591628540783
EXXRF,-0.9683101829473088,-1.2452244225877207,-1.5334442023454344,-1.8652999673978088,-2.1127694463469116,-2.287054673977754,-2.4301880712157495,-2.5259019424969957,-2.652519658780782,-2.6920400220262306
1911.HK,-0.5549229427026539,-0.8561093632050777,-1.14290145768023,-1.4553343996810766,-1.6916879502927684,-1.885587939166896,-2.1116737074283614,-2.2835767654643293,-2.443199912713689,-2.536452032000501
002202.SZ,-0.5076556759991502,-0.9400527610783008,-1.2799913004212073,-1.5795611567494312,-1.7951116888077863,-1.9858187858003125,-2.2056320067642528,-2.341880768768927,-2.4416936130767635,-2.7772585523972495
NAUKRI.BO,-0.5548577647522744,-1.0728141498799402,-1.500758472524742,-1.8293690182901723,-2.0874354213902158,-2.3699794820474107,-2.5848677725499996,-2.687433730296694,-2.8600686248950757,-3.0732025793143793
SRFM,-0.026669419376159895,-0.15030532549231218,-0.30195794236557477,-0.46550313169134255,-0.6578441244318576,-0.8311445407472079,-0.9663303836106402,-1.177608958359077,-1.3207660649026618,-1.43751106372007
5016.T,-0.576758564507798,-0.9173211856192283,-1.2963010270979574,-1.426076872272847,-1.7389060944790113,-2.0432707743661904,-2.160044423184288,-2.3168331859804288,-2.3168331859804288,-2.3168331859804288
4938.TW,-0.7898743486770591,-1.3357119539239015,-1.7247378661428046,-2.007560149313038,-2.219840433462622,-2.3701698858385605,-2.625598113885339,-2.7607738881754824,-2.819798458265272,-2.9799207969383166
FB,-2.4259784794809582,-2.5259784794809583,-2.5259784794809583,-2.5259784794809583,-2.5259784794809583,-2.5259784794809583,-2.5259784794809583,-2.5259784794809583,-2.5259784794809583,-2.5259784794809583
EVD.DE,-0.6170241707664379,-1.0696759126990956,-1.3888447512846904,-1.6178622632367001,-1.8174191882937896,-1.953737267502097,-2.129443616212383,-2.269263568681789,-2.437311666809868,-2.5566276498287426
688041.SS,-0.3975016542460975,-0.7113205099819544,-0.9920607673516889,-1.3331525358280891,-1.5683978131253795,-1.8927271749816137,-2.0913539118795486,-2.1808153021682797,-2.2921357641631217,-2.5073084439274007
4732.T,-0.8099350114713473,-1.3915954290374561,-1.8203886511026137,-2.172001659824522,-2.4459718498122975,-2.600463532692549,-2.841202100044443,-3.015185855266296,-3.154971755566931,-3.4131972290011
DCC.AX,-0.6513624011942588,-0.7287694787223401,-0.8712540062484966,-1.032164284450185,-1.1948018693269873,-1.303919047889749,-1.441884549443513,-1.5636660710593058,-1.6623985474757632,-1.773300295710982
BESS,-0.6312936133774392,-0.6920642542962055,-0.7677011965418503,-0.8395425770596605,-0.9132306957094031,-0.9737546476129836,-1.053842875779744,-1.124860907914699,-1.182554377339307,-1.2726826181958144
SOFI,-0.25747417474421286,-0.5393557114800942,-0.8359425011094163,-1.1046236264023952,-1.3116405798587725,-1.5304862501518746,-1.6994043236230036,-1.9382753226798919,-2.10766749362759,-2.2850353173175555
WTBDY,-0.7395174560567235,-1.18279397712831,-1.5207768154586814,-1.7826378108089977,-2.0788505183581893,-2.246435511769162,-2.4223007995641828,-2.580335031278558,-2.7071707452014238,-2.773122107021608
4528.TWO,-0.7326025014814787,-1.275132229681063,-1.6296881609282314,-1.9066873506746338,-2.1542353563024665,-2.2952385508435156,-2.5934345465507627,-2.646007694456906,-2.7299266623463105,-3.318514149036046
HKLD.L,-2.330490912278991,-2.4337077831922076,-2.6033869964723446,-2.739469301135349,-2.7637411115536104,-2.8482813655263817,-2.9599466631130964,-3.0071192698976716,-3.0071192698976716,-3.062113336179844
ALDX,-0.27013966097823716,-0.5655192814415851,-0.8526253123479034,-1.0893954044942535,-1.3347991909657295,-1.5579275401150248,-1.7483186902894148,-1.9119910469446182,-2.088006212598079,-2.2078140219280056
LPCN,-0.270093451428219,-0.578739562463435,-0.8691944381407446,-1.1076468858249913,-1.352961849094854,-1.5386098347439976,-1.7309023180617156,-1.8905138284402945,-2.0108338802360337,-2.105893968214849
086520.KQ,-0.3562068142069026,-0.70449623679867,-1.0237144900864206,-1.3168643180129602,-1.553595437944004,-1.7487535682693855,-1.9447936025170647,-2.0823179999923855,-2.2083934659210547,-2.330984626793267
BLND,-0.2083332417324361,-0.4645082149022156,-0.697834022874407,-0.9214332726724427,-1.1294748066873137,-1.3026768679351015,-1.4722788794054578,-1.6198562586382699,-1.7919000740009583,-1.9603457081099067
ICICIGI.NS,-0.7483750463679644,-1.3679852563531438,-1.7781492584423526,-2.05233565302519,-2.4400731580102,-2.6592440874630396,-2.8138791490111443,-3.0965444518284024,-3.296506778981284,-3.296506778981284
4005.SR,-0.6945242706383161,-1.201678871124684,-1.5799117322463316,-1.924535647919071,-2.1835620075597117,-2.3431050525712473,-2.5394006882215048,-2.7071707452014238,-2.773122107021608,-3.4240718216181367
JMTU.XC,-0.8972192597100735,-1.4393184646691022,-1.8184276615007455,-2.1285304961881275,-2.33044069697858,-2.60573739623213,-2.8521411409568724,-2.889375979893174,-2.9786667789682038,-3.0340999037769816
REM,-0.9245579177397153,-1.3918450138743272,-1.7356626042974739,-2.057812067936027,-2.2878457128405922,-2.4346474979718185,-2.5403785695078955,-2.5829634248413122,-2.7057852311868444,-2.8279413976992105
ALRS,-1.1417085981121988,-1.531820262149209,-1.838949819589258,-2.105722527625618,-2.3156204286364357,-2.424084059291466,-2.5718694416024257,-2.732878974634316,-2.8146424445568807,-2.9211010719589825
KGXD.XC,-0.9690538191662369,-1.2199234705150053,-1.5014011612097276,-1.692952296662911,-1.8219692095832378,-2.013997652532818,-2.1173538379312524,-2.3119144893106736,-2.4113767897628593,-2.542621155433965
SGHC,-0.5827488208731907,-0.8998976384703955,-1.1550989162286585,-1.367058836669248,-1.5477401661748404,-1.7811803339408914,-1.9097745575228637,-2.134996323249749,-2.2668247094546685,-2.351045414074752
3360.T,-0.6104899979114023,-1.0928571564593763,-1.4839938241644386,-1.7881130909808434,-1.9971632353463116,-2.1368684146413415,-2.3375628329818188,-2.4579013607465208,-2.662165251524602,-2.8574806766171252
1808.T,-0.5368539207786294,-0.9507535362452887,-1.2628528525853124,-1.5979263839990165,-1.8248409911358285,-2.002387599420151,-2.163758176422932,-2.3344295839615494,-2.479524105358939,-2.625052338179387
GJFO.XC,-1.1917264273513126,-1.758458760479962,-2.080422465759017,-2.29650003281812,-2.4783387052640014,-2.6336307750726418,-2.86094037393699,-3.074022870180248,-3.074022870180248,-3.275174778396156
UHR.SW,-0.6660518288195623,-1.1880520416363043,-1.5535792780549942,-1.8853326427920463,-2.186438798840865,-2.474793762113199,-2.575881691208725,-2.883022172556776,-3.072759870621543,-3.317289687285658
BEN,-0.6652544638081016,-1.180108978370639,-1.5437507646785238,-1.867848813631727,-2.142976289743136,-2.390572138325214,-2.5327638923707947,-2.628985525095589,-2.794402495947033,-2.9323172371449133
DNP,-1.301767517624903,-1.9381294415096686,-2.2171978664371497,-2.38394845534244,-2.5726168960788374,-2.741435159375291,-2.8346314809778623,-2.994082558905509,-3.169068054888483,-3.233360977747898
3328.HK,-0.7427211156736679,-1.3142969355885454,-1.6727671249130198,-2.0008396382001075,-2.2372275613115002,-2.4136259171649836,-2.5409153474152744,-2.730811076668406,-2.951833332775068,-3.094066291372808
138040.KS,-0.6740525071203114,-1.1608766861705404,-1.5904707302265095,-1.9142639603091154,-2.20809926723992,-2.3817242495132547,-2.5218739841912843,-2.6613802730072194,-2.844586215271379,-2.8868618330563183
1336.HK,-0.5283125080480429,-1.0153979691558623,-1.4182613237673056,-1.8159097652821903,-2.0857098383340564,-2.30096753281577,-2.4604357138614903,-2.728608323829162,-2.8320117877528483,-2.9790952478141097
BCI,-1.2267939497004605,-1.9922596945650572,-2.248657382205336,-2.575986440121977,-2.779034868191569,-2.8377419792931167,-2.908238387192444,-2.997052947326031,-2.997052947326031,-2.997052947326031
CTEC,-0.42438425120279993,-0.8688823756666257,-1.3546796931107596,-1.7241513533639832,-2.103617166606588,-2.460954004567749,-2.6650263346542715,-3.1671052412844856,-3.2671052412844857,-3.2671052412844857
6113.T,-0.5625805788096714,-1.058674346579075,-1.4434811913918493,-1.8122325944391595,-2.097631042496282,-2.3406080547185533,-2.5065040694860508,-2.6649076576145023,-2.9794296900453126,-3.015331861783296
NIBEB.SW,-1.1637220937151982,-1.3888821046845539,-1.580599801576656,-1.7656472457365826,-1.9206822061771354,-2.067070363600577,-2.278727580460976,-2.371751128863757,-2.420691685263375,-2.5071325003466036
NRP,-0.6058968338889668,-1.053802603305294,-1.3851368989181359,-1.645102590364069,-1.859323166445299,-2.056798310595183,-2.2109268407734657,-2.355784127027165,-2.4743119743478856,-2.61588940098384
291A.T,-0.33164480858973305,-0.9569694456642219,-1.16481351211052,-1.4693706503384087,-1.7580432095663412,-1.859247068040992,-1.9179440159980612,-1.9841053711891676,-2.1507484113299697,-2.414703308474993
PFCIBEST.CL,-0.856316335572643,-1.3696901471368312,-1.8240593476053841,-2.1782596404929624,-2.385934711631319,-2.5403785695078955,-2.7057852311868444,-2.858317230014184,-2.969663554288137,-3.0715546354269265
8136.T,-0.5668256163295384,-1.090189420132775,-1.491885428109276,-1.799905878093326,-2.055940787871254,-2.245950111245804,-2.393568084856259,-2.4883174516858735,-2.625052338179387,-2.7425410613118277
BS6.SI,-0.5708739264194983,-1.0938003440783728,-1.5099200348581283,-1.8474575772842265,-2.0855293528837135,-2.2530607448145488,-2.41478082055807,-2.614486460989947,-2.706067982399829,-2.8002450278723243
300760.SZ,-0.5664289384031632,-1.0628818771624624,-1.5795042368927008,-1.8604545361872502,-2.1305779322291465,-2.3374176989919797,-2.495887364047502,-2.7038934177162464,-2.9266253972718395,-3.050526012685446
TWD=X,-1.8717150221907413,-2.03464446741047,-2.4125930644059297,-2.8354684413367104,-3.275174778396156,-3.3880253900829924,-3.3880253900829924,-3.3880253900829924,-3.3880253900829924,-3.3880253900829924
KTB1.DU,-0.7953621588013006,-1.1436432470871065,-1.475041962594967,-1.7637392915971455,-1.9705053031703335,-2.131003396644333,-2.3053034917616544,-2.4240024209051514,-2.524140453461784,-2.5795628168200486
ACEM.XC,-1.04096146637771,-1.5426141967199147,-1.9552156612514782,-2.1937583281002997,-2.435532506307994,-2.596510744061348,-2.6997441764603045,-2.724309027476491,-2.9227418351674554,-3.0259766087325715
2324.TW,-0.677286904199523,-1.1726738024048116,-1.5212969784083505,-1.813161280512211,-2.0273612418031126,-2.2089018690458815,-2.738202302394129,-2.791220711190076,-2.9021116837782417,-3.067003651063715
SYBT,-0.6922828003752635,-1.2292082675843816,-1.6330325539576431,-1.9826381702968612,-2.2216980834854643,-2.4181716767148407,-2.562266673910372,-2.7253672237986515,-2.8800482509373944,-3.029837028801329
2338.T,-0.3720478911288522,-0.6764091450989945,-0.9618602287334654,-1.1890675245770508,-1.3480619647915708,-1.5144178748327315,-1.6535271981478792,-1.7832938111031176,-1.9050417599138214,-2.0640729774747735
2834.TW,-0.9086173906473121,-1.3896565177270477,-1.6627092167708204,-1.9045854698126299,-2.139039957408008,-2.3610364720176165,-3.1662083050980154,-3.1662083050980154,-3.1662083050980154,-3.607736195621635
3281.T,-0.9290417701634365,-1.6285144060785166,-2.114507412153829,-2.4313588882135915,-2.7334413899106162,-2.8488802254276355,-3.022489104060073,-3.1085169955960055,-3.226412498378834,-3.226412498378834
RMVL.XC,-0.8092984942321698,-1.3621837089720603,-1.8016804548701575,-2.112682137675366,-2.3701278060652267,-2.5503088850664017,-2.695932647863175,-2.8618688441477818,-2.940614415861944,-2.9880458495616042
FIBRAPL14.MX,-0.7650939783796821,-1.345356527206889,-1.8390255272240918,-2.256645906867077,-2.58948060396126,-2.8688658734811003,-3.0814815752342337,-3.0814815752342337,-3.2002351998894785,-3.394883770304755
8361.T,-0.7072937893663851,-1.2628528525853124,-1.7329416048250574,-2.083329036427976,-2.359699410528497,-2.5776643729714386,-2.7425410613118277,-3.015331861783296,-3.15511221231473,-3.301230301013023
TNET,-0.6628409366369817,-1.1906684105164156,-1.5766987208681387,-1.8369571850678938,-2.055146415893199,-2.251967524954134,-2.4699415371335185,-2.594986644645257,-2.6475345207730263,-2.6475345207730263
ANDR,-0.446201216929663,-0.5388382464139827,-0.6167630329716111,-0.7292962562427578,-0.8155766385302927,-0.8980299212851353,-0.9870933444126391,-1.0676673488089812,-1.1410203690473908,-1.240713163801774
SALM,-0.3654330236707814,-0.6971623827170045,-0.9509249939032532,-1.1816486032247173,-1.3809189940671844,-1.5475480323349335,-1.679880450945162,-1.7941200767861403,-1.9232984805079496,-2.065837140058441
5876.TW,-1.1291964371752967,-1.7220526677921302,-2.153729904930261,-2.5017205916171217,-2.6226806519049957,-2.850718987432013,-2.9772957429715907,-3.3791858763942826,-3.3791858763942826,-3.4791858763942827
BDORY,-0.41937221478775827,-0.8078610105827106,-1.1629561823633296,-1.4962385297423073,-1.7684818584191653,-2.0169091856742387,-2.2363473196974386,-2.422925670663127,-2.6143531802941395,-2.6760427399116367
047810.KS,-0.5622979372864312,-1.0385410532729442,-1.4207146922794616,-1.7429266765832525,-2.005770069317998,-2.2734113547188115,-2.3903942649210386,-2.5186309642196054,-2.5724492249212814,-2.683154558464166
UNITDSPR.NS,-0.7769539670175355,-1.5736089214923057,-2.1063279001734148,-2.430563193522056,-2.430563193522056,-2.8054187011958245,-2.9054187011958246,-2.9054187011958246,-2.9054187011958246,-2.9054187011958246
DXST,-0.1800123697927051,-0.3887258044014521,-0.5413950851290878,-0.7079253818103378,-0.8813077722186067,-1.0310422477439385,-1.1252002159028183,-1.276777893522994,-1.4652337926855228,-1.5647264713617985
9107.T,-0.514943174799377,-0.9582148998220571,-1.2994866959659481,-1.577839060354096,-1.8668512304713216,-2.0929632668482445,-2.3089048800776792,-2.4688409605646506,-2.626531483332929,-2.692792093318821
8729.T,-0.41666552128011664,-0.8416212335729143,-1.3266775070350318,-1.6833482640036077,-1.8696066471189063,-2.160044423184288,-2.160044423184288,-2.160044423184288,-2.260044423184288,-2.260044423184288
MNDIL.XC,-0.7068746781465118,-1.2379813501270271,-1.6510099335288975,-1.9797603534364427,-2.2668844413981044,-2.444474904296552,-2.653970538618313,-2.940614415861944,-2.9880458495616042,-3.043333522256893
UPLL.IL,-2.0388900026071406,-2.1495687994197064,-2.2620873995822643,-2.3703968160128297,-2.4136259171649836,-2.580292425557845,-2.580292425557845,-2.580292425557845,-2.6564278565329653,-2.6564278565329653
GQI.SG,-0.49370967400614624,-0.8374947982039502,-1.111931832227208,-1.3629231265960313,-1.54987773521718,-1.7371031895786748,-1.9510160247961634,-2.096036363871277,-2.2082132991157177,-2.318501973677552
BPI,-0.5047184311949829,-0.8957798188835894,-1.2785425237677719,-1.724286779997219,-2.1475938835560475,-2.6562071370773572,-2.6562071370773572,-2.6562071370773572,-2.6562071370773572,-2.6562071370773572
000150.KS,-0.45538610718795414,-0.8448108026675378,-1.1677009108455207,-1.4772583571436786,-1.706334170568818,-1.9185362483955595,-2.140829093483114,-2.3564573844672303,-2.4458117379665416,-2.5813982837075913
1101B.TW,-2.449997660602734,-2.6901095271588713,-2.8227138814289394,-3.3411521655173604,-3.3411521655173604,-3.3411521655173604,-3.3411521655173604,-3.3411521655173604,-3.3411521655173604,-3.3411521655173604
CGPOWER.BO,-0.5103305306875194,-0.9132905830871779,-1.2777894143146813,-1.562337917796178,-1.9480553357673878,-2.1290984789950036,-2.32617465773851,-2.4454234446401006,-2.521134691414404,-2.7232392645924475
000858.SZ,-0.6136369620889808,-1.1214387082240798,-1.5361009690215621,-1.864462312372877,-2.1027642638277384,-2.304986755805709,-2.457063764499701,-2.611020911780754,-2.719555875072456,-3.064685729001007
9435.T,-0.5911586505677379,-1.0797425916957986,-1.460541713511857,-1.7510587275847387,-2.0142743409797714,-2.202807111735171,-2.4077455402972987,-2.525390401159977,-2.6790277424229707,-2.7787134834028384
BVT.JO,-0.7610057243700896,-1.3096711163589712,-1.8122668950333434,-2.1539454214463065,-2.4432146969447905,-2.745826899786856,-2.98450185864768,-3.190513434476805,-3.385649110401041,-3.6714203006222412
AVXL,-0.33263960206469695,-0.5986039037990711,-0.831428096735249,-1.0353365403819477,-1.212871065264689,-1.384442078558071,-1.5379811485355073,-1.7015305929430597,-1.822543437572807,-1.9297842792997857
CWY0.BE,-0.23030195334230855,-0.47871294250501445,-0.7201566171385522,-0.8674156943957151,-1.0916203674341685,-1.2227382594940652,-1.3233642164550579,-1.3908012159728191,-1.534120544352546,-1.5792195192835745
QAN.F,-0.5522318496715685,-0.9106609809332875,-1.2318748308781664,-1.4926523653215278,-1.7065724457635207,-1.9115234190480654,-2.0813911932817897,-2.2575592749348394,-2.3949775255427523,-2.5680058146476465
HGTY,-0.6268016749654836,-1.0858692110514216,-1.4675090068077536,-1.762071357147292,-1.987795196745525,-2.2259268634451876,-2.4604357138614903,-2.4604357138614903,-2.5619833005981913,-2.624680657130862
AM,-0.5812600557038051,-1.033876813666102,-1.4214421984753942,-1.7003104618862899,-1.987816791768956,-2.1426703527692363,-2.397022125126622,-2.4631011609711866,-2.605174926539178,-2.8343870716272077
3462.T,-1.0061162809974773,-1.656248969373057,-2.1820292525269465,-2.4050384732070054,-2.6099469134807225,-2.7576710477150144,-2.887676888333106,-3.0991920963998765,-3.0991920963998765,-3.217382273083932
2603.HK,-0.31209689339675206,-0.7997751906771561,-1.285334278114273,-1.4086442165691346,-1.7537684064141579,-2.0564921793889717,-2.2189508835295793,-2.2189508835295793,-2.2189508835295793,-2.2189508835295793
5201.TWO,-0.6801964332013153,-1.0770723069739587,-1.4151873425931187,-1.68101407347119,-1.8963138795633607,-2.041748646601835,-2.354411992640162,-2.4565673830742596,-2.561996396869914,-2.9510047154002654
SAGABS.XC,-1.0712761686855585,-1.4750572507363897,-1.7488249354381562,-1.9953732098604242,-2.1806712626340348,-2.360408164327896,-2.460517604854412,-2.521574418341505,-2.544197851739439,-2.650716269691572
BZUN,-0.2653821468699342,-0.5333589913533409,-0.8233073964784234,-1.0954811987675805,-1.3462856618559274,-1.5715222073696715,-1.7371190754375954,-1.921559763620215,-2.0891927240623027,-2.2577529943664896
CRDA.L,-0.7762617724679245,-1.3184059656421598,-1.7244994992563836,-2.1833263415011097,-2.4520704019960586,-2.7139542715726765,-2.9360444215091093,-3.033462341737826,-3.119231132123314,-3.2367897411210493
WOR,-0.5335271000410684,-0.9802528773377897,-1.3739897349255692,-1.7072208758585978,-1.9356279101963152,-2.1468007811965357,-2.254532061700739,-2.4181716767148407,-2.5142545746632035,-2.628985525095589
LEG,-0.6991188665382073,-1.2523846707965283,-1.6359481674049283,-1.971810097761319,-2.1785880083156175,-2.352308636669281,-2.4554858393650236,-2.6054369881979067,-2.7253672237986515,-2.8800482509373944
IQCD.QA,-0.9425453162540458,-1.5201714811193408,-1.9954988186042522,-2.249292753987495,-2.497794093977415,-2.6316203830829585,-2.8071142892806003,-2.8782405902814654,-3.0234170769843067,-3.1747560672295423
PWI.TO,-0.8998621702896589,-1.4504548539124023,-1.7740264659409264,-2.1133342477430133,-2.345242788283542,-2.5631858681958963,-2.700937460746381,-2.923858653760925,-2.923858653760925,-2.923858653760925
2280.SR,-0.9650964388525236,-1.6132971745087052,-2.0601745766862463,-2.318195767765723,-2.528178532409093,-2.807998566865305,-2.8791065355107195,-2.8791065355107195,-3.0242477352639914,-3.0911218398882405
8972.T,-0.7843532995263351,-1.3135758237701642,-1.6252743979297108,-1.9044096233982863,-2.1056446023494866,-2.2567448274288084,-2.3735581727938206,-2.427215497057133,-2.5117912497307837,-2.6352146787029787
SSABBS.XC,-0.7099632202173183,-1.1026800233521825,-1.4681408166765215,-1.7767584294664922,-2.0297790526991655,-2.2407520851534635,-2.3594910137788005,-2.5557884532405795,-2.6647187579103155,-2.7600667662390572
VALMT.HE,-0.6679806613289628,-1.1947813444456914,-1.6505077102939831,-1.9620965565587924,-2.2590448201227824,-2.4947765115447593,-2.8307810598334444,-2.9367466387422834,-3.0052759882052773,-3.504295326769796
1080.SR,-0.9204480872208733,-1.4519201910171746,-1.9047286706118698,-2.258375599003173,-2.4216602327200776,-2.576951092134535,-2.808078823972434,-2.879185129205223,-2.96873520151124,-3.2914395035779527
ALG.DE,-0.8134224616860716,-1.0502687376145452,-1.2425964500008113,-1.4130234407353823,-1.5599820224112566,-1.6713650972874103,-1.7969495313440187,-1.9012288622088722,-2.0140046722317453,-2.126532694783397
DLF.BO,-0.47775757933882373,-0.847890589422169,-1.193119036402465,-1.4854753701882306,-1.7015473065220632,-1.9388762267243993,-2.074052899277123,-2.2630536038465525,-2.468534968469536,-2.573565971457466
601166.SS,-0.7319226298302313,-1.2112504456986974,-1.565490625139783,-1.8616704656475735,-2.076467085668381,-2.2653113053514216,-2.4944029016335336,-2.5608516794502156,-2.7201112711827196,-3.1313130620130374
BRBY.L,-0.6617383077597674,-1.1453704977195953,-1.5119019080221345,-1.7876165576546594,-2.0979216656397854,-2.2763909435177907,-2.4140924607933543,-2.562090167055564,-2.7455322959872284,-2.9330713209371755
ELM,-1.8007082352059731,-2.6132483724865465,-2.6132483724865465,-2.7132483724865466,-2.7132483724865466,-2.7132483724865466,-2.7132483724865466,-2.7132483724865466,-2.7132483724865466,-2.7132483724865466
EMSN.SW,-0.9995964882352355,-1.5917114206340885,-2.006575899409927,-2.3118707767553066,-2.574653882431782,-2.8552493927560527,-3.068668229225528,-3.3831030127324517,-3.3831030127324517,-3.5689910127245086
9042.T,-0.8477113414046256,-1.5005071841538653,-1.9594838215494186,-2.386572430954869,-2.694038499266409,-2.9470004139115633,-3.101529537043595,-3.2196457204180913,-3.301230301013023,-3.5978384797068235
8963.T,-0.7455576279551748,-1.2192905517172876,-1.5558640530962595,-1.8206351210789518,-2.0265873987925462,-2.239546667092005,-2.348676327443486,-2.473023592199363,-2.6041292374458047,-2.7114598697534347
VIPS,-0.4225374186116204,-0.7433417072274883,-1.0725183021133444,-1.3693154427391312,-1.64541369834875,-1.8475661730438555,-2.0377949982666137,-2.201316496017851,-2.333336618174823,-2.4761857834686842
9143.T,-0.6590813775682015,-1.2452939318894196,-1.7462513284062786,-2.2077893599827463,-2.4538326153364713,-2.6488453176940534,-2.803957518135385,-2.9648024710718186,-3.387840244627961,-3.387840244627961
DHER.DE,-0.4426364848445821,-0.8029098551407863,-1.1175323523601821,-1.3832456983957626,-1.6317592281013311,-1.8217902898770264,-2.046350606529461,-2.286723983185216,-2.437042001306671,-2.5393467334612394
9508.T,-0.8220683043691779,-1.3855275181045543,-1.7918375466166898,-2.0728755813034008,-2.3406080547185533,-2.5255595615983504,-2.7256523369447065,-2.917402435316276,-3.0555996608226104,-3.2196457204180913
002475.SZ,-0.47739356368713654,-0.87124445857553,-1.2606489760321515,-1.570153905088507,-1.8902207079366466,-2.089775946562901,-2.3077520541505385,-2.40519602015902,-2.5164774571930644,-2.8545087208934503
MGR,-1.2715602383368863,-1.9450853576612057,-2.26472741974419,-2.5191244734984184,-2.754268270633689,-2.754268270633689,-2.754268270633689,-2.82650626486055,-2.82650626486055,-2.917419113397193
134790.KS,-0.5472657285552819,-0.9519064775030481,-1.2940726518209094,-1.5371740991612524,-1.7926773943609902,-1.9826061119361054,-2.1357775765529254,-2.3034523360687795,-2.439345414730423,-2.5288362178145976
BMED,-0.9664098239052179,-1.7844222179740217,-2.2526819327190997,-2.964180578262567,-3.1713253808181436,-3.2713253808181437,-3.2713253808181437,-3.2713253808181437,-3.2713253808181437,-3.2713253808181437
GFINBURO.MX,-0.6440370958587913,-1.1305131067218621,-1.5792572915880565,-1.9729650418602693,-2.298705408050331,-2.555311669113023,-2.7611783827308356,-2.9645538780188243,-3.0726242052406993,-3.235925880850907
003550.KS,-0.6145855375819983,-1.1339364233003462,-1.5833700316024182,-1.8927899828509684,-2.148508967454134,-2.3081937795441876,-2.4844650827411643,-2.6679249135673886,-2.892979203281288,-3.003236686039992
KOMB.PR,-0.8084763965270166,-1.3142239086470169,-1.722509638858925,-2.0626044184631076,-2.3090497733119237,-2.4907720841707945,-2.6196806648116935,-2.7125493929784543,-2.8371128368543475,-2.934728965408462
PIDILITIND.NS,-0.7863296899041545,-1.400210420133854,-1.8768119747648755,-2.1824716795659396,-2.4479705009627657,-2.64333659053744,-2.897406954193513,-2.959788628629278,-3.082552604437362,-3.136413503829628
6963.T,-0.5244005127080408,-1.0183593284892642,-1.4455102830665165,-1.8140961685289667,-2.1312832930577668,-2.366080641895473,-2.545410700102947,-2.6790277424229707,-2.7983503442235,-2.946851541718005
300274.SZ,-0.40054754854935437,-0.7634091697518881,-1.103778936964832,-1.3473880892519916,-1.5757526229593168,-1.7913663517924885,-1.9551387491075725,-2.109823247516825,-2.2069487473415688,-2.489647617065728
MLSRP.PA,-1.604216371293791,-1.6478360488202841,-1.66559532556582,-1.6885604409208537,-1.7027787042387854,-1.7306151314818625,-1.7476372132561184,-1.7777933035969775,-1.8077327389506106,-1.9809430101083063
1787.T,-1.0934788490502731,-1.4158877245936936,-1.6563119742740644,-1.8870788367431088,-2.0500724342648335,-2.192511751796744,-2.355771410854543,-2.477057029488441,-2.5807607681201894,-2.7075800479093495
IG,-2.020167367231327,-2.6010931893928,-2.9578853037117177,-3.2815111223228217,-3.381511122322822,-3.381511122322822,-3.381511122322822,-3.381511122322822,-3.381511122322822,-3.381511122322822
PTTG.DU,-0.6567466945789832,-1.1904822725723638,-1.6473971548428905,-2.130155067385896,-2.3090211366036306,-2.458249716079634,-2.559867619944491,-2.6977586658604786,-2.920883661457702,-3.1304813678447343
432470.KQ,-0.20321600610940624,-0.5410557093298516,-0.7901786217343245,-1.08407844317371,-1.3690803654892452,-1.5922345716317705,-1.913641301370329,-2.0562187952197424,-2.411098038393774,-2.654088942641608
259960.KS,-0.5295001686199626,-0.9483257353975584,-1.3047291597589317,-1.5345943385252958,-1.7607236861772169,-2.0626847381625875,-2.197861271877505,-2.391593815602245,-2.600099827483465,-2.675772138200948
BIMBOA.MX,-0.6987755175308572,-1.2303900538837482,-1.6686823055180482,-2.1315930542465393,-2.474631395974719,-2.7129514564628363,-2.797305600664879,-3.0325489964718595,-3.17167776046106,-3.6126170885393605
9602.SR,-0.5659488219328631,-1.0561294201171836,-1.3351777361189363,-1.8281138448346277,-2.092837798505779,-2.2265998952400694,-2.311972101671358,-2.562585162340597,-2.7946990361098223,-2.7946990361098223
247540.KQ,-0.4133090303462155,-0.6886226135068954,-0.9834472482676639,-1.2945636505711473,-1.605142467269788,-1.8175697632234982,-2.0131379462494943,-2.172773379190937,-2.32145654260998,-2.4807440929139704
AKBNK.IS,-0.5305111566893385,-0.9589662305198259,-1.3223230331384697,-1.6492769525490676,-1.9396335342285427,-2.154357826597419,-2.298820195778001,-2.4360535821410516,-2.5455974517767,-2.8375969129437992
BSFO,-1.5025777023187201,-1.8550869220576016,-2.0489968009125397,-2.3793958959246186,-2.525277577175927,-2.7599880932582797,-2.8599880932582797,-2.8599880932582797,-2.8599880932582797,-2.8599880932582797
NEX.SI,-1.4670698330194634,-1.5789287876277283,-1.6603230807954994,-1.7613469587236488,-1.8194368601856568,-1.834963585129098,-1.8758434515819793,-1.9294452352750922,-2.057134614820842,-2.1656441520200493
PTGX,-0.3640798401085354,-0.69495780514916,-0.9547847251662138,-1.2556762438281293,-1.4926234176993156,-1.6832135591955906,-1.8099135725516307,-2.0384211225645092,-2.1420463790313966,-2.2616544146535578
MARICO.BO,-0.78176223779248,-1.3694838370522788,-1.7486891039692067,-2.0631859247104405,-2.3091954456523953,-2.521134691414404,-2.7561367778130723,-3.02789025057063,-3.1671947709493873,-3.1671947709493873
1308.TW,-0.6593788663332741,-1.1138857922666505,-1.420827907732499,-1.6704707856773713,-1.8768362493595445,-2.0489876715942787,-2.7067096143410008,-2.791220711190076,-2.876945923371268,-3.1662083050980154
PPH,-1.1045226881763581,-1.7775870750733929,-2.2437197713661448,-2.5223239253902734,-2.8129631029075997,-3.069027440471613,-3.232485861662489,-3.425534482444942,-3.7094934493562683,-3.7094934493562683
159010.KQ,-0.37387917790301217,-0.7397372194138899,-1.0980085124862213,-1.5090964710321046,-1.7670486732438748,-2.028874815917843,-2.2399137147655916,-2.524599785604496,-2.663989045801385,-2.889300115082007
7181.KL,-0.6553186971156053,-0.9008028372266509,-1.0328415878512363,-1.2299972422175527,-1.3913615993629218,-1.528057556676714,-1.622300254147177,-1.7112406602344254,-1.7790283772203155,-1.8692393198897486
000100.KS,-0.6100624823612882,-1.178437120866029,-1.6377396542353544,-2.011426346401105,-2.293265601925993,-2.530881938656621,-2.665491964979474,-2.7741241337090283,-2.930650242241383,-3.0282156601502876
SWIGGY.BO,-0.3573256143842737,-0.7633919455943595,-1.1921165520400026,-1.554180603910202,-1.8075833078451424,-2.104490424204658,-2.304378364497919,-2.4538326153364713,-2.793663952570862,-2.793663952570862
8985.T,-0.8195476761521778,-1.3600801121953394,-1.696385542783076,-1.9753111539335504,-2.1764473094875805,-2.3117761791072025,-2.453757857612243,-2.535564935874412,-2.6935946578139114,-2.757686151813481
6919.T,-1.1147875650221448,-1.577839060354096,-1.91049889902349,-2.1757379421963496,-2.4451458057538664,-2.6388845698073062,-2.7229849282867558,-2.8543130637750833,-2.9300764502190235,-2.959567232064889
TEMN.SW,-0.7236612260719695,-1.379963883144763,-1.831411767964885,-2.125804357312449,-2.125804357312449,-2.125804357312449,-2.284428355119877,-2.537235250394017,-2.537235250394017,-2.537235250394017
300810.SZ,-0.36987828218156027,-0.7361442668316269,-1.0994894106457884,-1.3907852292913792,-1.66936973570108,-1.863033383276237,-1.957935255697168,-2.0602418669436715,-2.1541452256943874,-2.4022789391657025
475150.KS,-0.18598182222058135,-0.6077918626868458,-0.8533907976634305,-1.1320551685816826,-1.4399451989796956,-1.6528536325170067,-1.8413262001372355,-2.1958449303515537,-2.3507550461770665,-2.3507550461770665
1919.HK,-0.45293869657497204,-0.8594023437962639,-1.1941710444193534,-1.4586406772857774,-1.666307549065908,-1.8659001546794078,-2.0190862005831467,-2.164385410232055,-2.316089917739273,-2.422478927553095
6269.TW,-0.578206912631497,-1.0207836587438817,-1.372116261502732,-1.6417791301648563,-1.862812528912285,-2.0179474911669164,-2.6228663842579247,-2.758153056554546,-2.941169578372033,-3.565396811610748
3099.T,-0.5882069544330062,-1.085103488969911,-1.5017480044898865,-1.8269708304377474,-2.1393399039679513,-2.386572430954869,-2.5666733501349803,-2.694038499266409,-2.819283975789497,-3.015331861783296
YESBANK.NS,-0.5062969250325006,-0.9411259547114794,-1.2883376328280003,-1.5675077873122747,-1.7822801545481401,-1.9684885026579912,-2.071202019662513,-2.2075920006975216,-2.34607416238773,-2.482579981270587
NPH.NZ,-0.7003491676016093,-1.2801247851071003,-1.7642242257073886,-2.203366571787609,-2.462831678177172,-2.672947707586828,-2.8976750733424153,-3.226502166664185,-3.226502166664185,-3.226502166664185
GCPL.XC,-1.3129814789733738,-1.9028734734462283,-2.2943261469717795,-2.5842267798909413,-3.0547805898208025,-3.1743931726046597,-3.1743931726046597,-3.1743931726046597,-3.1743931726046597,-3.370341522377175
601688.SS,-0.6047984769712056,-1.128394222609025,-1.529256024377036,-1.8458209814211433,-2.0758023970555506,-2.2190014358434724,-2.4066472012157814,-2.470220313761573,-2.599049792258503,-3.0789403805415074
6869.TW,-0.48399067880989294,-0.9618660183747101,-1.388690345893851,-1.7795076232741396,-1.996045055593657,-2.0794251802827994,-2.18040360159048,-2.2095001104029284,-2.2740245683189286,-2.8645998196559046
AMMN.JK,-0.5215169672234914,-0.8817233672222917,-1.1813638963847974,-1.4032741046627357,-1.6272739414798214,-1.9044147685690154,-2.1267024232691414,-2.2150613646042525,-2.392754896604182,-2.392754896604182
6724.T,-0.587251013678179,-1.0530565020019733,-1.4434811913918493,-1.7587861999203478,-2.0144761156199804,-2.240969104085073,-2.366258867122258,-2.555983908657849,-2.7256523369447065,-2.864904815398751
9147.T,-0.8854874801490376,-1.519237370327101,-1.9508699091880881,-2.357749236927651,-2.56848190119142,-2.871460234815672,-2.871460234815672,-2.871460234815672,-2.871460234815672,-3.0839235392953883
BEZQ.TA,-0.6812476917241814,-1.3251491099026973,-1.8145567987096458,-2.172404540530949,-2.3986582981042037,-2.6024480024332273,-2.720742827498977,-2.843890683719973,-2.9264832519039987,-3.1357607400719565
RR,-0.01180172534023052,-0.2068100691733542,-0.37948000432883644,-0.53145491165023,-0.68489740617591,-0.8702188967538317,-1.0663789926800382,-1.2614234919799028,-1.4111781526214944,-1.5685157010571809
RNI.JO,-0.7702571335979463,-1.3846088403815198,-1.8856125793006788,-2.2613293123634346,-2.390727354351697,-2.6557614211648866,-2.810555983456602,-3.093479924622518,-3.093479924622518,-3.093479924622518
ASELS.IS,-0.6340309773452906,-1.0769219152853184,-1.4060914541344978,-1.673431280401791,-1.9058731401211786,-2.089456312427495,-2.2437500969206385,-2.332070746461916,-2.4667024043907477,-2.6201977652559547
CLIS.TA,-0.5974262509871604,-1.1178594779907514,-1.546254172173127,-1.8935929965843565,-2.2005449412669393,-2.362148711804607,-2.5022278577036694,-2.656962848844265,-2.7979837821623654,-2.9264832519039987
1760.TW,-0.7999094351044561,-1.1763881591489782,-1.4722505127065886,-1.6911591260750618,-1.9038983470427506,-2.0852633397292073,-2.2368017558023987,-2.311929519579765,-2.39290411664511,-2.7547861001784053
LEU,-0.288582282791383,-0.590089341869298,-0.8580126895545747,-1.100084503427842,-1.3053536826383514,-1.5165609113212355,-1.6925890292272048,-1.8442440861003937,-1.9826381702968612,-2.092464294014752
ASURB.MX,-0.9030389305633384,-1.367285938137743,-1.7155931913776892,-1.9494476109480048,-2.142136848322803,-2.2319087159380753,-2.314838394682809,-2.3695506144627654,-2.440050584537869,-2.497760864533628
DIXON.BO,-0.6239157337983234,-1.0825135670667074,-1.484935255963823,-1.8701469469613625,-2.166881349031066,-2.3747471424771054,-2.492550570667928,-2.6204846688135905,-2.755868165559526,-2.8859421324699475
3293.T,-1.5183611159570665,-2.156436311278037,-2.404382851562359,-2.5953347990843247,-2.6771604357585606,-2.8742447861813325,-2.9999808000810826,-3.2051367779106035,-3.2051367779106035,-3.2051367779106035
7550.T,-0.8048013207790142,-1.3170224110840685,-1.67264514240007,-1.9932383754834255,-2.2507403002141704,-2.3863363833378806,-2.5774425150016405,-2.678973991360607,-2.7982984999284226,-2.8899569472363713
SPHXF,-2.3070392593928304,-2.3193971059582625,-2.358758928750541,-2.3871853598574257,-2.433816255904993,-2.46812355385677,-2.525755144027985,-2.569424549191219,-2.569424549191219,-2.6186238812106795
8069.TWO,-0.4509352746736249,-0.8777295620108619,-1.2195792025770453,-1.4918189819819963,-1.6740659078405433,-1.8472847473516856,-2.3196098790607014,-2.547180374236617,-2.6652851060249807,-3.6074115870809855
RAND,-0.6500263831660263,-0.931819370488402,-1.14840145079948,-1.3384137953012611,-1.4846531655847548,-1.6359481674049283,-1.7588364524288607,-1.913641301370329,-2.0284519178112332,-2.1391828885120803
CBQK.QA,-0.9051071061459146,-1.4703586883071271,-1.9189848322969647,-2.226308842099819,-2.4573531813498968,-2.59360238393875,-2.7762716010947566,-2.84088343786633,-2.8782405902814654,-3.1747560672295423
300308.SZ,-0.4617072383792405,-0.8208230306148315,-1.1023658149928492,-1.4171881368309578,-1.630070466640743,-1.7958383615266302,-1.913073158331913,-2.0164602292334184,-2.154950375478237,-2.4475234263583516
HARL,-0.9437200234827334,-1.3217031680900313,-1.6403478379181626,-1.913641301370329,-2.1785880083156175,-2.390572138325214,-2.542354039142762,-2.7253672237986515,-2.9323172371449133,-3.3146523927384957
LUV,-0.6107468551292935,-1.1092573881465135,-1.509336844222889,-1.842148485657092,-2.135420022383252,-2.322861892455491,-2.4796305340295475,-2.5726168960788374,-2.758243671798118,-2.8800482509373944
TAL,-0.4870685077346267,-0.8534526805199475,-1.1363262787529314,-1.3908566556701727,-1.6401796159123967,-1.8319214924662104,-1.962543948969763,-2.072810668119235,-2.165588279236499,-2.28189699266296
010120.KS,-0.5046906377720305,-0.951543764224869,-1.3141168395654548,-1.5978062608094692,-1.8524541226012206,-2.0603991970972615,-2.2287542828636555,-2.3886007779742857,-2.5123614114628925,-2.5813982837075913
1766.T,-0.7259267035605893,-1.2583953388963294,-1.6428900719621793,-1.9101104070380088,-2.1514567977603387,-2.388804095134233,-2.559574000933646,-2.647305981810228,-2.7253539375867337,-2.781606369841683
002301.SZ,-0.6020856978166228,-1.018676407342752,-1.3748939076633164,-1.6985278610927432,-1.9531645381210674,-2.144359858554096,-2.3203853507965286,-2.438900365290112,-2.5215464940182497,-2.873150229371221
BKWZ.XC,-1.3066178404225155,-1.9222073387148721,-2.3880395366922773,-2.620389610367933,-2.954007594724701,-3.022204412311593,-3.226143311884635,-3.4195046633077117,-3.4195046633077117,-3.4195046633077117
MUTHOOTMF.NS,-0.5726727853341822,-1.1182199778827473,-1.5727856345778841,-2.0545740973085107,-2.3270974381576406,-2.512849306354681,-2.878791946663777,-2.878791946663777,-2.878791946663777,-2.878791946663777
MPHLX,-2.287763376826977,-2.5841620449378007,-2.611647904025521,-2.708538594291751,-2.7274507065495937,-2.868065192136981,-2.967372656270915,-3.1743386961668345,-3.2569059325471716,-3.370289802851426
KOFUBL.MX,-0.7450114874350041,-1.4689587734123954,-2.005428497550005,-2.4525593662493472,-2.8249952030560714,-3.040218439023134,-3.343180478589965,-3.343180478589965,-3.343180478589965,-3.343180478589965
HAVLF,-0.6212177604796195,-0.7297489654875167,-0.8231662189151827,-0.912683770361577,-0.9694666655285431,-1.039393543038523,-1.136511092390081,-1.1854625595225403,-1.229220138697875,-1.2711498477303986
SCI,-0.747420783178912,-1.2202815572132064,-1.5629648377180936,-1.8156141832612143,-1.9909144888764019,-2.1584665855253675,-2.3172075209346654,-2.425368421939968,-2.5234011779966083,-2.680985395375806
6525.TW,-0.7612566442537861,-1.2801127761196234,-1.6395671501879339,-1.9141393020897455,-2.1338392793664207,-2.3899819759827716,-2.5182356017694345,-2.670132153783314,-2.7534421090438923,-3.338453932685824
1RY.F,-0.5349243501151909,-0.9401511411578076,-1.33627450626735,-1.6095548618101252,-1.8724528136085548,-2.0805474826389725,-2.246768398878118,-2.437409919309283,-2.656760529554148,-2.7523369845675356
MOTV3.SA,-0.845687187226574,-1.582057854709355,-1.8238032777788429,-2.2779883330287394,-2.2779883330287394,-2.531313090899455,-2.631313090899455,-2.631313090899455,-2.631313090899455,-2.631313090899455
GFC-M.TA,-1.427750309030909,-1.6188794458999805,-1.7929804213039893,-1.939409132804632,-2.060626836035913,-2.1312655095742365,-2.231384899525172,-2.338057518876705,-2.396917687548345,-2.4654792435888977
AAK.ST,-0.8466736960170979,-1.4265995505380646,-1.8751477676846084,-2.1995663209218326,-2.4162056832531977,-2.658815049497199,-2.8008361082043973,-2.8844644817887595,-2.9540196947371307,-3.041697741535019
601633.SS,-0.5031608336609754,-0.9965500679744503,-1.35601654637736,-1.6649334542068874,-1.938305532644641,-2.1544505740889126,-2.23486554132278,-2.3919710889666597,-2.543351052151246,-3.0469878310210095
FALABELLA.SN,-0.8132571950441033,-1.3865598583249736,-1.8258424846237078,-2.201545086708774,-2.5639615433404055,-2.7959806083073446,-3.031311205141448,-3.170486626174663,-3.2347551882652072,-3.316016912198896
6446.TW,-0.5410996402410179,-0.9962234840127667,-1.3450517753965432,-1.64301053013479,-1.8641168558219952,-1.9982408906620317,-2.089186963244412,-2.23200852583927,-2.324921634441383,-2.866248053087381
2356.TW,-0.6531370111177489,-1.1146059837666464,-1.4545585767446572,-1.7261283513120171,-1.9491783352126637,-2.178839017045083,-2.6507684398066615,-2.8107846651020547,-2.958759249044323,-3.1662083050980154
2408.TW,-0.41855872973490166,-0.7677277896007956,-1.0886707321950277,-1.3596068395349876,-1.542548214980392,-1.6677070712468212,-2.510953439607264,-2.6169478352136513,-2.7298072993762768,-3.416758982076388
IMCD.AS,-0.8384740673899387,-1.4091001213797192,-1.882842238842289,-2.1997462038523232,-2.505847984589623,-2.618855487130058,-2.7803968740147957,-2.9983311820116554,-3.0849346559779716,-3.2035780322468064
000623.SZ,-0.6455061690638539,-1.1295235452250167,-1.5099719424575853,-1.7653216219521648,-1.9563153625768674,-2.085292017697133,-2.20144862140746,-2.3396927303649786,-2.481749086281793,-2.9268513918430354
BC8.DE,-0.6516446022254544,-1.1241836048399807,-1.4941237092718003,-1.8258470548945294,-2.087949245448465,-2.305901465001648,-2.4683260619531606,-2.610168111929855,-2.745972475616415,-2.8183879090577095
2415.TW,-0.5618642771927551,-0.9662889497888764,-1.2989041247165436,-1.5413022430508945,-1.733038629179101,-1.9264031529639867,-2.4679024899410846,-2.6020657210415625,-2.7067096143410008,-3.230550390334471
3045.TW,-1.1420962796056235,-1.7910018437129573,-2.1382329760566505,-2.366080641895473,-2.5870481135279113,-2.7743303810160396,-2.956502682846255,-3.03316257322251,-3.198199286511631,-3.578386689065416
002004.SZ,-0.640743267797384,-1.0784748090248504,-1.4186119618394022,-1.670862406770278,-1.8421787297449435,-2.002029276118977,-2.1216628807548745,-2.228079856932624,-2.3303642006396177,-2.7429885918479178
000869.SZ,-0.6468830099816621,-1.150740471480855,-1.5834056301109587,-1.9184440288346216,-2.179451651367806,-2.3650092606461595,-2.5243735314946316,-2.6114919870138182,-2.777773386984916,-3.0143082102776675
1357.HK,-0.28091319687301747,-0.650626267493733,-0.9022831487462591,-1.1747171052220275,-1.4263165884510505,-1.6327671160354804,-1.7882169839741697,-1.9418251314740194,-2.118028408030443,-2.199003156739631
3580.TWO,-0.5075560690656841,-0.9315218055310277,-1.2328089300913103,-1.4883766773915712,-1.709651605533445,-1.9317233175737318,-2.1659273092050086,-2.2797177413794882,-2.434021049619288,-2.8084943510342493
TX3A.F,-0.685196340912584,-1.0757330852490263,-1.3371896777065035,-1.5220131508448167,-1.691396164549557,-1.9022955604513931,-2.0486228796191592,-2.289376365808672,-2.5360976809266202,-2.7398260721487833
NWS,-0.7635272503446183,-1.3972661708883614,-1.7893567034775704,-2.0952972328090964,-2.2870305616251985,-2.5297593792914514,-2.8023663371517897,-2.8451674718839652,-3.0189574370215304,-3.1050690287268714
601878.SS,-0.5704234522914446,-1.0839310753112101,-1.436720292086634,-1.7382583753696113,-1.9495273535804036,-2.210561525190116,-2.320762569998895,-2.495825022411948,-2.5240904857885553,-2.888844506164588
600663.SS,-0.6411876412713656,-1.1141519435894263,-1.4460213764314453,-1.7224913701849214,-1.9280240076840938,-2.0887357426210817,-2.24290837274043,-2.364499028425812,-2.490324640926528,-2.9268513918430354
3563.TW,-0.618754940460083,-1.0581662772903644,-1.4246315286143294,-1.7146697615405326,-1.9102898345580093,-2.0847094789789002,-2.287495281099524,-2.363659129761752,-2.434102930815374,-2.8725701275876045
1816.HK,-0.7343672590495479,-1.269713902074989,-1.7132360881424882,-1.98623733043111,-2.253335979305483,-2.5421508788855363,-2.798039141517714,-2.905009449734756,-3.0613447771666173,-3.0613447771666173
003230.KS,-0.4708310664495825,-0.9087755130213686,-1.2501230179788692,-1.537253505643662,-1.7545530198794783,-1.9283384828379984,-2.0834758355413014,-2.219609829560639,-2.3503118629211963,-2.4234196582637146
9024.T,-0.6931834316431699,-1.1777685524486368,-1.6724052150617625,-1.9905736659639865,-2.230799026877586,-2.478477468326473,-2.638257273476754,-2.7729212946086674,-2.9225102231635343,-2.991316115183784
603501.SS,-0.4738183419888965,-0.8830724103624016,-1.2458305717226104,-1.4841572016938573,-1.694021052468044,-1.9032561784954112,-2.085161626581245,-2.261101554984023,-2.4054622866895654,-2.764517061285512
BSAN.NE,-1.548002803138333,-1.6716437380157465,-2.2111272410853324,-2.4699415371335185,-2.4699415371335185,-2.5699415371335186,-2.5699415371335186,-2.5699415371335186,-2.5699415371335186,-2.5699415371335186
7261.HK,-0.6529170870461338,-0.978299235152926,-1.2994933905876342,-1.5542585635845414,-1.7726764697506407,-1.9831770673226883,-2.1610912078726874,-2.3072048649960557,-2.413905583778458,-2.558195208309965
AZRG.TA,-0.6952392186343855,-1.4003417301873786,-1.885765489616174,-2.373138958938728,-2.725846462485327,-2.9471822629109052,-3.0703760315429762,-3.155283782600279,-3.271721788701231,-3.271721788701231
R3NK.F,-0.3172718379353589,-0.6136916803070206,-0.9619005046443941,-1.332875651557143,-1.5891204794935079,-1.7823707221864435,-1.998678474083502,-2.1828664937373627,-2.3955045028581434,-2.3955045028581434
AMMPF,-0.1487214953686677,-0.3224306907800722,-0.48096429978449984,-0.6274296025401759,-0.7284498463438374,-0.8551888031370313,-0.9839844620698333,-1.0859432396513198,-1.1797611176118605,-1.3438962538182466
600276.SS,-0.618591855551515,-1.147424608138011,-1.5824743137828685,-1.9449155771311406,-2.2500596469834218,-2.461627736370465,-2.5881460805970433,-2.72485687651434,-2.9786914212641062,-3.5972115868449563
600958.SS,-0.617364001701501,-1.1333776810012492,-1.46883912134848,-1.7370414051251837,-2.0264813269229855,-2.163391767125484,-2.25063210563962,-2.3441712649270805,-2.444812323305118,-2.7422379394686183
TOTS3.SA,-0.5819734949481573,-1.0602746082462093,-1.4636409991050998,-1.8456141919401614,-2.1642588425194034,-2.3945012301657127,-2.6147077340134595,-2.7896168605367495,-2.906639573992364,-2.984385454489716
000012.SZ,-0.544879239012345,-0.9487972606189589,-1.2918178464375298,-1.5323038527732693,-1.7470851546873334,-1.9355871296060532,-2.117219241168087,-2.2576278379117505,-2.3977070380159367,-2.8744988367849738
4190.SR,-1.0846060204719945,-1.699579403230707,-2.1648236086196437,-2.4335539306249334,-2.594631980653705,-2.777245054709223,-2.8418383811782646,-3.024323127075387,-3.175625022161823,-3.2914395035779527
AEMMF,-3.0865698257015923,-3.0865698257015923,-3.0865698257015923,-3.0865698257015923,-3.0865698257015923,-3.0865698257015923,-3.0865698257015923,-3.0865698257015923,-3.0865698257015923,-3.0865698257015923
2897.TW,-1.3266775070350318,-1.6999503154007551,-1.9736962697120948,-2.1840404478253506,-2.392323433633356,-2.547180374236617,-2.7299266623463105,-2.754268270633689,-2.9510047154002654,-3.053426225046906
096770.KS,-0.4762900128648256,-0.9378106000196722,-1.309975095003595,-1.646239431418948,-1.8698985050055303,-2.072524428449657,-2.2834680746210885,-2.529545358270941,-2.6752388008092964,-2.7899726312607025
8359.TWO,-1.0947336466372195,-1.6796611853158152,-1.9907204615820373,-2.167426403802765,-2.339114514297251,-2.4019200585598632,-2.4299434718604083,-2.492492822545671,-2.5278329286278334,-2.5467590409921232
2768.T,-0.5827316890003341,-1.0297181583270079,-1.404408753541895,-1.68915799712981,-1.9300193823715392,-2.136292545793491,-2.297943534477068,-2.4940091068259407,-2.520863785931593,-2.6388845698073062
SPYU,-0.5371401262659029,-0.8707747414910392,-1.1149420866050488,-1.3048657086648894,-1.468256548658275,-1.6095981855127421,-1.898869975292331,-2.0312810997861592,-2.160808014266903,-2.2133808301855584
000088.SZ,-0.6775540723589291,-1.1399213578292355,-1.5063223795342704,-1.7579567781216567,-1.925527298828295,-2.068434096276952,-2.2477609102370133,-2.3841070222914844,-2.4990873418513773,-2.9268513918430354
EDEN,-1.024995530034789,-1.757884737286786,-2.2762500104689947,-2.607056833425343,-2.798315782373839,-2.926802979495999,-3.0506974566773883,-3.2530951848203937,-3.5451340491742553,-3.5451340491742553
603993.SS,-0.4605784317917724,-0.9209506261564514,-1.2259493674635362,-1.516498029849286,-1.7350205265924001,-1.887463745423622,-2.1102514507057863,-2.2336601452643765,-2.352204342505274,-2.899926317618274
BHARATFORG.NS,-0.548952095565819,-1.0717701065377894,-1.4376583564294603,-1.7433741672006577,-1.9717528007349088,-2.2237402910626067,-2.4017866147421785,-2.521134691414404,-2.6519139359128476,-2.7737738095304354
2207.T,-0.9419431960156786,-1.4596265138266777,-1.873743210871912,-2.1984657690449767,-2.446145419753446,-2.6649076576145023,-2.890158748455564,-2.9794296900453126,-2.9794296900453126,-3.015331861783296
VOLT,-1.0396394042814567,-1.526579243533673,-2.0823179999923855,-2.283718846728582,-2.4341847912895975,-2.6754596056927276,-2.6754596056927276,-2.6754596056927276,-2.6754596056927276,-2.6754596056927276
6645.TW,-0.5259542703696936,-0.8870325712786067,-1.1809959805096144,-1.470655195526219,-1.6936652303437125,-1.903721307154098,-2.0932377859861786,-2.164357576708813,-2.2804294812682806,-2.3332177315812666
GVTD.BO,-0.49337354967513064,-0.927833001528909,-1.2961517133132288,-1.6344598430977626,-1.9587589625336614,-2.198816914707043,-2.36845115341083,-2.5056725725270335,-2.659118738749876,-2.7679584349227744
ADEN.TO,-0.6396581309231144,-1.084064096989684,-1.47463467943824,-1.7198144278037055,-1.9129169621275042,-2.070653112757906,-2.246373830239602,-2.3506912727431106,-2.4529706423706688,-2.502268308854318
COLPAL.BO,-0.8906904216826803,-1.5822571080271028,-2.0535582130113603,-2.3686239980559622,-2.678828367758589,-2.8325720565436563,-3.02789025057063,-3.1671947709493873,-3.3128505436177123,-3.424616079155089
9863.HK,-0.3773919438285537,-0.6346494467038758,-0.9337399586834716,-1.1868314327558183,-1.4567642158371548,-1.7081446170748449,-1.8277673147210662,-1.9594289058950534,-2.137705216791193,-2.281342964663029
VZN.SW,-0.8224112772588789,-1.3329452636946328,-1.7653227993455576,-2.055677228288312,-2.352729788122841,-2.5163011043995067,-2.707618391556578,-2.7758274933812697,-2.893318601687893,-2.9301123460623746
RAA,-1.4750953297088736,-2.081554538635732,-2.3516253860698906,-2.6991389164379425,-2.6991389164379425,-2.6991389164379425,-2.6991389164379425,-2.6991389164379425,-2.6991389164379425,-2.6991389164379425
300059.SZ,-0.4666201930793673,-0.8883578708593627,-1.2209462782648826,-1.470992986663911,-1.7253579618930315,-1.8811001994629328,-2.0522436902783965,-2.1403642799341616,-2.2410000955064624,-2.659716431090191
MCX.SG,-1.0021462443241043,-1.5797102886319523,-2.093461678410238,-2.4047060975294348,-2.6574247900665933,-2.7653147710080277,-2.9614323814549577,-2.9614323814549577,-3.063556826886192,-3.129711384977501
SDF.DE,-0.6418151248723637,-1.155206143410967,-1.4987623709669393,-1.75559690490087,-1.9680747016101494,-2.189053839994976,-2.3769440791928593,-2.5109953827470144,-2.6109410617264226,-2.781093854100751
MIN,-1.5165609113212355,-2.3646817036900085,-2.8139479831547503,-3.115691259587702,-3.3146523927384957,-3.3146523927384957,-3.7102880350485665,-3.7102880350485665,-3.7102880350485665,-3.7102880350485665
9962.TWO,-0.9064345693249052,-1.3488798368211,-1.68101407347119,-1.8861405433916771,-2.0372104281772145,-2.1902406672711145,-2.5191244734984184,-2.6652851060249807,-2.872498649966767,-3.2035454614831407
010130.KS,-0.5191895920282478,-0.9364996549214079,-1.3068404249508367,-1.6160266061487876,-1.8720975280929486,-2.0603991970972615,-2.2062318015906843,-2.375447718268914,-2.47771606619776,-2.6035978781383813
WPP,-0.6576213609482848,-1.1603430577158835,-1.539975627152163,-1.7883995014827254,-2.0562187952197424,-2.259426639852963,-2.4796305340295475,-2.562266673910372,-2.69519642312547,-2.741435159375291
3529.TWO,-0.4789366258539508,-0.8712391005970588,-1.2066931762456932,-1.458279101676501,-1.6650343464804849,-1.805319786912894,-2.1102857760681535,-2.2432414519328323,-2.3455265329212827,-2.998365648196845
2018.HK,-0.41746792418246903,-0.8112080992271683,-1.1592018144347822,-1.4703524509031278,-1.753737703124107,-1.9837124947588183,-2.152057734201982,-2.3763556389050056,-2.514464828245288,-2.592177489681837
COPEC.SN,-0.7673810891100611,-1.3935767877116318,-1.9402341476657243,-2.354123763535457,-2.5958619018121922,-2.8361908739748616,-2.9955716820637965,-3.2347551882652072,-3.427692142763783,-3.6115540110837676
688256.SS,-0.2709687148109228,-0.6168123719917037,-0.9519308049773928,-1.2540844251849053,-1.5089140270366395,-1.7003952549027332,-1.9747027842342502,-2.1481969462182877,-2.2547194599659552,-2.4680560227204964
CENCOMALLS.SN,-0.5706277445404467,-1.0466869646074033,-1.5055592413720713,-1.8092392926179561,-2.098912859221568,-2.2863130987938693,-2.4679577702123487,-2.538968790889714,-2.625691578330566,-2.738253085544538
GFC.KW,-0.8101926565815454,-0.9581552156491644,-1.0642636007105826,-1.1655450159545404,-1.3655093281811257,-1.5193191944873916,-1.6227111684214415,-1.7745695288410486,-1.8975761552226866,-2.0792225577666392
VEND.OL,-0.5939395388892443,-1.1216482872937972,-1.5832549636499031,-2.0042335798798243,-2.2814383223755823,-2.4505386631404034,-2.611712082277219,-2.7086008793236505,-2.8404846196714533,-2.967430361729415
5844.T,-0.6672365124080101,-1.2721293293329832,-1.68915799712981,-2.059638126752796,-2.3201508715107084,-2.549669716346944,-2.7229849282867558,-2.877773234504277,-2.9918809929976073,-3.231299859623814
003670.KS,-0.5993274739361312,-1.020130070069959,-1.4051608653127798,-1.6956954121551617,-1.9505395127232434,-2.1897416253604476,-2.3672187428436344,-2.5659708052565784,-2.6827620287738285,-2.808426351728379
6770.TW,-0.4713394137351697,-0.9641726986998461,-1.3963749115339112,-1.7431878160897443,-1.9997389930869267,-2.2023261766247733,-2.367966013504886,-2.5307432287274687,-2.6466193392086446,-3.2511990670220734
CAMT,-0.3845817701146142,-0.7244267977360941,-1.0299163875932287,-1.2873648154678345,-1.4990734674891624,-1.6884684269792396,-1.8557647340088765,-1.9870969902035023,-2.1456624157755515,-2.2459563773753697
3692.HK,-0.4633372120684542,-0.8862836745202195,-1.1709081775940402,-1.5185636495454153,-1.8078363771423693,-2.0083165394668634,-2.190325764630242,-2.406435557000672,-2.537886447362853,-2.6767078113671867
032640.KS,-0.5823792070075126,-1.0316058274882653,-1.4113810221404521,-1.692326921063871,-1.9205695886414185,-2.078477842276393,-2.2103380166601556,-2.2833042753627075,-2.333710327708606,-2.370934176876622
5801.T,-0.4921512192175765,-0.9352468071560189,-1.28701242666392,-1.5845780716474576,-1.8083736430049058,-2.01065138823597,-2.201135503600321,-2.3747660966111024,-2.511709714255781,-2.6648709662659913
RBI.VI,-0.5476568600439995,-0.9580793639620062,-1.318550805599471,-1.620045113940237,-1.8443112597559048,-2.033401773196627,-2.184748337217765,-2.371212941440917,-2.5136660273613383,-2.6026609929677513
CD,-0.14481433961380355,-0.33221617955928084,-0.5077547829891956,-0.6876554956874058,-0.849848883696768,-1.0366716041756372,-1.2072829005033916,-1.331893388278117,-1.4596329941370818,-1.5835710179741165
BBSE3.SA,-0.723949609129917,-1.2933803113221227,-1.7477511265859542,-2.0676942844379607,-2.3451890795089065,-2.4926804656770774,-2.616839658253964,-2.845268441668141,-3.019053477512375,-3.4166727003180584
MRP,-0.6883568809054261,-1.2521195202652193,-1.6621074700249507,-2.1073446081073044,-2.2215195883378422,-2.3751070841947755,-2.620817142636351,-2.620817142636351,-2.620817142636351,-2.620817142636351
LAURUSLABS.BO,-0.688631081858979,-1.2360016222910353,-1.6660341189979502,-1.9668978275351603,-2.2271211641175284,-2.406636662802406,-2.614166490574685,-2.7337802963015605,-2.7337802963015605,-3.001859133232274
5105.KL,-0.7032743774950232,-1.1751055646723052,-1.5320110861219436,-1.8429685853404951,-2.033798788402685,-2.218373152476956,-2.4712894387882804,-2.539947421463322,-2.608007063730549,-2.672748513024184
OPAP.AT,-0.6441978836359029,-1.1172152955135757,-1.4946537842701157,-1.8135145849815977,-2.051893574828386,-2.2402865785366246,-2.4297873850248246,-2.612041931359703,-2.7089209991280545,-2.797935334192452
3861.T,-0.6744897501960818,-1.2415090828578281,-1.676431374863113,-2.0469251491460936,-2.343565047628959,-2.6785705547680516,-2.81162825123693,-2.902932957925707,-3.067787330537571,-3.1135632538678264
POLYCAB.NS,-0.7369249816703751,-1.2992471620473367,-1.6222203730520046,-1.9654009408254831,-2.23700562648861,-2.3176270897152924,-2.5109422538326864,-2.5479163498689363,-2.746664444890116,-2.746664444890116
TAP,-0.8155766385302927,-1.4292632572588888,-1.8096689017131373,-2.162421309946964,-2.3774277410396354,-2.5726168960788374,-2.69519642312547,-2.8566037537823714,-2.905191387241866,-3.0699424590340376
1171.KL,-0.6663988052704979,-1.1002984821404782,-1.4766972456237333,-1.7558534389272147,-1.9584519435066767,-2.1559025810838035,-2.3319865136944107,-2.503033886216315,-2.603228740876964,-2.7393175444410764
005387.KS,-0.6031107867981645,-1.078508545192914,-1.5372745807256811,-1.9147666543598205,-2.238863956511089,-2.428085851680097,-2.590395265276263,-2.6879166509789707,-2.8484084994519514,-2.989309714761565
KCHOL.IS,-0.6247712353000368,-1.0837292819171453,-1.4746635126430707,-1.768545833578415,-2.053748910631828,-2.2075920006975216,-2.3437510547117104,-2.4747396492194893,-2.5455974517767,-2.713051888472723
018260.KS,-0.6005613550211469,-1.1608825770132638,-1.560954517116923,-1.910767369730146,-2.1773559050596165,-2.337820692354619,-2.4856630245688147,-2.6881966277680456,-2.980949343531314,-2.980949343531314
BC,-0.5517369171081129,-1.0047175403263084,-1.3516741312200498,-1.6144110646041738,-1.8077012815006883,-2.0344878582398773,-2.1545453337908858,-2.3172075209346654,-2.425368421939968,-2.5053135990191526
601880.SS,-0.7941827961649995,-1.3570419349608425,-1.6976780552561728,-1.9532336371623493,-2.1152642968560422,-2.1917192962820753,-2.274460972153317,-2.354070519508038,-2.4385568165007623,-2.7784735203274824
9684.T,-0.5978803934488615,-1.1045793705784852,-1.530703466633225,-1.8620196463569636,-2.1351986970061074,-2.359520792803263,-2.525390401159977,-2.612481182809762,-2.6790277424229707,-2.7600929859424483
EVK.DE,-0.8039062779535543,-1.4301241571224177,-1.819929668698763,-2.134430330756191,-2.460350822979594,-2.7312662298643797,-2.846778801728987,-2.952259780694188,-3.106565381462784,-3.2245224437344073
ICL,-0.7149166517907627,-1.1270874980635182,-1.4534161594139665,-1.7622540048880866,-1.9723010189195185,-2.1722923299973473,-2.3357054584336105,-2.483648814807282,-2.57775179281198,-2.7213189450113715
GFS,-0.3822309371425839,-0.7547788613256412,-1.1411276803075323,-1.4235383513665802,-1.6970106001871264,-1.9161696004252473,-2.2156197184697,-2.4259784794809582,-2.763118889623835,-3.104129633082614
TEP.PA,-0.6831109353051271,-1.1518958648480577,-1.548347342709542,-1.8333100640274087,-2.1080727525083924,-2.2775888545549097,-2.3664132510092584,-2.559659598343411,-2.6613298848849603,-2.841488598456898
6019.SR,-0.4727891209922673,-0.4727891209922673,-0.7478585947633021,-0.9084578685373852,-1.690621629584898,-1.690621629584898,-1.690621629584898,-1.690621629584898,-1.790621629584898,-1.790621629584898
3606.HK,-0.5305992879176957,-0.9988738722025091,-1.4713911960829862,-1.796090147055993,-2.094223328251413,-2.305473792919932,-2.467920917757291,-2.6097809106628778,-2.9656940528289866,-3.053086595946147
2633.TW,-1.3418704360166558,-1.924446484756397,-2.26472741974419,-2.445138861718541,-2.5934345465507627,-2.8390443403203864,-3.1197648355855403,-3.2035454614831407,-3.318514149036046,-3.318514149036046
MLTH.TA,-1.093490057402115,-1.4488664401500186,-1.777234724006921,-2.064261404600097,-2.2482150446055176,-2.4387664757303504,-2.5819285510950163,-2.724102399737526,-2.793163692413828,-2.931127521881794
GRF,-0.85803847410046,-1.2592685594584423,-1.5847506318755786,-1.8615268951022785,-2.0667141822464816,-2.235909116106331,-2.3940462393500774,-2.453995488686557,-2.638318696063506,-2.739231217054225
LTM,-0.7950355934872074,-1.2991110625066005,-1.7026015528863847,-2.2876027636071155,-2.2876027636071155,-2.5401550850200443,-2.8738238811984043,-2.8738238811984043,-2.8738238811984043,-2.8738238811984043
000777.SZ,-0.5174745895671716,-0.9109254969898695,-1.222194082164815,-1.4883686614986225,-1.7022102963557055,-1.8871216238422388,-2.003383074374821,-2.1397677482934534,-2.2381080814540932,-2.8290074842933715
8354.T,-0.6103450771083306,-1.1288897894986143,-1.5440616441747907,-1.9486298574474377,-2.2168632133782507,-2.446145419753446,-2.612645741149514,-2.7985058223902994,-2.890158748455564,-2.9794296900453126
2333.HK,-0.41181281608968545,-0.7922224496318018,-1.1153247711032845,-1.4117616124879957,-1.6753843504754973,-1.9102943457349548,-2.132116746908105,-2.265782370973192,-2.4783570177285146,-2.6197561293508222
268A.T,-0.4561586994717061,-0.9720322943361202,-1.2815515655446004,-1.5664582328127952,-1.974932028988942,-2.0397090766872212,-2.114380771527566,-2.2031212063800076,-2.462606936250094,-2.462606936250094
042700.KS,-0.42583580120129694,-0.8317694867078764,-1.206830241101408,-1.5437420265069948,-1.7965722015365804,-2.0341281682361574,-2.2245306956484456,-2.369666133812226,-2.4822277443166736,-2.6557614211648866
MINT,-3.2943668972727465,-3.584412745095187,-3.584412745095187,-3.584412745095187,-3.584412745095187,-3.584412745095187,-3.584412745095187,-3.584412745095187,-3.584412745095187,-3.584412745095187
SBIDL.XC,-0.7066425503673628,-1.1556597851606203,-1.4896069672905712,-1.7802624147258166,-2.091763137771203,-2.345090590795848,-2.655204945232728,-2.9507133980178306,-3.0065842929864575,-3.0737864983528254
2501.HK,-0.3629580824259187,-0.7558722770481502,-1.101758383029032,-1.3780426257148348,-1.6692694824603804,-1.8396915942279555,-2.0906096355281343,-2.180094504655888,-2.441528632626384,-2.543687356814203
A2M.AX,-0.5719742060268519,-1.0977960012279901,-1.5144637666821896,-1.823307171611025,-2.073076747543834,-2.1988314652318723,-2.3585067952351553,-2.440205745305175,-2.4983565129326624,-2.5920249775563304
PAYTM.NS,-0.4048301696646881,-0.8318655858867193,-1.1677710749661718,-1.4229513982854054,-1.7266466304800978,-1.9688388758172428,-2.128439203946715,-2.205427728952441,-2.265102890400345,-2.416491064219949
BELA.AT,-0.5751288705177108,-1.0238396272081505,-1.3960293160158066,-1.7106703365953362,-2.006623545048891,-2.205453270314731,-2.378834769033657,-2.5535130205882988,-2.696467575073353,-2.7956361172980677
002460.KS,-0.5925153647752278,-1.0159449615152272,-1.3671231254720668,-1.6526555580629223,-1.8948062025317742,-2.1258249808832987,-2.26231842633995,-2.3886007779742857,-2.521513569542368,-2.6151974322238423
5101.T,-0.6202090745632759,-1.1140691133659324,-1.5350605869044769,-1.8779938338271744,-2.1635477434139596,-2.362008674711904,-2.539831993566806,-2.792069225181797,-2.959567232064889,-3.231299859623814
BRPT.JK,-0.43214175458061843,-0.8539281235827154,-1.1794534755978472,-1.4282727514526945,-1.6494405546199553,-1.8101944474127545,-2.0055764486649883,-2.145954528815538,-2.2740186173213193,-2.455902507402377
AKBA,-0.25422017675162906,-0.5532369323808995,-0.8428265378596586,-1.1128629720485927,-1.332185240137626,-1.5080779808887126,-1.6793389534847163,-1.806589506135056,-1.9380770086392662,-2.077298360010097
SWECBS.XC,-1.4520348893549822,-1.714956936301592,-1.8363435545945574,-1.891206666773688,-2.085670492174537,-2.246494979795515,-2.3875256185829703,-2.4604011313953893,-2.5492935383122144,-2.664508131622695
1326.TW,-0.8078957829282714,-1.329194576952668,-1.724413597276463,-2.0095506912726937,-2.255648326845039,-2.44420004192215,-2.876945923371268,-3.026865052867319,-3.1127894446433713,-3.3119017212686157
4527.TWO,-1.0471668654650628,-1.5309091189149893,-1.9101912195045094,-2.1840404478253506,-2.354411992640162,-2.5773971154949,-2.780360145338418,-2.872498649966767,-2.9982967115912986,-3.318514149036046
FPE3D.XC,-0.983979156973716,-1.4456841233885838,-1.805760326383399,-2.1406686569889914,-2.3655418855864285,-2.5069156240605834,-2.702415390898908,-2.9021047723523683,-2.950059759836446,-3.274353179715106
237690.KQ,-0.3656142285750269,-0.7599227346250034,-1.121181067339486,-1.4518994591116345,-1.7377083833304248,-1.94800903776636,-2.127012758428915,-2.271177303861144,-2.5122451352072015,-2.703798514859345
1208.HK,-0.3926922513508169,-0.7488584593096275,-1.0541370149684994,-1.3256162568351249,-1.565188623291026,-1.7794512721226596,-2.0016669793241646,-2.1972450793183524,-2.3213995263453313,-2.5776171386781335
BBAI,-0.22351468671307825,-0.4024636523929899,-0.5854331618374796,-0.7622101006728043,-0.937112379118926,-1.1071447520676059,-1.2687607610226566,-1.4604211980024666,-1.5952988096109697,-1.7577329481612889
3436.T,-0.5320350096510108,-0.8774381607922896,-1.2014133057312788,-1.5150761976629605,-1.7547997498712173,-1.9843600654426068,-2.166464295922221,-2.357838451731902,-2.484446211228739,-2.548692509934035
300502.SZ,-0.33773240359095064,-0.6738315562961105,-0.9629654670150021,-1.2218685980168553,-1.5021654187240503,-1.7391500766900079,-1.9726490120316924,-2.1066671279002454,-2.168436080430706,-2.4962248358440533
0P0001TWEJ.F,-2.813051888472723,-2.813051888472723,-2.813051888472723,-2.813051888472723,-2.813051888472723,-2.813051888472723,-2.813051888472723,-2.813051888472723,-2.813051888472723,-2.813051888472723
5333.T,-0.6118070354445517,-1.102651165811319,-1.5080312905449553,-1.8473598145732029,-2.1214034880954658,-2.387922140784025,-2.520863785931593,-2.7229849282867558,-2.7390644453254165,-2.877773234504277
388870.KQ,-0.20717728756332462,-0.4777534182194874,-0.7496447405002749,-1.0484827546465243,-1.2729221024846928,-1.4804699106021946,-1.6539447066047854,-1.8992652391140687,-2.0832873149246502,-2.3206717128293155
9009.HK,-0.4061987438006893,-0.623421862408007,-0.8843114345335824,-1.163815529110094,-1.3230490371539712,-1.4873616671607892,-1.6091686834716115,-1.7059383427905583,-1.8905854307398862,-2.013997652532818
600019.SS,-0.7304358584017907,-1.1933719338846345,-1.5598748953412267,-1.8294995287933542,-2.065864915715361,-2.252736425776331,-2.4272726664978994,-2.597641922901778,-2.7396821631481787,-3.2171502237291927
HVN.AX,-0.6840334387341092,-1.2207290270246307,-1.6578894481694508,-2.0244269669141053,-2.332977334338513,-2.5872862696667096,-2.713854140303519,-2.83836976790079,-3.1724689322265163,-3.1724689322265163
000776.SZ,-0.7083066250818175,-1.1749867920660904,-1.5039004393424025,-1.8177323003958448,-2.1027642638277384,-2.2728533393736043,-2.4189775130897,-2.5561529859702103,-2.6613802730072194,-2.956369382294249
RHCPA.AX,-1.8092029853046385,-2.2727961046956886,-2.6595554037981177,-3.131568456730053,-3.5180758409265946,-3.5180758409265946,-3.5180758409265946,-3.5180758409265946,-3.5180758409265946,-3.5180758409265946
DFRYF,-1.1268607532940664,-1.3175230619150202,-1.5012207139924971,-1.674191102546186,-1.839340407267837,-1.9858811361765838,-2.120332141160973,-2.1941042714344543,-2.319151429732807,-2.416229474574201
005830.KS,-0.5143446209698926,-0.9204865217634978,-1.2836570101499352,-1.608955482327374,-1.8720975280929486,-2.0603991970972615,-2.1602889545495274,-2.3151868970304745,-2.4162182788753834,-2.540477845009056
9513.SR,-0.6515480237106277,-1.08521317914938,-1.4161791349559971,-1.7602729893134357,-2.043917381597856,-2.1904018993239545,-2.4082660617350333,-2.785602670716639,-2.9145613608015903,-3.124521692003433
8804.T,-0.5303623263470918,-0.9880689455649945,-1.3577129404453692,-1.6600540594622515,-1.930170194859761,-2.1275938992716603,-2.3344295839615494,-2.4973075183101447,-2.6791889385317185,-2.819283975789497
6370.T,-0.7072937893663851,-1.2262124883956558,-1.6412089378753585,-1.9406375002628045,-2.176467849230832,-2.4152881472288463,-2.6511500542349125,-2.819283975789497,-2.9470004139115633,-2.9794296900453126
3800.T,-1.0939085741060972,-1.5785554325924052,-1.9561185578666753,-2.210487170005309,-2.438062963336038,-2.5959141893929667,-2.718253360089697,-2.9033828565712807,-3.028091739421017,-3.148574478090263
3443.T,-0.590599162522148,-1.0953037083806767,-1.520644355307643,-1.8291089896671102,-2.0798192523338566,-2.2311707316533314,-2.422788443635464,-2.612645741149514,-2.694038499266409,-2.819283975789497
3908.T,-0.6130404043802636,-1.0348223575238742,-1.3604606073952015,-1.5598429773352909,-1.752433774501624,-1.9197679409232313,-2.0875094772894163,-2.199821684163537,-2.3804132332572085,-2.5580427269867734
KLKIM.IS,-0.3613200267899884,-0.8317997204604501,-1.2241913035830319,-1.580942062679257,-1.903727808351837,-2.1789466166197413,-2.254595064260107,-2.4197628980921095,-2.4197628980921095,-3.1337929797155013
024110.KS,-0.6628728635883424,-1.147727889306603,-1.5079680944821743,-1.7726805528404939,-2.012539818855632,-2.162567909723659,-2.2810619597174178,-2.407565165819342,-2.501887864569868,-2.625691578330566
GMRAIRPORT.BO,-0.4685870800743578,-0.910185644742996,-1.2427570452950871,-1.5446107213576499,-1.8270154203616404,-2.0273726094919615,-2.2338793069995555,-2.374952871736877,-2.508669547360297,-2.6546180837117945
600460.SS,-0.4597553816823106,-0.8523973967549009,-1.1672296847359311,-1.4672968641300792,-1.6986694635309425,-1.8909257915149014,-2.0570088228956025,-2.1791958043618633,-2.2578624440008626,-2.689751777842386
QGTS.QA,-1.0398160010488744,-1.6235406473271834,-2.053852162858539,-2.29046282218456,-2.4324695849610856,-2.6121395968021144,-2.8782405902814654,-2.920105842754803,-2.920105842754803,-3.290597057789942
9023.T,-0.9766001934836117,-1.5411196378226153,-2.0425612493463112,-2.205810650378084,-2.205810650378084,-2.465070484679116,-2.7040831339112614,-2.8040831339112615,-2.8040831339112615,-2.8040831339112615
U14.SI,-0.8553680895852247,-1.487218233332502,-1.89568415286593,-2.2382465700544114,-2.5546780298949847,-2.816249522342373,-2.9962669986670583,-3.316654077549682,-3.316654077549682,-3.316654077549682
BCVNZ.XC,-1.4279138876594608,-2.1454749319733275,-2.4027942717215782,-2.6464077542963937,-2.898067862954949,-2.954780956360679,-3.2268605376027195,-3.2268605376027195,-3.2268605376027195,-3.420186478023012
5631.T,-0.4851899792132696,-0.9051748442785486,-1.27039682164322,-1.6309736868596725,-1.889374604666225,-2.0661215325492077,-2.2421173448816525,-2.408466040987054,-2.5597605672688206,-2.692792093318821
EMBDL.NS,-0.3264772163103545,-0.7666800501816541,-1.2083493102552512,-1.5490403041214724,-1.787364298403997,-2.086434153279576,-2.3060439010192564,-2.4127854715454946,-2.5571262766645653,-2.5571262766645653
OPCE.TA,-0.6348821286969321,-1.2254539384567857,-1.68788101752785,-2.09049197543282,-2.3797507807230844,-2.6251069593222898,-2.7095602201446285,-2.89020917667419,-3.3012753076479133,-3.3012753076479133
8334.T,-0.6456124032533953,-1.212678697898365,-1.6600540594622515,-2.042805306439028,-2.366258867122258,-2.612645741149514,-2.694038499266409,-2.7985058223902994,-2.917402435316276,-3.101529537043595
352820.KS,-0.40717281812811684,-0.8687634548202492,-1.2415639324513679,-1.520738358646632,-1.7797470243313616,-1.9867657945821457,-2.2407986008503378,-2.4971510421125434,-2.5975307463203605,-2.7338539208709065
ENLT,-0.5929845539816317,-0.9480871166604103,-1.268030009349995,-1.6025114700277066,-1.891852483154318,-2.1800289031612006,-2.4756907019830874,-2.652968848524832,-2.787042579732427,-2.787042579732427
ADANIENSOL.NS,-0.5574067194535139,-1.024492489472169,-1.4416335715284694,-1.8035154547291397,-1.95203721782178,-2.1627518388167006,-2.260841073212351,-2.3871853598574257,-2.569424549191219,-2.569424549191219
300966.SZ,-0.3809771667375357,-0.7540373312459986,-1.091570887575775,-1.3062403229863584,-1.4851243796004336,-1.7304443611797127,-1.8999380244468211,-2.15283570842522,-2.310007688657044,-2.3426548941924845
8960.T,-0.8838507676393544,-1.4446773013011789,-1.8298841282795668,-2.0875678256854733,-2.2831349157802654,-2.4569039746458334,-2.6193864707730143,-2.7474533072977296,-2.794052346919734,-2.847644861399355
028300.KQ,-0.29453279118096304,-0.6374493050908906,-0.9210838084224124,-1.2159003652835918,-1.440710989569424,-1.6443916495362119,-1.8239465547361278,-1.97612089199592,-2.1107356156281427,-2.2754502760701296
218150.KQ,-0.39203079394291057,-0.7026570442351706,-1.0109157865877632,-1.2627280492025377,-1.4956235868459915,-1.6944898484647262,-1.8677032543670264,-2.0483384388677,-2.2211256545750953,-2.427636460377009
2353.T,-0.6398510329763968,-1.1624410261945797,-1.5925781822528104,-1.8709176512054024,-2.098591885822284,-2.2567270745803465,-2.341234180869739,-2.456098561415585,-2.6465568407049496,-2.8198221818186506
688173.SS,-0.3062501045239867,-0.6516230854246643,-1.0072648189355893,-1.2851359815078327,-1.5491781014679753,-1.7536067830671709,-1.9581773577343216,-2.152210828870826,-2.208683646016924,-2.2732261984900464
6448.T,-0.6074407093035872,-1.1093319179487955,-1.5017480044898865,-1.8487395658970518,-2.1595982206443236,-2.328338961823439,-2.479524105358939,-2.6378766518051826,-2.7425410613118277,-2.917402435316276
2268.T,-1.5020396229695283,-1.9128993677824802,-2.3258857634640204,-2.520863785931593,-2.7390644453254165,-2.902932957925707,-3.02765758217813,-3.1135632538678264,-3.166970890995784,-3.231299859623814
5929.T,-0.6761314924870457,-1.1870706774911943,-1.6632528516854697,-2.0300131153088925,-2.2509874727894346,-2.479524105358939,-2.6791889385317185,-2.890158748455564,-3.015331861783296,-3.15511221231473
HTO,-0.7267979359919793,-1.2473617846125367,-1.6537409923575035,-1.9744954700398747,-2.254532061700739,-2.411098038393774,-2.6672960131867987,-2.794402495947033,-2.905191387241866,-3.0699424590340376
SDRL,-0.49535805917418496,-0.8923442619689537,-1.3604193124657555,-1.7122607023856187,-1.9027592992707003,-2.141198120972024,-2.378786627777076,-2.5784119793785862,-2.676292312363966,-2.676292312363966
CMIG4.SA,-0.5522262038811687,-0.9823438794972305,-1.3901054448088377,-1.7198217424287738,-2.0043753598162897,-2.2588390466041868,-2.41053981836903,-2.572087100896597,-2.709465875106436,-2.8341424575186602
601601.SS,-0.5499921881007395,-1.012107533432896,-1.4483390007917498,-1.7866783185007358,-1.994208686550802,-2.3161031458580728,-2.46498867036559,-2.6244940721190533,-2.836069345944551,-3.315910566214233
603059.SS,-0.550507208549154,-0.9999325032676729,-1.36628256905743,-1.6240022447581823,-1.8500102540461874,-2.042342652146189,-2.1359537479282267,-2.236743484642446,-2.3895562583208703,-2.861442116965595
MALLPLAZA.SN,-0.7221441597915231,-1.2011685995416197,-1.5910752901554033,-2.0101022464541285,-2.2261794055993804,-2.4283444349699987,-2.624902080037439,-2.8527922376190835,-2.8527922376190835,-2.943020318165983
4250.SR,-0.8368244473012563,-1.3612448281228764,-1.785016384133871,-2.151992353128103,-2.398852264092495,-2.498855607340905,-2.6326378044495384,-2.8418383811782646,-2.879185129205223,-3.481625453102155
SWBI,-0.4517129874083974,-0.8513846019604897,-1.1380852768768153,-1.3642037735132047,-1.5462797981570144,-1.7072208758585978,-1.8338459686834898,-1.9232984805079496,-2.019534286602006,-2.1098913351633066
3092.TW,-0.6682745111594589,-1.0741812346172597,-1.4309163314309725,-1.6764812188192841,-1.8568388310712565,-2.0195596082445313,-2.3032966521392737,-2.434102930815374,-2.493001882660658,-2.8085671899768485
1044.HK,-0.6556806658530759,-1.2153194049293705,-1.6496577559101144,-2.043286762562391,-2.297476360128473,-2.6384665148282345,-2.8539213538314914,-2.9025467685800974,-3.0674188174478565,-3.1131993816131103
STECH.OL,-0.4646224745166097,-0.890702701701324,-1.2592194716302614,-1.570891079224807,-1.7535321651139892,-1.8723219232190398,-2.089116385640637,-2.249749807853147,-2.7414853963658756,-2.7414853963658756
1442.HK,-0.4432941683444467,-0.785792495935252,-0.9752021141116969,-1.1734846628255302,-1.3478177115931773,-1.4986236574097394,-1.6730028961205836,-1.8317703264922254,-2.0165190528047896,-2.1690987449361208
9506.T,-0.7761329951163538,-1.3556940461207312,-1.799905878093326,-2.112375443001693,-2.3532399388955874,-2.479524105358939,-2.6511500542349125,-2.7985058223902994,-2.890158748455564,-2.9470004139115633
000720.SZ,-0.5717803118565388,-1.0164474863614956,-1.3824021737956962,-1.6244483479103005,-1.8427217289785918,-2.058594772771002,-2.192729857069685,-2.2728533393736043,-2.377469032682862,-2.7701462449809586
TIMS3.SA,-0.6044779832125429,-1.0798257544981074,-1.4495850971063031,-1.754891519726119,-1.964686361400159,-2.137288073669228,-2.277389922847633,-2.38094167522184,-2.474459389053999,-2.5430480700197045
2607.HK,-0.7661969936290514,-1.2613818211041448,-1.6446390572653113,-1.9025069304499878,-2.098550160931331,-2.2446637013798187,-2.400360581488047,-2.5268361817680343,-2.6009666621977825,-2.6176608531140326
187870.KQ,-0.4711703861314167,-0.9409687091014001,-1.2923443320303414,-1.6465813418648072,-1.9037749386573992,-2.090154030622651,-2.267071360187857,-2.451281060870412,-2.74232143849018,-2.962619838119507
N2IU.SI,-1.0068823323040228,-1.6924301313569756,-2.194498855169401,-2.483353537748186,-2.7807712463560184,-2.9986825385625178,-3.0660324935895193,-3.267609581297093,-3.4589431526837386,-3.4589431526837386
079550.KS,-0.45716733274720456,-0.8824401546818598,-1.2528101938421343,-1.6021616296276404,-1.9129482371697322,-2.1461650010608864,-2.32799469235438,-2.4291705171425475,-2.5914247198625597,-2.6535518098620687
2267.T,-0.7465777782508861,-1.300334692124494,-1.7329416048250574,-2.1086461945278865,-2.3164106551758525,-2.4624918911418403,-2.6511500542349125,-2.864904815398751,-3.015331861783296,-3.2196457204180913
DBD,-0.6679372902513081,-1.1020251192903252,-1.5265291754181072,-1.769594847812622,-1.988607216050682,-2.215712689149333,-2.393367921796357,-2.474143802739003,-2.474143802739003,-2.5752524574745754
1066.KL,-0.8929873683723267,-1.4100168473630297,-1.7911789460742977,-2.118064367531282,-2.3686239980559622,-2.521134691414404,-2.6519139359128476,-2.7923183244859167,-2.9598044360474915,-3.02789025057063
WDP0.DU,-0.7773118762079801,-1.5298639020148772,-1.9563820246439625,-2.076853029623224,-2.238168269276233,-2.307833419797902,-2.3909088966811516,-2.4947372760385695,-2.9626094860523353,-2.9626094860523353
BOCHGR.AT,-0.8103805047469119,-1.4110568627328,-2.075127889672565,-2.14885911514203,-2.4932427327155353,-2.4932427327155353,-2.4932427327155353,-2.7302248619499796,-2.7302248619499796,-2.7302248619499796
BBNI.JK,-0.643888950102963,-1.1151608698309319,-1.4927131006771426,-1.8254060811512764,-2.0929125779104627,-2.2306104970586316,-2.4490730812192725,-2.6487367298311435,-2.7756805619817153,-2.9741581509321815
SIGHT.PA,-0.2665996678787498,-0.6053748983247964,-0.9564808620677285,-1.224032894761025,-1.481401603125256,-1.65818826628862,-1.827657373707291,-1.923553675690147,-2.03307924286944,-2.1634981559910473
5830.T,-0.6993774353120406,-1.198131707888232,-1.5851887183334596,-1.8978455061752555,-2.16860186508462,-2.374644229525601,-2.5745298957199387,-2.5745298957199387,-2.5745298957199387,-2.672527032578853
LATOBS.XC,-1.0322376866992666,-1.5144886087932485,-1.8575334686261404,-2.0993698115821577,-2.29787986718275,-2.477374512995101,-2.6587489900810732,-2.7826221178122292,-2.813406708039728,-2.8844027483879673
000063.SZ,-0.5313516825350293,-0.9887171358878304,-1.363380428676612,-1.6667496171413507,-1.925527298828295,-2.081872846606255,-2.267719582894605,-2.370934176876622,-2.4990873418513773,-2.8744988367849738
4536.T,-0.7356261129323268,-1.2898269330962828,-1.7896185843443102,-2.1312832930577668,-2.4151128060456175,-2.5558163829090117,-2.6938780360473076,-2.8900074107988445,-2.946851541718005,-3.101387000574596
3036.T,-0.6102227133680925,-1.0942882626892505,-1.4711256374318862,-1.7976747096989765,-2.0195645881930098,-2.2053638672478417,-2.3597812446791715,-2.4303147844946893,-2.5738583844708924,-2.6425442417324616
SEBC,-1.5450140461773354,-1.7155102353832825,-1.8359097548658103,-1.977195156806825,-2.0993587478560025,-2.212742108953147,-2.3172075209346654,-2.390572138325214,-2.471421344323008,-2.542354039142762
4904.TW,-1.1146789850682066,-1.7510572376668674,-2.0838890150117857,-2.374222886065504,-2.549383145416112,-2.8204146472923566,-2.9891266025699483,-3.239108201727944,-3.640294834959923,-3.640294834959923
011200.KS,-0.3929695880279194,-0.7520358161359602,-1.0602016062498076,-1.3448945620714166,-1.555083436266113,-1.7438754415672693,-1.9065370322177,-2.0636291610749455,-2.224158808186101,-2.3886007779742857
FRA,-1.451569809837601,-2.0633951217057946,-2.41411608305044,-2.5745298957199387,-2.7625148673622797,-2.8551355660822355,-2.9815536975017443,-3.068561139643537,-3.187728974309611,-3.38300457916657
LTF.BO,-0.6105248104980328,-1.1065108086563094,-1.5095559486691728,-1.8470904829239474,-2.0658735965895723,-2.2450051514888036,-2.4143958464728414,-2.6571402839544604,-2.6820268034505386,-2.8405744013455982
600000.SS,-0.7745608109000848,-1.297228639969718,-1.7022102963557055,-1.9919064517520502,-2.1799563083030753,-2.370934176876622,-2.5561529859702103,-2.752489910463081,-2.851016072692428,-3.163952821269638
BHEL.BO,-0.5907057987334012,-1.0204258259723427,-1.389465002291597,-1.7225922344673819,-2.016837418100459,-2.205810650378084,-2.356057406378777,-2.4942823654782864,-2.6519139359128476,-2.7923183244859167
LODHA.NS,-0.4880201602823298,-0.8770440270032891,-1.260832163379738,-1.5996198249120293,-1.8327615044189207,-2.181661382818917,-2.464763573374055,-2.5122451352072015,-2.566172207205081,-2.9265365647123893
SOK.F,-0.7363159173761296,-1.2548206327325762,-1.623554740120376,-1.9920589131622635,-2.29074749435689,-2.493617026688104,-2.672594379702115,-2.819016731801869,-3.0345998220949695,-3.2378656237409844
3197.T,-0.9094544193097769,-1.4665611345181389,-1.9022164957820198,-2.174649131756304,-2.503517376682013,-2.802979348502611,-2.9788515436937746,-2.9788515436937746,-3.1851770709455005,-3.38058108059581
7747.T,-0.6330038778078749,-1.0520863956659072,-1.3939065450837533,-1.721148336078649,-1.9692461013315314,-2.16509062596256,-2.295569075369571,-2.41391357072027,-2.528898871832986,-2.609224512176825
ZAIN.KW,-0.9081967671164329,-1.5657163001302346,-1.8714234739307198,-2.095750055812215,-2.2432819159646615,-2.435614837289482,-2.5451739885142257,-2.683685655228224,-2.778493234772073,-2.8591653781932793
1997.HK,-0.5326192866124793,-1.0490674550295858,-1.4982549125689035,-1.8450345267512993,-2.3261602189774027,-2.6118831591105693,-2.8068726602748177,-2.8780039721189175,-3.090083769801441,-3.290386022218213
SONACOMS.NS,-0.535465108829663,-1.0218141580794422,-1.4275048314839076,-1.8505913329456216,-2.2149744278202608,-2.450318990442576,-2.690407328983358,-3.1239972371259905,-3.2239972371259906,-3.2239972371259906
4506.T,-0.6310092076416798,-1.1329394550960719,-1.5593414402866954,-1.889374604666225,-2.1214034880954658,-2.2716880172681786,-2.4940091068259407,-2.549669716346944,-2.692792093318821,-2.755884960926732
603259.SS,-0.4902013957920757,-0.9003392252982931,-1.2511875565673733,-1.5305763685043432,-1.7918461644373218,-1.937235895759514,-2.067038776451615,-2.2130212485936367,-2.3821142567082503,-2.9451921354734814
021240.KS,-0.5296483352116628,-0.9713432194532707,-1.3806478080413689,-1.7126227554037232,-1.933950539246894,-2.2045440938066885,-2.3192229178476476,-2.414647062650046,-2.5589028253243007,-2.66404099419147
2618.HK,-0.31805597481962333,-0.6927036066869736,-1.1386066425584755,-1.4965389169605718,-1.8182459573616663,-2.0648409364447557,-2.24483446926123,-2.33642645402737,-2.4105336105431534,-2.5549774080651364
1038.HK,-0.8864305471573973,-1.4872359720052792,-1.9497748440953222,-2.297476360128473,-2.591278811409356,-2.9296932798534745,-3.0674188174478565,-3.4240718216181367,-3.608096665110764,-3.608096665110764
235980.KQ,-0.20047532082118688,-0.5238172137282858,-0.8484028466361246,-1.1304595743889143,-1.4391733294515094,-1.6645086789423273,-1.8186455928500604,-2.061916500809467,-2.210863356289263,-2.3743590714950464
UNBK,-2.2640094534495847,-2.3098813701694443,-2.3399284146352373,-2.3952590635932762,-2.4196113854563364,-2.4876702051954522,-2.6079751706056906,-2.628660316366698,-2.6737573693712764,-2.8186998017656673
GOLD360.NS,-1.0549301182251605,-1.5522474976485403,-2.168104273636594,-2.168104273636594,-2.5740955535881724,-2.5740955535881724,-2.6740955535881725,-2.6740955535881725,-2.6740955535881725,-2.6740955535881725
OUT,-0.6250527083482857,-1.1179167080525383,-1.5176697715636864,-1.7928454842526913,-2.041208116331626,-2.262660253337164,-2.3469988615850883,-2.435532506307994,-2.5486375077210246,-2.594870506269608
TIINDIA.NS,-0.5311075828989603,-1.038240720793154,-1.4551900962944744,-1.8494815393088289,-2.1481875313640324,-2.412364433023187,-2.6152849386515222,-2.8100781605233593,-2.970643201807556,-3.0930393252426844
3283.T,-0.9347115978123292,-1.588240216701455,-2.097611590700197,-2.4605771488301884,-2.6708384892530455,-2.846979592322256,-3.2247030289255556,-3.2247030289255556,-3.418135526467625,-3.418135526467625
5871.T,-0.4091856377817225,-0.8053792563940466,-1.0923526845025804,-1.409124751185232,-1.694718916833675,-1.820587871199859,-1.947271898168359,-2.169524077046443,-2.229945323378502,-2.383103176967856
FUNO11.MX,-0.8212092877723342,-1.403334543183897,-1.9108847649946963,-2.3176449755529234,-2.5864983349723545,-2.6967289646436043,-2.7518963047327225,-2.816974864834726,-3.0007404789424945,-3.0007404789424945
086280.KS,-0.5177235528176671,-1.013081500933456,-1.4004616278706814,-1.7160787834654376,-2.04505594636044,-2.240232478460485,-2.463696127568221,-2.648333065715249,-2.74415253669185,-2.9444213701192012
348150.KQ,-0.24839635799910348,-0.6385342029126009,-1.0265653024570194,-1.3961164668987933,-1.6741613988761403,-1.9379315108528334,-2.1874713296715296,-2.410081362482221,-2.5910133475112187,-2.653148339722812
MANKIND.BO,-0.6390408578044795,-1.271228370400574,-1.7744554676000182,-2.2064054597893556,-2.743487980873296,-3.0637132596757954,-3.0637132596757954,-3.0637132596757954,-3.0637132596757954,-3.0637132596757954
6965.TW,-0.5173984395323037,-0.8243229221435711,-1.0522542255562293,-1.3543969940889533,-1.5671776599903913,-1.6567947658159812,-1.8230707044263306,-1.8916578301027995,-1.9705053031703335,-2.5843562093921957
600999.SS,-0.6636860477600903,-1.205066472392208,-1.576743670266298,-1.8643207699602447,-2.1553003825995334,-2.300153768808079,-2.4903534014622615,-2.5686588645755304,-2.6450687388657173,-3.4752042493205892
489250.KS,-1.290102922338867,-2.0355949553801724,-2.367464302377968,-2.367464302377968,-2.74941638592988,-2.74941638592988,-2.8494163859298802,-2.8494163859298802,-2.8494163859298802,-2.8494163859298802
2573.T,-1.3638030745743812,-1.799905878093326,-2.076334903190662,-2.2934980303425188,-2.555983908657849,-2.7425410613118277,-2.9794296900453126,-3.101529537043595,-3.2196457204180913,-3.5978384797068235
WAAREEENER.BO,-0.3693532936067429,-0.8176460544088517,-1.1990500763846854,-1.418886175343872,-1.742872250604838,-1.924936617848435,-2.209805785054178,-2.4687306947556698,-2.4687306947556698,-2.807477774328666
9072.T,-0.7750464558213382,-1.3358020276960405,-1.8143140353920113,-2.151388706422386,-2.5065040694860508,-2.7256523369447065,-2.917402435316276,-3.0555996608226104,-3.301230301013023,-3.4133284188440216
9041.T,-0.7952984472569703,-1.4931103237553245,-2.0053823385712777,-2.3223335054454184,-2.612645741149514,-2.7985058223902994,-3.15511221231473,-3.2196457204180913,-3.5978384797068235,-3.6978384797068236
0P0001JDMB.MX,-2.0597566217746155,-2.79089563355366,-3.2128912290804226,-3.3128912290804227,-3.3128912290804227,-3.3128912290804227,-3.3128912290804227,-3.3128912290804227,-3.3128912290804227,-3.3128912290804227
MRF.JO,-0.4606701121315688,-0.8662369716858435,-1.2307491367418664,-1.5102096566934415,-1.7599652432028297,-1.955931821571001,-2.1463360556310946,-2.3020752331797967,-2.454183903049051,-2.568471488457184
7649.T,-0.7527464345719667,-1.2933456560681866,-1.7234970106793577,-2.0105651795582076,-2.325423959487235,-2.5270138190971996,-2.734639413216473,-2.9098996824872247,-3.0944077604329845,-3.212749657362603
EMAARDEV.AE,-0.8779659582375496,-1.4155755606301674,-1.8437650289963359,-2.1197579276867993,-2.477449476828482,-2.5037830691365883,-2.5952651994535887,-2.715566082343991,-2.8251466608499314,-3.3063558808169304
4042.T,-0.5595512243372337,-1.0147437929645842,-1.4148364611039812,-1.7519028675683779,-2.0500724342648335,-2.2872515268614504,-2.5027613986441968,-2.626531483332929,-2.755884960926732,-2.877773234504277
601857.SS,-0.8661462479355065,-1.4038537617482676,-1.7932485988939277,-2.036739996153923,-2.2717261164996123,-2.5325064595886775,-2.7295534951165275,-2.779992607649008,-2.9091603716728627,-3.6071104189316654
135A.T,-0.12676953713846498,-0.4007604618510928,-0.7307820639859632,-1.0496922042251637,-1.2765691872998282,-1.5430979274111278,-1.731664396122245,-1.8705786311092167,-2.015429661706841,-2.1073446081073044
3249.T,-0.9044627911985296,-1.4911326522381287,-1.8494953550030007,-2.176600394670212,-2.386906023901526,-2.5370787624934086,-2.6317187023116966,-2.6317187023116966,-2.7581667587732,-2.9132380832374207
CVCO,-0.5711516132708232,-1.0128276232422837,-1.3436640825773072,-1.6731574242489515,-1.940910655655625,-2.165197104037805,-2.3511001718908866,-2.5016691052966458,-2.5557772806760894,-2.710893166332582
1209.HK,-0.3927098942342497,-0.7877069024237356,-1.148399067399029,-1.594015890279726,-1.9089379516716924,-2.122902083020718,-2.2816834040677354,-2.445392607675294,-2.5347107997806124,-2.65044484151977
4980.TWO,-0.6799648319483361,-0.9623970473030873,-1.2078064614947983,-1.4843249196416144,-1.7847751525837712,-2.0074714599759815,-2.136747377908672,-2.3054452620108252,-2.5278329286278334,-2.685203514553227
5838.T,-0.4572327205978086,-0.8700624750111677,-1.273831478042612,-1.563210778603894,-1.7074101794853338,-1.8770271550156632,-2.0606720076927894,-2.253847731068191,-2.5091305530992565,-2.6091344950803546
PI,-0.39169146746163636,-0.7012211973433506,-0.9930059175140776,-1.2477538553513243,-1.4461035929181751,-1.612273869422184,-1.8019782885420126,-2.008287074496722,-2.104285669540511,-2.2124436318304688
ENELCHILE.SN,-0.7406244783309841,-1.2651735310196308,-1.7336086092979164,-2.1005026550543358,-2.32790756540329,-2.6396668902795204,-2.714429440592716,-3.0245993894074004,-3.1451968603782348,-3.1451968603782348
TTKOM.IS,-0.6450238266997054,-1.0922619432369574,-1.5086554288199725,-1.8360044354634026,-2.1462710447483255,-2.31174281914298,-2.4646744150770874,-2.6353433980786307,-2.7145943238525665,-3.00517509574099
9698.T,-0.672552097001274,-1.0128073541479485,-1.2932244069329841,-1.5338074978953913,-1.7071166678008094,-1.8779938338271744,-2.0194730309620046,-2.1214034880954658,-2.2143862767710143,-2.3201508715107084
1969.HK,-0.8005394287731308,-1.1930007462730707,-1.474340365186248,-1.6940767675661974,-1.8556059197175865,-2.0087067248519865,-2.215278610225126,-2.47374595461622,-2.5382115413941295,-2.660630791124329
PPC,-0.5575488836562748,-0.9990187794459391,-1.3469110884811817,-1.6186586804906553,-1.7960400479333454,-1.9799093313765461,-2.135420022383252,-2.2795661887764522,-2.38394845534244,-2.4965685244309896
QIIK.QA,-1.100918184482886,-1.7142741931633962,-2.1084596184596878,-2.4090067757142024,-2.5272145062211577,-2.59360238393875,-2.721513381691735,-2.8071142892806003,-2.967814763973094,-3.290597057789942
LREN3.SA,-0.6963443016980072,-1.0892545107105711,-1.4533027796612261,-1.765306576133358,-2.0071810167990005,-2.3054799949697182,-2.504718111438406,-2.6407587965627792,-2.7408819943904774,-2.8340935100968934
2809.T,-0.9596383012679262,-1.6022662607965183,-2.0868646734201763,-2.393568084856259,-2.694038499266409,-2.819283975789497,-3.0555996608226104,-3.2196457204180913,-3.301230301013023,-3.6978384797068236
142280.KQ,-0.40680366052806277,-0.7904629000957506,-1.1385408356656013,-1.4318106966429789,-1.6569729931705557,-1.88740389662011,-2.062525428260738,-2.2395514269695203,-2.4031581575114744,-2.496006512607595
340570.KQ,-0.35572739311458895,-0.7815062668161373,-1.2338671930063312,-1.5971887387583004,-1.92433106539737,-2.1450495961618987,-2.3121980235236133,-2.5904640018645826,-2.948336763558528,-3.256373048665557
4021.T,-0.6277144702428483,-1.1425276720503217,-1.5658863283622377,-1.9128993677824802,-2.1555960824317983,-2.3946583238272408,-2.530234103077824,-2.755884960926732,-2.832325916888525,-2.959567232064889
1972.T,-0.6127693216463921,-1.06149583709315,-1.4133646565624811,-1.6928389722386312,-1.9353773417559366,-2.112375443001693,-2.310567967080486,-2.446145419753446,-2.6378766518051826,-2.7425410613118277
425420.KQ,-0.1933844033295938,-0.47562980320532483,-0.8211981314322987,-1.109149574105068,-1.338096423334492,-1.6341467183494192,-1.9846612246838955,-2.1857547659295307,-2.3085267670367426,-2.559412393003838
OMU.JO,-0.6161338590888059,-1.1522915747410065,-1.5806809261570547,-1.8913851461715767,-2.158565147928066,-2.489854148489873,-2.630748659941307,-2.858249657145507,-3.2727775070170764,-3.2727775070170764
3816.KL,-1.01266424171472,-1.5545410610383008,-1.988188679371632,-2.303680725826352,-2.6148296340068535,-2.878016111099928,-3.02789025057063,-3.3128505436177123,-3.3128505436177123,-3.3128505436177123
AUBANK.BO,-0.6588228491512799,-1.1371360612950514,-1.4788508885338418,-1.8084057437916718,-2.094393108489548,-2.259823276628422,-2.4042449481686297,-2.4743993013609393,-2.528979644180825,-2.763430163431158
6818.TWO,-0.4676987991145082,-0.7977768461252382,-1.058121617684777,-1.34590445059339,-1.669592577288187,-1.974425918542445,-2.12804523418499,-2.296161190265374,-2.296161190265374,-2.5758293035489053
5347.KL,-1.1091783645411215,-1.683512073462678,-2.158409812111326,-2.4168849287096634,-2.7848466835728294,-3.1473128036849496,-3.1473128036849496,-3.1473128036849496,-3.34464049374257,-3.5323097985821597
6406.T,-0.6791672007755275,-1.1638000454276654,-1.550719014285276,-1.8902860188641757,-2.1433216769140944,-2.393568084856259,-2.5065040694860508,-2.6511500542349125,-2.7985058223902994,-2.917402435316276
2474.TW,-0.5290701943833604,-0.9376642365143987,-1.2568634409382218,-1.5078887141785708,-1.7125499552860957,-1.9069651809274146,-2.69191771416088,-2.8314874874711733,-3.067003651063715,-3.4236943438411376
418660.KS,-0.6028474619061708,-0.9645988758120108,-1.3023504577380058,-1.5786917430101524,-1.8406152175957353,-1.9898254263465236,-2.234902828821019,-2.3442028720956123,-2.4917411427642326,-2.632553147907863
SKBNF,-3.15730322273296,-3.15730322273296,-3.15730322273296,-3.15730322273296,-3.15730322273296,-3.15730322273296,-3.15730322273296,-3.15730322273296,-3.15730322273296,-3.15730322273296
2282.T,-0.7552609546573713,-1.3505705957766034,-1.8044262554440804,-2.1214034880954658,-2.355771410854543,-2.5701190004651187,-2.755884960926732,-2.81162825123693,-2.902932957925707,-3.02765758217813
NIVABUPA.BO,-0.5614833390479701,-1.0720714452281395,-1.5233963507186319,-1.762326290459607,-2.1030546461485398,-2.192148380393602,-2.6924837773710952,-2.6924837773710952,-2.6924837773710952,-2.7924837773710953
PEPLO-USD,-0.5370387092002736,-0.612592247773451,-0.7511627010580597,-0.88545290591217,-0.9995708246447266,-1.0862412702562498,-1.1911960182089927,-1.2899146547910314,-1.3221104128971095,-1.379037436615907
LU3B.F,-0.679682491349993,-1.3425362042494355,-1.8674786942961221,-2.1145856086521495,-2.4523770616596376,-2.6923148044490293,-2.963557315093216,-3.0861933418040013,-3.2867007999558138,-3.2867007999558138
2587.T,-0.8451111553975353,-1.521517268024404,-1.9762180953046313,-2.403023047321943,-2.721224111471706,-2.837078229239943,-2.8859421324699475,-3.011263940557935,-3.0975583929756696,-3.4096736787346886
194480.KQ,-0.37486718386032875,-0.7332937923943632,-1.0691787711457383,-1.363932431542029,-1.6203893859757668,-1.819137203689916,-2.0549485553627105,-2.1833978184883143,-2.3343117224764014,-2.378061649972331
1913.HK,-0.6603423964279058,-1.077937186098132,-1.4320473528856694,-1.7361686574849657,-2.0709104561626743,-2.262850921574287,-2.43913948957656,-2.5521150441761713,-2.670040625712795,-2.8130482912485406
SBICARD.NS,-0.7405426488296902,-1.3425557854411345,-1.746825603674251,-1.9963385991769913,-2.24086577897912,-2.538698553746021,-2.8648201265518627,-2.9908917103610633,-2.9908917103610633,-2.9908917103610633
SAHOL.IS,-0.5905104455911414,-1.0455743957644104,-1.4143037810510417,-1.728272427517031,-2.0204827917634094,-2.2075920006975216,-2.4287370866922844,-2.5085957242228307,-2.6201977652559547,-2.7974035116831835
9904.T,-0.7235502493502206,-1.1587724339074708,-1.4735234263641368,-1.7166928185092718,-1.9071528079339288,-2.079622270820454,-2.2662677950083085,-2.4226135360451626,-2.506333870048652,-2.6509874571411904
4768.T,-0.6722184723650794,-1.1794921839585641,-1.5626368240964603,-1.9430806006204846,-2.202807111735171,-2.366080641895473,-2.566506391779922,-2.7600929859424483,-2.8191294547635777,-2.9172522888190393
NYKAA.NS,-0.5529012063559864,-1.040828372905325,-1.4328569081865643,-1.763021955404702,-2.0647317005508943,-2.207718887530748,-2.418623469209944,-2.6610526012943363,-2.7565057244085853,-2.8865555921147736
3288.HK,-0.918783250148536,-1.6235231816505276,-2.17206518837744,-2.5341847912895976,-2.5341847912895976,-2.5341847912895976,-2.5341847912895976,-2.5341847912895976,-2.5341847912895976,-2.5341847912895976
6990.TWO,-0.8140251372703461,-0.9805380359681017,-1.1710888752001376,-1.4423604661239098,-1.7209629412261733,-1.828359872868922,-2.0273290314090637,-2.191450847654685,-2.2434659209972327,-2.4519208479985184
6465.T,-0.7476429141918401,-1.2914003610794498,-1.7123506863992026,-2.088678858311259,-2.325632430833249,-2.487023764178332,-2.763118889623835,-2.9346078530948123,-2.9821202451453424,-3.037499730069817
2290.SR,-0.8912623582086591,-1.4756240162141938,-1.9085747650593805,-2.1847653572163446,-2.4335539306249334,-2.543832468119727,-2.777245054709223,-2.8418383811782646,-2.96873520151124,-3.581625453102155
SAENF,-0.6196030994375322,-0.7116025897062797,-0.7858519926964929,-0.8838281889196652,-0.9700285399018405,-1.0561087062983676,-1.1148908090950216,-1.1713004964130154,-1.226154565607093,-1.2894498563716374
4626.T,-0.6851526675061784,-1.184198729021341,-1.6189118170445083,-1.931864716040915,-2.1671281976847188,-2.422029828840591,-2.65044484151977,-2.8895023768605697,-3.0549735306267993,-3.3006445081519176
NLY,-0.8613409040471449,-1.3545467388879338,-1.780861953781938,-2.0562187952197424,-2.259426639852963,-2.411098038393774,-2.542354039142762,-2.6413291991609484,-2.7758695696819626,-2.8346314809778623
4183.T,-0.5577459610202414,-1.01603686889725,-1.4459815444629625,-1.8005067855897696,-2.1400898696025465,-2.381292600535688,-2.530234103077824,-2.6648709662659913,-2.832325916888525,-2.959567232064889
XXI,-0.6211776264313529,-0.8172368220294001,-0.9559837195634722,-1.0639390270595837,-1.2006549979511834,-1.3464391891716574,-1.5283051912903385,-1.6851790955097234,-1.8576524095291027,-1.945422591384415
1951.T,-0.7291543238292384,-1.28641182320615,-1.682812683538158,-2.042805306439028,-2.3048031060157443,-2.5065040694860508,-2.6791889385317185,-2.917402435316276,-2.9794296900453126,-3.15511221231473
MGDL.TA,-0.6036008973002001,-1.1759127168744603,-1.646018125113975,-2.056162206933878,-2.3552114140187124,-2.5328792138612473,-2.671914100917576,-2.8692998851506593,-2.9591027914917367,-3.081890078423975
7313.T,-0.6116255971505059,-1.0752528376947394,-1.417843322512062,-1.705802349047527,-1.941293382331708,-2.150619333036691,-2.3131126993505804,-2.419605972982994,-2.509664481603933,-2.6437111996104607
4151.T,-0.701889628306839,-1.2729970168599416,-1.73252967857878,-2.0726929683136333,-2.387922140784025,-2.591703082088823,-2.832325916888525,-2.902932957925707,-2.959567232064889,-2.9918809929976073
CHOLAHLDNG.BO,-0.6130348437732457,-1.1833390141101447,-1.6604621515793956,-2.052740009328212,-2.3738455595331396,-2.7042456528834253,-2.8851734676938956,-3.0968345323845257,-3.0968345323845257,-3.0968345323845257
600690.SS,-0.6084646003392702,-1.1185168748128171,-1.5185667123799265,-1.844856844842245,-2.0618524065183217,-2.24290837274043,-2.4117655495957813,-2.5561529859702103,-2.6613802730072194,-3.064685729001007
AXIA6.SA,-0.5776413834008244,-1.006961057820655,-1.3695071955382765,-1.6728088231127398,-1.9630340452003183,-2.207475473175135,-2.3868238209087234,-2.497071758563531,-2.614166490574685,-2.758093672982019
AJBU.SI,-1.0204267613135063,-1.6729028788038796,-2.1393284821371874,-2.572975888248057,-2.687355919855297,-2.8537089569268237,-2.911150232721373,-2.9801782858194965,-3.1864300159093655,-3.3817709613406337
000166.SZ,-0.6570816694877117,-1.0470049910427202,-1.3693338496463852,-1.6730418069893038,-1.8600434601633844,-1.994751046606,-2.128358236889397,-2.2886247033121436,-2.426317532460657,-2.752489910463081
016360.KS,-0.5833531396601327,-1.0401332823335732,-1.4137287027935468,-1.7421150485138606,-2.002760960639948,-2.1932373490051416,-2.4307489532389903,-2.6151974322238423,-2.7741241337090283,-2.854899640278819
9064.T,-0.676429939079296,-1.2592272987692108,-1.7205319128166598,-2.099915320344782,-2.3946583238272408,-2.591703082088823,-2.755884960926732,-2.9300764502190235,-3.1135632538678264,-3.166970890995784
2600.HK,-0.4213912770678053,-0.7956602992839302,-1.1448814229415267,-1.4494698167703675,-1.711517551717588,-1.947104161175742,-2.177526796454044,-2.4075745627893808,-2.586264607385239,-2.7652728028293794
600989.SS,-0.5591787606908458,-1.062475524659616,-1.4701283263058946,-1.7187435406757716,-1.9318097524162716,-2.2070262078598852,-2.3530131818333833,-2.6240048604547965,-2.736623732984616,-3.229178241837828
ISDMR.IS,-0.6091051739062441,-1.096552589840171,-1.4816607584157675,-1.7764794655378444,-1.9965393086598964,-2.1949244993050603,-2.267822290355008,-2.4067183265919985,-2.534288084022228,-2.8762628251009588
376900.KQ,-0.3290229189797028,-0.5554069319981874,-0.7931800038540926,-1.0323956851649096,-1.2096451263823647,-1.481907985866877,-1.5309321456535214,-1.5839392375511276,-1.8599465975244982,-1.8599465975244982
4631.T,-0.6108296386873376,-1.1033988338558234,-1.5244894461762546,-1.8691095646466858,-2.151388706422386,-2.386572430954869,-2.5776643729714386,-2.7425410613118277,-2.864904815398751,-2.917402435316276
TITRM.XC,-0.7734602228152996,-1.26331291396429,-1.6362969547919377,-1.9342686378516902,-2.1871519380849813,-2.3362361269172376,-2.4541391980623954,-2.568077036530013,-2.6404930599002108,-2.756426104177292
AMUN,-2.153748910631828,-2.153748910631828,-2.153748910631828,-2.153748910631828,-2.153748910631828,-2.153748910631828,-2.153748910631828,-2.153748910631828,-2.153748910631828,-2.153748910631828
ITCHOTELS.NS,-0.5659488219328631,-1.236022456527297,-1.7628720150628823,-2.2265998952400694,-2.6252707646149953,-2.7252707646149954,-2.7252707646149954,-2.7252707646149954,-2.7252707646149954,-2.7252707646149954
HOLMBS.XC,-1.051998178652315,-1.6440370338768937,-2.0111906646691495,-2.287740104300242,-2.5557884532405795,-2.7600667662390572,-2.8899821801228502,-3.034681541419855,-3.034681541419855,-3.1855605363312502
6674.TW,-0.6524067400188921,-1.1506616358732895,-1.553480085480286,-1.8191103159161555,-2.0526881942365787,-2.1863258560792627,-2.2463958606413508,-2.376437557802473,-2.502288532498559,-3.081941098679029
7801.TWO,-0.6005373929465521,-1.0769972785968778,-1.4201790692709682,-1.7012881668522595,-1.7861555612610773,-1.7861555612610773,-2.0098747721953893,-2.0098747721953893,-2.0853555660318337,-2.1750064955528603
168360.KQ,-0.22679844239785393,-0.46239306407392106,-0.7316537256011573,-1.0068972183568643,-1.3344450399327195,-1.643575818778744,-1.8039438773155032,-2.116517816398977,-2.261202799389943,-2.3060439010192564
AGL,-0.2380860605473851,-0.5135095435609325,-0.7543602864433923,-0.9896139084258341,-1.2147208596954424,-1.415363228038795,-1.6149149515791548,-1.7955014643194802,-1.9134051740790825,-2.1032601144420306
SRCMX,-2.5327638923707947,-3.115691259587702,-3.3146523927384957,-3.7102880350485665,-3.7102880350485665,-3.7102880350485665,-3.7102880350485665,-3.7102880350485665,-3.7102880350485665,-3.7102880350485665
MBK.AX,-0.8446723734475445,-0.8475399758405716,-0.9034213380662864,-0.9569819222106054,-1.0326105471436926,-1.1284476861707824,-1.200860328694718,-1.2954995382543986,-1.3945337286871036,-1.5158177234791075
1929.T,-0.5748720593734947,-1.0234129768476128,-1.3844781405828595,-1.6412089378753585,-1.8465230180166712,-2.055940787871254,-2.282478690474934,-2.4152881472288463,-2.5255595615983504,-2.694038499266409
MMHD.TA,-0.6817896693952343,-1.2011628534452803,-1.5738174711617583,-1.9366023834092065,-2.1957328140875667,-2.414204092567862,-2.5547189485263195,-2.7037415588117955,-2.843890683719973,-2.995211759194744
GPL.JO,-0.6801248992954536,-1.0047579739882648,-1.291287190287928,-1.5729589276145137,-1.8051860291197674,-1.9557763140386892,-2.115284351271645,-2.2845133957365458,-2.3682366199195726,-2.52355418128011
291230.KQ,-0.21022973606775544,-0.5800803042159379,-0.848285358276139,-1.1890535259941881,-1.4986922492725325,-1.6701801762387272,-1.8194867052155208,-2.0257471948049757,-2.2541609170451147,-2.3533592222560116
3086.HK,-0.9997444177233357,-1.5899676141801324,-2.0102201399869317,-2.3472123082837815,-2.5526466447447027,-2.9393067172935994,-3.1478542414516486,-3.1478542414516486,-3.1478542414516486,-3.1478542414516486
002371.SZ,-0.4578732572996205,-0.8554724339761566,-1.1693799454860179,-1.4772087365218933,-1.7114296729530174,-1.9089801510846527,-2.0419493963993127,-2.160458782062737,-2.249423842366491,-2.659979747097846
601985.SS,-0.8449654798702573,-1.44097777330817,-1.7865122132878997,-2.0484674439622337,-2.2305500802135185,-2.3362543368390565,-2.456644146647435,-2.5214630786852643,-2.660987024682702,-2.956009157292968
REY.MI,-0.7054183720111685,-1.251938992679649,-1.7088090259704851,-2.0837634405709364,-2.3827295358937994,-2.5868424610531315,-2.8498259063944698,-2.95521504697503,-3.308684641706205,-3.4205691970331404
1504.TW,-0.681187437845211,-1.1711352881194976,-1.5438466680973688,-1.854768139215921,-2.065043137057498,-2.2411045273137815,-2.8314874874711733,-2.9021116837782417,-2.958759249044323,-3.1662083050980154
688271.SS,-0.44764175316790256,-0.9822425046758093,-1.534120544352546,-2.0368341317013936,-2.4395422638528848,-2.5826694108367887,-2.6804219396475277,-2.813406708039728,-2.813406708039728,-3.0293284723551435
600320.SS,-0.6397132482611253,-1.119798260404751,-1.4966732918969863,-1.7974650133208534,-1.9580271170054921,-2.1236361139479643,-2.3068557236131797,-2.476014805340852,-2.597252630291357,-3.1522418145333257
601375.SS,-0.6119957936995943,-1.193413977417746,-1.495910230608165,-1.8512615933342167,-2.0795918330633696,-2.245491442192878,-2.359017165836914,-2.4187276398322535,-2.5147934067758526,-2.9945487588693833
TPW.DU,-0.32858628500425,-0.647966214050468,-0.9386497657930313,-1.1970360161337696,-1.3384247432985963,-1.5209201233278917,-1.68831474603038,-1.7996591182497303,-1.92346427682523,-2.108527081877962
GCARSOA1.MX,-0.8386791909114379,-1.2308277515039805,-1.5997601511581634,-1.9387225998372861,-2.2088672902229147,-2.4046457608172958,-2.6059081404463083,-2.695654653830613,-2.7586932151089996,-2.835070902872467
MARK,-0.19978759938619492,-0.4100508069087082,-0.5954932176136043,-0.801977644921011,-0.9728116572896675,-1.1397012079585012,-1.2705826825306952,-1.40841995980907,-1.4995155955024733,-1.6211381207533049
5444.T,-0.6030937349304152,-1.1041383444428996,-1.4785568819630535,-1.7779924075178666,-2.042805306439028,-2.2509874727894346,-2.5159176289703447,-2.612645741149514,-2.7256523369447065,-2.9470004139115633
NTGYE.XC,-0.9616587978271938,-1.4934046207989982,-1.8743973887627634,-2.202525780419159,-2.4107139544085148,-2.6956987431106625,-2.8280845244410884,-2.89877842888328,-2.9403968830835603,-3.109649033367075
UI,-0.5801173587526633,-0.97830419691726,-1.326521435622885,-1.597112524994507,-1.8195311029364711,-2.0121116382577955,-2.1387412332532723,-2.2386013081801868,-2.356124969147472,-2.4165419987463217
9899.HK,-0.3657242375752428,-0.7337947310561327,-1.0207239808438964,-1.2713819119201761,-1.5151259191149289,-1.8128155197920455,-1.9962365238719328,-2.0977397240560416,-2.2911266825559182,-2.3270974381576406
1942.HK,-0.3322677952199303,-0.6098472239128107,-0.873031692289957,-1.0926723236087372,-1.2521195202652193,-1.4996207868520373,-1.5939239996010215,-1.7363410089660802,-1.832638625637773,-1.9264031529639867
JKCEMENT.BO,-0.6160147768340978,-1.1225193775404878,-1.568299016194543,-1.889683398649301,-2.186101116087065,-2.3314119204587067,-2.5288296219309983,-2.640135326352317,-2.8244897769209127,-2.9154555535264683
8955.T,-0.8538408206545125,-1.387250585252969,-1.7410108214567472,-2.033103751811424,-2.2379360576732106,-2.390688439315851,-2.5237329002239863,-2.6352146787029787,-2.7474533072977296,-2.794052346919734
PAG,-0.5723879414695102,-1.023953656724168,-1.394980006478787,-1.6689788157005816,-1.9112546714295002,-2.092464294014752,-2.3172075209346654,-2.4880103093564743,-2.562266673910372,-2.7253672237986515
STM,-0.46320474225247077,-0.8866140236208407,-1.237409325922099,-1.5324905105199909,-1.7642629432201087,-2.0050191182998316,-2.2216980834854643,-2.4326930212668962,-2.594184027828096,-2.7099735383976475
YKBNK.IS,-0.5344498998636539,-0.9771703009159749,-1.3114760807345056,-1.5767698785977393,-1.7945384156293687,-1.9976227422107766,-2.135413208287673,-2.293518320883834,-2.387363634707013,-2.5758293035489053
ASAI3.SA,-0.4088569708931587,-0.8745511419453076,-1.3054621213823054,-1.690621629584898,-1.9779541058769057,-2.244606759704321,-2.524987273155105,-2.6410700568249417,-2.937773434732235,-3.24640799442876
300476.SZ,-0.37807077196349986,-0.7416476301084785,-1.0599529227596713,-1.3775074372569214,-1.5986487327322718,-1.7720667579950342,-1.8864364452094915,-2.072790959994044,-2.1751606125719363,-2.545506757685769
VMM.AX,-0.40693986389665787,-0.6133894554697469,-0.814697059044087,-1.0174765540207438,-1.1782018419303473,-1.377021772281589,-1.5702840329767183,-1.7265263764705774,-1.8508399784946878,-1.97609133799323
002916.SZ,-0.4519490553781578,-0.8336009530926635,-1.2233483392718731,-1.4979255840373682,-1.7280828357961935,-1.967243494202951,-2.134888764670016,-2.2643351796797675,-2.356799837637479,-2.8706519924125677
GNPX,-0.05591755813865193,-0.2738326593823431,-0.47389960375796875,-0.693565246375559,-0.8906033926866619,-1.0601364622466452,-1.2531568178003292,-1.3489751398299088,-1.4741515198473925,-1.5680770701033477
159650.SZ,-3.1278437324373995,-3.1278437324373995,-3.1278437324373995,-3.1278437324373995,-3.1278437324373995,-3.1278437324373995,-3.1278437324373995,-3.1278437324373995,-3.1278437324373995,-3.1278437324373995
4321.SR,-0.963406057318984,-1.5521461325569306,-1.9442133998734135,-2.218246972542995,-2.389141065248295,-2.4764667388092625,-2.5881183818619147,-2.685707783401563,-2.7460714266423953,-3.3373927731772697
3948.T,-0.9867134843711156,-1.4275563557345838,-1.7412547150712228,-2.0077453061433945,-2.179874172536678,-2.3089048800776792,-2.4607882425139125,-2.5807607681201894,-2.7229849282867558,-2.832325916888525
6526.TW,-0.5559151270669128,-1.0640792108658204,-1.53318531045988,-1.7447332793450934,-2.048452786625481,-2.1302719095400158,-2.229469405209334,-2.357141935989978,-2.357141935989978,-2.9040884186259226
NXSNF,-1.6180103027120118,-1.692419390762206,-1.692419390762206,-1.8255071825358604,-1.9363063733626924,-2.002015924455916,-2.1676059686485725,-2.1676059686485725,-2.1676059686485725,-2.2794301219952255
9600.T,-0.6838640843667633,-1.2115565301792628,-1.6317662772091364,-1.9903812236958358,-2.1982769775524953,-2.393391476752593,-2.588810110538564,-2.7423829491559246,-2.946851541718005,-3.154971755566931
AIRARABIA.AE,-1.0415024081208344,-1.5785466556946415,-1.950802451705382,-2.1771477121628466,-2.3722164521185234,-2.46366505905184,-2.6181472552819978,-2.7027798207554268,-2.8464885261374184,-3.179857009952452
BLUESTARCO.BO,-0.669292014683747,-1.1617328322234675,-1.5768839699603892,-1.880590058786626,-2.0763279564977655,-2.277108545900112,-2.3949406269956204,-2.6148296340068535,-2.7078355801283034,-2.8118759043036157
SALIK.AE,-1.2409542733583308,-1.7775870750733929,-2.19307623695893,-2.4534087584195223,-2.8257517093658246,-3.140929487860853,-3.140929487860853,-3.140929487860853,-3.140929487860853,-3.140929487860853
WARBABANK.KW,-1.0244899859415162,-1.7423457426943882,-2.0792827692482923,-2.3635753111099933,-2.6374319955201457,-2.8644896033741345,-2.9217523129597183,-2.9905729855981584,-3.0773628270046287,-3.0773628270046287
6936.TW,-1.0292317488209053,-1.5876763191397907,-1.9096384934921924,-2.123549105564688,-2.123549105564688,-2.123549105564688,-2.282295329417776,-2.282295329417776,-2.282295329417776,-2.5352735399592494
WHC.AX,-0.4276104967051803,-0.8239796956007351,-1.1700689848499535,-1.4777099320049243,-1.701338520157669,-1.9512168393746991,-2.1198246255191537,-2.2335054956356584,-2.3773892204176574,-2.5687620469265475
2395.T,-0.38434626582104686,-0.81585252097238,-1.208354390744319,-1.48440587514056,-1.7236684062463825,-1.9264833441283598,-2.1282685379550967,-2.233114935880074,-2.3196640178179484,-2.4651368052968308
097955.KS,-0.8471782277730199,-1.4198405661886022,-1.8531693232281132,-2.1798539050735797,-2.4638013373007266,-2.6923359312257813,-2.915809375118257,-3.0044341050421894,-3.209345131811924,-3.3241395717000595
PACB,-0.28206432772456635,-0.5512588253073011,-0.7926654575118044,-1.0249315321871424,-1.2223323245145983,-1.407613059157059,-1.5865067123899412,-1.7528786493069375,-1.914733855669082,-2.0666860059252072
3AL.F,-0.6418394857191241,-1.117651186697337,-1.506815329727265,-1.7996080761915172,-2.0385618506771372,-2.243008512764435,-2.4163861738748356,-2.486265138649521,-2.6396668902795204,-2.723747291676144
3064.T,-0.4632398038244735,-0.8672042057136387,-1.2135350833712413,-1.5356406150829802,-1.806441920957289,-2.0185507832205722,-2.2256893313145047,-2.3760533402203468,-2.5975307463203605,-2.8272588792134146
5332.KL,-0.5383123221694336,-0.8677299816456437,-1.302425165898016,-1.7972927497249398,-2.0952972328090964,-2.610729649090617,-2.610729649090617,-2.610729649090617,-2.610729649090617,-2.610729649090617
TCELL.IS,-0.5975886842528298,-1.0584396026633438,-1.4231555238836935,-1.7267613841401996,-1.9317177278609683,-2.1477766518608674,-2.312547679615206,-2.472295051985058,-2.5950240993631586,-2.7590423909467465
9896.T,-0.7213074742706806,-1.2084946532505512,-1.58226554882925,-1.8645157053418677,-2.0798192523338566,-2.2991138392149715,-2.5159176289703447,-2.6791889385317185,-2.8413556163565135,-2.890158748455564
8954.T,-0.8942817327760576,-1.4649192763612027,-1.77150671832712,-2.033103751811424,-2.269742301043648,-2.3820359356400433,-2.500197393533602,-2.66900606691268,-2.7262211223847417,-2.847644861399355
5406.T,-0.4956407819560904,-0.9835771289067556,-1.3467358830525236,-1.698885672650238,-2.001983496948856,-2.192511751796744,-2.4451458057538664,-2.5807607681201894,-2.7390644453254165,-2.877773234504277
8984.T,-0.895808286898806,-1.505439792844551,-1.7948662307279688,-2.068470829238593,-2.266777545205521,-2.4912795576726845,-2.5809025511223522,-2.6432323494984917,-2.7391994581812718,-2.839634405607913
2409.HK,-1.078860485667771,-1.4800951406993226,-1.8253593177205865,-2.26303262869269,-2.6173081513001195,-2.6173081513001195,-2.6173081513001195,-2.9724628335821834,-2.9724628335821834,-2.9724628335821834
KLBN11.SA,-0.6552832147369294,-1.299203454044386,-1.8118453370895484,-2.335409349974777,-2.5724686440899958,-2.6487884431442152,-2.783029427829766,-3.0008019844080303,-3.0873462609080953,-3.0873462609080953
6969.HK,-0.26334475590831036,-0.6467339380287328,-0.984385883937853,-1.2807066136128233,-1.4559711558479511,-1.655008130537316,-1.864051018800333,-1.9561702328627752,-2.068684872716983,-2.136472138888021
6704.TWO,-0.6179847884685036,-1.2359869497210012,-1.6877282065671417,-1.997861226056553,-2.2052148104785987,-2.426532082723323,-2.426532082723323,-2.606535229111476,-2.7424883665569166,-2.9627763001557033
6471.T,-0.5438160197718559,-0.9804504188972331,-1.3789863823395612,-1.7447821488599475,-2.0500724342648335,-2.2716880172681786,-2.4528920040996716,-2.6648709662659913,-2.8543130637750833,-2.9918809929976073
7731.TWO,-0.2951282911537291,-0.7900456915493068,-1.146406733119034,-1.4801671925637443,-1.7881444146015413,-1.942631173934617,-2.063706495261922,-2.3791294802624643,-2.483353537748186,-2.8524477210616057
6409.TW,-0.5821210340958584,-1.0669644905971412,-1.4577515658171905,-1.8146229677287915,-2.078497279265747,-2.253019812524469,-2.456134783710348,-2.61445011741697,-2.7619747552688727,-3.414767064447841
AZJ.AX,-0.9121582415690895,-1.5575477758755547,-1.9806413342634064,-2.4157533169444667,-2.6365748967345284,-2.732735332095777,-2.953636276742878,-2.953636276742878,-3.009461095788909,-3.076609659701317
272210.KS,-0.4725351613155784,-0.8950429673863345,-1.2249395256555207,-1.5131854535341545,-1.826505946380911,-2.0029493597248216,-2.1985915726060328,-2.3807859410606564,-2.6531931960545347,-2.879211322350742
3808.HK,-0.46071618552899635,-0.8851707508966269,-1.260385706222995,-1.5467712207509814,-1.8037628663102603,-2.054861076580343,-2.3148972354600783,-2.522452560019233,-2.6492052778368333,-2.6887657820513438
MBRF3.SA,-0.421567698544844,-0.8392914728383083,-1.225891811550224,-1.5397856029694676,-1.814239157605053,-2.014464132143781,-2.1812878468721153,-2.368808634155843,-2.53276595428465,-2.5907887326560157
303810.KQ,-0.504438187925154,-0.9643235830946615,-1.2949170757942032,-1.4775252920188415,-1.8444589769601387,-1.9124854782201508,-2.3533592222560116,-2.7007387829019787,-2.7007387829019787,-2.7007387829019787
000815.SZ,-0.5223871828809167,-0.9056215721002026,-1.223017842668739,-1.4789863281280702,-1.7452931589891736,-1.9834680264452282,-2.1321306334098624,-2.224008684892208,-2.3581603317801973,-2.7041348539914334
4403.T,-0.6872932327237898,-1.2965973237367465,-1.751282150973816,-2.119923300756366,-2.359699410528497,-2.5666733501349803,-2.7256523369447065,-2.917402435316276,-3.101529537043595,-3.301230301013023
1548.HK,-0.28774889276171794,-0.6033644989722,-0.9208229763683787,-1.2116422592333262,-1.4772434534938674,-1.6697565891160833,-1.8743904894712453,-2.000423569105984,-2.1590774878860226,-2.3061205722371243
002463.SZ,-0.47162867664804187,-0.8740321413065518,-1.2272694630116718,-1.5006716295435567,-1.7212305115698388,-1.9522288563368313,-2.1492014404875914,-2.3002117365747106,-2.3721504596267438,-2.6984283245411023
UTG,-1.0584049018831463,-1.655436584083346,-2.0612429375572647,-2.3331564703671837,-2.434514020487992,-2.5455339686622285,-2.737918355360305,-2.8505455474343524,-2.9080394172584674,-3.1183750268807557
APR.WA,-0.6636777988530962,-1.1976983221667608,-1.6044237034179507,-1.9825850996473282,-2.21552372229672,-2.381519469970486,-2.5101214201853597,-2.662397450171837,-2.7960953492408374,-2.9246646672468164
2845.HK,-0.5338409650783754,-0.9932250920554387,-1.401775607475853,-1.7802558044288468,-2.0442617640568983,-2.2483070631948765,-2.4322144002664876,-2.504043079391512,-2.6443193436707544,-2.8709216574712384
6302.T,-0.5193567082390218,-0.9460642141771358,-1.3176658633237963,-1.6397967075485866,-1.9325118184741306,-2.1635477434139596,-2.3496244699577598,-2.520863785931593,-2.614566652354394,-2.7229849282867558
8MI.BE,-0.5996243191300118,-1.059293067071735,-1.4132374523840068,-1.680997800887482,-1.929681852246637,-2.16048889803028,-2.3566442211334984,-2.4878234448310335,-2.6362728644294506,-2.7398368767480887
5249.KL,-0.7469901359360009,-1.234483692862691,-1.669858110970647,-2.0899467440561135,-2.4026512054397293,-2.7806171503948125,-2.87274874439986,-2.998537915630456,-3.085136433620338,-3.498245221592927
0P0001KAUX.SA,-1.2542266101213295,-2.0031928632222535,-2.4807676968316885,-2.976738012588683,-3.183181200360305,-3.183181200360305,-3.183181200360305,-3.183181200360305,-3.183181200360305,-3.183181200360305
BBDC3.SA,-0.6044177516141064,-1.1226125498794624,-1.549319446944555,-1.950165643911637,-2.1990322139586533,-2.41761476041241,-2.53222733663103,-2.6804732061491237,-2.8561178836319803,-2.9936155836728706
600111.SS,-0.4869362597914761,-0.9050338193877755,-1.254100585834889,-1.514869532324932,-1.7346571155863195,-1.9305327931595424,-2.1135639317347463,-2.2833042753627075,-2.4189775130897,-2.8744988367849738
8253.T,-0.5371135873294315,-0.9804504188972331,-1.379986241437771,-1.7171490564280614,-1.9962873938304129,-2.223441036609264,-2.401504952565732,-2.5701190004651187,-2.7229849282867558,-2.792069225181797
5223.TWO,-0.6809629889003268,-1.2063159863320116,-1.517369149307729,-1.7906823711377546,-1.985654483884403,-2.1475938835560475,-2.2922050273110677,-2.4245903211860105,-2.4800529058174012,-3.364987066260421
PIRCM.XC,-0.9197712549696204,-1.25727562778387,-1.6310270336822301,-1.9203976330253227,-2.1358418375456893,-2.3801052821525324,-2.4977054744123772,-2.7606168951976224,-2.8905115606917433,-3.101861833740099
AMV0.DE,-0.5084880591093565,-0.9674215661017014,-1.4799413890351922,-1.9145058250555622,-1.9145058250555622,-2.200410581210038,-2.300410581210038,-2.300410581210038,-2.300410581210038,-2.300410581210038
136410.KQ,-0.46945638186455374,-0.891287656212364,-1.1728955449286855,-1.459227079978474,-1.8457985173790528,-2.055916390971981,-2.179165555409121,-2.348520383187819,-2.559867619944491,-2.636486094555381
ALX,-0.8017551593392793,-1.3730052120016814,-1.767909672632559,-2.053054536378272,-2.3116262784285535,-2.4633754018317098,-2.628985525095589,-2.741435159375291,-2.7758695696819626,-2.905191387241866
IFL.XA,-0.7111424925747395,-1.2178665339178043,-1.6030166063384528,-1.9204285601468065,-2.130226608013502,-2.3084469615314753,-2.4190390465595737,-2.5945218300170994,-2.647077272058958,-2.647077272058958
4958.TW,-0.6192593029751835,-1.1523006526667678,-1.5345655720112579,-1.8508155732270342,-2.10147090024645,-2.2677568179533547,-2.48819813867855,-2.6215141720932165,-2.7568558006669317,-3.4391235531831
3533.TW,-0.5117961479207709,-0.9532300853390654,-1.3204143036615885,-1.6377894916119855,-1.9081658354226634,-2.1221889812894803,-2.457784408527479,-2.6664241275430176,-2.731043384078817,-3.6083129156178955
8439.HK,-1.1142239465284853,-1.3643362800577397,-1.5112014428900187,-1.6486865436187905,-1.746825603674251,-1.8459121611129587,-1.9437635721462116,-1.9673547490284509,-2.0092912181280727,-2.074684739527317
3702.TW,-0.7253088978792916,-1.1589256648408677,-1.4402136949605888,-1.6976423237732958,-1.879093992913477,-2.0183759366910357,-2.7221185697217574,-2.791220711190076,-2.876945923371268,-2.958759249044323
5901.T,-0.6399868538967055,-1.1425276720503217,-1.5451732013860444,-1.91049889902349,-2.2280376610971886,-2.401504952565732,-2.5701190004651187,-2.6648709662659913,-2.81162825123693,-2.902932957925707
2579.HK,-0.2868939169230392,-0.4604945391031162,-0.7527287942581697,-0.8648943586852829,-1.3001534333634233,-1.8485962885014087,-1.9485962885014088,-1.9485962885014088,-1.9485962885014088,-1.9485962885014088
006405.KS,-0.6555975789537256,-1.1434639464825924,-1.552130019264169,-1.9179068143207465,-2.1867642795478415,-2.5126379774625947,-2.6360289913174704,-2.7069478026698324,-2.878603028737463,-2.989309714761565
SPK.NZ,-0.7638027422154807,-1.3963338605251512,-1.8884425371569307,-2.233258312469071,-2.4736554655851872,-2.6830763774905964,-2.858587364286922,-3.0317244143140942,-3.170884256711351,-3.31639939849667
600031.SS,-0.5462331811307869,-0.99813313595813,-1.3669992382782188,-1.6935631208983695,-1.9063580028330303,-2.1187996537976352,-2.275779400657911,-2.4353684512119287,-2.6093621876071826,-3.0185454602411133
CMPRF,-1.9837835277714597,-2.085471878942314,-2.1751191262647724,-2.2317162495538567,-2.327525003794657,-2.4100605808938838,-2.480993385370398,-2.53041509110515,-2.5483582124877864,-2.586918451868673
600623.SS,-0.5282092850842101,-0.9494093606570495,-1.2670534272767349,-1.5528167241555315,-1.7470851546873334,-1.9156586393188149,-2.0553588398064013,-2.147531744452689,-2.267719582894605,-2.719555875072456
161390.KS,-0.5628478975798628,-1.0928457323005756,-1.5122843584114032,-1.8830594799186582,-2.237851062675299,-2.5031972666378177,-2.678982950531918,-2.8547042463377736,-2.8547042463377736,-3.028029758374647
MCY,-0.8360625004573724,-1.4552935540473628,-1.8527085252407391,-2.1545453337908858,-2.352308636669281,-2.5053135990191526,-2.6170298751918515,-2.7253672237986515,-2.905191387241866,-2.961789141910216
ENRIN.NS,-0.6744897501960818,-1.1153373577337864,-1.3991610095249487,-1.889509960333435,-2.4395422638528848,-2.539542263852885,-2.539542263852885,-2.539542263852885,-2.539542263852885,-2.539542263852885
2610.HK,-0.5593597422798489,-0.8642791610371321,-1.051141258399853,-1.4150014775199828,-1.6734393454816097,-1.8604122339692017,-1.9401947942513134,-2.151793620077681,-2.151793620077681,-2.151793620077681
600585.SS,-0.5886948100200405,-1.0702675553000247,-1.4297142553932176,-1.7488723623465605,-2.0022189573531075,-2.2131912243950875,-2.416878408960746,-2.5462117812482266,-2.674377468039601,-3.202746235191696
3269.T,-0.9321368178014405,-1.5387317365648594,-1.9701202282083083,-2.2097175069754664,-2.434348450112609,-2.5623105430215967,-2.7302248619499796,-2.8393329658510886,-2.8393329658510886,-2.909796935980716
9162.T,-0.4157707814155628,-0.836953585836494,-1.2640298517097264,-1.5366205711248584,-1.7990353232584415,-1.8887912656899286,-2.0280691449339114,-2.135340289174909,-2.135340289174909,-2.22343355189454
OSBC,-0.6349475722344793,-1.0629346414791006,-1.3799250390033762,-1.6286849910624206,-1.8216243417043299,-2.0050191182998316,-2.1468007811965357,-2.3061161280083855,-2.4041430237710606,-2.6170298751918515
AUROPHARMA.BO,-0.6189646232973316,-1.1059701993978777,-1.4836198340114584,-1.796965603699872,-2.0567463031601307,-2.287544249612106,-2.4531689399502157,-2.570385686312285,-2.63914556510125,-2.6519139359128476
1111.SR,-0.6783779550712489,-1.2235411541018895,-1.7015219758893276,-1.9166584073497284,-2.231223356056288,-2.4136259171649836,-2.752013883081505,-2.882233713518329,-2.882233713518329,-3.194066291372808
3902.T,-0.35963828802317316,-0.7299165809174895,-1.0799890443735298,-1.3563117453352467,-1.587055832290315,-1.8081173700571713,-1.9414321456879946,-2.041748646601835,-2.104967724556991,-2.2893534662194135
3350.F,-0.392152080420493,-0.6380122529787198,-0.8729845845635609,-1.1265617997459993,-1.4275216028005075,-1.6572302931614789,-1.7755187381721522,-2.0034747628865643,-2.237238472413179,-2.296266473451244
4300.SR,-0.7922492548994742,-1.2733571765769,-1.6179055633809993,-1.874819588799616,-2.049852123243281,-2.219970977248685,-2.398761000333827,-2.528178532409093,-2.632553147907863,-3.0911218398882405
7951.T,-0.6281847292011161,-1.1263620036744335,-1.5490064889760378,-1.8494910583098285,-2.147778425841973,-2.381292600535688,-2.511709714255781,-2.6785705547680516,-2.81162825123693,-2.832325916888525
6856.TWO,-0.9632865787523648,-1.3467715188625629,-1.6478722839038251,-1.78332040604832,-2.0190862005831467,-2.1836835788854305,-2.313340352348958,-2.499913589178996,-2.7364194385325122,-2.8672325108009478
ALK.L,-0.4555704662881985,-0.6170909749336179,-0.8062922649827632,-0.9723931094606744,-1.1617103014532133,-1.3870467452921917,-1.5210280910088998,-1.6897381201047459,-1.9128904236724,-2.0083165394668634
1099.HK,-0.5966962572771716,-1.1260260387735224,-1.5460058097791918,-1.9699747376793464,-2.2056157618336805,-2.4458021797053955,-2.7488451546078587,-2.879185129205223,-3.024323127075387,-3.024323127075387
QYLD,-1.344400625538286,-1.8661117379341574,-2.282924093573331,-2.68475354911292,-2.9383877393180353,-3.093284190065908,-3.093284190065908,-3.211661769973785,-3.211661769973785,-3.405740678096246
H2O.DE,-1.0611140494281948,-1.2709056188682009,-1.4838526869707265,-1.6875514457482048,-1.851425578152729,-1.9302641560838942,-2.017514628830169,-2.0692225569849647,-2.123528904111896,-2.1932142151977083
APT.WA,-0.7939155747257078,-1.3185891542615127,-1.7097803306796093,-2.048027799557288,-2.3126292112129523,-2.528500008746832,-2.601270240664707,-2.705939491990071,-2.830745693584534,-2.9285406707667634
6181.KL,-0.5440246596376426,-1.0447540034799165,-1.440919199944112,-1.764937531627519,-2.016837418100459,-2.2376725041795713,-2.38157616281986,-2.549938139145523,-2.7393175444410764,-2.878016111099928
8252.T,-0.6029848130217215,-1.1270904246450506,-1.551574714372654,-1.9128993677824802,-2.232681849493737,-2.4688409605646506,-2.5701190004651187,-2.755884960926732,-2.902932957925707,-3.02765758217813
600309.SS,-0.5761426773636513,-1.024086301763684,-1.4093203496249247,-1.7061898833815115,-1.8973419067594666,-2.122917650413187,-2.336266476232068,-2.5415198053508483,-2.67529641755343,-3.098088011131663
MFT.MI,-0.5115380398553486,-0.9623029732501548,-1.408529429259614,-1.7536693548772027,-2.030480785803368,-2.3410271376304523,-2.5259539172609404,-2.7260228313137493,-3.015672247203694,-3.2199675050170633
AAF.L,-0.6616326353042251,-1.1701383718882594,-1.476470499098888,-1.73537292772068,-1.8929940358662734,-2.0162963443509447,-2.134195905734053,-2.313982301050605,-2.44240755560887,-2.4736554655851872
006260.KS,-0.5051284294886608,-0.9388924268183211,-1.3168635127321562,-1.6231794685507581,-1.8994672016208867,-2.1006653081707354,-2.272393886666334,-2.5034149765629587,-2.6791889385317185,-2.878355795615548
PNBI,-1.6913315766195294,-1.8739172734444884,-1.9951548267794108,-2.155660763478471,-2.2876027636071155,-2.4448891856193797,-2.5141293574249035,-2.568024281139599,-2.7269382813913756,-2.799763899933662
6368.T,-0.6229908262692573,-1.1213167544412495,-1.5130209152689675,-1.8269708304377474,-2.0626438490568972,-2.28795363397524,-2.4709184026956827,-2.588975896505103,-2.864904815398751,-2.890158748455564
CRNX,-0.3371550769952773,-0.6623712359065024,-0.9727719297277454,-1.2300812872551807,-1.4232397481270729,-1.6808091026708036,-1.8521798587690468,-2.016637723013603,-2.2657504510277953,-2.4089155458154656
JD,-0.42665080533511135,-0.846768314586742,-1.1810323646045242,-1.4769904680522215,-1.746096133635124,-1.9841053711891676,-2.225935727730656,-2.5441261134740603,-2.777518263062577,-2.820634401136439
KEI.NS,-0.4320405418005124,-0.8634525324010187,-1.1994318598165563,-1.5120398247620543,-1.7639440023630104,-2.0007684528899636,-2.1558348519422235,-2.3178354598517243,-2.4389513562443725,-2.6989525103019574
1882.T,-0.6421488938210879,-1.1220711634833185,-1.4690258937400313,-1.7569008990179953,-1.9964514376365505,-2.1895391413954597,-2.386572430954869,-2.625052338179387,-2.7788698763400363,-2.8413556163565135
605376.SS,-0.32776489654353363,-0.7547374953187458,-1.1221736406245053,-1.407262402926941,-1.7248592242011866,-1.8796000854209614,-2.0307888088946866,-2.1379558682828854,-2.3355981496250395,-2.8149785623949124
QNNS.QA,-0.9435226283294635,-1.6005680123419341,-2.0047596061665396,-2.3555486265841847,-2.4838583133235015,-2.721513381691735,-2.84088343786633,-2.84088343786633,-3.0903065442133295,-3.0903065442133295
9007.T,-0.8495707662008894,-1.5008477400122118,-1.9991273375585719,-2.408466040987054,-2.626531483332929,-2.8543130637750833,-3.231299859623814,-3.231299859623814,-3.4244068872839715,-3.6084166359288314
003490.KS,-0.49813529646396504,-0.9661915517875427,-1.3573760737443799,-1.6602534867674514,-1.9234142647012462,-2.122147683219565,-2.3151868970304745,-2.469501759958858,-2.5813982837075913,-2.6934077841365442
5233.T,-0.5581971062408312,-1.051615550219946,-1.441602069835377,-1.7591135403680764,-2.0135745507974643,-2.2421173448816525,-2.3946583238272408,-2.651653972512027,-2.755884960926732,-2.959567232064889
5711.F,-0.5850082920262251,-1.0586714587141075,-1.3917137013357026,-1.6754312052382678,-1.9361659411250371,-2.1457784268183033,-2.2476053403896783,-2.3254940428455937,-2.465887482333787,-2.643703082860807
3226.TWO,-0.7956347820277314,-1.2611916147745426,-1.5863070084276836,-1.8794652399873444,-2.079661834085711,-2.2574190823282936,-2.8084943510342493,-2.9510047154002654,-2.9982967115912986,-3.5074115870809854
1489.T,-1.1876465815225163,-1.8229827013495716,-2.3089352117633775,-2.6079935095545155,-2.727830917053742,-2.8370159251884925,-2.9075271454220784,-2.9075271454220784,-2.9075271454220784,-2.9075271454220784
6415.TW,-0.3911962581894717,-0.7821894207948584,-1.1356235930676493,-1.4295254659863128,-1.6690438208207938,-1.8925036105489543,-2.1124632003651884,-2.271812689685169,-2.402030525418415,-3.4977809881429454
7867.T,-0.7048575715746094,-1.229349995339843,-1.6550550946833957,-1.9760060402240884,-2.172001659824522,-2.3404282854944967,-2.545410700102947,-2.6790277424229707,-2.7093472971354684,-2.8900074107988445
000001.SZ,-0.6421462784096301,-1.1504438956879028,-1.5807729520916969,-1.8917717350954604,-2.1135639317347463,-2.3219902053528854,-2.490324640926528,-2.6229989816778323,-2.752489910463081,-3.0245209336276653
MEGACPO.MX,-0.7474617239490323,-1.2625239438277467,-1.681709887753056,-2.006751593767647,-2.202134084658915,-2.40342456221229,-2.620517932343154,-2.7641711186592572,-2.84870069684421,-2.9189742335602973
036570.KS,-0.4479233129777792,-0.8391557594953986,-1.1933658313214,-1.489687082490169,-1.763065475663769,-1.971375821585369,-2.1806604185237957,-2.37418072199293,-2.478571830558661,-2.5530508026181455
601919.SS,-0.5737109602206036,-1.0042143415962044,-1.3317313299756166,-1.576073432354172,-1.7774851334338306,-1.9584466967056764,-2.072828134617348,-2.216708990708505,-2.3705427579191634,-2.6716094291936052
MPT.JO,-0.6819849952524372,-1.1121179759799336,-1.4614046485855954,-1.8011407702839555,-2.080611785817962,-2.267650297455963,-2.482870284584743,-2.645977080116944,-2.852016500373865,-2.894200873707607
600196.SS,-0.5722397916367677,-1.0216933277551774,-1.3946784027951966,-1.6667496171413507,-1.9156586393188149,-2.0956984504203526,-2.304986755805709,-2.481749086281793,-2.6229989816778323,-3.110500739575328
002384.SZ,-0.4249776651401809,-0.8142717797201314,-1.1837163126448513,-1.4652337926855228,-1.6898753450708603,-1.92346427682523,-2.0727033551526146,-2.231605835260929,-2.3285130516001273,-2.7613583147317122
ENKAI.IS,-0.6852413564765539,-1.1405231448738145,-1.558015845878109,-1.8824067972801513,-2.154271785471122,-2.3880530986333475,-2.6008527435085615,-2.7142644669250173,-2.8793160711806705,-3.145051159704653
006800.KS,-0.4933416304408087,-0.9029665175793374,-1.2509653774247325,-1.537253505643662,-1.8131856131697555,-1.9695236549832364,-2.1563312270476103,-2.344253845046311,-2.4458117379665416,-2.540477845009056
002714.SZ,-0.5260878331626389,-0.9731902033567924,-1.3093657530390364,-1.621717984963338,-1.8558835223958678,-2.032693711141345,-2.1654231480934834,-2.2773309310412433,-2.4281121895999016,-2.8182079973740275
T6W.MU,-1.3652256628573358,-1.692399679245519,-1.9130999549990841,-2.104530784375208,-2.2836241325471986,-2.5138160975922355,-2.6536693883707634,-2.808559906894983,-2.969194298292089,-3.1760584491587642
SATS,-0.6416717544647297,-1.1045026884061897,-1.5095637369428925,-1.8249658535155382,-2.025314671724247,-2.245601865942964,-2.381926278349511,-2.514410331458094,-2.6359433758600788,-2.6734665626656358
DNL,-1.0290907017152566,-1.6082095037713542,-2.127799981203937,-2.451244463180604,-2.646413045701994,-2.8147825404530904,-2.983763818004282,-3.234102564162805,-3.234102564162805,-3.5356637386841485
4203.T,-0.6103450771083306,-1.1115669196100681,-1.5440616441747907,-1.9173765031125838,-2.2311707316533314,-2.438211198557903,-2.6378766518051826,-2.8413556163565135,-2.890158748455564,-2.9794296900453126
488770.KS,-2.754268270633689,-2.854268270633689,-2.854268270633689,-2.854268270633689,-2.854268270633689,-2.854268270633689,-2.854268270633689,-2.854268270633689,-2.854268270633689,-2.854268270633689
2367.HK,-0.4271766791689152,-0.8269441216274633,-1.1677836201714962,-1.5595635783894697,-1.6930850658982857,-1.9457931935757349,-2.0147805432052466,-2.191387365652262,-2.5643838292327232,-2.5643838292327232
688638.SS,-0.4429425230242923,-0.9433244956131513,-1.3848022040821875,-1.733220535449655,-1.9613870710566284,-2.2692057962849685,-2.2692057962849685,-2.57697980291661,-2.57697980291661,-2.7141544342061854
6481.T,-0.5037369661100574,-0.925443707452686,-1.3132905185317256,-1.6550550946833957,-1.9731794545876256,-2.2610522900066172,-2.479352414447455,-2.72549341347765,-2.841202100044443,-2.9792821909250415
3309.HK,-0.3683550981657554,-0.8577766159857503,-1.1958607778661403,-1.5528054204316257,-1.8025110791412162,-2.005394605165364,-2.1753093502563243,-2.379082443276932,-2.5354523830420503,-2.6450687388657173
CPOF.SG,-0.6877503972500099,-1.1224338834177392,-1.49064614727254,-1.7842908441462866,-2.0098747721953893,-2.2150392641205143,-2.3627359501608374,-2.5050069721727812,-2.6848500265234168,-2.9088061130650495
473370.KQ,-2.4707462309479133,-2.841202100044443,-2.841202100044443,-2.941202100044443,-2.941202100044443,-2.941202100044443,-2.941202100044443,-2.941202100044443,-2.941202100044443,-2.941202100044443
OPT.L,-1.06362193833772,-1.5091909197840458,-1.9090937412019813,-2.2414027276049495,-2.4977054744123772,-2.7343687865331865,-2.7343687865331865,-2.7343687865331865,-2.7343687865331865,-2.8343687865331866
AMRT.JK,-0.7576720179095143,-1.149332356236892,-1.4282496502388038,-1.6562176055989863,-1.8645419883436734,-2.0369336505945856,-2.25808072269998,-2.342549332564381,-2.49915097561999,-2.6462147110988945
FDJU.PA,-0.976859937941929,-1.6751912508818059,-1.84027618750986,-1.9867657945821457,-2.0796386901091104,-2.349882409745202,-2.349882409745202,-2.349882409745202,-2.5975307463203605,-2.5975307463203605
601066.SS,-0.5501203319457739,-1.0568716349690617,-1.4544076028560406,-1.7504316441785508,-2.0050646093069417,-2.1902132888378936,-2.291581144332881,-2.450788050450549,-2.5804060278595764,-2.7772288566715404
KAYNES.BO,-0.5255199479320338,-0.9804820029846341,-1.3766768086505365,-1.6268858258126886,-1.9661036339651605,-2.189860286086798,-2.3124614061050552,-2.3623755687431025,-2.3623755687431025,-2.4189775130897
605499.SS,-0.5644457583362572,-1.054635352431036,-1.4323025799023157,-1.7176108456426817,-2.060445270618071,-2.240712209500318,-2.614166490574685,-3.2232086556278943,-3.2232086556278943,-3.2232086556278943
CPLE3.SA,-0.6323068334977159,-1.0942277402185199,-1.4712773996533812,-1.7782908184617994,-2.0684574408246914,-2.2789826583657717,-2.4628266856210304,-2.593657825595833,-2.709465875106436,-2.9047123564624653
VPKA.XC,-2.4736902163984835,-2.6990520028435427,-2.819215309835454,-2.8989357058998637,-3.0028648322256077,-3.2714950109839385,-3.2714950109839385,-3.462640591333493,-3.562640591333493,-3.562640591333493
6806.HK,-0.604419151562513,-1.0952890196982084,-1.4722708483729192,-1.8752863410591147,-2.0918492304976035,-2.31421126975848,-2.5077381179651344,-2.6832796061148425,-2.8161519514630613,-2.8161519514630613
2799.HK,-0.5368363124651002,-1.0226687634026015,-1.4507568970878075,-1.7951757783293278,-2.0715432112401886,-2.2212092541549455,-2.391935738067529,-2.490137910876958,-2.620545145287769,-2.7273423024809746
9533.SR,-0.7159657882575047,-0.9319713123431904,-1.0881989764386006,-1.2200307388065557,-1.418910344938441,-1.5610874512137427,-1.7688250385187068,-1.8940975851715172,-2.0811296846892895,-2.394743040382374
9995.HK,-0.22360487381908445,-0.4481728767107866,-0.6957715961316534,-0.9271080092045615,-1.170732888405072,-1.39599095279555,-1.6026826346122887,-1.7948987934224774,-1.8922940238766344,-1.9971067660196764
JSL.BO,-0.45404446544236116,-0.872233694523357,-1.2329778147598356,-1.5361888998413515,-1.7737832934437183,-1.9870631020760083,-2.201425045823292,-2.3711713917535526,-2.485706853014715,-2.6032181876263776
8227.TWO,-1.2148209487588006,-1.4339598863394616,-1.6169811358622324,-1.866360466767683,-2.0463293095242068,-2.1840404478253506,-2.2874092703592,-2.392323433633356,-2.5191244734984184,-2.9095141930245387
NEXI,-0.2761978766476467,-0.41731691497165685,-0.5963562732814712,-0.7207430102493768,-0.8486285424360788,-0.988846220388864,-1.097990496876439,-1.1924398197607216,-1.3084844469718806,-1.4226100611312176
3391.T,-0.700498856227455,-1.2469130571833438,-1.6603090291276033,-2.018074191349173,-2.285628027523853,-2.4602981661992094,-2.66285045376107,-2.8173206650290905,-2.9451089102040635,-3.013476784726543
443060.KS,-0.4035180428410636,-0.6473384289947731,-0.9774261766666753,-1.2702935089233247,-1.4783897677747133,-1.6006577837869167,-1.9210423535670185,-2.243328763046285,-2.243328763046285,-2.3282186283807285
1717.T,-0.7126135103854756,-1.1831498376807303,-1.5484486654670089,-1.8277303708577894,-2.018082779588313,-2.2067506202527705,-2.3415100375555307,-2.4563640968809506,-2.5898077402068655,-2.6960105759111803
7337.T,-0.825619063286426,-1.4475428453148034,-1.8120113168303287,-2.2680173486327764,-2.546322063439312,-2.6616421571120794,-2.7359080913256406,-2.829256433598079,-2.829256433598079,-2.956609278158665
6239.T,-0.4442121178654096,-0.8655749952161809,-1.2224537426542246,-1.4711217222960629,-1.6978254136366449,-1.8571063518858892,-2.021514301001742,-2.1488283102857895,-2.2582675362883617,-2.3250465496962516
EBOR.F,-0.7234498355158193,-1.2265693150573223,-1.6052305919954415,-1.803800501964467,-1.9910480921555334,-2.1776172143139796,-2.3237401199266423,-2.5476762209178796,-2.7371848244994696,-2.830498009936142
600919.SS,-0.8865372623534894,-1.5553614178054682,-1.968644960543115,-2.292578801746009,-2.6217130340562087,-2.9200668962115253,-3.129711384977501,-3.3279452334033497,-3.3279452334033497,-3.42794523340335
1793.T,-0.9430483117321676,-1.3515323829514088,-1.6940017975676296,-1.9250701784832227,-2.151670816644699,-2.3089048800776792,-2.4854437920004275,-2.651653972512027,-2.773523324241805,-2.81162825123693
601600.SS,-0.579016806358787,-1.0027065044317063,-1.3515305851720156,-1.6466675334805083,-1.8362964592071245,-2.015064579636539,-2.14357135756448,-2.3277519247961482,-2.4570078470835686,-2.808239272466326
900110.KQ,-0.5110351773812253,-0.9063193635279313,-1.2683773887184893,-1.5221189658313148,-1.7168293167562305,-1.9033505520354028,-2.0767587173216144,-2.276804085368327,-2.4850487934539585,-2.563485788995737
ATHM,-0.4358731595708241,-0.7901853592229772,-1.1360475235402006,-1.397480490941036,-1.6934523729625828,-1.9003449752907082,-2.0379320559753595,-2.2943951756093797,-2.5359673044949953,-2.716565905691718
8304.T,-0.7468974281648906,-1.2485635381524574,-1.5898558982161748,-1.8747641239719526,-2.062793160555295,-2.303200837666364,-2.5408250627462574,-2.7062092586350195,-2.7502537661737363,-2.8587223372007946
POWERINDIA.BO,-0.5659488219328631,-1.022122999007243,-1.4550397282986551,-1.7681800257216582,-2.0063593019981982,-2.2601889913293802,-2.4947372760385695,-2.635418459463873,-2.8626094860523352,-2.8626094860523352
ROCKBC.XC,-0.9258639677461281,-1.3865763750407682,-1.7000785937239795,-1.9503685019152837,-2.1426620052855405,-2.3269878512317304,-2.479727471529162,-2.536383833899377,-2.6210662627903503,-2.6404930599002108
GRUMAB.MX,-0.9336020723730776,-1.4084741097650635,-1.798818324972553,-2.052432188549056,-2.271713584331932,-2.4275813307917544,-2.5255447265883717,-2.596279955801518,-2.727379916495144,-2.8159078821693977
5183.KL,-0.9551118852263903,-1.4842391246728024,-1.844527729323924,-2.0784842134064174,-2.3488321982403058,-2.5169517654114504,-2.6970875196865274,-2.783313219629393,-3.0683736327780955,-3.269825974166328
LOTB.BR,-0.9388650023521938,-1.5121337113838471,-1.93024269732104,-2.3142776081655354,-2.5499053442278345,-2.7485345988588574,-2.9684440538926378,-3.0006766812416297,-3.1753501566957003,-3.3206954098678865
MPHC.QA,-0.9170260719121561,-1.4882559120524144,-1.854612433742194,-2.0727993735373893,-2.2770947270207413,-2.4225881792942126,-2.5103749907116653,-2.6232232473281267,-2.6796378823105247,-3.207265308090163
4142.SR,-0.613293123085799,-1.0617266695704937,-1.4949762716640178,-1.8557299227201105,-2.2601889913293802,-2.556207137077357,-2.6547590333403313,-3.006182388363962,-3.006182388363962,-3.106182388363962
DABUR.BO,-0.7702920454802392,-1.3452517687652448,-1.7451403390694642,-2.0898386980460244,-2.349911057310066,-2.511981417638749,-2.6267934841596436,-2.854557614592297,-2.9598044360474915,-3.02789025057063
000547.SZ,-0.5585072510830099,-0.9543190283548475,-1.2731714803327483,-1.528528701761795,-1.73290339666041,-1.9035794250206577,-2.033288876684437,-2.147531744452689,-2.2626449064378433,-2.6750945776885455
1721.TW,-0.5782596927739778,-0.9601327313799742,-1.267164363908967,-1.5337282327607695,-1.7042212089801585,-1.874588032459783,-2.7067096143410008,-2.8107846651020547,-2.876945923371268,-3.230550390334471
6460.T,-0.5772457376607596,-1.0786053906536173,-1.4713961258586896,-1.8101589753096794,-2.0460561935652026,-2.282478690474934,-2.5065040694860508,-2.6649076576145023,-2.7985058223902994,-2.8413556163565135
002938.SZ,-0.36643290580602733,-0.8091661954037535,-1.243298608104971,-1.6020121272031602,-1.862479505965624,-2.1055058388459127,-2.259099392137722,-2.4107871482170573,-2.4975039744485077,-2.765414631430248
KIMBERA.MX,-0.7750423406349923,-1.3131030486090791,-1.7868495606795465,-2.2031508752309,-2.555311669113023,-2.7787887940189786,-2.9645538780188243,-3.317162689433944,-3.428805275974782,-3.6126170885393605
ALOS3.SA,-0.5831391590709114,-1.0651949310632427,-1.4655618554678485,-1.7284514046741282,-1.98101822495039,-2.2406776468250555,-2.3753382672546923,-2.431699302410402,-2.5341783984091064,-2.7337508414038822
2371.T,-0.5385604403975734,-0.9606329866012219,-1.3389695665868202,-1.6541447865382124,-1.9168636567979922,-2.2025337527849427,-2.365247646681527,-2.575483324008607,-2.66900606691268,-2.770001374748283
5109.KL,-1.2884595157262573,-1.915479497984304,-2.2620802557378386,-2.5662109715640766,-2.7843007270613014,-3.0570679059595136,-3.207040357517898,-3.207040357517898,-3.207040357517898,-3.207040357517898
001040.KS,-0.5156647750042146,-1.0178839975758762,-1.4158256139035799,-1.772806580666939,-2.044563521078582,-2.26231842633995,-2.4091400657589146,-2.5923384028671905,-2.6271599108737878,-2.75648896402412
600415.SS,-0.6108575728809768,-1.096445894300796,-1.4730287275881822,-1.7720053552369412,-2.0371202772154064,-2.203930249216665,-2.327123255112174,-2.412827284129629,-2.521067783410653,-2.895523086686692
AXL1.F,-0.7338843102298951,-1.3913024256147708,-1.819103485833646,-2.2363434758443215,-2.5381229126778058,-2.6476487262853126,-2.8028160036232523,-2.874031539219205,-2.874031539219205,-3.086343997291135
9142.T,-0.8954740250038025,-1.5813116676808021,-2.0477727938820554,-2.3729958106372364,-2.847160185506683,-3.127258621150188,-3.325619351598404,-3.425619351598404,-3.425619351598404,-3.425619351598404
009830.KS,-0.40256349028453076,-0.7904341023578008,-1.1253161120947923,-1.4393142733190105,-1.6602534867674514,-1.8856058129998587,-2.093715146461934,-2.2018589031635916,-2.3382806577532835,-2.4614507780397337
NWL,-0.671485007436459,-1.157342174587185,-1.5165609113212355,-1.8096689017131373,-2.0375338396676974,-2.2262437492770206,-2.38394845534244,-2.5053135990191526,-2.6413291991609484,-2.7253672237986515
2049.TW,-0.5283087379250014,-0.9974378308109005,-1.3834861958742026,-1.6581605360467884,-1.8696066471189063,-2.074757128201158,-2.445138861718541,-2.610168111929855,-2.780360145338418,-3.2035454614831407
064400.KS,-0.4102612017587142,-0.8675326612527934,-1.2153955967260572,-1.6514108613471319,-1.8607444813428535,-2.0061237235350746,-2.098347725459566,-2.098347725459566,-2.2128813095127904,-2.2128813095127904
382900.KQ,-0.3711900774571197,-0.7442133631498484,-1.1524530597766185,-1.4904669532346306,-1.707880097405356,-2.038274472292943,-2.201768561289448,-2.4055614608414686,-2.526089011623762,-2.526089011623762
195940.KQ,-0.4564802181242457,-0.9599950064852042,-1.3860371237241007,-1.6888526444728598,-2.0830798267897412,-2.3530131818333833,-2.434859350840392,-2.537235250394017,-2.7711078367621704,-2.7711078367621704
600809.SS,-0.5241767045438809,-0.9785910137763968,-1.3506445005297365,-1.6683164792362173,-1.9059730945944062,-2.068434096276952,-2.2148490383127046,-2.377469032682862,-2.52659236788118,-2.8744988367849738
3844.T,-0.5307500411113871,-0.9811896418703032,-1.331626095054195,-1.6159763056015537,-1.8307018700593956,-2.059285047397427,-2.194622733094514,-2.280930882569209,-2.3265402309450356,-2.488898852432577
2009.TW,-0.5952741508510195,-1.0526320711550505,-1.3472023916229445,-1.5997569628379875,-1.7858023004554133,-1.9543793526498887,-2.501833188868697,-2.663989045801385,-2.755027187078188,-3.1662083050980154
OMAB,-0.6037310146357122,-1.0928288064732705,-1.4652337926855228,-1.8341016910759909,-2.113372128036372,-2.3187579709778374,-2.49785315997454,-2.590655188860407,-2.7571419207939902,-2.8350797732702637
MCI.WA,-0.5864066926311776,-1.0323579466917934,-1.4024303942614305,-1.6653264574704787,-1.931773653884774,-2.090997871748479,-2.2182524990421504,-2.376376582522012,-2.5351641969577616,-2.6100079495609925
ENGI11.SA,-0.8832782953634793,-1.3694480034620178,-1.7241407296980586,-1.9878850144672284,-2.1782182997536217,-2.3469259528441335,-2.4459818276271448,-2.560214015679584,-2.722667684281319,-2.808239272466326
ANDINA-B.SN,-0.8507917123677455,-1.4138498344504624,-1.8831929255658366,-2.2280207813045414,-2.498191497548574,-2.696721165242396,-2.9631983159847124,-3.071309318764279,-3.1703981840390334,-3.1703981840390334
419430.KS,-0.6292923673079924,-1.231482257321915,-1.751187563866206,-2.113508884130107,-2.337014215710269,-2.8538233437815768,-3.067326612219366,-3.067326612219366,-3.067326612219366,-3.067326612219366
1476.TW,-0.6851647872352502,-1.178806283483405,-1.5284334624416962,-1.8158563593992543,-2.0300429409606617,-2.1835551764425825,-2.530115188748858,-2.6074474600620565,-2.6460138169575504,-3.2152865163649156
RRTL.F,-0.8004697126933105,-1.3744120378673819,-1.7407519804957186,-1.9791188962758832,-2.17944830658143,-2.31408484376095,-2.4604011313953893,-2.5492935383122144,-2.692432360818801,-2.8319809725907032
TBS.JO,-0.7821447879877396,-1.3906279029974313,-1.8398149940573278,-2.206633958967881,-2.4778095693014714,-2.686964796665103,-2.967291848830255,-3.174262410617994,-3.3196490091536304,-3.431220819951
ARION.IC,-0.8887474107965413,-1.5692608296445503,-2.029618464887217,-2.3044451452846504,-2.522309210175171,-2.6323731752603057,-2.7286559937092543,-3.0729180625308135,-3.274128660949186,-3.274128660949186
HUT,-0.165222222945278,-0.3364641856849906,-0.5138962681246754,-0.6784967796206975,-0.8383554017689346,-1.0167815196668595,-1.1927677963993981,-1.3628176736875046,-1.5132599886691571,-1.6463349784644778
JSWCEMENT.NS,-0.5184179884392534,-1.318010897303537,-1.8627318674216555,-1.8627318674216555,-2.410991338257424,-2.410991338257424,-2.410991338257424,-2.410991338257424,-2.410991338257424,-2.410991338257424
ISCTR.IS,-0.6316504164104514,-1.0652422949340896,-1.44764997721828,-1.7498823425859225,-2.0206291218059276,-2.2328669223594786,-2.4285015527754745,-2.5771046016601775,-2.6607245771450683,-2.9644472712119696
8YZ.SI,-0.5791321622555561,-1.009990169249582,-1.534120544352546,-1.9627318674216556,-1.9627318674216556,-1.9627318674216556,-1.9627318674216556,-1.9627318674216556,-1.9627318674216556,-1.9627318674216556
066575.KS,-0.6151643699845167,-1.113187009581235,-1.5622272140222833,-1.93715676590807,-2.2641155927956653,-2.5627238892070476,-2.748240089612457,-2.7948282039397907,-2.911674793518137,-3.156314806311663
9663.HK,-0.3128160349517685,-0.6575839650273564,-0.8976884478418233,-1.1004873395773744,-1.226423644553413,-1.4703985973690965,-1.547231363650939,-1.634465711871648,-1.7362777538192573,-1.8072268538843552
287180.KS,-0.8642984979702234,-1.41454886231156,-1.7926912127281753,-2.1779230690821896,-2.537768148060968,-2.692145737107348,-3.0860426036437953,-3.0860426036437953,-3.0860426036437953,-3.286558020455886
6923.T,-0.6436323094418939,-1.1071024439629102,-1.491885428109276,-1.831255543932309,-2.0798192523338566,-2.366258867122258,-2.5666733501349803,-2.7602502556431543,-2.9470004139115633,-2.9794296900453126
600406.SS,-0.6105839087464723,-1.0479800821975325,-1.4112345549176386,-1.7327839236966627,-1.950377526047593,-2.144373862698986,-2.2891438625202523,-2.477177649288606,-2.6186287081091044,-3.1802659082279874
VRNS,-0.5231458279671846,-0.9029245092802939,-1.2568860582850911,-1.531906598175318,-1.759162869409159,-1.9803251695471449,-2.1500126671514126,-2.3364150431827695,-2.4218570532362804,-2.4722296065276748
323410.KS,-0.4086579488206933,-0.8416212335729143,-1.2478308096145236,-1.5745998512906365,-1.8573891152064164,-2.044236058575469,-2.1985915726060328,-2.4351961037347585,-2.6007387829019786,-3.1116474901840614
600688.SS,-0.6775540723589291,-1.1489328819909326,-1.4966870472025644,-1.7653216219521648,-2.085292017697133,-2.3396927303649786,-2.4414022075752033,-2.588131784784006,-2.6893312711464894,-2.9887124650439425
NACLIND.NS,-0.4028792769052679,-0.8549251388307659,-1.2013134639303253,-1.5532208980015318,-1.8529544415338641,-2.2273195339033496,-2.336898844628138,-2.4148719875914453,-2.6023304276571197,-2.677950908965556
6012.KL,-1.040060233619805,-1.6760603128349834,-2.1350877597036644,-2.556207137077357,-2.74522929554908,-3.0209864522500807,-3.0879209104951504,-3.172425039192538,-3.288337198077854,-3.578671829174987
ESCORTS.BO,-0.5487103904457774,-0.9591858294309371,-1.312534230570937,-1.5953720282171844,-1.8754013677758625,-2.0871303226102103,-2.2694429853033133,-2.392504815765579,-2.54762216658618,-2.6628960791975427
JUBLINGREA.NS,-0.43770054340968184,-0.9456957369924028,-1.3599692262215144,-1.6806701369466104,-2.084322944018406,-2.4702435342024596,-2.571476722257629,-2.7088810027474626,-3.1402974534924275,-3.1402974534924275
HIMS,-0.44116864743261913,-0.6784684088888896,-0.8754793683222348,-1.1291409385998157,-1.3390464383709664,-1.5188991668172818,-1.7039852741659116,-1.885640363046937,-1.966486638670762,-2.218582348562776
1514.T,-0.4178197159083895,-0.8294201959103564,-1.1960676955470553,-1.4821658696682194,-1.696219194523892,-1.8831330745507815,-2.0626438490568972,-2.212193279536369,-2.359699410528497,-2.454236685884021
HGGE.TA,-0.647453729327782,-0.9299637026505143,-1.203769870766346,-1.4201075163982204,-1.6572470347867223,-1.841116429037294,-2.041137988119102,-2.2512866911456424,-2.389534742732361,-2.534945397029843
7630.T,-1.1561001373107207,-1.7574268148923813,-2.233114935880074,-2.576021348605363,-2.752034087189712,-3.178447775399235,-3.2609249795085877,-3.3741911327744933,-3.560489067436675,-3.660489067436675
FIBIH.TA,-0.8519521361252758,-1.3776103614090025,-1.8035228737910765,-2.2410056142309553,-2.615363000364311,-2.9591027914917367,-3.0357068265768494,-3.1357607400719565,-3.1357607400719565,-3.2826249684844244
ZKX.SI,-1.1886270307258233,-1.5410349886722843,-1.8373013987090439,-2.0959094353425343,-2.2105405548445676,-2.431472399395433,-2.611198282480305,-2.746960512725756,-2.746960512725756,-2.746960512725756
300124.SZ,-0.5087874156337067,-0.9563214109547252,-1.3043306037641458,-1.5977809166599717,-1.8286091837238856,-2.0433826768194754,-2.252591091519268,-2.392596509830329,-2.5159073476382487,-2.8539948396806083
WDH1.F,-0.7162489293624468,-1.2631459028215393,-1.6343076834705679,-1.9650432033215934,-2.2680917491174757,-2.470216091682425,-2.6042822528367395,-2.666163288084347,-2.855533764450459,-2.9930541865250615
KRDMD.IS,-0.4787433642350233,-0.9101806014453057,-1.2257227386529137,-1.5225202001149332,-1.7436959543253234,-1.932212091798263,-2.053748910631828,-2.2032695250655396,-2.3497132461310986,-2.555417151204049
5832.T,-0.7609699243226399,-1.3464168168150614,-1.7206191849022912,-2.0270238375831653,-2.239951019509235,-2.4310181156498714,-2.5745298957199387,-2.672527032578853,-2.672527032578853,-3.022204412311593
601668.SS,-0.7420936964199315,-1.3725823080512183,-1.7918024240580193,-2.101694392346455,-2.2895121699512146,-2.4694936102426595,-2.6307699509268327,-2.6960940479606035,-2.840085255164141,-3.174029787830027
601969.SS,-0.4828106374533172,-0.923930505739904,-1.2360571065456825,-1.4736616860254437,-1.6837624133256777,-1.8735736310073021,-2.0012075652511303,-2.1003165531177945,-2.204068543571154,-2.793978349208271
5021.KL,-0.5927836369560744,-1.0627812115588384,-1.365095297000508,-1.665817730780199,-1.8577738394229288,-2.1002296679142085,-2.232280032405184,-2.346309785501988,-2.443730970039563,-2.511902790610858
ENEV3.SA,-0.555661453897544,-0.9672727117457884,-1.2444194302161773,-1.5378739142770288,-1.713678349854434,-1.8565253714765646,-2.038413554979283,-2.2926160716265382,-2.4073709010564794,-2.510650870396833
002340.SZ,-0.6816200960907888,-1.093104970775642,-1.4493180846803537,-1.7267311149504856,-1.9545779044793188,-2.213452816485861,-2.3969274799898392,-2.5312224998632824,-2.6859092562502997,-2.909796935980716
MB,-0.35670658487001183,-0.5705480958325597,-0.6701969617332685,-0.8338392314203908,-1.0236281816405473,-1.1738948176836874,-1.2909491476822743,-1.3567414157678692,-1.4289957169213297,-1.5095920899053834
9028.T,-0.7100626653844607,-1.1461402031217929,-1.4811201910208525,-1.74036629984,-1.9665452896315831,-2.1423913771367373,-2.3216804407043914,-2.4599106478184836,-2.538976508542308,-2.7289835191010847
ZYDUSLIFE.BO,-0.7280026288858055,-1.2904839217575412,-1.702844295764939,-2.0777124782407763,-2.399736201118346,-2.657369490196375,-2.7715889499376174,-3.0948948367655746,-3.213221271057825,-3.2949438566134437
600959.SS,-0.7635608370095979,-1.2852904759475565,-1.6709847890550258,-1.8635873970464505,-1.9934959908843088,-2.0947231474090966,-2.1595854635970464,-2.21218075712819,-2.284648243702308,-2.832350540188787
4912.TW,-0.5414903563960023,-1.0205289245893698,-1.3644275699333799,-1.6590872391584428,-1.8548610492474054,-1.9628364705540908,-2.153874694061462,-2.3043080545417562,-2.4175590162365097,-3.2595041623567447
4090.SR,-1.0900911801665056,-1.6585407237781054,-1.9966574003762516,-2.318195767765723,-2.4987672830898005,-2.6747917933947254,-2.777164055660257,-2.8791065355107195,-2.9209613270500356,-3.5815587099781454
2347.HK,-0.3111221504963238,-0.8062628189102944,-1.1475810594382707,-1.4134132683376532,-1.65377362911139,-1.938917246729911,-2.1171564117479527,-2.3602049695496308,-2.5297148748772895,-2.8361422688350095
9468.T,-0.6195611757687358,-1.130203529828564,-1.5586021197878506,-1.8455436239970309,-2.056889457191697,-2.2485698362911406,-2.3647134222066093,-2.464682758424526,-2.572227205679752,-2.721641856858579
8672.KL,-0.9685515832550995,-1.1275633157574774,-1.2630899025456015,-1.3714573987853385,-1.4641865319765153,-1.5958936287452838,-1.6863175799018475,-1.776034331144849,-1.828892391034835,-1.9205020017675507
600418.SS,-0.48301363148523996,-0.8762012929951297,-1.2314745479396196,-1.5177158073597532,-1.758166719578027,-1.9511935776828944,-2.148326944372304,-2.33239755679151,-2.4485589618623886,-2.8526067794451335
6305.T,-0.5649376763885562,-0.9900365282498197,-1.373034256348994,-1.7082052361980948,-1.9905848042526257,-2.2263507786060885,-2.3796916599009266,-2.535442166172229,-2.6511500542349125,-2.7788698763400363
601868.SS,-0.9876377190595736,-1.5152098702989576,-2.0276656346095203,-2.3026739908531932,-2.468903952571167,-2.587036200929335,-2.6630133704004644,-2.6630133704004644,-2.888388175571275,-3.1998619754163355
002926.SZ,-0.6630369502945848,-1.2258622363069689,-1.595290980430868,-1.9081840518199558,-2.1665209758708475,-2.3708901824102493,-2.4969660164223764,-2.560957470760777,-2.597351544580187,-2.8645998196559046
011070.KS,-0.43136624363674836,-0.865085486693268,-1.271687086649946,-1.5771966205545647,-1.8745150786150715,-2.1674908736527816,-2.344597707470279,-2.509828586607211,-2.618684847008145,-2.7999951893910136
4613.T,-0.6771427017043881,-1.2202639469088197,-1.6911560892663737,-2.036367557688109,-2.282478690474934,-2.4883174516858735,-2.7095070034993918,-2.917402435316276,-3.4133284188440216,-3.4133284188440216
2702.T,-1.2391674721741426,-1.7971679783727699,-2.1584141696691947,-2.4887750026871047,-2.6860190941036,-2.811562175127501,-2.9098996824872247,-3.148094533316018,-3.212749657362603,-3.4067744901964074
SMFT3.SA,-0.4488550028269038,-0.8397041150292854,-1.1841659978285557,-1.5400621269655723,-1.874385213457309,-2.0990759523617672,-2.5509471420489773,-2.689214360014045,-3.1229452867842142,-3.2229452867842143
300394.SZ,-0.32701345920571373,-0.6807586265733624,-0.9922194305285325,-1.2376999488559475,-1.5160907660711838,-1.6751549989129606,-1.7994821435420973,-1.947326149723047,-2.092992013761742,-2.447415418826493
7984.T,-0.7766766084809795,-1.3476731960840385,-1.806034933738827,-2.1807836502642366,-2.400682877238069,-2.6378766518051826,-2.7985058223902994,-2.890158748455564,-3.15511221231473,-3.15511221231473
SAIL,-0.4307272992954575,-0.7850360498768919,-0.9146786412719056,-1.1895222157453644,-1.4941549086209047,-1.649236958506666,-1.7444475421409682,-2.2111272410853324,-2.365247646681527,-2.611712082277219
261520.KQ,0.5659488219328631,0.5659488219328631,0.5659488219328631,0.3661063568005698,-0.1800123697927051,-0.5659488219328631,-0.7916386077433747,-0.7916386077433747,-0.7916386077433747,-0.7916386077433747
MTSI,-0.5013308054205097,-0.8697481722452056,-1.195990444047247,-1.4951690948716145,-1.7533677390295612,-1.9636756054554705,-2.1629171763335777,-2.33398434269556,-2.476803559807965,-2.6037164359611955
7988.T,-0.6888219128906294,-1.2322047389968909,-1.696219194523892,-2.055940787871254,-2.2934980303425188,-2.5159176289703447,-2.6791889385317185,-2.917402435316276,-3.0555996608226104,-3.15511221231473
MABANEE.KW,-0.8753831556256884,-1.539448755476626,-1.8393518330748309,-2.115615646280892,-2.2454547219413197,-2.4002128223817727,-2.4968521009546114,-2.637441076582927,-2.7784526447787656,-2.864498083037906
600584.SS,-0.4691545615766679,-0.8499119318287615,-1.1714531056590198,-1.4550872697219077,-1.7050658344974483,-1.9080964648575032,-2.0872778197296253,-2.2205366074594752,-2.3425139335481466,-2.780888598963909
NHPC.NS,-0.7169831379782451,-1.3445917219307888,-1.8195411021562407,-2.1065429414418277,-2.339458618810679,-2.5460875710287403,-2.843896752176322,-2.9707192543784573,-2.9707192543784573,-3.0931128076493395
8418.HK,-0.23783323046889898,-0.5387225248595431,-0.7744879393641132,-1.0110125067627822,-1.2077224309022787,-1.3773394922294309,-1.5275196138027607,-1.6680779129448426,-1.7528109395223925,-1.880410017684819
4716.T,-0.7219829244082681,-1.263469375361248,-1.6363533807459034,-1.904678850414516,-2.1471454811091673,-2.3863954111901466,-2.600463532692549,-2.6938780360473076,-2.7983503442235,-3.015185855266296
RTOP.JO,-2.884128217733498,-2.962373794273578,-3.009514091995085,-3.009514091995085,-3.064471499267777,-3.064471499267777,-3.064471499267777,-3.064471499267777,-3.064471499267777,-3.1306094865527974
2609.HK,-0.17174708963751176,-0.4307272992954575,-0.7732170464353034,-0.9674215661017014,-1.2902332150389992,-1.5497059007365892,-2.000423569105984,-2.000423569105984,-2.000423569105984,-2.000423569105984
NAMM,0.10463345561407525,-0.08714588195686,-0.2822161470625082,-0.4307272992954575,-0.5894557978497782,-0.7188680528227158,-0.8871465590188761,-0.9674215661017014,-1.0245923925400988,-1.1503493803760083
600703.SS,-0.5121295976892425,-0.9050338193877755,-1.2379897961527402,-1.521043078492456,-1.7803453767090354,-2.0618524065183217,-2.2626449064378433,-2.4046768878330247,-2.5080462434335415,-2.8744988367849738
600267.SS,-0.5772300763930845,-1.0274926065938923,-1.4107936661183438,-1.6929747980915573,-1.9205711602832303,-2.107925589770904,-2.258907259667296,-2.396264195154059,-2.5091024266834085,-2.80087960071855
034220.KS,-0.4857234139594317,-0.953957131369144,-1.3879187890024944,-1.739103530331917,-2.1041549130653947,-2.2934707411297826,-2.500113568613466,-2.5704034572705217,-2.7078526079086487,-2.8397653692427687
9202.T,-0.7948874253602285,-1.4064820779177098,-1.889374604666225,-2.192511751796744,-2.4528920040996716,-2.755884960926732,-2.832325916888525,-2.959567232064889,-3.1135632538678264,-3.312635205332825
1953.HK,-0.44983767840516725,-0.7949742352297549,-1.075763751172855,-1.3664533699234969,-1.541805054203851,-1.6578315691318226,-1.8109388229035674,-1.9351601074766847,-2.010476168477,-2.0678486306573363
090430.KS,-0.5559453195098946,-1.0194031252190183,-1.4298485840729445,-1.8272450663868987,-2.1715725377249595,-2.351857090320776,-2.5493348986160633,-2.6941485718411564,-2.808239272466326,-2.866445212472542
INPST.AS,-0.5316957891162061,-0.9413627667091,-1.3062848823139206,-1.5537118526247429,-1.8143734321716423,-1.9964397663123201,-2.14885911514203,-2.236539457140855,-2.4511387131502334,-2.4932427327155353
6488.T,-0.8907290367466115,-1.386014577546427,-1.651763014018516,-1.920167684061587,-2.1214034880954658,-2.3089048800776792,-2.4688409605646506,-2.626531483332929,-2.773523324241805,-2.81162825123693
DLEKG.TA,-0.5338896328694315,-1.003260177812934,-1.385420603929562,-1.7036471101709818,-1.962462995827556,-2.1545580507553876,-2.3158020763877123,-2.4558409120518494,-2.5121846546892486,-2.615363000364311
00088K.KS,-0.9706806770041868,-1.5903689589856131,-1.8720669677140165,-2.1343277098933435,-2.3355981496250395,-2.5262136628327996,-2.786898904180155,-2.915809375118257,-3.0044341050421894,-3.3241395717000595
8056.T,-0.5934742819357258,-1.1063605077084802,-1.5296515582740113,-1.8691095646466858,-2.119923300756366,-2.2934980303425188,-2.454236685884021,-2.6649076576145023,-2.819283975789497,-2.864904815398751
IJM.SG,-1.353634487744801,-1.6461273976571478,-1.939064881150129,-2.103374211950623,-2.2561778914864843,-2.457308288912425,-2.6766345292975875,-2.7653147710080277,-2.9200668962115253,-2.9200668962115253
UHRN.SW,-0.688500419182562,-1.2051452072293787,-1.6134328203737054,-1.994901460248777,-2.2729894763977394,-2.517580647033932,-2.7613268344903514,-3.0326861895638855,-3.2360556394184044,-3.317289687285658
5110.T,-0.632295248836792,-1.1388325983343004,-1.5780610714304093,-1.895108928072834,-2.1433216769140944,-2.3729217439469807,-2.5666733501349803,-2.7425410613118277,-2.9794296900453126,-3.0555996608226104
5076.T,-0.892059867152247,-1.5120614361252904,-1.9947948516180118,-2.341744335404315,-2.5266288118090365,-2.5266288118090365,-2.6659310744064952,-2.8911153778192697,-2.8911153778192697,-3.1024305481749073
7729.T,-0.5055282369277285,-0.9545520655993754,-1.3116572429986928,-1.6365875950041917,-1.9224562657193007,-2.1939806021300363,-2.393568084856259,-2.612645741149514,-2.7602502556431543,-2.8413556163565135
600660.SS,-0.636881038467588,-1.1258394960476072,-1.5026927702077704,-1.784164818854932,-2.0241259087709476,-2.2626449064378433,-2.426317532460657,-2.5994061352633406,-2.719555875072456,-3.064685729001007
600600.SS,-0.6508007790298245,-1.1572762023496026,-1.6057591094038564,-1.9083777348205533,-2.147531744452689,-2.377469032682862,-2.5561529859702103,-2.719555875072456,-2.7887108508395597,-3.3097323744460176
600489.SS,-0.5373510144911643,-0.9826220133539414,-1.3212191260303685,-1.6241608628356774,-1.858375907011192,-2.0196971384536653,-2.244372193545039,-2.383539876518248,-2.4801179529273156,-3.1174624595441256
OIL.BO,-0.6957791250593903,-1.2267927472001656,-1.632911732683025,-1.9210423535670185,-2.22074615797832,-2.4464305100299315,-2.5606464719042923,-2.6537533453272597,-2.723078862169538,-2.921581893221058
LLOYDSME.BO,-0.6212635539929664,-1.068608977347099,-1.436642249604388,-1.8641896097318236,-1.96702500710193,-2.13468333391307,-2.4806378537010043,-2.718524645258334,-2.718524645258334,-3.040324335177467
SCC-R.BK,-1.4971057335423021,-1.9038122616468445,-2.2927413330568984,-2.530594895737893,-2.806374130965881,-2.9489709168009455,-3.051450552215519,-3.2016495330373713,-3.2016495330373713,-3.3166752895626166
000568.SZ,-0.5671921252799211,-1.027628710458971,-1.4029807877263616,-1.715652404325897,-2.003383074374821,-2.2148490383127046,-2.3977070380159367,-2.588131784784006,-2.7041348539914334,-2.899682469718629
QFIN,-0.2877027930530227,-0.6113961912202758,-0.8480929232181368,-1.1377544310624652,-1.3214978956405392,-1.5752915711186188,-1.7562168807199359,-1.9530071626321746,-2.149174708397226,-2.2265998952400694
IPCALAB.NS,-0.6203670487651524,-1.165529236185921,-1.6042201352108427,-1.9278722561898047,-2.1217137606483814,-2.3147813004358597,-2.511981417638749,-2.63914556510125,-2.7393175444410764,-2.8118759043036157
3898.HK,-0.4507442126153592,-0.840403813065825,-1.2312113719687026,-1.5024058465090535,-1.762380002198857,-2.0530451255639517,-2.2261863030419264,-2.358902500118487,-2.477949591844065,-2.63053140760155
MVNE.TA,-0.7258242473081463,-1.2465919975347615,-1.6963569226736515,-2.052617368173876,-2.285506125946084,-2.414204092567862,-2.4647021558688063,-2.543647439457488,-2.6425829404692305,-2.671914100917576
4540.T,-0.7375740928347502,-1.3387521534167721,-1.745718153602378,-2.0798192523338566,-2.3796916599009266,-2.588975896505103,-2.7425410613118277,-2.864904815398751,-2.9794296900453126,-3.0555996608226104
JCNCX,-1.0159782849252437,-1.5937014419355717,-1.9713356892205371,-2.2673470066566535,-2.4468543654187,-2.6136478898371007,-2.6963350600336238,-2.828695999277859,-2.9195514369102593,-2.956069226599235
000060.SZ,-0.5512262329622473,-0.9836414671819255,-1.3258097467312178,-1.602933139025462,-1.819771731605775,-1.9834680264452282,-2.0956984504203526,-2.224008684892208,-2.3396927303649786,-2.7701462449809586
6473.TWO,-0.5180198147935019,-0.7609839284889511,-1.006710168710683,-1.240434262300311,-1.6377134598644512,-1.8490925882009284,-2.053748910631828,-2.2273195339033496,-2.4022112087203458,-2.5888526281956064
200725.SZ,-0.6943371202302112,-1.1177879070131238,-1.4493589935617632,-1.689068906504857,-1.9107934607565464,-2.1099366459637565,-2.2626449064378433,-2.3581603317801973,-2.5362014261368753,-2.752489910463081
1776.T,-0.6717142149566493,-1.1285942892452536,-1.4409503293131838,-1.6892488577635634,-1.8758625422941473,-2.0524246505192263,-2.202807111735171,-2.353060933092832,-2.4707462309479133,-2.5352735399592494
TCOM,-0.4967748035531155,-0.8843473462014578,-1.2213804852523298,-1.5025736667639196,-1.7363178073884618,-1.9685901016767164,-2.1302960351417797,-2.2724572324618237,-2.4291945796142707,-2.526228267175638
601228.SS,-0.8305888710454671,-1.4412773379172303,-1.8658722680419988,-2.156692661262215,-2.2806866488531763,-2.4092588666127788,-2.505617159100382,-2.633032560126433,-2.767907363239282,-3.1084706901937085
INBK,-0.7187137749737973,-1.109152021134155,-1.447434328139999,-1.6922519431749377,-1.8927934478067985,-2.055164730790732,-2.1467907303826537,-2.2675911546890504,-2.3238622704176675,-2.4064977873692515
1898.T,-0.5578757269216366,-1.020701006679561,-1.3456814777584294,-1.6489899817207017,-1.7978778046076505,-1.9905848042526257,-2.240969104085073,-2.3532399388955874,-2.479524105358939,-2.588975896505103
BAJAJHFL.BO,-0.7647096737863872,-1.3829941271006385,-1.7145936537660906,-1.9145058250555622,-2.0216755967473574,-2.246197535640823,-2.355084009493376,-2.738456131958308,-2.738456131958308,-2.838456131958308
600362.SS,-0.5513246753711445,-0.9671953139307649,-1.2977621963138861,-1.597096342397478,-1.7827508752023604,-1.9788842792224073,-2.176585162139545,-2.2779883330287394,-2.4260400376640843,-2.872641587549416
6862.TW,-0.3051210329023641,-0.6962035418998345,-0.9905245243264834,-1.2854641490325396,-1.4616555764279147,-1.7004777618086635,-1.9778537704518142,-2.205810650378084,-2.205810650378084,-2.7040831339112614
9945.TW,-0.6526579238531481,-1.1146059837666464,-1.4456957808804836,-1.686303009269172,-1.8678996350573474,-2.030393052318828,-2.772670087673992,-2.853480048050543,-2.9021116837782417,-3.4236943438411376
KPITTECH.BO,-0.5100648528008633,-0.9566215887330586,-1.3722619159463643,-1.70601749572716,-2.0686658248040306,-2.236539457140855,-2.3893625670903678,-2.5105169016753823,-2.588326062214667,-2.7462692303382052
9201.T,-0.8635011562556875,-1.3900616205606346,-1.8063964308495521,-2.1214034880954658,-2.3201508715107084,-2.401504952565732,-2.511709714255781,-2.6648709662659913,-2.7390644453254165,-2.773523324241805
5947.T,-0.7524360637695321,-1.3183404673731742,-1.8122325944391595,-2.1237429805089416,-2.366258867122258,-2.6378766518051826,-2.7985058223902994,-2.9794296900453126,-3.101529537043595,-3.301230301013023
6976.TWO,-0.5087585142835265,-1.0284158280815745,-1.5019663399599352,-2.1185360776846993,-2.56765474370903,-2.7052189321146334,-2.7052189321146334,-2.7052189321146334,-2.927866158737434,-2.927866158737434
0126Z0.KS,-0.3308725717264192,-0.8957798188835894,-1.0444087948725962,-1.0444087948725962,-1.0444087948725962,-1.0444087948725962,-1.2206403488473498,-1.7861555612610773,-1.7861555612610773,-1.7861555612610773
601225.SS,-0.6073242675973421,-1.0391742630594143,-1.4072094226621872,-1.6480393257412047,-1.8755973552207754,-2.032693711141345,-2.20298618080758,-2.326218468077039,-2.4808223518421597,-2.867341688733633
8TRA.ST,-0.6374841609623769,-1.1090716647983174,-1.551094158532642,-1.9097449826018251,-2.17937220396535,-2.335141699922722,-2.5430480700197045,-2.8145863874635055,-3.030436854828008,-3.030436854828008
IDEA,-1.0979807924540217,-1.117808299776606,-1.1337009325246972,-1.1498851918306885,-1.1626005958568466,-1.1870594802441568,-1.2235163567573726,-1.2456944645512342,-1.2745249305678603,-1.311670180934333
6186.TWO,-0.8168272637674088,-1.2437959790981863,-1.490095622583843,-1.6559222921210233,-1.7853279070068584,-1.8929009664093746,-2.532903247393962,-2.627666128540173,-2.8084943510342493,-3.1197648355855403
2727.TW,-0.7325860686666881,-1.280710355844036,-1.6719473127937456,-1.9786253980696515,-2.2089412192276745,-2.359165190219032,-2.5544635933452375,-2.640769918444497,-2.787138324631589,-3.435783947172106
300033.SZ,-0.4002858138199153,-0.8045495039539938,-1.123600558033442,-1.4176321094582802,-1.6144643883796106,-1.812409933015337,-1.9835971139262711,-2.133241939768629,-2.2153621296131436,-2.4345571360430314
1114.HK,-0.46075799770969156,-0.8046245041608093,-1.1658459315148615,-1.4665275301628276,-1.7032269692658937,-1.9171976100508799,-2.092461127041735,-2.24164110000819,-2.361551524583749,-2.502324931814606
CEMARGOS.CL,-0.9168160317562397,-1.3697297681367895,-1.7129981811599206,-2.000734315009156,-2.2268862965798633,-2.384408070707287,-2.4925626561593917,-2.6178622160400904,-2.7373425178599953,-2.868120336422892
3635.T,-0.6486990705172916,-1.1674773340947786,-1.5681165596359667,-1.8924806733325175,-2.1893497555220893,-2.3795142335029427,-2.5558163829090117,-2.7093472971354684,-2.8900074107988445,-2.9172522888190393
AJP.F,-0.8647686606949531,-1.232195024660784,-1.508611812251028,-1.7060105704767463,-1.9435639888558625,-2.092837798505779,-2.195705023115928,-2.3347417911441393,-2.4330251206462625,-2.6173429181657983
028050.KS,-0.466100016552215,-0.8754965013567091,-1.2594382562250808,-1.56157270438993,-1.8192015346360308,-2.014348667310905,-2.2018589031635916,-2.344253845046311,-2.4614507780397337,-2.639510585761672
603378.SS,-0.35008657432496904,-0.7102929713397902,-1.0697868011086251,-1.3474909138678997,-1.603197266082692,-1.8886327242472942,-2.0645981446801502,-2.15747040104158,-2.29074749435689,-2.6971770920156555
9076.T,-0.7281054901678206,-1.3173821153011702,-1.781913391858362,-2.116134302422711,-2.3796916599009266,-2.588975896505103,-2.7602502556431543,-2.9470004139115633,-3.2196457204180913,-3.4133284188440216
4182.T,-0.5823416378720858,-1.065876993331547,-1.4916869945353208,-1.880428350958706,-2.1573157951862116,-2.3821538708312135,-2.527907150147007,-2.6198403840643336,-2.762432937593995,-2.862185531718009
2354.T,-0.5990018360469104,-1.0563679537405029,-1.3851047354952022,-1.6758834954155617,-1.9535214106096894,-2.101455653254062,-2.2690709556173467,-2.3660969540954646,-2.5023561279097084,-2.6058518010381437
035250.KS,-0.6357269581763213,-1.1550944940225618,-1.5859494033813073,-1.9650247367820461,-2.2591084866194495,-2.4262794680981026,-2.6013650479378727,-2.7878494553299253,-2.9071125188339044,-2.936798066584637
6742.KL,-0.9080340290134886,-1.5060242397255208,-1.8649918557594896,-2.201437104800763,-2.477331793184003,-2.6930487834665393,-2.878016111099928,-2.930315670545396,-3.068017401514884,-3.068017401514884
IRFC.NS,-0.721051598861757,-1.253542881489126,-1.6605659301883884,-1.9666751573388597,-2.11471235298964,-2.3322361943045347,-2.480345513603023,-2.6435796817796726,-2.6435796817796726,-2.812090368128205
SI,-0.2485119597080948,-0.4739802112745899,-0.7893515892981577,-1.0384396448044204,-1.2151757549426647,-1.4411839896187157,-1.7818950056928644,-2.081554538635732,-2.081554538635732,-2.081554538635732
5393.T,-0.6535582674958574,-1.1870706774911943,-1.6169549048418268,-1.9380007181442633,-2.212193279536369,-2.366258867122258,-2.479524105358939,-2.612645741149514,-2.6511500542349125,-2.7788698763400363
314140.KQ,-0.4215317467515538,-0.8929960341167715,-1.3227165783464574,-1.6546774198787728,-1.979687149085079,-2.2394657390005497,-2.37418072199293,-2.430563193522056,-2.4959278795630615,-2.4959278795630615
5938.T,-0.6436323094418939,-1.1797803211763307,-1.5964864247837034,-1.9594838215494186,-2.212193279536369,-2.438211198557903,-2.588975896505103,-2.7425410613118277,-2.8413556163565135,-2.917402435316276
8410.T,-0.803241857656963,-1.4590866472288389,-1.920112664730369,-2.388563112788015,-2.6436838047183824,-2.7681162373244352,-2.9122891271858773,-3.015827713940165,-3.474106441015255,-3.574106441015255
WHLR,-0.2774313347140467,-0.5575604213540788,-0.7719680114799051,-0.9539616370973732,-1.1134038770770591,-1.259245143226179,-1.355668684476248,-1.4622237588380735,-1.5622986848170883,-1.6656326596127755
EREGL.IS,-0.6073233223573282,-1.0735368748623513,-1.4373940425634764,-1.71987841184209,-1.9651754064743607,-2.162157208985774,-2.332070746461916,-2.491310813856489,-2.5973746732074425,-2.713051888472723
CDSL.NS,-0.5957671400788241,-1.1881079705819544,-1.5969979701449062,-1.8816324910931077,-2.231237529593616,-2.5603634772188837,-2.713682409144065,-2.7643620333640473,-2.823323974177503,-2.983286298656698
2385.HK,-0.6735698994882872,-1.0631381668923017,-1.362312085419808,-1.6198562586382699,-1.795873613131225,-2.0810765422715853,-2.266974019540698,-2.4563640968809506,-2.4563640968809506,-2.521188844667835
3221.TWO,-0.5519312235755091,-1.0134197106737215,-1.3703161452865011,-1.642663915132234,-1.866360466767683,-2.074757128201158,-2.4126480494878497,-2.547180374236617,-2.610168111929855,-3.2035454614831407
2212.T,-0.7620784969376746,-1.354686667842555,-1.8269708304377474,-2.1595982206443236,-2.422788443635464,-2.6649076576145023,-2.819283975789497,-2.917402435316276,-2.9794296900453126,-3.015331861783296
RVNL,-0.18621937930523477,-0.3487556955170447,-0.5540487914423362,-0.7668313098951857,-0.9301899831968254,-1.178402042999719,-1.3012239250892597,-1.447605998054062,-1.582057854709355,-1.6339339161209507
9008.KL,-0.5137101313376703,-0.8782923418616033,-1.1739131401537979,-1.4596284730006932,-1.6593514337022401,-1.8442659432446071,-2.0576482783468397,-2.2489905699629973,-2.362891548714669,-2.481146936028255
1193.HK,-0.4999691867207702,-1.0091489070378261,-1.4094245215247587,-1.73408374173227,-1.97965831555527,-2.1533609435336567,-2.308564821418786,-2.469019405772479,-2.6232443817954385,-2.7077455601609093
9688.HK,-0.24894209524564415,-0.5301971711335615,-0.8235123126541531,-1.0661016164836776,-1.2957940758089048,-1.501884520578073,-1.7389512196084562,-1.925398152451039,-1.9774780778040915,-2.0840930646765075
3311.TW,-0.6533143274170857,-1.1283065129077015,-1.4827685752177713,-1.7100140490255402,-1.943244431464027,-2.0761944027962906,-2.6154117789080793,-2.694221379798162,-2.7944590027828107,-3.177534075906925
1585.T,-1.1219004674623525,-1.6422939489821178,-1.9926818479586317,-2.2496542869484255,-2.443383547531233,-2.514954877802532,-2.5785833989594185,-2.7503931012109124,-2.7503931012109124,-2.831734334218075
051900.KS,-0.5764137526920187,-1.0585737838737457,-1.4690690862789224,-1.8414715182927084,-2.085819570399379,-2.330200546553699,-2.5215886898209163,-2.6754052193833706,-2.9138783254941196,-3.0119050076137093
7276.T,-0.608892251178119,-1.0923777594699258,-1.5142853859739103,-1.816403366486756,-2.066030437777488,-2.3048031060157443,-2.5255595615983504,-2.588975896505103,-2.7602502556431543,-2.917402435316276
9504.T,-0.8863644943316725,-1.5142853859739103,-1.9486298574474377,-2.2612369967446955,-2.535442166172229,-2.6791889385317185,-2.819283975789497,-2.9794296900453126,-3.15511221231473,-3.4133284188440216
7459.T,-0.7772204514625409,-1.3689171043033175,-1.8421169437268903,-2.1851404573160234,-2.3796916599009266,-2.5255595615983504,-2.6649076576145023,-2.7788698763400363,-2.9470004139115633,-3.015331861783296
2784.T,-0.7132748845970506,-1.2947821382617575,-1.6803312050646648,-2.0658903014587966,-2.318532101205977,-2.488930172370104,-2.5895692373873898,-2.6871152884239646,-2.7474533072977296,-2.819837008064275
180640.KS,-0.4595100931426142,-0.889538193209742,-1.259731201016426,-1.5349644300235503,-1.7683664108494794,-1.9561451441970121,-2.113978629748744,-2.2379543959198163,-2.4259784794809582,-2.5549389011666577
GP,-0.0672926435227738,-0.3270022679007543,-0.6045853465832371,-0.8400253240698352,-1.0470381848293497,-1.2531967067929204,-1.4699336244993808,-1.6104367939763502,-1.7654017218669469,-1.8836486347456824
BANB.SW,-0.7020401205381351,-1.2106583802314475,-1.6009979776705878,-1.93721321965945,-2.174168663343868,-2.421603402710625,-2.5865041359050034,-2.7613268344903514,-2.883022172556776,-3.118473258775813
IGO.AX,-0.426217836116754,-0.7931268470869639,-1.1311285608700943,-1.4325807742561152,-1.693988227553755,-1.955281858487335,-2.146415846278261,-2.4070031563017795,-2.537637619313488,-2.657258860393309
VFQS.QA,-1.0206439807798473,-1.6165590068558764,-1.9819205998581004,-2.2572252807097803,-2.5272145062211577,-2.5759157384667817,-2.6316203830829585,-2.7478633486453696,-2.8071142892806003,-3.1747560672295423
UNTR.JK,-0.5233973783908681,-0.9757058025526568,-1.323896010874577,-1.6167564680974364,-1.9075131437900072,-2.1284279537966087,-2.338783251027287,-2.475079635501727,-2.5707087375881064,-2.9210319138262855
ECGF.MU,-1.0629122057122538,-1.4591892700920708,-1.7589914824491795,-2.0088015714679086,-2.227829058663271,-2.409905657442587,-2.5996042455680723,-2.7305723868685594,-2.819016731801869,-2.9372138233144875
600887.SS,-0.6672829113878063,-1.1633950407894127,-1.5173320137030675,-1.8157004017350828,-2.058594772771002,-2.2728533393736043,-2.426317532460657,-2.5460505299041247,-2.6613802730072194,-2.9887124650439425
600409.SS,-0.5495116752103273,-0.9576842902888237,-1.2705895520986958,-1.559931678059944,-1.756854553520655,-1.9479468011318137,-2.086465826941624,-2.1938594027007556,-2.3014678594577234,-2.739350282792859
KBANK-R.BK,-1.8022256757840558,-2.048230053274959,-2.30884926484164,-2.591170125063513,-2.806374130965881,-2.9074559241250046,-3.117825168173119,-3.2016495330373713,-3.3166752895626166,-3.3166752895626166
EC,-0.5656589274417971,-1.030877437338149,-1.3717089587039604,-1.6803207890408798,-1.91741602468908,-2.1477775345675667,-2.297080741487024,-2.4392931065114833,-2.5415245336622787,-2.6598352095840174
3900.T,-0.3368587729321522,-0.6936901231354263,-1.0480050138863513,-1.3874006794884388,-1.6381230270332547,-1.8630582032929826,-1.9927439418751296,-2.158877627042377,-2.3157283036786716,-2.439807820012782
HLUNBC.XC,-1.6770065415621007,-1.8637216617653265,-2.052829804430352,-2.154762796974245,-2.3255130406812268,-2.4183703442305795,-2.4183703442305795,-2.4739449404891523,-2.538406436771406,-2.8440544876833966
MBTN.SW,-0.32056128441200343,-0.6427294518828376,-0.9383914129577643,-1.2127406946545627,-1.4414457813710189,-1.5986049477971118,-1.7227749764564304,-1.8204351999470554,-1.9030363405327666,-2.001125648343431
UNOMINDA.BO,-0.4700912544365353,-0.8921655585311115,-1.2453162828091218,-1.52704466418444,-1.8965393426479562,-2.1018588162474328,-2.2721105589657746,-2.4875076273672123,-2.670796155337997,-2.895663456252474
3386.T,-0.6752771479138853,-1.1054575542091694,-1.3980526464556409,-1.6662813255218505,-1.8436158566032934,-1.9878516733414846,-2.110435138020373,-2.2568986465391347,-2.4086964897207648,-2.467443621121068
000725.SZ,-0.6030750861707834,-1.0381069355141033,-1.3693490627552354,-1.6078764150023903,-1.8612912799095667,-2.0677719927994236,-2.167268000812388,-2.2723243594182128,-2.403379617119535,-2.7215464234126796
GEKTERNA.AT,-0.5451962864850632,-0.9723111163265511,-1.3030271026651712,-1.579333430000538,-1.8417697537093052,-2.015276502387965,-2.180094504655888,-2.286200440109843,-2.4195598041023287,-2.630282931034469
1833.SR,-0.6197337818882956,-1.2507556995304572,-1.7768644106405147,-2.1507484113299697,-2.347544063155949,-2.494923601640214,-2.731785559648024,-2.731785559648024,-2.731785559648024,-3.052746366013902
002027.SZ,-0.48864134169867707,-0.8980366154165115,-1.2482603465938067,-1.5168532107394739,-1.7805813287747951,-1.946081183111621,-2.1017217318350365,-2.2742105832819615,-2.463156027890178,-2.834435969867395
CXSE3.SA,-0.7491494661201361,-1.2708918582365318,-1.7284693605734749,-1.9205020017675507,-2.5125473647737744,-2.926802979495999,-3.1360622107035776,-3.2360622107035777,-3.2360622107035777,-3.2360622107035777
7725.T,-0.31523840872405157,-0.6714475155942019,-0.9689289396548815,-1.2299664264686052,-1.4361216029145687,-1.6263700048057532,-1.775554036290483,-1.943668132702221,-2.0741593281117936,-2.2242886142369547
3048.T,-0.682638376976412,-1.1917064404116826,-1.555804110351392,-1.8329009565685082,-2.060191414951705,-2.243652865550991,-2.4057468355632734,-2.598585317190324,-2.6771948469743805,-2.758304760756776
601127.SS,-0.4710309450459642,-0.8471816605812655,-1.1250462022475538,-1.4005590024522128,-1.6528536325170067,-1.865420262142638,-1.989991339230824,-2.1562870260447315,-2.2829530851393476,-2.593844490334908
3105.TWO,-0.49021555662484934,-0.9004710670807576,-1.220298939740427,-1.5194949782705038,-1.7034976848540349,-1.9029806256765323,-2.1092346709389687,-2.259296310735738,-2.364709110421704,-3.1303104489144395
GARAN.IS,-0.5213525321983231,-0.9428501113552633,-1.3052193067390812,-1.624625293789763,-1.8920460275480153,-2.0996734602891127,-2.2729315857493115,-2.414482595965979,-2.5085957242228307,-2.698288692197054
RLX,-0.2675445479367027,-0.6087757221072472,-0.8199610264541758,-1.0374699179514777,-1.2334945619686912,-1.4290875687731333,-1.5720367482422437,-1.7384837902890102,-1.9208517306968242,-2.103446800300545
IRCTC.BO,-0.7514771926746915,-1.2429966004659492,-1.6091541863467476,-1.8555856704793214,-2.2471984169245633,-2.3626158667891746,-2.4192133281017005,-2.484818151673883,-2.6615985253770167,-2.7953281955062903
ADN1.DE,-0.5794020045448769,-0.9096196180263626,-1.1794125468259105,-1.403876379291468,-1.580213641418673,-1.7330285048194694,-1.8733876768751376,-1.9954749060346875,-2.1124644157814374,-2.243956527698202
6436.T,-0.705745302794688,-1.2566285382657765,-1.6811579865549224,-2.0331800743374675,-2.328338961823439,-2.625052338179387,-2.8413556163565135,-2.9470004139115633,-3.2196457204180913,-3.301230301013023
FLT.V,-0.16932902291195828,-0.5465886702023731,-0.8862218197158235,-1.220932563842842,-1.4451834118876683,-1.7079296198838831,-1.8752599365348064,-1.9970777914031796,-2.198852019688162,-2.388175130832271
ABCAPITAL.BO,-0.5572017170752884,-1.0430109282219466,-1.4731581600071681,-1.8518554731633827,-2.1091168378238154,-2.3193058759133156,-2.522728325558036,-2.6621979151470287,-2.816697930781681,-3.0991441851335395
4200.SR,-0.8207920883323805,-1.395016157994257,-1.7787901207458845,-2.0601745766862463,-2.2829603863255428,-2.528178532409093,-2.6530810428773046,-2.748763460753193,-2.807998566865305,-3.0911218398882405
BHARTIHEXA.NS,-0.5157047936930386,-1.0399388782394743,-1.5305763685043432,-1.9114711882874964,-2.136557092843729,-2.3524934409493308,-2.8295051710951467,-2.8295051710951467,-2.8295051710951467,-2.8295051710951467
DS5.F,-1.3404537246934105,-1.8525436352464593,-2.1874285192923835,-2.5006077147661987,-2.720147233675713,-3.2148653796725086,-3.2148653796725086,-3.408785126561823,-3.408785126561823,-3.408785126561823
000783.SZ,-0.6108136477529772,-1.0764812942999655,-1.3946784027951966,-1.6826061422009628,-1.8871216238422388,-2.0618524065183217,-2.1799563083030753,-2.2576278379117505,-2.370934176876622,-2.851016072692428
377480.KQ,-0.20362645478033953,-0.5192510876783996,-0.8162754198753535,-1.1194500074259472,-1.3808318199450476,-1.6467881707750847,-1.8009348617541516,-2.0553973894219735,-2.198852019688162,-2.367095894365396
002010.SZ,-0.6056791582738305,-1.0275762100037156,-1.3547872671599104,-1.6406238385408647,-1.9054724100512925,-2.0385776630150225,-2.1543298585121424,-2.3091289020100576,-2.426946665506822,-2.8103600475573685
BERGEPAINT.BO,-0.670740721496063,-1.1640086612670235,-1.5904035005538797,-1.9278722561898047,-2.2191906469062075,-2.469116459239023,-2.6267934841596436,-2.9598044360474915,-3.1671947709493873,-3.424616079155089
6728.T,-0.4609631844950343,-0.8769911646459915,-1.2597935226918586,-1.5521536419329507,-1.8119588568228981,-2.0477878714429596,-2.2143362173843975,-2.3531516414832403,-2.4630744655652848,-2.6145228002836554
1066.HK,-0.5714824503861103,-0.9772251632688379,-1.3128775355555582,-1.6935352124592564,-1.9860449943321326,-2.1652996224694063,-2.3626501807876448,-2.495153618093442,-2.6023939235819826,-2.7729815526154966
DALBHARAT.BO,-0.6315977310332849,-1.1392274603152526,-1.6218348714406075,-1.9841867683930283,-2.254041642171548,-2.405982614630748,-2.563285873759476,-2.7611189812690964,-2.833211050669355,-2.9239483232234686
PETKM.IS,-0.629857412163988,-1.0892115515573577,-1.4459835414461628,-1.7385087360095741,-2.0204827917634094,-2.154357826597419,-2.315125577902549,-2.4215483391474013,-2.5360172465557613,-2.7788872482342897
BRAV3.SA,-0.41361387704266206,-0.8228088455209885,-1.1896295212822157,-1.451070092418789,-1.6924812377982927,-1.9216897422343124,-2.24170438964481,-2.497982328618372,-2.5983358745044374,-2.7346258876913487
BBAJIOO.MX,-0.6799758987880603,-1.1928027426424332,-1.60881585694442,-1.9833191958948606,-2.2550541450221426,-2.4592925223306437,-2.568674947184618,-2.6374713448511757,-2.83099316749525,-2.9906084173159235
TITC.AT,-0.7811261641482043,-1.4054077535033225,-1.8370086420263874,-2.067088703244562,-2.261389223075168,-2.4979269770507924,-2.67399685562349,-2.7345744851216525,-2.8986560427807997,-3.0235304943957986
4680.T,-0.4523025335033735,-0.8545635878040767,-1.2164230077891578,-1.5263331096298232,-1.7812300596595332,-1.998655456477678,-2.2140283784550845,-2.390688439315851,-2.536045669862019,-2.6352146787029787
600875.SS,-0.5439743207287145,-0.9691880708859288,-1.339079642249991,-1.6157523852893754,-1.8513131621951846,-2.0302155848833867,-2.1514628033795837,-2.2477609102370133,-2.3841070222914844,-2.7701462449809586
326030.KS,-0.46222927183560575,-0.9723820185134809,-1.466789839884805,-1.7499977941268106,-2.0092522811612112,-2.2859840296496383,-2.4742100627092505,-2.677454280322105,-2.8442909309036435,-2.8442909309036435
3323.T,-0.2746285270336563,-0.7087615175050304,-1.0199547822174624,-1.280698709358373,-1.512966054819685,-1.6672240538764789,-1.8094209983593508,-1.93664120407103,-2.0609153203275326,-2.1909727751745947
7564.T,-0.9208861995843338,-1.2565831008566133,-1.5201009916027108,-1.7663457986304367,-1.9324452334624649,-2.0929005382234194,-2.1798133665893324,-2.2665612915507523,-2.3682822174875033,-2.460732969480347
OBK.F,-1.7251133770389844,-2.2949244993050604,-2.2949244993050604,-2.2949244993050604,-2.2949244993050604,-2.2949244993050604,-2.2949244993050604,-2.2949244993050604,-2.2949244993050604,-2.2949244993050604
7180.T,-0.6321086022956146,-1.1772061803016562,-1.6087083611602182,-1.9961058081472853,-2.315494109203963,-2.4929617232712724,-2.6232543721296295,-2.7736951083879053,-2.9510396533966903,-3.0387908566690562
601869.SS,-0.47236446110609487,-0.919607745292099,-1.2975429286165536,-1.5594543172152409,-1.8264814178622413,-2.0098747721953893,-2.200410581210038,-2.347716564339954,-2.505662498078001,-2.7729212946086674
ATGL,-0.07379127380827268,-0.24194403388010158,-0.37244866887093536,-0.5574706855220314,-0.7215222839823433,-0.8735691346150878,-1.0491313979639711,-1.1683960219688132,-1.3071067162883867,-1.4907413635770799
CRISIL.NS,-0.7500511890096535,-1.308018273525987,-1.719551829174008,-2.032798765958086,-2.3700246518900245,-2.5554936885546558,-2.7393006778304607,-2.9958905826640403,-3.136413503829628,-3.39586876707391
PGCMF,-1.7899503615270893,-1.8763585618946,-1.979584557927069,-2.0687719359569186,-2.1542406573777755,-2.2591329705498477,-2.334112388602797,-2.3836669379792936,-2.4250907431156477,-2.48773825504846
SIM,-0.6084388258095046,-0.9229797854875976,-1.2042957156741787,-1.4789076071559184,-1.6705240708591558,-1.8359097548658103,-1.9909144888764019,-2.092464294014752,-2.2354755556681742,-2.38394845534244
000685.SZ,-0.6551463369902248,-1.0848758313020639,-1.410325542447845,-1.674625249140414,-1.8711596391646883,-2.012167011774206,-2.175776396685611,-2.278047706256592,-2.4189775130897,-2.7356520896770555
FROTO.IS,-0.6027625453630571,-1.0647928156825528,-1.423658147693903,-1.7182140718406578,-1.944641160006038,-2.135413208287673,-2.283104009911475,-2.4075353774057136,-2.5758293035489053,-2.7788872482342897
601608.SS,-0.7126777896597862,-1.1723061753288686,-1.5336554709692254,-1.7726345126994936,-1.970115412214737,-2.032414736066797,-2.132607070318585,-2.2317241349232204,-2.3124901664170308,-2.5630622877435076
600195.SS,-0.5457846037053188,-0.9779614611939261,-1.3017668215552534,-1.6100222632257732,-1.8666854606957437,-2.009221782159749,-2.188432235957881,-2.333710327708606,-2.4414022075752033,-2.7701462449809586
GICRE.NS,-0.5236904957945512,-1.046546816088507,-1.4461035929181751,-1.7227249754415936,-1.9568052434812346,-2.2021555739529797,-2.312670888855813,-2.461722495379643,-2.580121944350193,-2.8110330303178577
271560.KS,-0.631545115783972,-1.1151059846709204,-1.5333869229749728,-1.8620909287868481,-2.1472095738354904,-2.40056542697955,-2.6249430668057543,-2.9793313658768024,-3.1014345209791703,-3.1014345209791703
GBK.KW,-0.9587552876581273,-1.6774905187885107,-1.9779274371159574,-2.2203409661787226,-2.435614837289482,-2.586033909287108,-2.631729553805198,-2.683685655228224,-2.6978849469713726,-2.7126499592093842
4202.T,-0.6318041823734319,-1.1496676975566973,-1.5656121865579342,-1.9199101917630204,-2.167955917068142,-2.430427561149321,-2.6378766518051826,-2.8413556163565135,-2.9470004139115633,-3.0555996608226104
601238.SS,-0.5614272912363998,-1.0869031975237051,-1.5029397629005212,-1.8041050423699243,-2.046632359838185,-2.267834139208817,-2.419086372065537,-2.463358715604913,-2.63643533891375,-3.036455275621368
600028.SS,-0.7970314670870351,-1.3113279066734567,-1.696030206042164,-1.9808937000586346,-2.2168819654591974,-2.3871975975077535,-2.564932968709603,-2.6817613428112805,-2.8532421439882394,-3.044557816230822
4FU.F,-0.5731088624207245,-1.0078322585289137,-1.3952187698239902,-1.7043285858710664,-1.953301857858944,-2.175574319463966,-2.4215152965245546,-2.5015596691604327,-2.654237978758391,-2.7379482572193763
8111.T,-0.5438344052385898,-0.9979454900335334,-1.3456814777584294,-1.6521305439503469,-1.8760752020176867,-2.112375443001693,-2.28795363397524,-2.4152881472288463,-2.612645741149514,-2.7256523369447065
8464.TW,-0.9376655959139149,-1.3404764436028807,-1.6649255914045045,-1.9697347489840924,-2.2093641676589155,-2.434021049619288,-2.6652851060249807,-2.754268270633689,-2.9095141930245387,-3.6074115870809855
OFSS.BO,-0.6934453738997703,-1.2433244714168719,-1.6275272262536131,-1.9130195163302433,-2.1733529651243804,-2.377258491765247,-2.493364173562599,-2.6577707878143264,-2.7778518424543397,-2.959841316591785
JOYY,-0.42489536840470155,-0.7921587412005474,-1.117276193606288,-1.4107248840391886,-1.6562828913779557,-1.8848656184469872,-2.0289552842642125,-2.157879321073493,-2.2931732148507358,-2.387029289720987
900948.SS,-0.7083066250818175,-1.1273112798130416,-1.4606026682544233,-1.7122627990204338,-1.9156586393188149,-2.1099366459637565,-2.2626449064378433,-2.390851755329348,-2.4651262552064446,-2.851016072692428
POONAWALLA.BO,-0.45181884700468233,-0.8491961292427613,-1.1605113550761663,-1.448122846183015,-1.811442247745518,-2.000836053428873,-2.1839151033806137,-2.334428383319537,-2.5081810429446856,-2.659343010610889
601998.SS,-0.7621661958107433,-1.2971340256510697,-1.6473130028001561,-1.9117350090819334,-2.13725087758492,-2.282630816360436,-2.478134581098752,-2.6947662001753128,-2.8173206650290905,-3.2114404966228434
8088.TWO,-0.47873565551944586,-0.9141586576736437,-1.2687650134998714,-1.5494775327836003,-1.7245123876414936,-1.8696066471189063,-2.4126480494878497,-2.5191244734984184,-2.627666128540173,-3.5074115870809854
BIL,-3.622534278653203,-3.622534278653203,-3.622534278653203,-3.622534278653203,-3.622534278653203,-3.622534278653203,-3.622534278653203,-3.622534278653203,-3.622534278653203,-3.622534278653203
QEWS.QA,-1.0604767363166903,-1.768479628987085,-2.190432615589012,-2.397755411876451,-2.5759157384667817,-2.7478633486453696,-2.920105842754803,-3.0234170769843067,-3.1747560672295423,-3.290597057789942
9045.T,-0.8409013076366124,-1.5275958884939074,-2.054582422848387,-2.4343307612585376,-2.6847658019147613,-2.908727329444563,-2.9453585129204605,-3.087846024365886,-3.2365884252832293,-3.3505709013014844
9831.T,-0.6681891802805956,-1.15641355803013,-1.5504760927959933,-1.87120832095728,-2.1312832930577668,-2.353060933092832,-2.566506391779922,-2.7787134834028384,-2.9792821909250415,-3.015185855266296
5483.TWO,-0.5127234319829468,-0.9438449850878194,-1.2599363963454775,-1.5608801307438447,-1.7295516702600364,-1.8963138795633607,-2.4683260619531606,-2.5934345465507627,-2.7299266623463105,-3.318514149036046
2105.HK,-0.0874574048513134,-0.32024258844249015,-0.52953501684857,-0.7490803927901406,-0.966340989245363,-1.1127815317401042,-1.2880431121143194,-1.4312796596686472,-1.5688037297102768,-1.76362114026725
2492.T,-0.43919575835405955,-0.8255616310187597,-1.1662737767950484,-1.4727388801205294,-1.7312724359380163,-1.9364872964771416,-2.091729734107554,-2.293942580508767,-2.4106015634543385,-2.52001085456195
600219.SS,-0.6254539671832149,-1.109086203316001,-1.4628736860247162,-1.7294118617663872,-1.9432626172845398,-2.099218256580632,-2.2381080814540932,-2.3396927303649786,-2.4733522461586737,-2.7887108508395597
SIIGF,-2.6587489900810732,-2.6587489900810732,-2.6587489900810732,-2.6587489900810732,-2.6587489900810732,-2.6587489900810732,-2.6587489900810732,-2.6587489900810732,-2.6587489900810732,-2.6587489900810732
REHN.SW,-0.7824683241385217,-1.3790517855037583,-1.8178248379164523,-2.1989878270164382,-2.5455974517767,-2.657220556118491,-2.9351994688667116,-3.07271465624846,-3.3172473615524583,-3.612695650884223
TAVHL.IS,-0.5865095994109475,-1.0442762108631254,-1.422775228636781,-1.6920014594032116,-1.992122526680134,-2.1895126153279096,-2.361281092220048,-2.5244058634335165,-2.6405095606064655,-2.8091734800363706
9687.T,-0.854566594699378,-1.3167465387654573,-1.6383173296141638,-1.8825169131939388,-2.0793551491858158,-2.2469109651040164,-2.381292600535688,-2.5027613986441968,-2.5701190004651187,-2.7075800479093495
002493.SZ,-1.0493174804848788,-1.5033411583543266,-1.8683190503591316,-2.181965466411566,-2.522728325558036,-2.6223088508391523,-2.791886418613703,-2.829784748035156,-2.9769612371399967,-3.130224949132702
900912.SS,-0.8663404283617455,-1.3072482759458826,-1.569977983209723,-1.7957820733187142,-2.006293878850611,-2.175776396685611,-2.327810298555369,-2.4189775130897,-2.5561529859702103,-2.9887124650439425
9989.HK,-0.5850434245597832,-1.0803193408149563,-1.4201790692709682,-1.709235111624221,-2.0098747721953893,-2.340474389458442,-2.4368746273009965,-2.6162982036439653,-2.7518522008907933,-2.7518522008907933
2433.T,-0.6836732224591692,-1.243369851027307,-1.7016097463080946,-2.0269381784537654,-2.3231578356656297,-2.4892686282449463,-2.6976941017939176,-2.8878396231365855,-2.998257311637967,-3.0449247200777276
BDL,-0.7886082103791991,-1.1870594802441568,-1.5033763973739138,-1.7393698948328384,-1.9356279101963152,-2.1243093055038123,-2.269381363370994,-2.4633754018317098,-2.5521838702359307,-2.6413291991609484
6505.T,-0.5443007106527038,-0.9920079512296188,-1.3617674155324344,-1.696219194523892,-1.956748662737261,-2.1721922106132956,-2.328338961823439,-2.5255595615983504,-2.6511500542349125,-2.7602502556431543
002352.SZ,-0.5630122044511147,-1.0590823232752764,-1.4369290634365763,-1.7169512152905002,-1.9491119969398922,-2.13023722608317,-2.3037261449138207,-2.485141003518336,-2.5303151553332897,-2.908988357883103
ISBIR.IS,-0.46314430540901286,-0.7746272466134433,-1.0456009426386101,-1.266606456028545,-1.4632108255704666,-1.653716817589905,-1.7916284530127609,-1.9401178641361665,-2.055102696069802,-2.2799219534917787
NSLNISP.NS,-0.5796555968571646,-1.0622205049057667,-1.4924041783203588,-1.845452436089202,-2.08882850094487,-2.280148710827701,-2.4540866617650883,-2.5332995363337996,-2.5332995363337996,-2.5332995363337996
9910.TW,-0.7288386175130794,-1.2416575611385026,-1.6039463961231244,-1.9313782454726123,-2.139039957408008,-2.324901643651498,-2.7221185697217574,-2.8107846651020547,-2.9292615970168345,-3.607736195621635
600886.SS,-0.7249503501594567,-1.2396705444604113,-1.591755338940655,-1.9230425354667178,-2.1209030602536503,-2.2940107151244007,-2.457063764499701,-2.6481489709936303,-2.808289394661673,-2.9887124650439425
000157.SZ,-0.6279226005212581,-1.1097270040082388,-1.4669195456758755,-1.7560829107179063,-1.9642442978948027,-2.1307672059320417,-2.304135412943273,-2.453601489864057,-2.6244508650197838,-2.946454167318301
9364.T,-0.7941954410945158,-1.4243685812370703,-1.9073629149489901,-2.2311707316533314,-2.5666733501349803,-2.7602502556431543,-2.890158748455564,-3.015331861783296,-3.2196457204180913,-3.301230301013023
PREMIERENE.BO,-0.4142668635342554,-0.7850360498768919,-1.1895222157453644,-1.5295581861421368,-1.9264031529639867,-2.096520582427633,-2.365247646681527,-2.7474533072977296,-2.7474533072977296,-2.7474533072977296
051915.KS,-0.5388736553694103,-0.9782698394477183,-1.3964720265834027,-1.744416563022535,-2.093000485184995,-2.35798822019204,-2.5368858400288734,-2.748240089612457,-2.7948282039397907,-2.989309714761565
601988.SS,-1.0330926920269967,-1.5959413073006468,-1.9235786203772007,-2.193684221441443,-2.3895175292431823,-2.5716227910207645,-2.7530281675337354,-2.894645726119513,-3.0196609677488335,-3.3381026070362387
E5F.SG,-0.4972198716636911,-0.8465314103529235,-1.1467125819281494,-1.4185008723953727,-1.6097187302035088,-1.7538788299518897,-1.9722128787328905,-2.189237337476657,-2.337097325902942,-2.435739349454176
TRUE-R.BK,-1.2599218290619085,-1.6243353403231708,-1.9108513635949615,-2.1458694239252925,-2.30884926484164,-2.4427639355499466,-2.591170125063513,-2.7049164705582562,-2.727755797381981,-2.752113336236633
128940.KS,-0.5190243822484254,-0.9878482009999175,-1.416585087480909,-1.7114266946403245,-1.9546909209673415,-2.1556636391786266,-2.2969999704301878,-2.508409485201916,-2.679100675074447,-2.7588701216180103
5344.T,-0.5597561802367061,-1.022056052138499,-1.397172768092864,-1.7013261596495337,-1.9540280646774963,-2.1984657690449767,-2.4709184026956827,-2.600628712169549,-2.7602502556431543,-2.890158748455564
YF8.SI,-0.49413318734821327,-1.265679904789997,-1.7137204102682717,-1.9259344907667186,-2.2265998952400694,-2.336205774827805,-2.4287370866922844,-2.6252707646149953,-2.6252707646149953,-2.7217611060365714
MRDIYT-R.BK,-0.34285530539032694,-1.0522542255562293,-1.4525761808120046,-1.9705053031703335,-1.9705053031703335,-1.9705053031703335,-1.9705053031703335,-2.0705053031703335,-2.0705053031703335,-2.0705053031703335
334970.KQ,-0.29884917077561163,-0.6711571214555621,-1.0767441741417196,-1.3625385403689105,-1.6870015525016084,-1.8373532685905465,-2.0640168863931,-2.2611666441467584,-2.3522569246675857,-2.468427268048588
CMPC.SN,-0.768918211017755,-1.3144109152211598,-1.850638482047172,-2.256408713945138,-2.5958619018121922,-2.777456447844667,-3.031311205141448,-3.2347551882652072,-3.2347551882652072,-3.427692142763783
7211.SR,-0.4988484124447123,-1.2064545425780029,-1.8449786087129085,-1.9705053031703335,-2.1379558682828854,-2.403023047321943,-2.503023047321943,-2.503023047321943,-2.503023047321943,-2.503023047321943
195870.KS,-0.4162142696149073,-0.8355049227538313,-1.1980404048991313,-1.5872927701591735,-1.855538874185166,-2.1263227522586665,-2.383103176967856,-2.537686222494371,-2.7032284699472093,-2.9260029880452696
TFGL,-1.7088509664318041,-1.7119450043975497,-1.7213268051287687,-1.7308626077664249,-1.7471144017928228,-1.757091408896953,-1.763841197283906,-1.7775870750733929,-1.7845878875410908,-1.788121347065083
417A.T,-0.7647096737863872,-1.4093552181185076,-1.8557299227201105,-2.1475938835560475,-2.2475938835560476,-2.2475938835560476,-2.2475938835560476,-2.2475938835560476,-2.2475938835560476,-2.2475938835560476
131890.KS,-1.0745033901899412,-1.82420331163493,-2.241197187699932,-2.5906472250852515,-2.9005246091515007,-3.0716499774224486,-3.0716499774224486,-3.2729279785566985,-3.4640043130088807,-3.4640043130088807
3397.T,-0.6015143657991205,-1.073278748179676,-1.4557760251170173,-1.752585768619086,-1.9176269938293515,-2.092837798505779,-2.275424278874009,-2.4198702242221093,-2.528955744313503,-2.6803535708374286
PIRAMALFIN.NS,-0.6544522007320038,-1.426076872272847,-1.9491119969398922,-1.9491119969398922,-1.9491119969398922,-1.9491119969398922,-2.0491119969398923,-2.0491119969398923,-2.0491119969398923,-2.0491119969398923
300015.SZ,-0.5236688200437508,-0.9838468098631409,-1.3625385403689105,-1.6739135911443026,-1.931387785733933,-2.169754547999972,-2.359073824987544,-2.4639779082096562,-2.625530746904661,-2.8725879942332617
601881.SS,-0.5497534666087864,-1.1008366859350758,-1.5289885554225107,-1.8176056728858967,-2.087240951189039,-2.243186466778472,-2.416553982180664,-2.6398231151653135,-2.679497658691776,-3.114380196901221
KALYANKJIL.NS,-0.5366268064107429,-1.0042580725018169,-1.4306087689606293,-1.7144796138928673,-2.029839254720632,-2.3525722421188875,-2.4687306947556698,-2.632553147907863,-2.8016153629792018,-2.9299807058767886
900290.KQ,-0.5818915750819964,-0.9965780865667422,-1.3590055673730501,-1.6135766715074562,-1.8401340716762866,-2.027143765900896,-2.1228935616299855,-2.2432944649222386,-2.3703785687214403,-2.4994417107899003
200596.SZ,-0.6805018190421654,-1.13917456937208,-1.4966870472025644,-1.7435067503962132,-2.033288876684437,-2.2626449064378433,-2.457063764499701,-2.5994061352633406,-2.7041348539914334,-3.0245209336276653
7030.SR,-0.8690030480285867,-1.4016595030597827,-1.7520761316569116,-2.0153461282813523,-2.1712766114078783,-2.3002211722392505,-2.398761000333827,-2.484835899267635,-2.594546311316661,-2.841758921958166
IPRU.RO,-0.7058612256947401,-1.0851097030328702,-1.4993196095399033,-1.9771255157649636,-2.3834190025616344,-2.7035136270342206,-2.9262699010452207,-2.9262699010452207,-2.9262699010452207,-2.9262699010452207
6060.HK,-0.3129637242251859,-0.6710076481436057,-1.0168867924867726,-1.3523360142958423,-1.6193740145897557,-1.8061108013761118,-2.0018777349994097,-2.2473383055463385,-2.351259206336915,-2.462783532435761
601088.SS,-0.6755547014834241,-1.181869324669688,-1.5216331061880164,-1.8095515534803104,-2.043060401917669,-2.23741300257374,-2.4351655043218425,-2.563094530830621,-2.666348325146926,-2.9519813567283735
600516.SS,-0.5437201048268,-0.9284638976757641,-1.2571769083610047,-1.5134347844888896,-1.7471333855861504,-1.9852901722421432,-2.1260150474629063,-2.2671410795515374,-2.36260662779469,-2.792225352010805
APN.L,-0.8180417759124542,-1.5273795175235876,-1.9893129908833276,-2.713051888472723,-2.713051888472723,-2.713051888472723,-2.813051888472723,-2.813051888472723,-2.813051888472723,-2.813051888472723
CCRIX,-0.8698635079887331,-1.423167860788247,-1.830417719885207,-2.217887558835686,-2.4175590162365097,-2.544689330620463,-2.6600674686174655,-2.7343687865331865,-2.8277595484479976,-2.9072828844443284
002129.SZ,-0.5183391876608457,-0.8715292182633074,-1.2015151038293037,-1.466617226923478,-1.6969307029713718,-1.8477135034064374,-1.9740776772203572,-2.101238301351761,-2.233655990793962,-2.57189569282737
8986.T,-0.8824686734613633,-1.4445112648777505,-1.746355372492396,-1.9639858078227563,-2.1596309730854015,-2.36772108731216,-2.43275608486328,-2.5620435389090317,-2.6741364688537708,-2.757346124059924
196300.KQ,-0.39506788004147625,-0.7367715924395848,-1.0539803975413893,-1.3237515085479148,-1.5825962730818615,-1.8219111483134347,-2.057484549302687,-2.1736726278778153,-2.2111272410853324,-2.384182375273715
238090.KQ,-0.37816269747736875,-0.7754850478776268,-1.1666225518969033,-1.44423612514966,-1.6893600997060352,-1.8359051803287776,-2.0201982103212117,-2.231262942739491,-2.4105336105431534,-2.526991619896627
2377.TW,-0.5609578745669557,-1.00466556416167,-1.3348345527210788,-1.6095764744400896,-1.8314927622215542,-1.9867527149109598,-2.6136708349003945,-2.738202302394129,-2.876945923371268,-3.1127894446433713
DIA,-1.1550983335623677,-1.7697418888982013,-2.2308358870440865,-2.542354039142762,-2.758243671798118,-2.994082558905509,-3.115691259587702,-3.3146523927384957,-3.3146523927384957,-3.426366522732482
601816.SS,-0.9051273507984208,-1.5415483253814917,-2.052321701573367,-2.426984328565991,-2.6394324036163455,-2.7740490990907047,-3.1979499410434813,-3.1979499410434813,-3.1979499410434813,-3.2979499410434814
2196.T,-0.5235880183757992,-0.9734363071963303,-1.3429252710513275,-1.6365667026136808,-1.8762451234350643,-2.053006738604775,-2.200914161383908,-2.3068452754593824,-2.434836113571943,-2.5332095144085716
9006.T,-0.8857689992096275,-1.5257761653743718,-2.0300131153088925,-2.430427561149321,-2.7602502556431543,-3.015331861783296,-3.2196457204180913,-3.4133284188440216,-3.5978384797068235,-3.5978384797068235
8964.T,-0.9606329866012219,-1.5104410099869883,-1.8629986052402119,-2.1592493044817345,-2.3820359356400433,-2.5117912497307837,-2.6871152884239646,-2.877846118927185,-2.877846118927185,-2.910925126622607
GGPS3.SA,-0.5566336210672109,-1.0757227225615085,-1.5562101874868224,-1.9078527058120058,-2.160044423184288,-2.4656834279026842,-2.9273350642034366,-3.2365639189700133,-3.2365639189700133,-3.2365639189700133
TKKYY,-2.684900550058271,-2.684900550058271,-2.8177092034116824,-2.8177092034116824,-2.8177092034116824,-2.8177092034116824,-3.0333711420339267,-3.0333711420339267,-3.0333711420339267,-3.0333711420339267
600436.SS,-0.6280750889968528,-1.117240746938482,-1.5029548830782,-1.7898118539199417,-2.009115493847562,-2.194001605702655,-2.3212845187206956,-2.4929215588176055,-2.547180374236617,-2.9785743511660296
PATANJALI.NS,-0.4500943914331562,-0.8791133271543756,-1.2167365608633078,-1.4597909787650392,-1.8945693517226616,-2.0940232402137484,-2.2691403656193603,-2.4311627296422396,-2.5336593671178265,-2.7214785970052815
600547.SS,-0.5352590188897839,-0.9784518851762546,-1.29224610470569,-1.6097330783858013,-1.8423499579255496,-2.018933304942129,-2.160916962144922,-2.304424421638151,-2.398834013381443,-2.736299200134124
4902.T,-0.5609063692253222,-1.01603686889725,-1.3900616205606346,-1.7290762982224483,-1.9687364427673966,-2.147778425841973,-2.2925647707836463,-2.4607882425139125,-2.626531483332929,-2.7075800479093495
GCB.SG,-0.5759576614156899,-1.070544957902421,-1.4329867492159862,-1.6938378430637642,-1.9715055367648686,-2.1413154572801707,-2.32755956230864,-2.4127854715454946,-2.5382628413524393,-2.597832914532426
603007.SS,-0.43315385745748425,-0.8037926161582164,-1.0973537738640673,-1.3438022378170025,-1.7543819658836,-2.206673746526469,-2.355084009493376,-2.477584367462131,-2.5282323770688038,-2.788761257704516
3132.HK,-0.6560923506303656,-1.0576915729347174,-1.524231145251794,-1.9354004310210577,-2.15231505319245,-2.4643685412760368,-2.5826694108367887,-2.754268270633689,-2.754268270633689,-2.8844027483879673
3396.T,-0.8855841327844995,-1.3690440266415278,-1.6733090273860471,-1.968856273465276,-2.2184348235426086,-2.4399110329165223,-2.6453104597360366,-2.871847390663051,-3.084287970020496,-3.150068843429286
081660.KS,-0.578194726857868,-1.0906213498926653,-1.4914054126683411,-1.8677226067496027,-2.209052095631409,-2.385660494711661,-2.571615104895463,-2.726903123387954,-2.900190832645795,-3.0040831350012627
5991.T,-0.5963543155892514,-1.0692988619579389,-1.4631361422661961,-1.8080931105866567,-2.083329036427976,-2.3223335054454184,-2.4973075183101447,-2.7095070034993918,-2.7985058223902994,-2.864904815398751
688331.SS,-0.23861580462842122,-0.6102946101863327,-0.9851275883347465,-1.240170652789242,-1.5522014256819083,-1.731664396122245,-1.9751986062295557,-2.082676709927072,-2.2215195883378422,-2.291581144332881
6141.T,-0.5170282527108575,-0.9285352027653287,-1.2963249292739845,-1.6534744102242582,-1.9592778456108344,-2.216675636144378,-2.3795142335029427,-2.5774979943058836,-2.6509874571411904,-2.7423829491559246
300433.SZ,-0.4077890254217735,-0.8280908559841889,-1.1884233370709856,-1.486515359855882,-1.6761220643818544,-1.8521798587690468,-2.0050997805090867,-2.1257532618915005,-2.2392007489804513,-2.6363245701868685
BKKF.BE,-0.6724778409376021,-1.1389974928447555,-1.5294705889788964,-1.8471197219458177,-2.1057617961696846,-2.2855757401428463,-2.485252477786226,-2.672594379702115,-2.8396693349954014,-2.9101264506212368
FTAL.TA,-0.5567003608455455,-1.024079248516887,-1.4293664971569853,-1.7685886580160066,-2.003241626318364,-2.1871348194904914,-2.316640095413402,-2.423009857969351,-2.5336593671178265,-2.6032111519260828
4666.T,-0.6254341014823116,-1.1220711634833185,-1.528357209249784,-1.831255543932309,-2.0694408888936207,-2.2991138392149715,-2.4883174516858735,-2.625052338179387,-2.8413556163565135,-2.9470004139115633
000792.SZ,-0.6330628408298162,-1.0799697700100535,-1.439394045410575,-1.7190618369062027,-1.9305327931595424,-2.1027642638277384,-2.228659395215715,-2.3581603317801973,-2.4733522461586737,-2.7887108508395597
8012.T,-0.7615409516097804,-1.2919509325015028,-1.7293426143589854,-2.097631042496282,-2.400682877238069,-2.600628712169549,-2.7788698763400363,-2.917402435316276,-3.0555996608226104,-3.2196457204180913
241560.KS,-0.5533716251196151,-0.9980751060464214,-1.4217893757480642,-1.7365070052471256,-2.0234183742998626,-2.2130562244514227,-2.405818897266963,-2.6134015819209706,-2.7330430532157917,-2.7330430532157917
MDKA.JK,-0.60932703275522,-0.9526464563212881,-1.2706697715279032,-1.5645336040211761,-1.8696066471189063,-2.0617581293492155,-2.3410271376304523,-2.4612300846891153,-2.6330761059761962,-2.8327196408468924
AFXA.F,-0.4553825886356445,-0.7997281617914552,-1.0806891952014044,-1.3675027877572283,-1.6245785037700535,-1.878179212105105,-2.186123319131591,-2.464579285579596,-2.7036276144483002,-2.99510717896681
DLG.MI,-0.6055506045100796,-1.1127101555322232,-1.5457120648481129,-1.8579832251480195,-2.1395967967370684,-2.3938034140316056,-2.5458027504787983,-2.6942523178727487,-2.819489877176106,-2.9796262355231913
066970.KS,-0.3767002663343468,-0.7120935457275771,-1.044184881771218,-1.3258168072183372,-1.5421633479496293,-1.7627374903118576,-1.9424744307198651,-2.1424587007352374,-2.2608602331065835,-2.415149180880037
600188.SS,-0.5363003731474082,-0.9691880708859288,-1.2927170187771122,-1.5606802147414827,-1.752495075199643,-1.9305327931595424,-2.1063369104275473,-2.2626449064378433,-2.3581603317801973,-2.719555875072456
6655.TW,-0.9519610195793039,-1.506340854621931,-1.9449861127131192,-2.1260086647677294,-2.3206717128293155,-2.42690062693403,-2.506806421078984,-2.646962853060962,-2.873390853097666,-3.0857408789527425
900926.SS,-0.7672091081273585,-1.2066975625484477,-1.5026927702077704,-1.7088927532176303,-1.940691402432103,-2.1135639317347463,-2.2728533393736043,-2.426317532460657,-2.5771771179676923,-2.851016072692428
1157.HK,-0.41418930066819565,-0.8255161328159119,-1.24411885453788,-1.6143214761929736,-1.857597772508799,-2.113181369956426,-2.3690670936812412,-2.5488496060310872,-2.647625888592258,-2.75083600726081
3291.T,-0.7302182357353405,-1.2616188627164164,-1.631812300718481,-1.9554026198344618,-2.228952232416493,-2.4232959744120284,-2.665377471129329,-2.8483687760668963,-2.9387114218936308,-3.062195555126132
6323.T,-0.3791729222592812,-0.7323489033154287,-1.049604070477425,-1.3544252721821073,-1.6052392699157576,-1.8123494112300267,-2.0077453061433945,-2.1716386036549506,-2.337590470356898,-2.4688409605646506
1503.TW,-0.8717945591488399,-1.3627130195348798,-1.756088144784228,-2.0716171602642746,-2.296950010175804,-2.459847305033974,-2.791220711190076,-2.9292615970168345,-3.067003651063715,-3.707736195621635
1860.T,-0.6337693642187934,-1.160639475474378,-1.5574458315095472,-1.930170194859761,-2.1895391413954597,-2.386572430954869,-2.6378766518051826,-2.7788698763400363,-2.890158748455564,-2.9794296900453126
IGLO.L,-2.1874095687431003,-3.1081231493284496,-3.496899576726141,-3.596899576726141,-3.596899576726141,-3.596899576726141,-3.596899576726141,-3.596899576726141,-3.596899576726141,-3.596899576726141
438570.KS,-2.1754942980215026,-2.5805479724714853,-3.0274713074361177,-3.127471307436118,-3.127471307436118,-3.127471307436118,-3.127471307436118,-3.127471307436118,-3.127471307436118,-3.127471307436118
138930.KS,-0.6893096199495435,-1.2519602627593918,-1.7229627630390816,-2.098824043211365,-2.396820182341474,-2.5418940676421147,-2.7754416429388864,-2.9936810069696187,-3.262963848430277,-3.262963848430277
002304.SZ,-0.5767972416726418,-1.0638679252535503,-1.4438193094334528,-1.7968673069613665,-2.072524428449657,-2.309935600537091,-2.505457791597146,-2.69053486870645,-2.834761749022342,-3.084606450955631
603288.SS,-0.6395575885842438,-1.178934330404533,-1.6241029639220446,-1.9801661220218365,-2.2223267722315727,-2.3662725727611367,-2.5196114215673426,-2.7359649508523596,-2.817653729441157,-3.198348782327449
3928.HK,-0.9086805799027066,-1.0962657716870505,-1.2441236039519588,-1.4080363371032163,-1.5374160363059324,-1.6857190010059209,-1.7802665935910278,-1.9345942719487232,-2.026722354343679,-2.1564586985503302
002506.SZ,-0.5625203130574714,-0.9898149794354103,-1.3452268530283475,-1.5603730595963157,-1.8211102957451606,-1.9929119077418846,-2.1362143192046847,-2.275710137941572,-2.355286334908825,-2.7484364614126986
8967.T,-0.9702298560506047,-1.5199301634910851,-1.8461883298121968,-2.11966823001365,-2.399523714702882,-2.5618906036182874,-2.7061510940844054,-2.947533232726823,-2.9885765493558534,-3.0899351529977492
6849.T,-0.663549039440787,-1.212678697898365,-1.6381241574490246,-1.9964514376365505,-2.240969104085073,-2.422788443635464,-2.555983908657849,-2.7256523369447065,-2.864904815398751,-3.015331861783296
601336.SS,-0.5496265635504433,-1.023126229784159,-1.4684680844800428,-1.783477216264607,-2.092718359996015,-2.2954518025424075,-2.4262979813489007,-2.576743282338646,-2.668156597838703,-2.918243465426718
011780.KS,-0.45581365326768336,-0.8486717666449626,-1.198744506994795,-1.4818643829068494,-1.7213995174350123,-1.9408578421032392,-2.093715146461934,-2.272393886666334,-2.395335442230766,-2.5123614114628925
601111.SS,-0.5250112482552951,-0.9958550164266773,-1.338014470403267,-1.609848208500119,-1.8254009104760478,-2.024804201779726,-2.168132325906723,-2.288977161191412,-2.387029289720987,-2.75081071606063
CHDRAUIB.MX,-0.7674629658812266,-1.3207685595647383,-1.7915322080999996,-2.2197433075597632,-2.6682025850864317,-2.962619838119507,-3.285842954158029,-3.576297280872357,-3.576297280872357,-3.576297280872357
CTPNVA.XC,-1.3684251406237218,-1.6385354577091384,-1.8358790562635128,-2.0702605944508377,-2.2232214169352553,-2.4153400820148216,-2.6223088508391523,-2.791886418613703,-3.130224949132702,-3.130224949132702
MONET.PR,-1.1823253043394715,-1.7392179404109038,-2.132365307228276,-2.3881365992616104,-2.5244953807670294,-2.6153864150276833,-2.7349561221856393,-2.8439125295712073,-3.0029462174250567,-3.3227756651321263
300498.SZ,-0.5999438018854413,-1.1642157980191825,-1.5558612047263178,-1.9382806096015435,-2.2401543187374964,-2.3869177655022678,-2.5324497348225217,-2.7666570184128934,-2.9443587839164045,-3.1526200008751766
HZO,-0.41800380671296855,-0.8102423756251543,-1.1351599564333434,-1.4292632572588888,-1.6783108283873305,-1.859145086994976,-2.013677234175551,-2.120663321028304,-2.2083298544007097,-2.3172075209346654
600016.SS,-0.8214277606970857,-1.3334696985176557,-1.7266854739255793,-1.9894892216915718,-2.252424919024448,-2.493933393718037,-2.6908669926664297,-2.795432925003678,-2.91443499566137,-3.695363376522793
601766.SS,-0.7201181352234953,-1.2843915870566902,-1.7028048439381451,-1.9661834595284693,-2.17839119446115,-2.3372406203865883,-2.439970472385275,-2.5614351469195356,-2.739157922256859,-3.0395769347820534
6562.T,-0.341052976141947,-0.7304481769981659,-1.06214498974734,-1.3629384131053193,-1.570585028567419,-1.7513905171645812,-2.0094504622614284,-2.192943838633577,-2.286163561801556,-2.382638174215784
1513.TW,-0.7237989253700818,-1.2136932972465309,-1.5438466680973688,-1.791552777716829,-2.0124750500167425,-2.187228206766529,-2.7221185697217574,-2.8107846651020547,-2.876945923371268,-3.230550390334471
SIB-USD,-0.36687846244057354,-0.5961496341115898,-0.7867100613480267,-0.9369382495457785,-1.0618441311150182,-1.2271716977512677,-1.3404240323660535,-1.435271740150789,-1.5232819857991393,-1.6442023650176107
3471.T,-0.9974346190465229,-1.6798669195181934,-2.283773477409349,-2.536632947693957,-2.702228292619192,-2.854919172446808,-2.9250668225359626,-3.0134604575151016,-3.1344252261303436,-3.1344252261303436
ICBP.JK,-0.6975699835966149,-1.0941287364250183,-1.4389979433595224,-1.8244969021395554,-2.0939401804494087,-2.2857622301828426,-2.5003646466400196,-2.7284986543313208,-2.8928693121638522,-3.222118041832988
GIFOF,-1.485543622471689,-1.6732917762192516,-1.7985573782733373,-1.9300193823715392,-2.099915320344782,-2.218890916465115,-2.381292600535688,-2.437543603898595,-2.5027613986441968,-2.5597605672688206
QFLS.QA,-1.1928151777350493,-1.8488195111958292,-2.150798254195127,-2.3657106818414944,-2.558999949801607,-2.696927503033962,-2.721513381691735,-2.7762716010947566,-2.8782405902814654,-3.1747560672295423
DUBK.QA,-1.0482354220754664,-1.7592127793498864,-2.282829853744857,-2.535765114306875,-2.988331735438344,-2.988331735438344,-2.988331735438344,-2.988331735438344,-3.088331735438344,-3.088331735438344
EMMN.SW,-1.0057783642271236,-1.6499822018522947,-2.1262334952585844,-2.4497268182057974,-2.6109410617264226,-2.7467138099312085,-2.930331611434811,-3.1737387262398045,-3.36972020058813,-3.6562244247218714
CCU,-0.7223123491272593,-1.3207855760575173,-1.7570390786334125,-2.0756504865922842,-2.390572138325214,-2.654088942641608,-2.741435159375291,-2.9323172371449133,-3.233360977747898,-3.426366522732482
INDF.JK,-0.6748651991727609,-1.1080173973373313,-1.4491773731552073,-1.8038287855834991,-2.046380553308168,-2.249275246882805,-2.4573368575524728,-2.6678073608728226,-2.822051510071032,-3.017947011929201
2811.T,-1.0343369643428066,-1.7239857686745466,-2.2215819996584294,-2.4883174516858735,-2.694038499266409,-2.9470004139115633,-3.101529537043595,-3.15511221231473,-3.301230301013023,-3.6978384797068236
AGUAS-A.SN,-1.0225973778887816,-1.5628211911983767,-1.9819810868975116,-2.271248426128476,-2.5958619018121922,-2.777456447844667,-2.963292011854844,-2.9955716820637965,-3.0714002022446465,-3.170486626174663
TATAELXSI.BO,-0.6112765236364333,-1.0728670794806168,-1.443334344940854,-1.750542669402989,-1.9568675168877492,-2.2132431039737828,-2.4004324133910395,-2.5587417367510574,-2.706607044952151,-2.8106852601769146
6066.HK,-0.5663263071207129,-1.0481561243042186,-1.442790560293338,-1.7669658538667334,-2.068245183005564,-2.3309210834623966,-2.549853163430778,-2.732451949142945,-2.782847366666309,-2.9119086627052453
4002.SR,-0.7666601845374819,-1.3389190879280664,-1.764713430076995,-2.0989546851353924,-2.347389643750414,-2.52887779738471,-2.6537533453272597,-2.8423939899400747,-3.0917132642377116,-3.4820921583786912
3401.T,-0.6504469266674099,-1.1742478909466079,-1.6094547403601243,-1.9850857197548784,-2.2716880172681786,-2.477057029488441,-2.614566652354394,-2.773523324241805,-2.8543130637750833,-2.9918809929976073
9065.T,-0.633277839545921,-1.1669722837771748,-1.586498184488797,-1.9048891572339999,-2.151388706422386,-2.3344295839615494,-2.5455787816040307,-2.694038499266409,-2.8413556163565135,-3.015331861783296
CPINV.BR,-1.1846475221691986,-1.704450709816646,-2.005620645282805,-2.3253383331689506,-2.5499053442278345,-2.7485345988588574,-2.8415363208260005,-3.1220655465292455,-3.3206954098678865,-3.4322374588224864
1138.HK,-0.42282296726308904,-0.8056936806423031,-1.1161848964973031,-1.3763186205333862,-1.6451527742395906,-1.902823796531591,-2.092461127041735,-2.256182202265986,-2.361551524583749,-2.520429853803782
CMIG3.SA,-0.5715581102405513,-0.9675237406101208,-1.3498745989593288,-1.6636307346092964,-1.968486396039528,-2.186287081591075,-2.3833851786537994,-2.593657825595833,-2.775371921912578,-2.8341424575186602
000625.SZ,-0.5232817342434855,-0.9354198240852093,-1.305416764942226,-1.602933139025462,-1.8342641973796465,-2.0271613499193024,-2.2103380166601556,-2.390851755329348,-2.481749086281793,-2.9268513918430354
002203.SZ,-0.655328016302707,-1.0600585049298437,-1.394668947636396,-1.6726959310440246,-1.9082617947522886,-2.0745335917054946,-2.2044685562864736,-2.3683129046021527,-2.488472269713602,-2.8350465078886926
601360.SS,-0.49576673494592277,-0.9337313721632224,-1.2486327995039834,-1.5632487388244187,-1.7955483808891994,-1.995230929851043,-2.153639722842038,-2.21809035136053,-2.263598502269917,-2.617811887634379
1908.HK,-0.561765315450804,-0.9626544567674632,-1.3236721282505552,-1.6345240371284397,-1.864255076292543,-2.0749152048250235,-2.2146669397013046,-2.3517412584928996,-2.5170465418247647,-2.647991087312448
5269.TW,-0.38498676829170286,-0.7421890435310823,-1.0817643952507838,-1.352725355865429,-1.5656570573806303,-1.7742622752924129,-2.045647138233183,-2.208720800149898,-2.3424138605799585,-3.4235683932014402
601577.SS,-0.8052185463082102,-1.4312474980121497,-1.8235470365364923,-2.2073698359787493,-2.5311137562554995,-2.70540781665953,-2.765414631430248,-2.837415478514883,-2.9280429708245133,-3.3542280459276665
EUQ.BE,-0.844190121974002,-1.3352645216261467,-1.7278054266116094,-2.0349552066893963,-2.251346819640529,-2.4558313294925527,-2.56533348570102,-2.787599717649639,-2.827909582241687,-2.849925273151394
4966.T,-0.7221474503702772,-1.1297144988463854,-1.4992434493240991,-1.8365059078972905,-2.1028905462961287,-2.2834227764136013,-2.4415145878431046,-2.6111273464218003,-2.735754516617547,-2.899780033714397
601995.SS,-0.5987148431562394,-1.12368543654129,-1.4994460227038435,-1.7814389844270815,-2.03948873994352,-2.3434117868826925,-2.538072256490639,-2.6536861816077133,-2.728131207691233,-3.15730322273296
030000.KS,-0.5860966340516388,-1.0751941301812717,-1.4658783655956846,-1.831434804776502,-2.0971775644360364,-2.293265601925993,-2.47771606619776,-2.639510585761672,-2.8329163039970253,-2.903511269644024
HUDCO.NS,-0.5094913267425587,-0.9759001979035627,-1.4230844564263758,-1.7362881772437069,-2.031600729176697,-2.236539457140855,-2.4323224667367525,-2.598014074163378,-2.7182145850703634,-2.8984111141154467
5463.T,-0.7540382614256445,-1.3627845391467774,-1.8143140353920113,-2.116134302422711,-2.4079213092970053,-2.5455787816040307,-2.7256523369447065,-2.890158748455564,-3.101529537043595,-3.2196457204180913
9706.T,-0.5982770882903677,-1.0481680099734283,-1.4133646565624811,-1.716919379752658,-2.0331800743374675,-2.2311707316533314,-2.4709184026956827,-2.612645741149514,-2.7602502556431543,-3.0555996608226104
9218.T,-0.3982089211336604,-0.7514515438490051,-1.1219004674623525,-1.3759692008680078,-1.70205750607401,-1.8923710650590024,-2.2601889913293802,-2.379928079309422,-2.379928079309422,-2.548378081690881
4015.SR,-0.6136718758727511,-1.1996278338535946,-1.687628057229685,-2.0434343123667844,-2.4943642973635414,-3.0522597806941882,-3.0522597806941882,-3.0522597806941882,-3.0522597806941882,-3.0522597806941882
000338.SZ,-0.5336682000472991,-1.0301273195711722,-1.4610947821837887,-1.7372526780973667,-1.9735159253632615,-2.148121620280093,-2.3134897301784507,-2.5154208876905817,-2.73889076774275,-3.061586554729089
600674.SS,-0.7113180649976295,-1.1603301911962451,-1.4708822741202943,-1.7190618369062027,-1.9205695886414185,-2.128358236889397,-2.299464108071156,-2.370934176876622,-2.490324640926528,-2.7887108508395597
XI9.BE,-0.4387972738190289,-0.7972470645310773,-1.1137700333119642,-1.411245521175319,-1.8214314340208195,-2.148999414011983,-2.455733091794955,-2.557432058166346,-2.789901511405205,-2.9187004142788964
GENT,-2.9102375212148335,-2.9102375212148335,-2.9102375212148335,-2.9102375212148335,-2.9102375212148335,-2.9102375212148335,-2.9102375212148335,-2.9102375212148335,-2.9102375212148335,-2.9102375212148335
011790.KS,-0.43623101602736464,-0.8154379861300515,-1.1707546358930156,-1.4414893127473607,-1.6948788736447418,-1.9065370322177,-2.1077184485912004,-2.304087858319554,-2.469501759958858,-2.5813982837075913
047050.KS,-0.43621895250808246,-0.8443969847688184,-1.2319121861912263,-1.5334634417103101,-1.7608340541794607,-2.0081127979835016,-2.1820292525269465,-2.319366698716066,-2.4050384732070054,-2.4855095775864924
300296.SZ,-0.4951063386910919,-0.8755680212618058,-1.2292615804712046,-1.5256851060946592,-1.7614498668609282,-1.969235846203354,-2.196684880368886,-2.289051293172462,-2.4491392106731165,-2.821949473687755
000513.SZ,-0.5897910566183019,-1.0296152332358244,-1.3977805116594901,-1.6826061422009628,-1.9724320048102222,-2.1799563083030753,-2.3396927303649786,-2.4491578969721033,-2.5561529859702103,-3.064685729001007
COCHINSHIP.NS,-0.6069613426115484,-1.1209830393526967,-1.5525109308532954,-1.8823548666690657,-2.184444454795417,-2.4000363771273943,-2.470286653414199,-2.5553692092005695,-2.7596731930876235,-2.7596731930876235
SW.VI,-0.8641600043183083,-1.4227532696794314,-1.7746146387550892,-2.059743411728276,-2.3410271376304523,-2.4231961950085488,-2.5259539172609404,-2.7098793227408713,-2.7606168951976224,-2.819644208337219
RA,-1.3363962016260087,-1.924129926752851,-2.2090789516816134,-2.47977956328907,-2.504284327022725,-2.6211160626595276,-2.6211160626595276,-2.6963026272921273,-2.849258866800139,-3.008053026300854
000039.SZ,-0.5754595427464978,-1.0476801582764845,-1.4092716315760379,-1.6939626873290707,-1.9536780849594586,-2.1514628033795837,-2.327810298555369,-2.4491578969721033,-2.5362014261368753,-2.899682469718629
600183.SS,-0.5219400639552048,-0.9305966330625084,-1.284661762226167,-1.5848689657931916,-1.8036636792701037,-1.975168518502886,-2.0751066268959715,-2.224008684892208,-2.3396927303649786,-2.7356520896770555
601021.SS,-0.5803863095253924,-1.11895838106256,-1.4933777039498057,-1.8123974147114497,-2.0959094353425343,-2.3070392593928304,-2.5580427269867734,-2.746960512725756,-2.8976750733424153,-3.0543298708302182
3618.HK,-0.6868538180476512,-1.2132337213723055,-1.6275715853161943,-1.9402645726966978,-2.181561214525867,-2.3372160186621347,-2.5322605785168113,-2.751278256297484,-3.067487951154118,-3.067487951154118
6004.SR,-0.8324784619486708,-1.431191770661153,-1.8959825323103374,-2.2399048320817676,-2.463894624906716,-2.5913219278624675,-2.7177347711752096,-2.912515830527169,-3.2400469761408908,-3.432724001826549
601808.SS,-0.5451319654974879,-1.0233727253101128,-1.342478373976343,-1.6335924486852467,-1.848898310273015,-2.0123415104125586,-2.1556742873980697,-2.3467889293471096,-2.5203964497317526,-2.873640177517702
KLBF.JK,-0.6301241612987939,-1.1313994237483704,-1.5248651469428358,-1.833256130170653,-2.1594615136738917,-2.351284349282718,-2.6056150634018613,-2.798394774930385,-3.015227579200632,-3.1810641311306607
000651.SZ,-0.670210305313614,-1.1765443222746608,-1.5502167778295979,-1.8871216238422388,-2.1397677482934534,-2.4189775130897,-2.611020911780754,-2.7701462449809586,-2.851016072692428,-3.22833373054657
600026.SS,-0.5441336082963955,-0.9778213240294857,-1.3016475886850298,-1.554947241344246,-1.7774683733398997,-1.9601114557223693,-2.1309648601709417,-2.2952875709891423,-2.4202018853374025,-2.718923988144463
CJLU.SI,-1.380441949849941,-2.0997835795795172,-2.533629396906266,-2.8973801285201257,-2.986468261565689,-3.30767659948963,-3.4076765994896303,-3.4076765994896303,-3.4076765994896303,-3.4076765994896303
TALABAT.AE,-0.9272618175387101,-1.255254789725494,-1.7540474165812752,-2.296266473451244,-2.786512872368575,-2.786512872368575,-2.786512872368575,-2.786512872368575,-2.786512872368575,-2.786512872368575
853.F,-0.4782612741384815,-0.8440269762707393,-1.1778505758834381,-1.434646977011658,-1.6736632305050523,-1.8186455928500604,-1.956021906181578,-2.0166291328099204,-2.1664404711564473,-2.2127719423968393
MXMDX,-1.05602356954921,-1.676618937050257,-2.0831885261436383,-2.461654360454991,-2.652968848524832,-2.8210124801321177,-2.9006913520880646,-3.0045689765138928,-3.07180880750028,-3.273078364043037
GLO,-1.0306874505826564,-1.613259139174318,-2.002214479907922,-2.293441661294655,-2.463985955450982,-2.6658971102004068,-2.791059178894229,-2.874926121404986,-3.032579489672513,-3.087186144318279
4967.TW,-0.590818088855819,-0.9168742789219911,-1.233601059111066,-1.4644370122987616,-1.7737561104207766,-1.9554267231673443,-2.0518663964135406,-2.1564284095445525,-2.3134091916083035,-2.8154680450212735
BPTH,-0.32135881643540265,-0.486377763130171,-0.7076509835995461,-0.8758695436352739,-1.0091474077652987,-1.1611069828678724,-1.2660854113804942,-1.3857857111625558,-1.4978763988290187,-1.6037977711340157
PGSUS.IS,-0.5357760010122561,-0.952729685205159,-1.3167465387654573,-1.6547918474310894,-1.8963223182617364,-2.0726929683136333,-2.2872515268614504,-2.4528920040996716,-2.5807607681201894,-2.902932957925707
NHC,-0.6820888830875256,-1.2011352773041892,-1.5734528046295486,-1.8569910101640252,-2.0344878582398773,-2.2308358870440865,-2.397302394269086,-2.6170298751918515,-2.741435159375291,-2.8346314809778623
600025.SS,-0.7877408104866165,-1.4141206596320075,-1.8258933777401305,-2.133241939768629,-2.315866614137127,-2.5329392942574085,-2.738625232057939,-3.081941098679029,-3.081941098679029,-3.382673289488627
BOIL,-0.15890589425757898,-0.37103088891664454,-0.5740679984627743,-0.7803319170877069,-0.9828153533310213,-1.1335502771146804,-1.3041607745065096,-1.4504704479839465,-1.6288161002980348,-1.7545891484624516
9048.T,-0.9570920884598932,-1.6811579865549224,-2.2263507786060885,-2.694038499266409,-2.9470004139115633,-3.101529537043595,-3.15511221231473,-3.2196457204180913,-3.2196457204180913,-3.5978384797068235
3167.HK,-0.7715875601765625,-1.3454643194707074,-1.835932008587719,-2.1636232777282007,-2.522294871614277,-2.6132483724865465,-2.688616108280074,-2.7832841253087905,-3.122417783720878,-3.122417783720878
600352.SS,-0.6114751199139965,-1.0377230371390496,-1.4091009574603575,-1.6898424763783233,-1.930522259308347,-2.0881149099025746,-2.2450051514888036,-2.376386181233519,-2.511566358632037,-2.907584109727164
CCOLA.IS,-0.5959447733730786,-1.086466334979324,-1.4373940425634764,-1.7132494016280728,-1.9948374988106832,-2.174108740682273,-2.3557601535062798,-2.4435028541457156,-2.5266642926443934,-2.6321416268295743
0P0001H3V5.SW,-2.4425642546059643,-3.178088072842181,-3.178088072842181,-3.178088072842181,-3.178088072842181,-3.178088072842181,-3.178088072842181,-3.178088072842181,-3.178088072842181,-3.178088072842181
601006.SS,-0.846623221698859,-1.368749137276985,-1.6943599306077322,-1.921836795083149,-2.1115659861976455,-2.304885564751339,-2.457926708413764,-2.542382816418374,-2.7290402537984653,-2.971424480389154
601222.SS,-0.5179141651168425,-0.9695219868500504,-1.29751982668865,-1.5738263734679243,-1.8170975797820825,-2.0533946771755143,-2.205028398641102,-2.3154361266172514,-2.3480237074446646,-2.70341860461404
006280.KS,-0.5178670319545278,-0.9430927645180784,-1.3122912177471764,-1.610363274562946,-1.8418427487679965,-2.0202454542149066,-2.1889869852686368,-2.3265786889904234,-2.486101038367551,-2.5813982837075913
601211.SS,-0.8156322735231533,-1.3728578022407725,-1.7655892267965991,-2.0628842099797304,-2.228884416460055,-2.3346480285659266,-2.3820962487067665,-2.5199518397102225,-2.6272740326350816,-2.885142678439058
200012.SZ,-0.747459912305583,-1.1788859834776975,-1.501487288728892,-1.7435067503962132,-1.9834680264452282,-2.1397677482934534,-2.2833042753627075,-2.4189775130897,-2.5460505299041247,-2.956369382294249
1COV.VI,-0.7442786790546316,-1.2220370269749894,-1.6008073265115985,-1.956314104686132,-2.2454642554644457,-2.427015711105376,-2.6290144158996753,-2.7133673139311867,-2.8230190867016174,-2.8230190867016174
005940.KS,-0.5422614963335132,-0.9455004444183844,-1.3223868652019894,-1.5978062608094692,-1.8171889139261281,-2.0056327135265133,-2.2062318015906843,-2.332389750732718,-2.4614507780397337,-2.56040233478151
ARCLK.IS,-0.5618144817397039,-1.0286666137149494,-1.413272020151409,-1.7099629349356802,-1.9704407535604456,-2.1582411070984917,-2.3207001931139426,-2.5360172465557613,-2.6086163873605526,-2.7788872482342897
QUINENCO.SN,-0.920469141191836,-1.441496274807925,-1.850638482047172,-2.1972607908393886,-2.419947418821144,-2.584933940229209,-2.726978456920877,-2.8155169483953615,-2.9955716820637965,-3.1171306738295828
CIB,-0.6387036287142798,-1.117808299776606,-1.474346063770671,-1.7697418888982013,-1.9853818534307854,-2.1468007811965357,-2.3006751181912235,-2.4041430237710606,-2.542354039142762,-2.594184027828096
EMTK.JK,-0.7439197408410355,-1.0130115630473648,-1.2331094216278402,-1.4081551502835992,-1.5855847181132523,-1.7287001750610727,-2.03168540278164,-2.0959525083757247,-2.2350668454213665,-2.39165600991233
4816.T,-0.698991201863414,-1.1559059340940487,-1.4883376677833553,-1.795013028023448,-2.0279357026768006,-2.2519743685188116,-2.4982164018045916,-2.665769710687723,-2.7993336562049405,-2.9182018883989773
IDFNIFTYET.NS,-1.0697916607463673,-1.543763479281313,-1.84644938604017,-2.1614394379293933,-2.394462053780718,-2.504439318062548,-2.5305457285854343,-2.6964485472305197,-2.79089563355366,-2.919657636876797
6316.T,-0.5753465355516313,-1.0261324949630442,-1.3813391200177718,-1.6412089378753585,-1.9098484001020009,-2.1275938992716603,-2.2991138392149715,-2.393568084856259,-2.4973075183101447,-2.588975896505103
5214.T,-0.5886851264002161,-1.0678752929346447,-1.4434811913918493,-1.7663906149798445,-2.0300131153088925,-2.2509874727894346,-2.446145419753446,-2.625052338179387,-2.7788698763400363,-2.819283975789497
002390.KS,-0.571061168789796,-1.0165908821784284,-1.3910619493356937,-1.6804698859707543,-1.8971315502090018,-2.1006653081707354,-2.2986430782550844,-2.4614507780397337,-2.639510585761672,-2.7081929616300022
AIAENG.NS,-0.6231304684268073,-1.1332387004627507,-1.5830029716153942,-1.9699896566044277,-2.2939013565599295,-2.486070260166583,-2.7235664056001756,-2.9861187674005762,-3.087546275450747,-3.350291565287337
600648.SS,-0.6169370244828042,-1.068852392611184,-1.390563020125625,-1.6407176897117823,-1.8218187599672393,-2.0004891458004797,-2.085292017697133,-2.205871530407558,-2.3396927303649786,-2.7701462449809586
ELPE.AT,-0.5991761070300757,-1.0982617963288925,-1.5356708221743778,-1.8783809648051197,-2.1332190126789925,-2.359866033203258,-2.5954956416902717,-2.8151744534575887,-2.9629639404636534,-3.030989395543766
INLB,-0.5865748154538442,-0.6524317592471498,-0.724035041313209,-0.7917084905373096,-0.8621813483231319,-0.9217990925554969,-0.984888118968776,-1.0447287364880626,-1.1032925458571414,-1.1715706630164506
4088.T,-0.7674661222403417,-1.334821231587925,-1.8039843791049741,-2.176467849230832,-2.438211198557903,-2.625052338179387,-2.7985058223902994,-2.890158748455564,-2.9470004139115633,-2.9794296900453126
187660.KQ,-0.2565810177854421,-0.6011722799720344,-0.9561765389200622,-1.2423849698328862,-1.5061643926611907,-1.7700595755710729,-1.9164506352142563,-2.0431783069458276,-2.189700826319922,-2.2702308990730797
688111.SS,-0.31797437959175123,-0.6995692231619821,-1.0165917512208194,-1.3442001958135816,-1.6152609189076996,-1.7951521910625234,-2.064137224264373,-2.4716290658120244,-2.5504006295149,-2.596608031845304
600029.SS,-0.5623583256813998,-1.0235650569285586,-1.36656631711295,-1.6660373875966132,-1.8804728137744173,-2.003499265579804,-2.1970009486453312,-2.33994162846354,-2.425582468941415,-2.9769612371399967
IRBTQ,-0.43779426965244644,-0.800321122513112,-1.096762529407988,-1.3756298697003262,-1.573296038695569,-1.7476709703030013,-1.8895966895007807,-2.008385629360089,-2.125433897590239,-2.1969436335551484
2202.HK,-0.40024646925650803,-0.902049365801725,-1.2460365728043878,-1.6082317536240278,-1.908258046803436,-2.1481567744054346,-2.2931620764918557,-2.5566976804421104,-2.6947221873237375,-2.729644756687196
600820.SS,-0.6973191074924664,-1.1820182902667542,-1.569977983209723,-1.8491524839370483,-2.081872846606255,-2.20144862140746,-2.364499028425812,-2.457063764499701,-2.5771771179676923,-2.9887124650439425
6268.T,-0.5625805788096714,-1.0139537009469666,-1.3844781405828595,-1.713418098876214,-1.9677784530544724,-2.2168632133782507,-2.4079213092970053,-2.555983908657849,-2.7256523369447065,-2.864904815398751
BDMS-R.BK,-1.9629928465992272,-2.193941979320758,-2.3611352527591056,-2.530594895737893,-2.752113336236633,-2.8369432203107112,-2.9074559241250046,-3.051450552215519,-3.051450552215519,-3.117825168173119
PPT,-1.3469110884811817,-2.0405988435047373,-2.352308636669281,-2.562266673910372,-2.7099735383976475,-2.8139479831547503,-3.0699424590340376,-3.115691259587702,-3.426366522732482,-3.426366522732482
KRDMA.IS,-0.5283265209757366,-0.9428501113552633,-1.2832801644686391,-1.5396882445653985,-1.7577627917132463,-1.8807936081512553,-2.053748910631828,-2.182252411417252,-2.283104009911475,-2.414482595965979
600905.SS,-0.9134406579161698,-1.5142442640213063,-1.8331046912555384,-2.1851088512012957,-2.446116497917412,-2.548126312155131,-2.6865128723685747,-3.1205634360559564,-3.2205634360559565,-3.2205634360559565
600050.SS,-0.6882103014638655,-1.2352753677619972,-1.6250321550519005,-1.8836100233622517,-2.0995249927235347,-2.326545291468034,-2.4656363199794704,-2.5468032395591225,-2.649297464918386,-3.1940803929545627
HY,-0.5206063047135827,-0.9762682031700961,-1.3707009861989279,-1.727746887021847,-1.9266632657817981,-2.0833988176828373,-2.256975529943082,-2.40423204194238,-2.512003143850097,-2.5489647598878973
SYRMA.NS,-0.5129855919813412,-1.01266890462319,-1.337863637232662,-1.7254906729413686,-1.8279885733197867,-2.0948067085271465,-2.389141065248295,-2.510304011403303,-2.685707783401563,-2.818484738864414
EKGYO.IS,-0.5852676421984031,-1.0540962716350537,-1.4222328073233743,-1.7042925490617093,-1.981630051847289,-2.1706362757440494,-2.32364314320109,-2.4455582116221977,-2.6009160368423285,-3.0134865805956252
600085.SS,-0.6780449541153827,-1.1718802531183492,-1.591755338940655,-1.8825119643258161,-2.0751066268959715,-2.2333588150239105,-2.433790647572181,-2.5771771179676923,-2.6750945776885455,-3.110500739575328
450080.KS,-0.225352029979467,-0.4360634459103371,-0.6744897501960818,-0.9444079111748956,-1.2448733876051274,-1.522407619832758,-1.7652641608270572,-1.9907204615820373,-2.06672907454749,-2.209616589959497
601298.SS,-0.7941180504273173,-1.3794459916093282,-1.818376918322,-2.08705893105153,-2.2416325895801874,-2.4502119161101152,-2.638459044380056,-2.690308094256623,-2.690308094256623,-3.0382536161845897
5480.T,-0.4349965983897454,-0.8231964666333192,-1.162218309246687,-1.4199463682579747,-1.6861359693258482,-1.930170194859761,-2.094015231263452,-2.2311707316533314,-2.359699410528497,-2.4883174516858735
NATU3.SA,-0.7804021245095305,-1.1794942823301766,-1.6100129902133569,-1.9649156079081382,-2.318199177913248,-2.5877026042785944,-2.750758546183319,-3.0113062540009037,-3.057803889169024,-3.112031719971662
300408.SZ,-0.49356760264486943,-0.9761278454265718,-1.386433555079322,-1.6730441558181919,-1.874230760847765,-2.1094551889864492,-2.2984301533127507,-2.4012615030355158,-2.515610008478163,-2.901540238681822
DQ,-0.2276255317023027,-0.5098946632970232,-0.7784128283546076,-0.9796796812800374,-1.1959071961993968,-1.3801627689813163,-1.5906381973271553,-1.7395301999069446,-1.873026554736679,-2.0411921389534537
002966.SZ,-0.8175469534673098,-1.4709768902713014,-1.8971854369460168,-2.1272711618993134,-2.393273684999132,-2.7253874177140767,-2.79824664650845,-3.219415635909953,-3.219415635909953,-3.319415635909953
7539.T,-0.9568901401375938,-1.386940629059114,-1.6842800387357433,-1.9374665561689213,-2.1555347503581768,-2.343507583155917,-2.49395442694282,-2.6927407291425647,-2.8322766640607906,-2.959519767414237
002038.SZ,-0.5286070813693076,-0.9939207777957478,-1.3873960448848823,-1.7099553750225205,-1.9836981132259675,-2.201768561289448,-2.3193368625007755,-2.3969516941467726,-2.5145484387238946,-2.783200982902342
6110.HK,-0.4057429144216663,-0.7838337991656168,-1.088029996075374,-1.394790812629499,-1.6618506351569389,-1.9002235926887594,-2.1367812724071458,-2.2872928678714546,-2.3602049695496308,-2.4825025224649306
600438.SS,-0.48425130564218716,-0.8774891396412682,-1.1840990585165379,-1.4754144883363678,-1.7263445409609435,-1.8649819837683699,-2.0051011156451017,-2.1417230998022605,-2.2635805525572117,-2.64202309202957
688008.SS,-0.41148737344038505,-0.8038979074145058,-1.1403255371873795,-1.4236982373619609,-1.7263126113260268,-1.9401397564462226,-2.071477700735088,-2.273625619376209,-2.5273022667338023,-2.5683933818823284
1359.HK,-0.5590236899069168,-1.1150597973900618,-1.4955502744219082,-1.8246140003476812,-2.123730058836376,-2.3223214495428977,-2.5083577327297437,-2.744263152364814,-2.8257517093658246,-2.9318704864519995
004020.KS,-0.48162297695383166,-0.929947004865942,-1.315031295154782,-1.6572028290473613,-1.9065370322177,-2.152406989988947,-2.3564573844672303,-2.521513569542368,-2.665491964979474,-2.792666710575644
AKSEN.IS,-0.5955387265777565,-1.1047693692501492,-1.499930097880756,-1.778675705618776,-1.9965522268052196,-2.2198739562081737,-2.3770439840487407,-2.498678934301275,-2.777083034452908,-3.175480391141351
9044.T,-0.8492908159282935,-1.5615370648737144,-2.030067025284007,-2.3801798652564132,-2.7049921143899285,-2.9075271454220784,-3.0515189140221755,-3.5057203429144574,-3.6057203429144575,-3.6057203429144575
9921.TW,-0.6185448906029198,-1.1439024553486412,-1.545122637560661,-1.9022164957820198,-2.231665702862301,-2.459847305033974,-2.755027187078188,-2.876945923371268,-3.026865052867319,-3.4236943438411376
URC.TO,-0.256074449253753,-0.5893467303716519,-0.8842458200767171,-1.1247432998408942,-1.4208328027962533,-1.6773065402193803,-1.9596824611155066,-2.166367950951907,-2.3841951256031906,-2.479232175913361
JFCIX,-1.0687795206594135,-1.6512311492308858,-2.067222476677713,-2.3546789865177074,-2.6445962570212074,-2.8130562608227536,-2.997025245402603,-2.997025245402603,-2.997025245402603,-3.2660700898254014
600808.SS,-0.6159934653053487,-1.1192464374708637,-1.4538344208912517,-1.6874466001374528,-1.9305327931595424,-2.1099366459637565,-2.278047706256592,-2.3977070380159367,-2.5561529859702103,-2.8290074842933715
002142.SZ,-0.5705445035605559,-1.1172828356548663,-1.522335181725946,-1.8207639547762742,-2.0525536127610993,-2.2704866896944464,-2.4619681006719025,-2.632780331175193,-2.7348827682211527,-3.1241940261271077
600350.SS,-0.7425110195522767,-1.2689905221598274,-1.6506825206656663,-1.9131684139252951,-2.1259878225070663,-2.292438685063922,-2.4313485670411716,-2.6033869964723446,-2.6884021602065,-2.9960470013797114
8282.T,-0.6592897709851863,-1.1546146901626584,-1.5576370135833713,-1.9200241037763999,-2.2025337527849427,-2.4177776501055313,-2.6193864707730143,-2.847644861399355,-2.947533232726823,-3.035370659735717
NSLYF,-2.3310051823297924,-2.4077906183145634,-2.4847851892385706,-2.580121944350193,-2.738456131958308,-2.8110330303178577,-2.9023534789421372,-2.9023534789421372,-2.9023534789421372,-2.9589971305021803
GQG.AX,-0.4877754749999541,-0.8919854035160999,-1.2592514908867478,-1.6170841699128176,-1.967293895861186,-2.2193190225980706,-2.477449476828482,-2.5952651994535887,-2.766217050133597,-2.766217050133597
000089.SZ,-0.7433393317838909,-1.2864446109547387,-1.6589760297514622,-1.9458467438921196,-2.1799563083030753,-2.3219902053528854,-2.481749086281793,-2.5561529859702103,-2.6613802730072194,-3.110500739575328
VOLCAR-B.ST,-0.32713563521628963,-0.6455217431631267,-0.9629797731797943,-1.2648910368087596,-1.604177519477457,-1.8334867363881144,-2.073437803024806,-2.4743993013609393,-2.5923278248360346,-2.763430163431158
005385.KS,-0.6456992657321589,-1.154117091861353,-1.6097631599227569,-1.995983764497311,-2.277303222826398,-2.4577658979027364,-2.576313030663743,-2.748240089612457,-2.8484084994519514,-2.989309714761565
ABP.MI,-0.7987375487038509,-1.4212516973586165,-1.9783050636287471,-2.525277577175927,-3.1466495726650026,-3.2466495726650026,-3.2466495726650026,-3.2466495726650026,-3.2466495726650026,-3.2466495726650026
2310.SR,-0.8157338405371272,-1.3549614079015189,-1.735054661189797,-2.044875015655137,-2.250446233370526,-2.458428723345908,-2.594631980653705,-2.777245054709223,-2.921038971545272,-3.581625453102155
600176.SS,-0.544879239012345,-0.9836414671819255,-1.3295772813717597,-1.6200850528475503,-1.8600434601633844,-2.0751066268959715,-2.228659395215715,-2.333710327708606,-2.5080462434335415,-2.9268513918430354
8046.T,-0.9294823296671076,-1.4549747953218468,-1.7978778046076505,-2.059280752822947,-2.2770713212188607,-2.4973075183101447,-2.7256523369447065,-2.9470004139115633,-3.0555996608226104,-3.2196457204180913
600037.SS,-0.5859229023075142,-1.034025317004711,-1.384501378971295,-1.6589996905834283,-1.8373645103931084,-2.026712054169712,-2.174652275020762,-2.31649597092724,-2.4325954925902384,-2.8364025590900948
MTEL.JK,-0.7928749970777372,-1.3868437779773628,-1.9070927556592578,-2.2869319021829537,-2.5727015798810875,-2.744815616925352,-3.087546275450747,-3.087546275450747,-3.087546275450747,-3.087546275450747
BBL-R.BK,-1.575089837705406,-1.873249548949277,-2.1516120692925016,-2.399953022589281,-2.6079155615076304,-2.727755797381981,-2.8369432203107112,-2.9489709168009455,-3.051450552215519,-3.051450552215519
AK4.F,-1.1009763523363163,-1.6055956596865497,-2.029544838265516,-2.3978861828727718,-3.0412843306495136,-3.1412843306495137,-3.1412843306495137,-3.1412843306495137,-3.1412843306495137,-3.1412843306495137
ARTO.JK,-0.4705151498520647,-0.7888583431087235,-1.056840437753704,-1.2529407433419313,-1.4712120987213837,-1.630080825873453,-2.0477508800320856,-2.1386067242315643,-2.2029623472657116,-2.3061205722371243
000596.SZ,-0.5148002552134215,-0.9414795895921163,-1.3155448685451503,-1.5848689657931916,-1.8513131621951846,-2.058594772771002,-2.252666960567603,-2.4046768878330247,-2.4733522461586737,-2.851016072692428
IREDA.NS,-0.36795144252805245,-0.9111144616073037,-1.197237819403194,-1.4118431620390928,-1.8417577183506224,-2.112050932817028,-2.525277577175927,-2.6646377650293234,-2.6646377650293234,-2.8899064748304677
9301.F,-0.7260040996630458,-1.3191035308496704,-1.8107766086044805,-1.988253816580442,-2.521188844667835,-2.521188844667835,-2.521188844667835,-2.6211888446678353,-2.6211888446678353,-2.6211888446678353
9564.T,-0.5354948869152453,-0.9881546322461973,-1.4532518306335287,-1.8514658442965461,-2.0699018308950565,-2.2721587607241585,-2.3666743512885393,-2.488716566293865,-2.7988682859848875,-2.7988682859848875
688235.SS,-0.4400818865914681,-0.9300558682042412,-1.2598061310088744,-1.5456066563287385,-1.9189566782051195,-2.2191491614015546,-2.4022789391657025,-2.645931152866169,-2.645931152866169,-2.741820093976406
601012.SS,-0.4555952560158924,-0.8667278776355404,-1.2138103741313082,-1.5402427249574262,-1.7771742888201683,-1.9568958700421017,-2.0972525706013547,-2.257436464724304,-2.330416043055696,-2.6608760167465677
600089.SS,-0.6297294738985696,-1.1018984177116906,-1.4328293385176094,-1.7579567781216567,-2.0004891458004797,-2.155427393264932,-2.3457600595071684,-2.52659236788118,-2.719555875072456,-2.9887124650439425
5868.T,-0.6261948835807629,-1.181448634593439,-1.5687757482918097,-1.7251133770389844,-1.8781388486013386,-2.0944793149531526,-2.1949244993050603,-2.3240890025577583,-2.4067183265919985,-2.5100199351673083
000538.SZ,-0.7320721790215372,-1.2388297328580098,-1.6698874478823282,-1.9976118746146014,-2.2728533393736043,-2.4491578969721033,-2.6893312711464894,-2.899682469718629,-3.0245209336276653,-3.22833373054657
000728.SZ,-0.5907198117525809,-1.0269674367439798,-1.3525896197895473,-1.654359576356785,-1.809649267497532,-1.9779199037052333,-2.0956984504203526,-2.155427393264932,-2.278047706256592,-2.6481489709936303
138520.KS,-0.9935562399748878,-1.7374684017455126,-2.1605900161908833,-2.599798685917416,-2.9390517431591627,-3.2642884782546155,-3.2642884782546155,-3.2642884782546155,-3.555783007801573,-3.555783007801573
MGROS.IS,-0.6536561915508398,-1.1065585226048023,-1.4780517048370359,-1.772186303945118,-2.029334393733865,-2.194746067313288,-2.361894446584977,-2.4667024043907477,-2.6086163873605526,-2.7974035116831835
2050.SR,-0.7822133330320882,-1.312402095065355,-1.707576636950963,-2.015450542056187,-2.2830552873453347,-2.5282660253164857,-2.6531651616188183,-2.808078823972434,-2.879185129205223,-3.2914395035779527
ORBIA.MX,-0.8484621181596493,-1.312203892396629,-1.6625984264360876,-1.9974949187668611,-2.234316410827218,-2.387252224298663,-2.4665938676768486,-2.5972705807926664,-2.6839898356339744,-2.728331234500067
002241.SZ,-0.43094110552946346,-0.837961656267872,-1.221187792068032,-1.5135870918446592,-1.7742239182162074,-1.97289555918862,-2.1140040035912886,-2.260547152412803,-2.352320012224145,-2.7199159710745526
078930.KS,-0.6213208415825133,-1.155283443983807,-1.597998373895277,-1.8869493556654222,-2.1210515149279843,-2.3339801946344134,-2.5103971684872124,-2.6892929894304234,-2.8135885061169956,-2.866874913184031
2223.SR,-0.8482898017334003,-1.5450241354697483,-2.0548487381116494,-2.3030399445897842,-2.4756907019830874,-2.5543607292466888,-2.787042579732427,-3.0045689765138928,-3.0045689765138928,-3.104568976513893
8747.T,-0.6871469323037394,-1.027097374365088,-1.2643628650526462,-1.4984703496601708,-1.6412796830058685,-1.7908273151787164,-1.8916803740442891,-2.01065138823597,-2.0964266283583988,-2.192511751796744
LICHSGFIN.BO,-0.6496312698742378,-1.1052592898117437,-1.4463882371761747,-1.770458680059761,-2.0631859247104405,-2.2569518753672684,-2.415826186252801,-2.549938139145523,-2.6651298695796526,-2.7923183244859167
AMR,-0.40701530046102563,-0.7391946820131075,-1.0598875159447192,-1.2773967096449736,-1.4471772782380152,-1.6652793980312148,-1.8681696764092484,-1.9852544800454683,-2.180174667390301,-2.3682666735716715
001965.SZ,-0.7496418524016982,-1.4106265602423842,-1.7992481594142158,-2.085565547787594,-2.315866614137127,-2.502288532498559,-2.738625232057939,-2.869354090886329,-2.959155607206878,-3.282673289488627
603369.SS,-0.502715200973866,-0.9832895537870676,-1.3465922610549628,-1.658176576322104,-1.9296673440774677,-2.1246065560028953,-2.20889869322067,-2.3394277892681936,-2.5513836676587096,-2.806573225137671
4530.TWO,-0.5270051023186813,-0.8760635715152795,-1.0954873890303989,-1.2828417858072034,-1.4614521327732537,-1.6296881609282314,-2.079661834085711,-2.222576891154849,-2.354411992640162,-2.872498649966767
DNN,-0.28141682203779395,-0.5559038537688742,-0.8961491634304775,-1.1635011972045273,-1.4213273731838738,-1.651996392372841,-1.868933193106053,-2.031252290441467,-2.195148614108659,-2.295834047583255
600295.SS,-0.5446540836717443,-0.9704971387848134,-1.2836154139417286,-1.5249932972695115,-1.7305886571165876,-1.916944481621797,-2.0876436642783114,-2.2168115047973087,-2.357166358027939,-2.6566496788173697
AEFES.IS,-0.6141882921876581,-1.067474603713597,-1.4010065273233039,-1.728272427517031,-1.9757613025188105,-2.166106752892334,-2.315125577902549,-2.451090239991418,-2.5360172465557613,-2.7788872482342897
600177.SS,-0.7899242907294552,-1.2592563798549277,-1.595923668029534,-1.862248340933444,-2.0618524065183217,-2.188432235957881,-2.316247719068975,-2.4990873418513773,-2.611020911780754,-3.110500739575328
600012.SS,-0.6906219391179612,-1.1917106725540627,-1.5552799463131188,-1.7902279563174168,-2.017678492701385,-2.2173312918509063,-2.3223081240905508,-2.4098226526418465,-2.4524955713864176,-3.0717558743095537
WHR,-0.601993494688637,-1.1050121950457412,-1.476622994828574,-1.7642629432201087,-2.0224889867720837,-2.2171978664371497,-2.3710065740570783,-2.4880103093564743,-2.6413291991609484,-2.758243671798118
3697.T,-0.40743015473646893,-0.7562972509284346,-1.0864700851556295,-1.3400589057820607,-1.5941232714348024,-1.8069050267066324,-1.9695735332218822,-2.125266372294059,-2.2676730333052317,-2.407718900354504
3279.T,-0.9906715868939934,-1.6188294320567136,-2.0164602292334184,-2.3305283405699324,-2.5693553336830646,-2.748141855217421,-2.8630846159434533,-2.968075859152173,-3.1217128532215153,-3.2391936824125502
200581.SZ,-0.7423111584401706,-1.192279293244601,-1.5039004393424025,-1.7803453767090354,-1.9862651417068615,-2.184174658065603,-2.333710327708606,-2.4990873418513773,-2.6750945776885455,-3.110500739575328
LHFG.BK,-0.8856519715817199,-1.5577424413315384,-2.0064770339957483,-2.264834739586317,-2.5363539925853407,-2.6837168672658964,-2.8044273313261487,-2.988845598706907,-3.258473235897465,-3.4502502066444523
600848.SS,-0.5944399442087567,-0.9623466829911952,-1.2653140978235509,-1.499082850175725,-1.7259412833989587,-1.9589663174439729,-2.099218256580632,-2.224008684892208,-2.316247719068975,-2.588131784784006
489790.KS,-0.2737018896129834,-0.5894557978497782,-0.7647096737863872,-0.9939207777957478,-1.2380803355471077,-1.5932188180230502,-1.7997797362524104,-1.9407584605886132,-1.9976775099622066,-2.2240691690220693
ITUB3.SA,-0.7508394696404722,-1.26934177965219,-1.6870623603593595,-2.0430485364565154,-2.294720986288201,-2.53222733663103,-2.6804732061491237,-2.813455956139082,-2.8795657036189404,-3.1152398803628185
UBL.BO,-0.6138681679317994,-1.0848677833964029,-1.4204573416198059,-1.7241646760810756,-2.000350469708904,-2.210517969963624,-2.3941707770896774,-2.528583977015958,-2.6245624997556596,-2.865425108342517
RMN.TA,-0.8261421775337389,-1.3020672395128776,-1.6375153099243613,-1.940940758778485,-2.189275800398344,-2.3803439694537913,-2.459517549704021,-2.5579773551125418,-2.6407517187915936,-2.726954824908219
002236.SZ,-0.492893833228341,-0.9274724923300897,-1.3143655853625946,-1.5920654879516742,-1.850054568837766,-2.082699117295023,-2.276214441064994,-2.495399272171445,-2.6176529018792505,-2.9893300532005163
EYP.DU,-0.7956602992839302,-1.3477480541071247,-1.8532387562767527,-2.075245778425848,-2.254595064260107,-2.563785422416741,-2.924396248749018,-2.924396248749018,-3.2337929797155014,-3.2337929797155014
411420.KS,-0.7391484043931454,-1.2660550120347729,-1.754476274148625,-2.1131492443519764,-2.4026512054397293,-2.7421544171048557,-2.87274874439986,-2.87274874439986,-3.085136433620338,-3.085136433620338
2350.SR,-0.7727320797486213,-1.3362865435668445,-1.737759269652868,-2.039743575052572,-2.318195767765723,-2.4457123181996088,-2.543745409376013,-2.613078050560457,-2.748763460753193,-3.5815587099781454
SANB11.SA,-0.5953832765662801,-1.117246627863078,-1.5525289372618136,-1.930285856057586,-2.244479175766907,-2.473148253784344,-2.6547590333403313,-2.7503931012109124,-2.9225102231635343,-3.0257517107606478
GENM,-2.9102375212148335,-2.9102375212148335,-2.9102375212148335,-2.9102375212148335,-2.9102375212148335,-2.9102375212148335,-2.9102375212148335,-2.9102375212148335,-2.9102375212148335,-2.9102375212148335
1830.SR,-0.7196522540233345,-1.2662187327995962,-1.6090349682001965,-1.9789104725561473,-2.123695042886196,-2.2948952092431014,-2.4271636164421104,-2.482579981270587,-2.5468644273080825,-2.94201231720791
NLCP,-0.6860196299283058,-1.259003141759418,-1.7282600844397353,-1.9988883275513551,-2.2330227334066954,-2.490016329356716,-2.607369374204698,-2.906956879192743,-3.1173548975944363,-3.1173548975944363
3466.T,-1.0712161544296361,-1.8350217756336424,-2.210166686617565,-2.399435748815878,-2.6433018474652794,-2.7618705243666692,-3.0278437324373995,-3.3456099315959116,-3.3456099315959116,-3.3456099315959116
010950.KS,-0.5975758215551328,-1.0953342363731775,-1.4404009412528125,-1.7456412555123626,-2.0322542710187737,-2.252467521623791,-2.4162182788753834,-2.6035978781383813,-2.7235949738071996,-2.8329163039970253
ADRO.JK,-0.46340605252473016,-0.8805161800871659,-1.2233767592052684,-1.5620463663834763,-1.82509940305857,-2.0437537402966464,-2.3004938712293463,-2.4462424289025066,-2.600339590251655,-2.7710320348466304
DMP.F,-0.5711997149077185,-1.1135575134582922,-1.5111959932581795,-1.7692851078409655,-2.0865796576126274,-2.3087387291928367,-2.512849306354681,-2.697509556976925,-2.697509556976925,-2.697509556976925
601788.SS,-0.5937521491513341,-1.0823324027691015,-1.4525761808120046,-1.7393607073244144,-1.9365234705061636,-2.0945816579181553,-2.254912873812766,-2.3433805210520937,-2.406810173895851,-3.0885192653761324
002958.SZ,-0.7876199350312717,-1.3906435734380997,-1.8402372425175912,-2.1644199207081414,-2.291904783819546,-2.4419683932636342,-2.682669511229446,-3.2347986395102875,-3.2347986395102875,-3.3347986395102875
FLUOROCHEM.NS,-0.5249605113064204,-0.982685007277032,-1.4375858790787037,-1.8284059855036223,-2.064865206556601,-2.226851941081353,-2.3621350954232363,-2.5216457692966436,-2.608838539883725,-3.216452860349636
260660.KQ,-0.5079552327131512,-0.9533682587984178,-1.285393130536366,-1.5503590797935933,-1.7835574635958442,-1.9453484263496683,-2.1434809941861634,-2.313535360083311,-2.5307691539052954,-2.6003839704054905
2531.HK,-0.3534422634270642,-0.6023197361330415,-0.8357155998461614,-1.0049578902061957,-1.1403424801575575,-1.2537173719938703,-1.3169800737773634,-1.404328690910996,-1.4623460373151476,-1.5039405101474896
090435.KS,-0.6393066007876257,-1.107307361459055,-1.5531726175835514,-1.9011285217792921,-2.166106752892334,-2.395352352229693,-2.51102285972641,-2.639526219799122,-2.808239272466326,-2.977534432970078
600835.SS,-0.5690259619279011,-1.0203792348471936,-1.3834172477765152,-1.674625249140414,-1.9011966128603706,-2.058594772771002,-2.2103380166601556,-2.333710327708606,-2.4733522461586737,-2.9268513918430354
TATATECH.NS,-0.7145235892665203,-1.4108082599312521,-1.896340320183512,-2.1585122003160007,-2.3395880716087025,-2.524599785604496,-2.889300115082007,-2.989300115082007,-2.989300115082007,-2.989300115082007
6781.TW,-0.3510411710035469,-0.7621522767710831,-1.1166337770208403,-1.4009300508860196,-1.5839392375511276,-1.788121347065083,-2.008436641155308,-2.1586827804877027,-2.2569096309496226,-3.2355595735103715
300251.SZ,-0.47490155526933225,-0.8747420297941774,-1.2010951717931322,-1.4673321782084157,-1.6999365704437068,-1.8892589223448872,-2.0363593347265856,-2.1589100908759717,-2.2663727360038495,-2.652069807902201
601865.SS,-0.3499286410710726,-0.7367751788669143,-1.117167957676021,-1.405723333509188,-1.6252175005295368,-1.8344585421915771,-1.9843620239418833,-2.1665872057715876,-2.273394433295814,-3.0330060439292597
4516.T,-0.6888219128906294,-1.2478202160814607,-1.7116753065097292,-2.042805306439028,-2.28795363397524,-2.5255595615983504,-2.7256523369447065,-2.8413556163565135,-2.9794296900453126,-3.015331861783296
688126.SS,-0.46810264014318004,-0.8545870787007699,-1.2356021148971432,-1.5801198495231652,-1.8453822766678551,-2.0492956579039543,-2.1851088512012957,-2.446116497917412,-2.5255313744835313,-2.572102250393021
00680K.KS,-1.0573376200355984,-1.5721044606313923,-1.8918957256853934,-2.2961295988677257,-2.4283444349699987,-2.584543068080989,-2.7811231646432577,-2.7811231646432577,-2.943020318165983,-3.267916402415037
2264.T,-0.7396872071531833,-1.3689171043033175,-1.8227193976770215,-2.240969104085073,-2.5159176289703447,-2.6791889385317185,-2.864904815398751,-2.9794296900453126,-3.2196457204180913,-3.2196457204180913
4483.T,-0.3597620960800234,-0.7835388226611327,-1.0980713735328715,-1.3967407780101642,-1.6775620135105003,-1.873971696288735,-2.0757757959437924,-2.296180933378842,-2.434920604727801,-2.594289161264085
4164.SR,-0.840074281870638,-1.4646665416167413,-1.8758802685187446,-2.2261794055993804,-2.37952902270043,-2.8527922376190835,-3.0663565926088765,-3.1663565926088766,-3.1663565926088766,-3.1663565926088766
5985.T,-0.7256954082165555,-1.2166337867132642,-1.582290272532297,-1.8919083754841726,-2.143758034615967,-2.316364894639139,-2.433903309076018,-2.704238267556625,-2.9564653650118466,-3.0647788205419855
002385.SZ,-0.5837433634194152,-1.0123822720398452,-1.353724853678262,-1.6178087505514602,-1.8606448377277758,-2.040107571491989,-2.1324845536780357,-2.273026310734959,-2.4675152609284083,-3.0095405863340408
3969.T,-0.6794459463252933,-1.142203907280668,-1.4955502744219082,-1.8172268198249601,-2.0053688448397353,-2.1291302449370373,-2.282466469509267,-2.4258154749002867,-2.6484469736305285,-2.6484469736305285
1072.HK,-0.41859937683274734,-0.795573328652266,-1.1169059353592412,-1.3944860400410723,-1.6451527742395906,-1.857552617730752,-2.043286762562391,-2.200652391586911,-2.355313302269811,-2.4603457917046576
NVAC.SG,-0.5095336923257804,-0.9447883699867496,-1.2717572117406273,-1.527450301210537,-1.715837805295483,-1.8997864099799242,-2.025630172782707,-2.0929571968208673,-2.179198627462701,-2.3060439010192564
022100.KS,-0.5145147499975173,-0.9463514328240202,-1.3167013932322233,-1.6079350987725205,-1.8601877599275813,-2.0198878453507114,-2.1455599370870257,-2.2531425945937453,-2.361776168759523,-2.4402345614286065
2588.T,-0.6027625453630571,-1.0343932023869704,-1.4008135311154972,-1.7219456463781777,-1.91699871232808,-2.0947808726527812,-2.216362779224404,-2.383629384057954,-2.4580787524559233,-2.592655576282246
600021.SS,-0.6486251541128409,-1.1226021899391114,-1.4771095330576334,-1.746680904710199,-1.9052866872278447,-2.063588563883313,-2.207688027476417,-2.3213995263453313,-2.3958761286554418,-2.903973081631946
6324.T,-0.45286361817709536,-0.8049896861611279,-1.1241803182419314,-1.3931119105732603,-1.6368415285684244,-1.838917678668851,-1.990655334387298,-2.1439183059223286,-2.2820020792544433,-2.4688409605646506
MKHZN.KW,-0.576758564507798,-1.0200762327862016,-1.9491119969398922,-2.0491119969398923,-2.0491119969398923,-2.0491119969398923,-2.0491119969398923,-2.0491119969398923,-2.0491119969398923,-2.0491119969398923
000066.SZ,-0.5205993325433494,-0.9085650416734989,-1.248127317299235,-1.5502167778295979,-1.7997089016823928,-1.9862651417068615,-2.20144862140746,-2.3105806127932884,-2.433790647572181,-2.8290074842933715
DIFFNKG.NS,-0.3409795577806514,-0.6222734776480124,-0.9782023052966733,-1.3210185567619943,-1.8500337756176968,-2.068583272107961,-2.1424866621154828,-2.2303612086746267,-2.339828349992063,-2.339828349992063
X.TO,-0.9589969560998374,-1.5667900271069095,-1.9598875923172652,-2.235848881753655,-2.4154195910793805,-2.57576754964457,-2.72502203431962,-2.830764737481148,-3.0696301690120738,-3.123682078553883
I93.SG,-0.5776934193124184,-0.9929649010399311,-1.3335504941148428,-1.5945274751833767,-1.8865552537505978,-2.1130795380662653,-2.2564914365981408,-2.4127854715454946,-2.5202615448961803,-2.7553251650972794
4071.SR,-0.6124826544725057,-1.1449391630910664,-1.517675093959448,-1.7898029126353632,-2.0777124782407763,-2.328963995070006,-2.4597681089873435,-2.4597681089873435,-2.6544241717206867,-3.1923034162917614
4001.SR,-0.9346859890627018,-1.5235660534362656,-1.9281338098401613,-2.32747158812203,-2.594546311316661,-2.7224207069900705,-2.777164055660257,-2.8791065355107195,-3.0242477352639914,-3.0911218398882405
600011.SS,-0.6312727385433715,-1.1207099452088782,-1.4956235868459915,-1.7952705516956298,-2.011792544422636,-2.2261411536205884,-2.4196537408277576,-2.5381229126778058,-2.6204718741922277,-3.040218439023134
K71U.SI,-1.013056611271791,-1.6056215124128927,-1.9868401075662514,-2.291497872340078,-2.543738443634693,-2.675680250240673,-2.8489101360909244,-2.9605553997302767,-3.1288747686891147,-3.212450536671346
600150.SS,-0.5358499508969757,-0.9580164280323438,-1.3072482759458826,-1.607176916682934,-1.844856844842245,-2.0211090039334714,-2.1970683626811205,-2.333710327708606,-2.457063764499701,-2.7887108508395597
7164.T,-0.7361581865292106,-1.3042752877026407,-1.7029153810275317,-2.035539370103872,-2.29324226443233,-2.4983695201204656,-2.7349854587387235,-2.899047494989819,-3.2277543564205455,-3.421036183813561
RYSAS.IS,-0.4357679493896756,-0.9091333934785271,-1.266935087397191,-1.5849157193701056,-1.7930195877476631,-1.9963085030203298,-2.147202453001849,-2.290896512177719,-2.381086219347377,-2.626340797045679
023530.KS,-0.5671466208545054,-1.1349166179934913,-1.5613672756883434,-1.8911220132637419,-2.1848884184172586,-2.3430070988460714,-2.5303151553332897,-2.7646720083572456,-2.8726844550536708,-3.030436854828008
SGMO,-0.25102851989498554,-0.5084268535760357,-0.7690976958822652,-0.99298590437513,-1.2078702542338906,-1.3864452101032454,-1.5526760756857632,-1.689373662811179,-1.8439262956316742,-1.9894157052692398
AURE3.SA,-0.7947626308230074,-1.4005161486714983,-1.811498673173026,-2.146324054531887,-2.4909876853502326,-2.728131207691233,-2.859261602018879,-2.859261602018879,-3.072443214112795,-3.072443214112795
4743.T,-0.6675899263819887,-1.1811418030155059,-1.5198816202494503,-1.802299230668836,-2.027743410188543,-2.2294152816332495,-2.3826000993358627,-2.5703959389116604,-2.6600016798427206,-2.8019727085161334
000009.SZ,-0.5045824482857234,-0.9044463791560384,-1.2363125378028463,-1.5198037304329495,-1.7634714304436392,-1.9670028745810848,-2.1209030602536503,-2.267719582894605,-2.351914991020035,-2.6750945776885455
8060.T,-0.7230276103786111,-1.3190305226184895,-1.718451543391025,-2.0557420791000838,-2.3466977986761637,-2.600463532692549,-2.7983503442235,-2.9172522888190393,-3.101387000574596,-3.3010952345707816
3234.TWO,-0.41604706258318525,-0.8335672502340271,-1.175439309476445,-1.443538702225068,-1.6927779697199028,-1.8599264852181712,-2.050953316331401,-2.2028998252149607,-2.3196098790607014,-2.8084943510342493
601898.SS,-0.5985004065166809,-1.0995301944196938,-1.4210741684020205,-1.6807599198425278,-1.896521577079759,-2.120077138736303,-2.244340905838314,-2.3579103636143914,-2.439625273609029,-2.8676689758016924
601696.SS,-0.5810875715224737,-1.0649029913641164,-1.3493792261509345,-1.687951525885602,-1.9200441677712596,-2.140073782173989,-2.3598138582288444,-2.4932427327155353,-2.5347811972999263,-3.1933200326895883
900947.SS,-0.8017048054722725,-1.2740493858083235,-1.595923668029534,-1.8016827681305911,-1.9976118746146014,-2.1716341573042786,-2.327810298555369,-2.588131784784006,-2.719555875072456,-3.22833373054657
SJVN.NS,-0.8205516779586838,-1.4071630596040352,-1.7708554948788051,-2.106193116460912,-2.3134378704465948,-2.4855095775864924,-2.736504578173547,-2.7959560151527523,-2.90931206287583,-3.0800213314951743
BPTR.JK,-0.2859298116650119,-0.7175666562629555,-1.0417066952921532,-1.2616230202303977,-1.4497115821109579,-1.5691145356556633,-2.5124649671110593,-2.5459146750661796,-2.5824814230079456,-2.779182414572862
STLA,-0.6403252246313201,-1.0335899800986834,-1.365441262643629,-1.6272819876506208,-1.913617478788973,-2.088284081304034,-2.1889480944258186,-2.3475599183676974,-2.4369669822977382,-2.5862099838315222
6952.TW,-0.8852664026028298,-1.4542857524631414,-1.7831966662198075,-2.001106860288266,-2.032140996386809,-2.065265425736997,-2.2272296618532232,-2.4847027682544915,-2.943857597535886,-2.943857597535886
4205.T,-0.5725016157070322,-1.022734279105043,-1.435547732996205,-1.8080931105866567,-2.042805306439028,-2.2934980303425188,-2.4883174516858735,-2.6378766518051826,-2.7788698763400363,-2.890158748455564
MAVI.IS,-0.5702208463589854,-0.9977253609850667,-1.3787425096875976,-1.7597543316858328,-2.020052502828801,-2.152223092171278,-2.257188346918912,-2.4380444291508856,-2.540316506406801,-2.8327688190491425
1232.HK,-0.5916898584169126,-1.0239471632801116,-1.2382958204533148,-1.4035554497152265,-1.507743522781274,-1.6344598430977626,-1.714193129463029,-1.7830094215695305,-1.9226154596774934,-1.9919144521057783
1772.HK,-0.3296036113141002,-0.652079282662852,-0.9998381138439473,-1.2870218773457316,-1.5390005403786302,-1.751208739534494,-1.935751505416254,-2.1364926469004435,-2.245113722892664,-2.3892592182164094
IQ,-0.25653245497242516,-0.5530702980868141,-0.8548771356191256,-1.1158654005977862,-1.3363178254094166,-1.5636990437640221,-1.827280460941937,-1.9002032021764326,-1.9849026368346712,-2.1471847651421414
4922.T,-0.6818321313200112,-1.1658880501033064,-1.5708741762812002,-1.8924806733325175,-2.1197291592237684,-2.282295329417776,-2.4226135360451626,-2.588810110538564,-2.6938780360473076,-2.8900074107988445
INTP.JK,-0.5616434443077417,-0.9699903905087354,-1.3218504687582262,-1.6590020231957938,-1.8931845346736698,-2.1203758818461758,-2.4010936205742124,-2.556374454076694,-2.6944125826755805,-2.947347479206506
COLBUN.SN,-0.8319844094782803,-1.4447382346137583,-1.9503554353328407,-2.319044302252573,-2.5251171789922244,-2.726978456920877,-2.858153097179997,-2.963292011854844,-3.031311205141448,-3.2347551882652072
HMN,-0.6927700156079275,-1.2332984282046353,-1.6315799380886258,-1.9257410285043162,-2.182720074784711,-2.3710065740570783,-2.5053135990191526,-2.628985525095589,-2.7253672237986515,-2.8346314809778623
282330.KS,-0.5261497068853623,-1.0453829839029574,-1.491749053480818,-1.8824340799847248,-2.2363434758443215,-2.4525593662493472,-2.874031539219205,-2.9637132596757954,-2.9637132596757954,-3.386843501727893
5471.T,-0.5419703641891234,-0.9959624091169712,-1.4068436070925057,-1.716919379752658,-1.9705736624221697,-2.1721922106132956,-2.3344295839615494,-2.5065040694860508,-2.6791889385317185,-2.7602502556431543
600918.SS,-0.6884801877207579,-1.2232403273886312,-1.6652133098136976,-1.958703736383532,-2.263598502269917,-2.3718533294120765,-2.47632317024265,-2.617811887634379,-2.617811887634379,-3.1795721915291963
1888.HK,-0.48821317798267905,-0.9269216008611287,-1.286537069474988,-1.6147707535808893,-1.8840235107129777,-2.0672015418783323,-2.3031204007882295,-2.467286853217171,-2.6311827044464433,-2.8282820605654764
1368.T,-0.5215382242532766,-0.9971296430823486,-1.4325955943344528,-1.835739697692257,-2.1866009085682157,-2.341992235121582,-2.4965302369579234,-2.5646399390936137,-2.647243623371537,-2.7143988967372494
SASA.IS,-0.5200477377208864,-0.9517729935854018,-1.3052193067390812,-1.5637393702940543,-1.8611197147157434,-2.03834791193566,-2.1505067642969307,-2.298820195778001,-2.4075353774057136,-2.5973746732074425
6592.TW,-0.8721541522407548,-1.4417501797532875,-1.8693542425104488,-2.1598178520622673,-2.316618634008398,-2.496494555847469,-2.652840575951773,-2.8365066102249665,-2.927157812829461,-3.2534193555169524
5714.T,-0.5786185572252402,-1.0482654399231626,-1.4033743514344428,-1.7645821888043378,-2.0284546900480445,-2.251756779621947,-2.387922140784025,-2.539831993566806,-2.692792093318821,-2.792069225181797
RELAXO.BO,-0.578804260613602,-0.962402787202852,-1.256265992213405,-1.4709820076253963,-1.7074803893378099,-1.8694022123631786,-1.9909808542331449,-2.171943360510312,-2.2982351883835492,-2.4531689399502157
5527.T,-0.5581103618919404,-0.961206004026445,-1.3441335432774477,-1.6127028606138016,-1.8156381255026657,-1.9104541351342974,-2.1116911267087564,-2.1784507287156814,-2.1784507287156814,-2.2158428057791135
002036.SZ,-0.4404330235623109,-0.793333476729568,-1.0897221082691315,-1.3557381963313855,-1.6145154230527883,-1.8001295514072975,-1.9571779841084795,-2.117808163263995,-2.2075419479393545,-2.5382451526560734
M1PC34.SA,-1.2730005895709564,-1.5182802729467182,-1.722118740239911,-1.9199067077438894,-2.0283552339218156,-2.2052744409375205,-2.291268767897005,-2.430231939116439,-2.464579285579596,-2.642466829593645
688012.SS,-0.390670416816641,-0.7754754808837606,-1.0925647885937544,-1.3365983817115137,-1.6105414987145596,-1.8900714595059271,-2.099647082098291,-2.214128750660749,-2.4245903211860105,-2.614341061012753
RA5F.SG,-0.8587085733632831,-1.4107737204431292,-1.8366862258179497,-2.2292257815813374,-2.4554171243900504,-2.5571262766645653,-2.576946025251332,-2.619918638777374,-2.72399637249513,-2.827540611107209
AGHOL.IS,-0.6725837837204603,-1.0601180236565764,-1.3625312052217087,-1.6448536269514729,-1.8920460275480153,-2.113646693919872,-2.2882801431717943,-2.451090239991418,-2.5455974517767,-2.6840911613276326
4272.T,-0.7697192979182182,-1.318586302868537,-1.713785737229128,-2.0500724342648335,-2.343565047628959,-2.4940091068259407,-2.6388845698073062,-2.792069225181797,-2.902932957925707,-2.9918809929976073
002380.KS,-0.5003180187444229,-0.9655770924821561,-1.3740241204078458,-1.7282225102717124,-2.0056327135265133,-2.219609829560639,-2.4091400657589146,-2.56040233478151,-2.665491964979474,-2.7741241337090283
8086.T,-0.8316913466749054,-1.4344217332418443,-1.8999763255679354,-2.2215819996584294,-2.430427561149321,-2.600628712169549,-2.8413556163565135,-2.9794296900453126,-3.101529537043595,-3.101529537043595
9913.HK,-0.8085999807138361,-1.4354054996119208,-1.8557299227201105,-2.0013798180310514,-2.1110331415197128,-2.2084792264535795,-2.3050455737572286,-2.4675152609284083,-2.556207137077357,-2.8383215244066675
CZG.PR,-1.2332285826859686,-1.78337847437679,-2.058483680669683,-2.4653430484777483,-2.6691405213880457,-3.1706634233516513,-3.2706634233516514,-3.2706634233516514,-3.2706634233516514,-3.2706634233516514
BTSGY,-1.9815820156091413,-2.0177261323038285,-2.0845587184079144,-2.137564773601363,-2.245444937258226,-2.310991338257424,-2.310991338257424,-2.36093009113834,-2.388287735585152,-2.483198976291643
002459.SZ,-0.45067966735463655,-0.854688928316002,-1.1664174841000265,-1.4593737047425945,-1.6498021270934486,-1.8324749880197682,-2.01529518381822,-2.117199608177571,-2.192306116851485,-2.570135850523732
150840.KQ,-0.6883162602524083,-0.9826052708439205,-1.2478141505212486,-1.484202894900032,-1.6455607413730167,-1.7935420237533328,-1.9700397137483507,-2.1001654928444746,-2.2119816910435284,-2.3465045011166574
3923.T,-0.438132380800869,-0.8005588232868396,-1.1328956796659284,-1.4282295200981787,-1.6811080169752681,-1.843044040334163,-2.0262230218234474,-2.183048235010916,-2.3233326278321034,-2.5594474339742987
SREEL.NS,-0.5787571670210172,-1.0200762327862016,-1.325862367485416,-1.6012943452440627,-2.015429661706841,-2.2524872432395804,-2.452923665973836,-2.6772734865449968,-2.7438204436256393,-2.9314516162973026
7240.T,-0.5443007106527038,-1.0179965228406043,-1.4166478414588664,-1.7257658851961888,-2.011426346401105,-2.2717297241586722,-2.446145419753446,-2.6511500542349125,-2.7256523369447065,-2.819283975789497
2127.T,-0.5081025517045292,-0.9488201739727183,-1.3044270858371174,-1.6000691441801913,-1.8529585410777811,-2.083200876241642,-2.2227556276518303,-2.353123324909779,-2.4370276583589496,-2.5426786584826027
RGNX,-0.3089736428056269,-0.6032117205120817,-0.8479871423656201,-1.0948774611634737,-1.3125477255963856,-1.5622121399590727,-1.744088033627427,-1.9579844339086094,-2.110958387865064,-2.2578225727029024
PSSA3.SA,-0.7001688700274037,-1.2244456311152503,-1.7084528874452283,-2.019883162524665,-2.3600637883891458,-2.6859410555125756,-2.926684603623164,-3.050583172472593,-3.170331833370287,-3.3664859133342606
2206.T,-0.8402466724560235,-1.4572967128648373,-1.8855066818812645,-2.2263507786060885,-2.5255595615983504,-2.7985058223902994,-2.890158748455564,-3.101529537043595,-3.2196457204180913,-3.4133284188440216
1797.HK,-0.19863525074205807,-0.4752407505132448,-0.7442408655737232,-0.9950508398246035,-1.2330742140569984,-1.45152180356693,-1.6175054010454533,-1.7688250385187068,-1.9558674619405445,-2.169456058895648
VAPORES.SN,-0.7183809103978408,-1.235147094386232,-1.6054814946244285,-1.9684340669002358,-2.2813107431198425,-2.4127669758034496,-2.584828978053802,-2.7114914142568685,-2.7773575166505466,-2.7773575166505466
008770.KS,-0.5404766080245826,-1.0217735962840808,-1.3839976849986142,-1.6757435378933654,-1.9358136467480669,-2.1295312517935665,-2.304087858319554,-2.530881938656621,-2.639510585761672,-2.7396715236461704
1199.HK,-0.547249577964024,-1.0010973096875364,-1.3733345540552293,-1.6869648175997676,-1.927004851764335,-2.1963193575377,-2.3371295467060116,-2.5298014722836752,-2.773122107021608,-2.8773842067147015
6103.T,-0.5061460017147805,-0.894179003321824,-1.2782233887900862,-1.5982762270262998,-1.8847929718894252,-2.151670816644699,-2.3033896135877363,-2.4940091068259407,-2.6029648016094957,-2.792069225181797
4208.T,-0.5622625449558534,-1.0816213232824612,-1.490215466732827,-1.8203880012140954,-2.099915320344782,-2.3316981874286897,-2.5027613986441968,-2.6648709662659913,-2.81162825123693,-2.902932957925707
INKP.JK,-0.5221872789860147,-0.9326929906326155,-1.2470376241732284,-1.5194496907513109,-1.74395011078792,-1.902497144186742,-2.0764006228928493,-2.2312329232584993,-2.346936963205676,-2.4795813151743373
3292.T,-1.0942952603661054,-1.7437192690041605,-2.14173558970701,-2.391525388201147,-2.5511031137910587,-2.6498105706663,-2.8270440440556417,-2.8760510622470616,-2.8760510622470616,-3.001722950750758
TAEE11.SA,-0.9284458081785089,-1.466165197262896,-1.864906007826316,-2.1282238885538445,-2.3522869678627436,-2.512301125396808,-2.671460367424878,-2.8783019041032327,-3.0038939688416453,-3.2088346768686726
SHPP.L,-1.6587055462704812,-2.243590562106431,-2.707477774328666,-3.153765438001488,-3.153765438001488,-3.153765438001488,-3.153765438001488,-3.153765438001488,-3.153765438001488,-3.153765438001488
9449.T,-0.46350503955128886,-0.8776987395696318,-1.209009302331719,-1.4739072586006594,-1.7180749003368758,-1.954379835874109,-2.1423092140859312,-2.280889255237363,-2.3786016792143205,-2.539767335442968
AV.L,-0.7196447867399817,-1.2098085300227002,-1.56124992733313,-1.8392329459920431,-2.061170324311037,-2.259146358482868,-2.4520704019960586,-2.598309935247104,-2.6713291326142876,-2.7453780796474514
1414.T,-0.7707094128047541,-1.3918560681131154,-1.8269708304377474,-2.266452169680901,-2.535442166172229,-2.694038499266409,-2.9794296900453126,-3.301230301013023,-3.4133284188440216,-3.5978384797068235
002287.SZ,-0.5771028303886465,-1.037893311264845,-1.377672716253281,-1.658315925221388,-1.8592750740310227,-2.088141367677709,-2.180417806312698,-2.270460748744043,-2.3838458123098105,-2.74522929554908
601992.SS,-0.6051922131282101,-1.052077334997824,-1.4584425385374986,-1.751587599857441,-2.00547145125894,-2.1564219187009175,-2.296897479834624,-2.394692213084189,-2.522752701409963,-2.8453819908430207
002466.SZ,-0.41453124065188046,-0.7713407759381394,-1.090292753473236,-1.372989620548577,-1.5880499392850456,-1.7694442358670905,-1.9466949830392923,-2.103120035368722,-2.221415119452679,-2.672857611924489
RBKB,-0.8535260667138305,-1.363674296459791,-1.7916772739857936,-2.065461448098748,-2.275595823370269,-2.435635944421194,-2.6518768118165634,-2.835594902538722,-3.0501828060794596,-3.0501828060794596
2381.SR,-0.5606097355578114,-1.2786571602789278,-1.7140802148975651,-2.1311245778114056,-2.319716214725529,-2.4914399735655173,-2.5697185440388304,-2.5697185440388304,-2.5697185440388304,-3.1179952104255033
4118.T,-0.695977173094671,-1.2530935394981422,-1.6778623335765093,-2.0144761156199804,-2.310567967080486,-2.5065040694860508,-2.6378766518051826,-2.7095070034993918,-2.864904815398751,-2.9470004139115633
002127.SZ,-0.4726211134857696,-0.8783013197938072,-1.220124763346779,-1.5119387282450156,-1.7208682989103292,-1.9124057127631815,-2.062913164663609,-2.207878452853793,-2.322244386297043,-2.789759220276192
601377.SS,-0.6005974930723084,-1.108681587804936,-1.4737810929886723,-1.7796385371337429,-1.990949072059925,-2.139039957408008,-2.269412656453753,-2.4699415371335185,-2.548755357807564,-2.7818257479417436
2593.T,-0.8271533153623014,-1.4122736402059266,-1.873743210871912,-2.240969104085073,-2.5159176289703447,-2.6649076576145023,-2.7602502556431543,-2.864904815398751,-3.015331861783296,-3.015331861783296
2689.T,-0.9851333220289629,-1.3947810933950255,-1.6809280746414417,-1.9325591427249702,-2.159406815859021,-2.298931519470251,-2.479352414447455,-2.545410700102947,-2.72549341347765,-2.8900074107988445
5515.TW,-0.9900244629222152,-1.4369451102304651,-1.6992801583817252,-1.9389317232944814,-2.1059078781874954,-2.2915694171317234,-2.6776923495590577,-2.755027187078188,-2.853480048050543,-2.958759249044323
CUERVO.MX,-0.688631081858979,-1.2288146065392431,-1.7529741748804366,-2.2692057962849685,-2.58143687908495,-2.7337802963015605,-3.001859133232274,-3.001859133232274,-3.123208655627894,-3.123208655627894
002252.SZ,-0.7675970191716488,-1.216117847166553,-1.5669625389121724,-1.8607593512762286,-2.158093149122903,-2.350667886069051,-2.4558593918956855,-2.5653605763947027,-2.673970671002455,-2.9402517687662133
220100.KQ,-0.33647753251505075,-0.6759053836187067,-0.9997199737101343,-1.2774629608533468,-1.548911992334076,-1.7771742888201683,-1.9724246420805684,-2.087195084982291,-2.297632157212594,-2.4046705672618836
GDK=F,-1.8270407485530133,-2.1484609746766155,-2.295636387636971,-2.4491392106731165,-2.561757303570679,-2.6418794904475886,-2.699568901744289,-2.885703211844404,-2.885703211844404,-2.9225777960611894
002050.SZ,-0.5008306434719824,-0.8969708386242918,-1.2436850723246973,-1.5374772484368853,-1.76324099521487,-1.9888667619162126,-2.165552776450315,-2.305083300587977,-2.418796000337808,-2.7483710185077346
CPFE3.SA,-0.9523087536782331,-1.4316506192931515,-1.8541637966673445,-2.1738874931839116,-2.3641147869221495,-2.487465968479038,-2.6535724862849257,-2.740932324446027,-2.7939075987420505,-2.813455956139082
5301.KL,-0.6716107986518072,-1.1797611176118605,-1.7799045979887047,-1.9973465873722644,-2.323607871936538,-2.681649951439843,-2.77651526458467,-2.9058129340533596,-3.1162769381393964,-3.1162769381393964
600926.SS,-0.7494131169872412,-1.3654230430752894,-1.8803326797557964,-2.2130562244514227,-2.4962778346046295,-2.842060751811923,-3.1225497553082087,-3.4211544959475972,-3.4211544959475972,-3.4211544959475972
000921.SZ,-0.5539531707118355,-0.97231283269171,-1.3081656780955508,-1.6215360560578953,-1.975168518502886,-2.2833042753627075,-2.426317532460657,-2.52659236788118,-2.5994061352633406,-3.0245209336276653
2229.T,-0.7928483982286463,-1.423158988752182,-1.8471288400961152,-2.139882857957038,-2.4505906347575803,-2.717256547905809,-2.8111212873575977,-2.8910291957127137,-3.0626062832092438,-3.264366190678714
238670.KS,-2.2985221077342777,-3.145803104365895,-3.3432082176268163,-3.4432082176268164,-3.4432082176268164,-3.4432082176268164,-3.4432082176268164,-3.4432082176268164,-3.4432082176268164,-3.4432082176268164
4681.T,-0.7038263354568243,-1.2250782308653207,-1.5976883195713658,-1.9377930574795137,-2.1805936780620607,-2.3863954111901466,-2.566506391779922,-2.664745750753697,-2.7423829491559246,-2.7423829491559246
6395.T,-0.5349968818287054,-1.0152994644400748,-1.3950413548801825,-1.7550218221683667,-1.9994107116521365,-2.2311707316533314,-2.430427561149321,-2.5455787816040307,-2.7788698763400363,-2.917402435316276
6961.TWO,-0.7723075106235942,-1.342737393399951,-1.5907087940536997,-1.8992652391140687,-2.0832873149246502,-2.2104671485512903,-2.2621414838012606,-2.3206717128293155,-2.4693366877977794,-2.4693366877977794
600104.SS,-0.618825793065339,-1.0862823674634063,-1.4755012926288447,-1.769040239904747,-2.003383074374821,-2.20144862140746,-2.3841070222914844,-2.4990873418513773,-2.6893312711464894,-3.163952821269638
9507.T,-0.7826715886787723,-1.3221860387994826,-1.7550218221683667,-2.0868646734201763,-2.366258867122258,-2.600628712169549,-2.7256523369447065,-2.8413556163565135,-2.9470004139115633,-3.101529537043595
7282.T,-0.5810504065309409,-1.050958358596256,-1.4749670500443004,-1.7918375466166898,-2.0626438490568972,-2.310567967080486,-2.5065040694860508,-2.6378766518051826,-2.7788698763400363,-2.890158748455564
300014.SZ,-0.39185494540543164,-0.7539311161215946,-1.07031316286253,-1.365773144318252,-1.6054402770901086,-1.8442964464042706,-1.9698552547168953,-2.095435286246416,-2.1974290020656424,-2.4639779082096562
6951.TW,-1.0886797528776198,-1.6425747062957903,-1.9579534188692682,-2.1137468854167305,-2.152002286811028,-2.2395871239318415,-2.3487153020268736,-2.496039270642858,-2.596453978753533,-2.953717039415501
002044.SZ,-0.5549382610958209,-0.9844273520129038,-1.3396157623496772,-1.6131628234010962,-1.8323969950124792,-2.0084559395091732,-2.117204630674608,-2.182586226006785,-2.292110574023022,-2.688981846983445
6078.T,-0.5884113473595021,-1.0623320593716226,-1.4301577248003312,-1.7045193605593387,-1.973341324955164,-2.1378893863798227,-2.3672187428436344,-2.5136698035849556,-2.7144844117199414,-2.8305687981146086
002673.SZ,-0.6273903809752879,-1.0926820727533715,-1.4066120959935666,-1.7296964271292823,-1.9158175718119614,-2.1234682927922264,-2.2101880614815963,-2.275469430617446,-2.3521856823080465,-2.715252954716812
GRB.DU,-0.6388143329968305,-1.236022456527297,-1.6861085588970162,-1.9885287123762179,-2.154910594528174,-2.4185053687676197,-2.5085957242228307,-2.6252707646149953,-2.700361981219191,-2.9233200450503394
6412.T,-0.780132307600987,-1.3789918352939774,-1.7916177272127185,-2.0831323064866156,-2.310386358020536,-2.545410700102947,-2.664745750753697,-2.8191294547635777,-2.8900074107988445,-3.101387000574596
2451.HK,-0.6374841609623769,-1.0356481919921472,-1.3423356800772608,-1.6153861103957088,-1.8388716539953436,-2.050732129085683,-2.29074749435689,-2.440867866452881,-2.9058129340533596,-2.9058129340533596
002001.SZ,-0.560758841594081,-1.027822170146003,-1.351422526677281,-1.6121678532974957,-1.863408104694152,-2.0274348547803074,-2.1401333965864486,-2.239642284610479,-2.337631109375035,-2.6215963262915536
377300.KS,-0.317991797165165,-0.6791338674987488,-0.9505226347720991,-1.3324535407896476,-1.6439019193301536,-1.8330331429858167,-1.9675840749006848,-2.0409342048375865,-2.204276400426545,-2.297136187869884
RYM,-0.030375772451637764,-0.21422504407673837,-0.3642512012010056,-0.5747977186174331,-0.7515154803714396,-0.8965641506004768,-1.0250678388651073,-1.1415649622252069,-1.313499944563816,-1.4330000073653315
601009.SS,-0.7432651771180638,-1.2623588164652333,-1.6412985450150384,-1.9167414837900094,-2.183859314209335,-2.388054704615488,-2.524417054487568,-2.632780331175193,-2.7591880794325596,-3.0028783980671054
601212.SS,-0.5527482770099469,-1.0217320401189263,-1.416260941064572,-1.6717390019673926,-1.8995876757746673,-2.0951086499232745,-2.24086577897912,-2.4596255068907493,-2.510566009905652,-2.901918100947522
139130.KS,-0.7405580128002892,-1.2630018967995853,-1.7108859024031489,-2.0752041750814287,-2.4729487719431975,-2.6847450661138286,-2.7113904602110552,-2.93364384945517,-3.0573022949402793,-3.2593458202820345
6831.HK,-0.3061457562387049,-0.8103805047469119,-1.1737221651511944,-1.3899075192093464,-1.6387476645753802,-1.9545779044793188,-2.5932427327155354,-2.5932427327155354,-2.5932427327155354,-2.5932427327155354
9696.HK,-0.3473382253999931,-0.6398836509706008,-1.0170419166219247,-1.384268202434778,-1.7133343095241889,-1.9094343044682935,-2.13468333391307,-2.4000363771273943,-2.4559435644166436,-2.5983358745044374
603986.SS,-0.42468790220244845,-0.780058910716662,-1.1297651469765104,-1.4048349601557353,-1.669659215199555,-1.875776211378341,-2.067380343775449,-2.1831638388759487,-2.3560655740413377,-2.655650207065263
2810.T,-0.9183896859896341,-1.6320009424006248,-2.119923300756366,-2.438211198557903,-2.6649076576145023,-2.890158748455564,-3.2196457204180913,-3.301230301013023,-3.5978384797068235,-3.6978384797068236
601100.SS,-0.4816124210830509,-0.9075585574664008,-1.2972614864446157,-1.6151797384033975,-1.8951539473984218,-2.152488691258889,-2.3311683723687042,-2.489957364043061,-2.5604735611181204,-3.045507432431107
2498.T,-0.6516323209363654,-1.0404121889099633,-1.3385267134332655,-1.5947103536245724,-1.7960924012209032,-1.9764054217724998,-2.133099061943235,-2.2613444907458375,-2.3519787681885487,-2.5021625026564216
601866.SS,-0.6126475816986938,-1.0899116799633803,-1.4510573134341593,-1.7415561267631179,-1.91768937156578,-2.1125427053550982,-2.233376041062602,-2.389655676861055,-2.465724249174454,-2.8367249969242216
139480.KS,-0.5625475490132105,-1.121650259375895,-1.6106200096035606,-2.007534909167109,-2.324256852842716,-2.537235250394017,-2.7112052898385044,-2.885283402488463,-3.4509296268656118,-3.550929626865612
FPE,-2.0994144444847285,-2.651237570713602,-2.811231571371364,-3.027284908050329,-3.1131993816131103,-3.1131993816131103,-3.1131993816131103,-3.2309474316962987,-3.2309474316962987,-3.4240718216181367
3035.TW,-0.5344211446208432,-0.9298815195598324,-1.2855217003145336,-1.5176130736609272,-1.7125499552860957,-1.879093992913477,-2.3191648349215717,-2.501833188868697,-2.6136708349003945,-3.3119017212686157
2670.T,-0.6886773843583663,-1.20214270835487,-1.6118835612890017,-1.9613821048011126,-2.256393457039742,-2.527118739645151,-2.7153106606191777,-2.990200682632281,-3.195896496939114,-3.576299203118074
MULT3.SA,-0.5999883704763523,-1.1273006572453685,-1.561337856569919,-1.8947210261264558,-2.216447945608972,-2.415021851149532,-2.5450383596407127,-2.676927551559546,-2.819644208337219,-2.819644208337219
OFNZ.XC,-1.6146663024148125,-1.9991446510310449,-2.2286700523609757,-2.4098873493793165,-2.637228013575144,-2.8943542835124014,-3.0511541225921497,-3.3670103298574676,-3.3670103298574676,-3.3670103298574676
9003.T,-1.009927383959891,-1.7275514872108357,-2.097631042496282,-2.4624918911418403,-2.7425410613118277,-2.9470004139115633,-3.2196457204180913,-3.301230301013023,-3.4133284188440216,-3.5978384797068235
1523.HK,-0.49772146446917903,-0.9829719359367469,-1.3650526461985246,-1.6561750451895116,-1.9067322392719785,-2.2054756174510155,-2.5122451352072015,-2.628787839178355,-2.6644216787020136,-2.798039141517714
2488.KL,-0.8254575070823184,-1.3452517687652448,-1.7363633110556673,-2.0197950742574426,-2.277108545900112,-2.503033886216315,-2.63914556510125,-2.7561367778130723,-2.9598044360474915,-3.068017401514884
000425.SZ,-0.6075259213993465,-1.0190669016125855,-1.358455902409869,-1.6874466001374528,-1.8894415724277063,-2.1063369104275473,-2.219405586107735,-2.364499028425812,-2.4414022075752033,-2.8744988367849738
1128.HK,-0.4348543304006194,-0.8608778044287316,-1.2348359785623149,-1.5677412562822501,-1.8810139958826058,-2.150897918584706,-2.336018931635874,-2.576002149423307,-2.747945289334994,-2.878319419947684
000999.SZ,-0.6160364365903471,-1.090079289111651,-1.4750789740593986,-1.7600060879894823,-2.0653514358772624,-2.313423096807092,-2.496428832664525,-2.645613005882261,-2.7862811490714208,-3.0624420652494346
3406.TW,-0.40515190705574117,-0.7540603105609681,-1.0593709060169851,-1.3062621774810241,-1.480957548365476,-1.6527881641513604,-2.1798539050735797,-2.3128350971962983,-2.441308527460137,-3.2342767542844024
2039.T,-0.6179374590137925,-1.2197028248060615,-1.627581345590958,-1.95546964940096,-2.2043121584806262,-2.317676646038388,-2.4554458615290686,-2.5467528406956625,-2.6660386027474208,-2.7267624501475516
6590.TWO,-0.8978642040489192,-1.3160342593133982,-1.5845254054600963,-1.842712316871506,-2.09445934214992,-2.2595114303038866,-2.4538326153364713,-2.618415287016632,-2.737875633232441,-2.917051970835027
000895.SZ,-0.7387187118245154,-1.2784537165554153,-1.6620734189436743,-1.9458467438921196,-2.155427393264932,-2.3841070222914844,-2.5994061352633406,-2.719555875072456,-2.752489910463081,-3.3097323744460176
8876.T,-0.6540645483881563,-1.1843132581044167,-1.618351450428793,-1.9989142561034463,-2.2639424845674276,-2.43567160506486,-2.6230956637985554,-2.7681162373244352,-2.960104609438597,-3.015827713940165
QAMC.QA,-0.8440508401737327,-1.429404930129439,-1.7290217105705392,-1.971229581757159,-2.1929279474209125,-2.386977249811186,-2.706726705846796,-2.838683156270888,-2.9292775969254268,-3.2553560683087244
688180.SS,-0.3087257945471349,-0.7549129670885942,-1.1503493803760083,-1.4925990633981119,-1.6778648083948275,-1.9372823107435444,-2.168502403784816,-2.3343325950463374,-2.3961952051590307,-2.468865458927164
3020.SR,-0.9662586392010093,-1.5908773575474724,-1.9486840542982822,-2.250446233370526,-2.458428723345908,-2.6748753502322806,-2.777245054709223,-2.921038971545272,-3.024323127075387,-3.581625453102155
001373.SZ,-0.4424168343485005,-0.7796242417443978,-1.132196885287173,-1.3769701958948228,-1.592431610330019,-1.735394767824431,-1.9525376639816239,-2.1887247474438154,-2.234697697137787,-2.94981425688785
LTTS.NS,-0.6955692196724609,-1.2224332572652523,-1.5680157654252778,-1.830595608290666,-2.1519675176838526,-2.396064447311,-2.622754958288094,-3.009514091995085,-3.009514091995085,-3.1306094865527974
600252.SS,-0.6106098569335043,-1.0560779561358427,-1.3931687302086835,-1.6485476423923058,-1.863521860083485,-2.0175332948443496,-2.1566517291212675,-2.2688967067826886,-2.4052157081748904,-2.7401074330347868
204320.KS,-0.4968577886562014,-0.9215175638992259,-1.3279596320688554,-1.6807016256099767,-1.9354352203491456,-2.1365778562349895,-2.3206717128293155,-2.570598871066293,-2.7200872937956966,-2.851527009097479
DWNI.DE,-0.7015823970799017,-1.1937230744552567,-1.5301312196497685,-1.8369146825201945,-2.093084510749136,-2.315353764289646,-2.414703308474993,-2.5866607201808147,-2.7672499434343827,-2.844956240048636
605117.SS,-0.2687902869011031,-0.6084226689190101,-1.0338080245920216,-1.3449729334055693,-1.5966993099230111,-1.789370503791598,-1.953265940865956,-2.088224556303782,-2.1969920252115163,-2.5586522072733566
4206.T,-0.7728761170923812,-1.3597373839386055,-1.816403366486756,-2.1595982206443236,-2.393568084856259,-2.612645741149514,-2.864904815398751,-2.9794296900453126,-3.301230301013023,-3.301230301013023
8818.T,-0.7135592961048449,-1.2358288179505112,-1.6998656454425078,-2.05032663849143,-2.291487126063466,-2.604581444052612,-2.7877885683056833,-3.1265054548554945,-3.1915374202048605,-3.386621683755016
4686.T,-0.3970746885763478,-0.7827658356208809,-1.1076287514810852,-1.3690627295994091,-1.6194036425734046,-1.7719568203845313,-1.9325118184741306,-2.0406907303030306,-2.151670816644699,-2.2566560538934906
688002.SS,-0.3376430663011116,-0.7819782928917113,-1.1811380342026814,-1.5334718296524257,-1.7334593954854367,-2.071477700735088,-2.273625619376209,-2.456020065778155,-2.5273022667338023,-2.614341061012753
HWAUF,-0.3630366051056295,-0.5465757518666767,-0.7273310640505967,-0.8917088296734073,-1.041415591468711,-1.195916731331755,-1.3629269764151961,-1.535027050477494,-1.6632785793317977,-1.7494462987661623
8174.T,-0.654554397825147,-1.1258528263091234,-1.5361620693133122,-1.8784174404654368,-2.1554753048587316,-2.3532399388955874,-2.535442166172229,-2.7788698763400363,-3.0555996608226104,-3.301230301013023
STARHEALTH.NS,-0.599697651820613,-1.279289216255107,-1.6674375355053055,-1.962521592262952,-2.259426639852963,-2.5778971539396616,-3.0920084989705656,-3.0920084989705656,-3.1920084989705657,-3.1920084989705657
200625.SZ,-0.628778368739797,-1.0476801582764845,-1.3555169301309642,-1.6215360560578953,-1.862248340933444,-2.0489508008324844,-2.316247719068975,-2.4414022075752033,-2.5994061352633406,-2.851016072692428
2238.HK,-0.4432032147253206,-0.8393097798266878,-1.2120895592147487,-1.5626414523870098,-1.8532294683104638,-2.0856075292599763,-2.297476360128473,-2.4603457917046576,-2.6141454150498284,-2.738659040606568
300144.SZ,-0.5526742749800571,-1.015388351730622,-1.3990671762711218,-1.7001889969417074,-1.9716710428491466,-2.1913971328738895,-2.3762181632707375,-2.511405624381866,-2.5448666203690484,-2.996276257928602
Y73.F,-0.2007794633827988,-0.467886166451234,-0.6496584046433553,-0.874383302076648,-1.0476337747346514,-1.2235937258350427,-1.3077598569773636,-1.4368741056528929,-1.5115308044625795,-1.6108946785626725
STRS,-0.5878096891747675,-0.9395396612713167,-1.2267640100121207,-1.4732104589354449,-1.6751839299023141,-1.842148485657092,-1.9909144888764019,-2.0993587478560025,-2.2496909064686688,-2.3343986285231986
2270.SR,-0.8564898448112745,-1.4430169411638458,-1.912449301000427,-2.220067970821472,-2.5600408657330274,-2.777245054709223,-2.8418383811782646,-3.0911958376920343,-3.2914395035779527,-3.581625453102155
8976.T,-0.8134140147782075,-1.3143836640297186,-1.637212735560285,-1.8820638720460976,-2.1233066115346255,-2.310159207873079,-2.3984959682814404,-2.5227459772248033,-2.634261909277386,-2.668063218896352
8572.T,-0.5466340167076559,-0.9893802417714764,-1.3358020276960405,-1.6412089378753585,-1.9148550637465893,-2.2029956029154545,-2.393568084856259,-2.588975896505103,-2.7425410613118277,-2.864904815398751
CMIN3.SA,-0.4511910607652756,-0.8957798188835894,-1.3324387696802507,-1.667207001434427,-1.937576620466573,-2.197517064768806,-2.4791734716277234,-2.9390517431591627,-3.1476137361139496,-3.1476137361139496
ALVO,-0.4881807445270219,-0.8448399158695875,-1.162039679425546,-1.4369536691151885,-1.6176558629029583,-1.909148252192899,-2.026196453670105,-2.0722168859498984,-2.18015000390963,-2.2115665989803426
GSK.L,-0.8653917386041133,-1.5385896664243253,-2.021621463532771,-2.350726932522966,-2.6211263650758454,-2.798283249869908,-3.033462341737826,-3.2367897411210493,-3.429626683218221,-3.6134015746996266
6753.T,-0.5052684461586663,-0.9835771289067556,-1.364151068803031,-1.6532755348667285,-1.91049889902349,-2.1214034880954658,-2.2925647707836463,-2.387922140784025,-2.549669716346944,-2.6388845698073062
001979.SZ,-0.5412622325469187,-1.0028084160631408,-1.3535641013959552,-1.6810013830971169,-1.9181083315139702,-2.099218256580632,-2.2576278379117505,-2.4189775130897,-2.490324640926528,-2.851016072692428
TBIG.JK,-0.6209744826055823,-1.1068068657380725,-1.525081759409054,-1.8700211026482998,-2.1368327032310175,-2.3619935585553407,-2.6293883068143464,-2.856979744787854,-3.003027578993717,-3.2716462178504693
7545.T,-0.6566648061444511,-1.184346109242561,-1.6167187494461113,-1.9197010929070883,-2.1849507772915526,-2.393391476752593,-2.612481182809762,-2.7423829491559246,-2.9172522888190393,-3.055455294935876
PGAS.JK,-0.5679542540258308,-1.0007495427019426,-1.3774324801657742,-1.6732538702627755,-1.9244995032670393,-2.131895877677491,-2.3440508869461643,-2.478160758147333,-2.5425357029085385,-2.754989287148592
BRSAN.IS,-0.576103161669578,-1.0057300277899477,-1.3388913052624554,-1.5715256291802224,-1.8060592130104964,-1.967801260650355,-2.1207910057170434,-2.229847394400064,-2.3557601535062798,-2.5455974517767
600010.SS,-0.6209034082476544,-1.0908398420563898,-1.457907919494643,-1.7222574563407105,-1.9513642211150488,-2.123856495190323,-2.2539578023148104,-2.4158962374926416,-2.5941205679966886,-3.0095803231386022
NQ=F,-0.927417606595289,-1.4277370656273007,-1.8159818724865822,-2.1477802345977497,-2.465349240419124,-2.6895390017655587,-2.9270449591575103,-3.1641339558768067,-3.2285117456317605,-3.421756207818051
DRR.AX,-0.6726933141729221,-1.2742086238723707,-1.7464594345648814,-2.0906717181938106,-2.359922546782159,-2.6067961412449536,-3.170221212581114,-3.270221212581114,-3.270221212581114,-3.270221212581114
600018.SS,-0.736798939258695,-1.2541915190680006,-1.623845802543087,-1.898609878319156,-2.1081834975110163,-2.254062047424229,-2.382634727289318,-2.491157368671412,-2.653847349738324,-3.0579947336431044
KRTA.F,-0.6343532069008788,-1.040087351056217,-1.4135877055206372,-1.7037094908840362,-1.9599639845400592,-2.166511672907911,-2.35130916382217,-2.4415132813205735,-2.592655576282246,-2.6901095271588713
3320.T,-0.9351667308229785,-1.420349515780004,-1.7422013704088386,-2.0080040891184967,-2.2368274605021607,-2.400581445413123,-2.537626130192418,-2.5494696383514257,-2.6443613163359463,-2.771471416542971
002429.SZ,-0.5333260678947734,-1.0028015884792023,-1.3491288570037903,-1.6524701742575514,-1.8744918663653831,-2.062461704012239,-2.2116440744070487,-2.3144987260496177,-2.4240622198816535,-2.7025913775006707
2938.T,-0.4691125769804821,-0.9698325527029298,-1.275404618037315,-1.6225149215033805,-1.7978412646674784,-2.0205989315607353,-2.138317604180509,-2.446116497917412,-2.6865128723685747,-2.910361586481469
001450.KS,-0.5187486378715412,-0.961286042056189,-1.321463504906639,-1.6289621434699757,-1.8971315502090018,-2.1077184485912004,-2.3151868970304745,-2.469501759958858,-2.639510585761672,-2.8122222680445916
MANYAVAR.NS,-0.5295057737269961,-1.159899621786442,-1.7082431184356852,-2.1808153021682797,-2.4421880491253187,-2.5613199125279977,-2.7340256411583135,-3.0777774871648096,-3.0777774871648096,-3.1777774871648097
4587.T,-0.3933660253607559,-0.7812250951791646,-1.1401966125645284,-1.450818056235122,-1.6958755878708598,-1.8844183562869987,-2.094420819995382,-2.2687111173462857,-2.4199197473960004,-2.5227851996215054
4812.T,-0.583986292290172,-1.080463584254266,-1.4783061859347706,-1.8017224440899762,-2.032979693256951,-2.216675636144378,-2.372743915780068,-2.5352735399592494,-2.72549341347765,-2.7983503442235
002230.SZ,-0.4635918163819129,-0.8657969260055716,-1.206837408907085,-1.5260143910995816,-1.7670057690202428,-1.9991511875362151,-2.1730790773716704,-2.2768363648828287,-2.392191945567867,-2.799544945301397
NIC,-0.8262008320761238,-1.4116248433778227,-1.792531556623836,-2.0442182613965394,-2.2103903112091476,-2.4004976479825486,-2.595481680367149,-2.8473807584495825,-3.107124408952533,-3.5184785021050606
3549.T,-0.6877306821034025,-1.1814258545224277,-1.5875748491703687,-1.9305805850512336,-2.2060504734635025,-2.429478641751982,-2.612411343677726,-2.763341261319504,-2.904536511294778,-3.0292050459317412
300458.SZ,-0.37151840424726223,-0.699351021630092,-1.0034012289147745,-1.2738744056213542,-1.4670598759547764,-1.642046967876943,-1.7897073691568366,-1.93809840055457,-2.0675249092133625,-2.4396820574686284
ARI,-0.9617330256639717,-1.4516759051832306,-1.8287824752246447,-2.053042977765106,-2.2822022820170043,-2.440691433519366,-2.5202443470070857,-2.583766869712886,-2.6814865034111754,-2.7044892672835474
1722.HK,-0.4799548695489528,-0.7738000140083945,-0.9745316843959096,-1.1457543383373943,-1.3100256684950404,-1.4586421293063114,-1.6061324317703969,-1.6846367587883813,-1.8264702147617846,-1.9636555071371653
603799.SS,-0.36495238711484335,-0.7331755034342184,-1.022156453226836,-1.2954150437356973,-1.5186044317663479,-1.6813740701495345,-1.8212047761292367,-1.9369572837192373,-2.0390316122014833,-2.449184449322245
KIO,-1.3165797219364521,-2.0190862005831467,-2.4395422638528848,-2.613904449651116,-2.726867961262793,-2.891316369140557,-3.10261985729815,-3.10261985729815,-3.10261985729815,-3.10261985729815
097950.KS,-0.610601522328383,-1.1576505980238796,-1.6164979501703498,-1.9295829216686866,-2.250925696502799,-2.4523998553803215,-2.539961269965597,-2.7137873676087083,-2.8788618849173977,-2.915809375118257
002353.SZ,-0.5231345829516233,-0.9372803876113334,-1.295098665321652,-1.6179558827039173,-1.8363624697741419,-2.049594266393995,-2.259890884076865,-2.3959795174862144,-2.485141003518336,-2.8295051710951467
002311.SZ,-0.6002530611421208,-1.1243382315686388,-1.5669107701299525,-1.9210019805448564,-2.17450114931839,-2.378328933365676,-2.5856814607615926,-2.666146093141134,-2.7687836483930455,-3.083467320301962
3918.T,-0.5566336210672109,-1.0145269341820842,-1.34520976117816,-1.6234959389073638,-1.8748111155342464,-1.9953575376654593,-2.089673116969882,-2.242156382302692,-2.3359628581684344,-2.4368746273009965
600160.SS,-0.5241767045438809,-0.9451320988187343,-1.2766890119811583,-1.5437623540364285,-1.7543098324279953,-1.9156586393188149,-2.0457780748984744,-2.1209030602536503,-2.2576278379117505,-2.6750945776885455
APPCF,-2.196881182669902,-2.2097175069754664,-2.2229286010975406,-2.236539457140855,-2.311673913022566,-2.311673913022566,-2.3828536258981776,-2.4026925421450995,-2.4235247641998536,-2.4686498090472817
002064.SZ,-0.5269073726923756,-0.9652979844474104,-1.286043520960284,-1.5396502317974197,-1.7740375675497093,-1.951581677144588,-2.072263034226525,-2.260433669114971,-2.40559472961907,-2.77479283369753
MFG,-0.693562192557417,-1.205552630494417,-1.6130779451475536,-1.9137833756251867,-2.1447012089359583,-2.3198528822043514,-2.498885043307438,-2.6749031974070463,-2.758093672982019,-2.8360096682063434
MYOR.JK,-0.6914544439962244,-1.1275263645991755,-1.4835814258204139,-1.7600460440337642,-2.0125689141355134,-2.294531287932827,-2.4552158924980336,-2.6259795818020426,-2.761139883136498,-3.016157793745883
900934.SS,-0.8578545880325374,-1.318330616666588,-1.654359576356785,-1.940691402432103,-2.184174658065603,-2.3581603317801973,-2.5172110860667254,-2.611020911780754,-2.7041348539914334,-3.22833373054657
TKA.DE,-0.5393922132501573,-0.9952003611560097,-1.3224915699471493,-1.632218052778754,-1.8706071810450844,-2.102432289901792,-2.270532069536638,-2.431199905657895,-2.5781780732806525,-2.6726953724278637
1618.TW,-0.6651634645544966,-1.0925427868323123,-1.4029969092029928,-1.6520084978143295,-1.8232697317892297,-2.0183759366910357,-2.538914762021529,-2.590800812857354,-2.6379955209192554,-2.876945923371268
002736.SZ,-0.7147454383455165,-1.249208606210392,-1.5952595564029013,-1.8933017166624393,-2.0981958229034046,-2.2237061037935932,-2.283007840178121,-2.398806635401897,-2.4917854083511677,-2.8994384146947523
UNVR.JK,-0.6689468049321945,-1.2129253279405243,-1.6452925169882637,-1.9956424935848844,-2.288963934385053,-2.4542559146875096,-2.7206263226840552,-2.759338245998049,-2.9422926761019923,-3.065653896448103
000028.SZ,-0.5935091415720742,-1.0349325993314855,-1.39674498157823,-1.698897376629075,-1.9862651417068615,-2.192729857069685,-2.3457600595071684,-2.4733522461586737,-2.6613802730072194,-3.064685729001007
601169.SS,-0.8656617721205191,-1.3688198543753678,-1.72945769724078,-2.0304211169086464,-2.2522274835159974,-2.425080938340443,-2.563798443445958,-2.708824998893309,-2.911136168770209,-3.319963371568319
600893.SS,-0.6112838615494836,-1.025646234729001,-1.377348039868508,-1.6636281118817828,-1.8988245466546243,-2.1099366459637565,-2.2576278379117505,-2.327810298555369,-2.4046768878330247,-2.719555875072456
383220.KS,-0.3722126702303179,-0.8933282459885674,-1.3668210090879316,-1.8067808213696508,-1.9637635226888663,-2.33642645402737,-2.453196620433936,-2.5549774080651364,-2.693074440505873,-2.7876165842249527
ENRG.L,-0.963126845828506,-1.592420190386026,-2.0184118420189106,-2.405982614630748,-3.1535631591215303,-3.2535631591215304,-3.2535631591215304,-3.2535631591215304,-3.2535631591215304,-3.2535631591215304
8424.T,-0.6249921870756092,-1.1567871723205123,-1.5426675243004153,-1.851174722809186,-2.1000875010284843,-2.341529338930461,-2.538312364414541,-2.6829372478164673,-2.7610562668501775,-2.923888546709698
HPHTF,-1.1453097799613048,-1.427663201157111,-1.681083328838508,-1.876096044556798,-2.0679527025055364,-2.2238381720816696,-2.3450413354546877,-2.421472081864138,-2.4981272513772805,-2.6151834288922235
2204.TW,-0.7258125895951476,-1.2416575611385026,-1.5997569628379875,-1.8526103776195388,-2.0617893103743574,-2.255648326845039,-2.9021116837782417,-2.958759249044323,-2.958759249044323,-3.4236943438411376
1653.HK,-0.5965766453746701,-0.8710127740459612,-1.0481220187840192,-1.2084809930141167,-1.3744557917775022,-1.5238767460749252,-1.642668849185272,-1.7835790070878332,-1.9164743864628928,-2.058904520071551
DFIN,-0.5923024603462942,-0.9958700176670341,-1.3613897361955734,-1.6345380535413316,-1.855538874185166,-2.008076216900835,-2.116118105963408,-2.2048045710136375,-2.299805751559505,-2.331206202098822
601229.SS,-1.022127003795809,-1.7980467568100018,-2.2659389806054993,-2.424344733969035,-2.6866635887089685,-2.840053282359628,-2.9992602857545103,-3.1206963088730513,-3.319397245438561,-3.419397245438561
ILC-GBP,-0.27456783106295685,-0.4674399947252199,-0.6471308778462093,-0.8004541054646419,-0.9357493857619904,-1.0547182898583458,-1.1714468609694433,-1.266965127579181,-1.36826150642279,-1.4518317278655288
TPG,-0.569754498045335,-0.9587425798517611,-1.3504102583662267,-1.6825496198208267,-1.8934996307049108,-2.255202788049365,-2.5740955535881724,-2.746137375773782,-3.0887433126781723,-3.0887433126781723
229640.KS,-0.5661338161471884,-1.1004714540715947,-1.4376683795844771,-1.7251133770389844,-1.9510059497141117,-2.137339079023139,-2.3057114559762844,-2.528850931211947,-2.619618554416382,-2.655353437982458
1810.SR,-0.747112541097436,-1.3022402911544144,-1.6968900564432492,-1.995174182461535,-2.1586570378883967,-2.308471791951407,-2.3889882179822135,-2.4430301412017648,-2.540511800489511,-2.976782671637974
068760.KQ,-0.43259213800771246,-0.836982003368651,-1.2275885452095294,-1.4884171712284417,-1.7337606905434135,-1.9326957546534005,-2.081222087391638,-2.1852090014995085,-2.3201369712652684,-2.4617329147407077
AWL.BO,-0.5499066254329684,-1.0487340935765723,-1.3526552181074525,-1.545274863950552,-2.212342549994717,-2.3958845697863436,-2.4995466331937033,-2.563485788995737,-2.563485788995737,-3.17963576493714
000998.SZ,-0.5686712117500577,-1.0158333793405259,-1.377736072892948,-1.6339689419072947,-1.829572320552094,-2.020170589766623,-2.12804523418499,-2.295878176242884,-2.390433880727864,-2.8165420403771204
SITES1A-1.MX,-0.4577662036722533,-0.9030635899712407,-1.2268066043922832,-1.5753171986694672,-1.9758873320402817,-2.2082746852281114,-2.559867619944491,-2.559867619944491,-2.559867619944491,-2.732649113491423
011170.KS,-0.43538343400727564,-0.8246081445920697,-1.181529670183442,-1.4982383283747314,-1.7545530198794783,-2.0056327135265133,-2.1723695711078164,-2.2986430782550844,-2.486101038367551,-2.56040233478151
NEOE3.SA,-0.7163397039498144,-1.3556816086400547,-1.809799028386545,-2.1590645772652652,-2.266148059399454,-2.580335031278558,-2.9025467685800974,-3.027284908050329,-3.027284908050329,-3.027284908050329
SPENCERS.NS,-0.2861074844516497,-0.7469796480117934,-1.1314248605223716,-1.484449862462447,-1.834963585129098,-2.094980843215623,-2.1972209869285795,-2.428314211269295,-2.599539658299983,-2.696788753366918
3631.TWO,-0.5485552806799389,-0.9796420447273756,-1.3682233162980924,-1.714502209313048,-1.9415789387611193,-2.123585595571305,-2.58332647526383,-2.720237121079626,-2.8140189855909896,-3.2669179237004458
6099.T,-0.5158311800591843,-0.9669358357992726,-1.3500975160845539,-1.678618025298484,-1.9516207455263372,-2.1530050565908,-2.3058031979378866,-2.4807676968316885,-2.6836044888913926,-2.9076410627191036
601607.SS,-0.6672829113878063,-1.1414168450507278,-1.5173320137030675,-1.8036636792701037,-2.0241259087709476,-2.24290837274043,-2.4117655495957813,-2.56652326031132,-2.6750945776885455,-3.110500739575328
ARPT.TA,-0.6929982778768511,-1.2266254287208331,-1.6918801097929381,-2.072496629654073,-2.351398561640262,-2.630006610178592,-2.8427614082299044,-3.0307439572934154,-3.0307439572934154,-3.3482713816750516
SNT,-0.461072064612774,-0.8725045808914116,-1.1886118431158321,-1.4789076071559184,-1.7072208758585978,-1.9232984805079496,-2.065837140058441,-2.2744442853386224,-2.4181716767148407,-2.5327638923707947
1579.HK,-0.37251214914676695,-0.7273535103856492,-1.0895278840383902,-1.3732784165198182,-1.5996198249120293,-1.8157499347085975,-1.9699579704859458,-2.2054756174510155,-2.3657239018583645,-2.566172207205081
603077.SS,-0.645806144845519,-1.1466320070535005,-1.4995063165210152,-1.8005163701201627,-1.9521512893596265,-2.101662826751556,-2.23903906852177,-2.3217686017047092,-2.3962360898775237,-2.7749233231751744
600612.SS,-0.5566842340026618,-1.0144874925865466,-1.4124380765107805,-1.7088927532176303,-1.8988245466546243,-2.128358236889397,-2.299464108071156,-2.4733522461586737,-2.588131784784006,-3.0245209336276653
RECV3.SA,-0.419736289471781,-0.8053792563940466,-1.2364024311977575,-1.4922931275450886,-1.78772898829051,-2.0963460764717907,-2.464148868687553,-2.565577217454196,-2.7032284699472093,-3.13530790552451
601939.SS,-0.934436365325781,-1.5150531106962144,-1.8780526851687542,-2.1334199663067195,-2.321222532805102,-2.548676795999396,-2.7085261357402555,-2.809875212708676,-2.9523293440075697,-3.319711912033149
600256.SS,-0.5724769569252947,-1.0351789436060668,-1.3554044892227013,-1.6388245620364152,-1.8869440369863761,-2.0295887962634147,-2.141008228933982,-2.2414638452944953,-2.3848539256008405,-2.8030303751886128
TOWR.JK,-0.7742227514106094,-1.1758081666755371,-1.5479595958281727,-1.823302194859252,-2.0587564279667117,-2.3260591301109184,-2.517951667546176,-2.6226587936740944,-2.798619787584234,-2.9118886242543343
002709.SZ,-0.3352686141589378,-0.7291897567450155,-1.0900935201845572,-1.4031272012816907,-1.590833107675267,-1.7968219724118801,-1.9691856930578877,-2.1311032863239787,-2.203391098709981,-2.4811910288215957
600015.SS,-0.7993316169745018,-1.3049606588561955,-1.6575018493168443,-1.8803362955006366,-2.077862460578242,-2.2602592758550695,-2.5316343331009565,-2.6201310218911225,-2.7356370239344887,-3.0621681515293955
RMIF,-2.956609278158665,-3.056609278158665,-3.056609278158665,-3.056609278158665,-3.056609278158665,-3.056609278158665,-3.056609278158665,-3.056609278158665,-3.056609278158665,-3.056609278158665
2186.HK,-0.4486138411199252,-0.9308262226682269,-1.2978284537758242,-1.6500147009111572,-1.9584547269904846,-2.245516685067084,-2.419363303092206,-2.5117289009605877,-2.6050054762510477,-2.693663952570862
MODG,-0.5383950719474364,-0.9964963847077101,-1.3632323398352122,-1.6674375355053055,-1.908878878601049,-2.102843739948585,-2.259426639852963,-2.346254695115646,-2.4554858393650236,-2.5726168960788374
004370.KS,-0.6395768689888989,-1.1948009178626466,-1.6981291187789436,-2.076769069891243,-2.375447718268914,-2.550313545748603,-2.8122222680445916,-2.903511269644024,-3.1141081542094917,-3.2318276258986387
263750.KQ,-0.4543442462583187,-0.8661694572484695,-1.2429168598543492,-1.494511828707268,-1.7809920431420192,-1.9923903938450016,-2.137857148188772,-2.3919960402424656,-2.547725353145701,-2.6569267302315422
000581.SZ,-0.5939744785634558,-1.0578655752598407,-1.390563020125625,-1.685828722804484,-1.9035794250206577,-2.068434096276952,-2.228659395215715,-2.377469032682862,-2.4990873418513773,-2.8744988367849738
302440.KS,-0.38279207870237003,-0.7701236036107624,-1.1451923855523631,-1.464342057923092,-1.7807248555852995,-1.9505775043710423,-2.1398366185441793,-2.4669058117754963,-2.7057852311868444,-2.7057852311868444
AOV.AX,-0.7935097070283724,-1.3788567306540662,-1.7424774360095867,-2.1630887898810043,-2.2345745589093986,-2.2345745589093986,-2.5697185440388304,-2.801341805743902,-2.801341805743902,-2.801341805743902
002939.SZ,-0.5659488219328631,-1.1012279142073567,-1.4673406184927773,-1.7830138396655455,-1.9858919376000244,-2.1722923299973473,-2.3142494159526343,-2.527907150147007,-2.650716269691572,-3.049150628097193
CASTROLIND.BO,-0.7609822105617959,-1.3744277958997315,-1.8247987862302275,-2.184351458700386,-2.4942823654782864,-2.6930487834665393,-2.854557614592297,-2.9921160239835505,-3.02789025057063,-3.068017401514884
006360.KS,-0.4588088154711119,-0.871545571473547,-1.2228080241657429,-1.555083436266113,-1.8418427487679965,-2.0636291610749455,-2.210647299637766,-2.3208451459439643,-2.530881938656621,-2.5813982837075913
7947.T,-0.7198959122138403,-1.2779016417193871,-1.6959907045502698,-2.0266655370960645,-2.353060933092832,-2.600463532692549,-2.7983503442235,-2.841202100044443,-2.9792821909250415,-3.101387000574596
002110.SZ,-0.5711610087332751,-0.9886530215971712,-1.2944076261917339,-1.5717381230154124,-1.776789575363819,-1.9909042158733785,-2.1318164082563427,-2.2951424505876323,-2.4274001246571393,-2.6991354334913336
GUJGASLTD.NS,-0.6371965066466122,-1.196981088358201,-1.6646259165785773,-2.068933568548429,-2.36364819810296,-2.6930088681906272,-2.9529893460027714,-3.3574034858778514,-3.3574034858778514,-3.3574034858778514
002603.SZ,-0.5352662604974671,-1.0262059432390758,-1.3867267052734824,-1.673758445398412,-1.8983620756672461,-2.0542206783457604,-2.22240855423859,-2.3964996030307137,-2.465070484679116,-2.926802979495999
002049.SZ,-0.4616792168051709,-0.8697608004024114,-1.1781857685232917,-1.421094044384667,-1.6229933878012726,-1.8530704927563821,-2.0383297551755195,-2.192501521216545,-2.2980861525156686,-2.670013030510348
000807.SZ,-0.5134644686711716,-0.9050338193877755,-1.2371507319344244,-1.497883873981643,-1.720774073644141,-1.9011966128603706,-2.0271613499193024,-2.147531744452689,-2.2477609102370133,-2.6353656404025503
300223.SZ,-0.4088474412213639,-0.7253046361112798,-1.0361309740629423,-1.2839663271829156,-1.5061957690973162,-1.6793243003996436,-1.8307570581722887,-1.98279179310433,-2.089404037171796,-2.500213511176845
311690.KQ,-0.4096892752996904,-0.8105448157388399,-1.2060541547808032,-1.4924041783203588,-1.7747922081087082,-1.9470776694267615,-2.0608009491996477,-2.2956672345819626,-2.402775199842716,-2.5062077375221774
8283.T,-0.7114135377440023,-1.2504846640530036,-1.7369879978676976,-2.036406256103133,-2.3345401508057284,-2.6019774351866327,-2.7381176446433475,-2.9108446887096817,-3.014425389001574,-3.0814815752342337
000825.SZ,-0.6536964466586017,-1.1414168450507278,-1.4651522737636289,-1.7294118617663872,-1.9230425354667178,-2.0751066268959715,-2.228659395215715,-2.377469032682862,-2.6229989816778323,-2.956369382294249
000959.SZ,-0.6658213575904924,-1.1339647404866506,-1.501487288728892,-1.7653216219521648,-1.9919064517520502,-2.192729857069685,-2.3219902053528854,-2.4733522461586737,-2.5771771179676923,-2.8744988367849738
LIVEPOLC-1.MX,-1.0198303086944656,-1.487926491181609,-1.8438780835327924,-2.0661185635005244,-2.1819535052063594,-2.2578094214365083,-2.400425083751746,-2.491041562860886,-2.5861907305345944,-2.6569650713885586
5702.T,-0.5815243725804993,-1.0142072477285218,-1.4240379598183983,-1.7197171383812209,-1.9430002423680675,-2.1776046391639925,-2.330910784179842,-2.5093086291652145,-2.587147367430839,-2.7677102901140596
6865.TWO,-0.47449210914330464,-0.8850007666341398,-1.215830934750741,-1.4766335431377686,-1.7379482182385204,-2.0636125079856162,-2.186528274456913,-2.3160601525551687,-2.39890929099002,-2.6428150303075975
6044.T,-0.6652559169879875,-1.205845814990853,-1.604420730690179,-1.875185663898929,-2.0750760062698483,-2.3031836028184887,-2.4100259419648804,-2.5801875250925415,-2.6077076039146694,-2.6373568600536506
002414.SZ,-0.5217216030470377,-0.9451012437681696,-1.2992013639495057,-1.5899287534842375,-1.799724643822973,-1.9971803713995955,-2.2247424127730433,-2.331879005032993,-2.421747662912212,-2.8205855811910596
HEKTS.IS,-0.6050413606991666,-1.0495188288631843,-1.3969645143142666,-1.6492769525490676,-1.8632703290934745,-2.026366192431375,-2.174108740682273,-2.293518320883834,-2.414482595965979,-2.5654896233445705
601818.SS,-0.928473816799748,-1.582164578598718,-1.9089379516716924,-2.1770771390890187,-2.395160836251611,-2.588256850852722,-2.856215122715488,-3.002294473051561,-3.0695768158417844,-3.562136300595817
5Y7A.F,-0.6312703394659748,-1.029157706701572,-1.412187578906164,-1.7047809048894005,-1.9774780778040915,-2.0840930646765075,-2.2450051514888036,-2.2960709212382855,-2.3861055359898558,-2.5479463530791473
TRALT.IS,-0.6045853465832371,-0.6985257103450601,-0.7990827621351787,-0.9084578685373852,-1.0299567622253682,-1.0299567622253682,-1.3351777361189363,-1.8763585618946,-1.8763585618946,-1.9763585618946
300122.SZ,-0.5041738231099065,-0.8860193066940065,-1.2717727922552917,-1.537695666531688,-1.7545821032415134,-1.9100622220543622,-2.03795696995771,-2.1671782806889275,-2.270032478472804,-2.671321887485389
036460.KS,-0.5756035975666679,-1.100262623594111,-1.535998511612125,-1.8654695167272641,-2.122147683219565,-2.3265786889904234,-2.5123614114628925,-2.6791889385317185,-2.7741241337090283,-2.8122222680445916
ENJSA.IS,-0.6483243891116773,-1.1421779243424468,-1.5374372130453788,-1.830999277107791,-2.07423936887548,-2.2256287533500796,-2.386155761501517,-2.4567241160887288,-2.5116145630168796,-3.089786455672415
002600.KS,-0.6476363634177321,-1.0772573428988084,-1.3770018200960745,-1.5978062608094692,-1.8151836271910944,-1.9562942233064027,-2.1006653081707354,-2.2287542828636555,-2.332389750732718,-2.469501759958858
600795.SS,-0.7745608109000848,-1.2891265762940862,-1.6422184178701396,-1.9035794250206577,-2.1321306334098624,-2.3457600595071684,-2.4189775130897,-2.588131784784006,-2.6750945776885455,-2.956369382294249
601098.SS,-0.6342958345031913,-1.1637860976556504,-1.5882689507644199,-1.8599706962095137,-2.087240951189039,-2.3054042902985286,-2.4688762376134936,-2.624625276508299,-2.6697783701933386,-2.9987651467717815
000983.SZ,-0.5136191074278827,-0.9562192969280892,-1.2988050781678429,-1.5774752796599891,-1.7754699384280466,-1.9849613346178487,-2.1542555865038855,-2.3018368037065957,-2.4330333599139453,-2.7118924922300938
000708.SZ,-0.577302080394496,-1.0223510362728156,-1.385451683143548,-1.6667496171413507,-1.9305327931595424,-2.1135639317347463,-2.267719582894605,-2.4189775130897,-2.5362014261368753,-3.064685729001007
600048.SS,-0.4734365228270219,-0.9277948977311419,-1.2856634512320857,-1.6074332709592274,-1.8352470411548014,-1.997932646193364,-2.1693084807790894,-2.336311335355227,-2.4472628759662047,-2.8934515899148225
BOOM,-0.41549513345491895,-0.7173453460391682,-0.9933522792566579,-1.267646270232325,-1.4858081759177666,-1.6767453298499633,-1.8116435531624624,-1.9331384330576866,-2.0723571582081686,-2.203960177268958
051600.KS,-0.5759751817095267,-1.0406777465382155,-1.4478247529807398,-1.7591868269778894,-2.0589679693763943,-2.2904918814142796,-2.4833268945582465,-2.648750520902696,-2.811105242595792,-2.9535093174808402
1313.TW,-0.6359827816185335,-1.0827510930089794,-1.3835819887419445,-1.6550465393210803,-1.821233115701093,-2.0095506912726937,-2.663989045801385,-2.772670087673992,-2.9292615970168345,-3.3119017212686157
7205.T,-0.555942513557039,-1.014097890838773,-1.3982247238154326,-1.73252967857878,-1.963401780688097,-2.196803206125663,-2.401504952565732,-2.539831993566806,-2.6648709662659913,-2.773523324241805
6049.HK,-0.3366971047796816,-0.7773503036656745,-1.2092475152381412,-1.5660806519394974,-1.847093102344678,-2.077436452905785,-2.252746804414845,-2.595682563146348,-2.595682563146348,-2.8745643620082735
012750.KS,-0.6391040774520823,-1.1326052241921802,-1.5641869212830748,-1.9510969796303816,-2.252467521623791,-2.4162182788753834,-2.6271599108737878,-2.7741241337090283,-2.878355795615548,-2.992444737387318
LU,-0.24179782296912544,-0.518648095424687,-0.7504152941260812,-0.9808709301840632,-1.233853984355519,-1.4749881977171462,-1.6221250321724123,-1.8062565571957943,-2.0076158455002555,-2.121279302454006
4161.SR,-0.8008677860655695,-1.4210917007791009,-1.8703628507047318,-2.2071475275948247,-2.35004124225387,-2.630241498737819,-2.7994197552458155,-2.927866158737434,-2.927866158737434,-3.2370647016277556
600216.SS,-0.5557734191515776,-1.0086307570188153,-1.3663510856793006,-1.6452310191391961,-1.8779419625485008,-2.068434096276952,-2.205871530407558,-2.3105806127932884,-2.3977070380159367,-2.8290074842933715
601689.SS,-0.385732052602597,-0.7521153272886462,-1.0999785602057253,-1.394688626506114,-1.6567947658159812,-1.8681741199207185,-2.0419293836392085,-2.1636944807793705,-2.3156155638839997,-2.7424883665569166
000977.SZ,-0.4773964411874174,-0.8641311608735497,-1.174543397853636,-1.4615922534424477,-1.6709063481413313,-1.865553010632457,-2.0228121146496703,-2.1443789581274353,-2.255832624416596,-2.683403243846974
8273.KL,-0.5476069320815039,-0.8690990041378638,-1.1290216095226164,-1.3035223513087282,-1.44858801397003,-1.5558339794710454,-1.638691559925197,-1.6992506234182876,-1.7451403390694642,-1.8167021220535968
688599.SS,-0.3120581919338103,-0.7308989807580393,-1.1146769147100057,-1.4571400673914567,-1.6860619708018805,-1.8865907193097267,-2.11949266846193,-2.2166513130625196,-2.40248204616324,-2.6165510007425063
108320.KS,-0.4465757405289146,-0.8720341133946087,-1.2669634384574695,-1.6411948110603134,-1.9328895601090197,-2.2169735050131307,-2.454819448921835,-2.5438697716293226,-2.6168332937217076,-2.7621262986500184
8454.TW,-0.6475667736154578,-1.153710727110742,-1.52852913503437,-1.8554225366438626,-2.113823011926233,-2.338969412522949,-2.541122373199372,-2.6694886046401654,-2.73619228098065,-3.4932809271649865
3347.HK,-0.24789342472312184,-0.5780164517234854,-0.9241241388536238,-1.2389569380041743,-1.4644454072440307,-1.6934941587633636,-1.9250998521114449,-2.112558729883414,-2.3343325950463374,-2.7464669030318065
900932.SS,-0.8267043251981367,-1.2891265762940862,-1.607176916682934,-1.864462312372877,-2.0553588398064013,-2.192729857069685,-2.3219902053528854,-2.5172110860667254,-2.6481489709936303,-3.0245209336276653
FCTDX,-1.1192109536558692,-1.6950198888531105,-2.0989200297290123,-2.475471479030257,-2.740142844899041,-2.9605779204137526,-2.9605779204137526,-3.0833150788738917,-3.0833150788738917,-3.2839746036925392
6947.TWO,-0.9911588094952141,-1.6588182147040376,-2.168104273636594,-2.5740955535881724,-2.7113904602110552,-2.93364384945517,-2.93364384945517,-2.93364384945517,-2.93364384945517,-2.93364384945517
300316.SZ,-0.43681755442750464,-0.8332487331370269,-1.1614068670200326,-1.4760606039603057,-1.6681017150418924,-1.9294168665684521,-2.0948067085271465,-2.209481987811132,-2.339678196401193,-2.714654259005051
688036.SS,-0.31147655271341285,-0.6833323832613756,-1.035161969287895,-1.342909584753611,-1.631264399375612,-1.812721719671937,-1.9821532050335244,-2.1489117338216,-2.356310510030718,-2.4445746330169458
EXCL,-1.8818942591895866,-1.9332912224914125,-2.0057045400219486,-2.054780097629105,-2.1093692892356124,-2.1936208719921737,-2.1936208719921737,-2.2423671070809745,-2.2423671070809745,-2.2688878715002803
TOASO.IS,-0.5489637851737867,-0.9662094324278312,-1.3214131721956002,-1.6064192769450933,-1.8632703290934745,-2.0664301790297475,-2.2075920006975216,-2.3437510547117104,-2.4998599147511635,-2.6704148847808584
SAGADS.XC,-1.7527436606635887,-2.0711146554440476,-2.415061647047777,-2.5816529248022078,-2.6577563790691467,-2.753304192429775,-2.8124595386668614,-2.8124595386668614,-2.8834751582820246,-2.9729159148556787
601916.SS,-1.1059750014975571,-1.9488220636494502,-2.297205977878718,-2.4701831575555127,-2.6477628891922924,-2.708824998893309,-2.7820449634757636,-2.9998779827341697,-2.9998779827341697,-2.9998779827341697
251270.KS,-0.417759545482113,-0.8569195242925519,-1.2668723254809058,-1.5786306342190046,-1.8435535760455717,-2.0976756631703144,-2.278529726612646,-2.366299501477989,-2.595102739552113,-2.670891398363871
361610.KS,-0.32415281977604876,-0.6396080607914116,-0.9447883699867496,-1.305470665075659,-1.635124900581451,-1.9664000415726035,-2.1269855470080214,-2.5030416681421443,-2.619918638777374,-2.6951327250071846
SMGR.JK,-0.5523671445180727,-1.0538527455516442,-1.4459978196041825,-1.7642301897230543,-2.0370006189935856,-2.289911771391821,-2.548685526060197,-2.6516643752937124,-2.8197727555816177,-2.877782953489881
4927.TW,-0.6028547909255169,-1.094175485888971,-1.4679515783436643,-1.774688307011336,-2.022225612036436,-2.2026709149935875,-2.313166916518801,-2.4774201452472235,-2.54486159734021,-3.4429648964533444
000876.SZ,-0.6174090100720118,-1.0490319275018762,-1.4029807877263616,-1.7122627990204338,-1.9432626172845398,-2.1063369104275473,-2.2626449064378433,-2.370934176876622,-2.52659236788118,-2.808289394661673
603185.SS,-0.29136529985457493,-0.7201702912873841,-1.0557073358296196,-1.400173389344623,-1.6326915604136671,-1.7998041189121985,-1.9443254554840552,-2.1179658365138554,-2.2099784374542537,-2.6416694533698073
300769.SZ,-0.259704106807363,-0.622303483135286,-0.961707967414441,-1.2815515655446004,-1.5236052058132887,-1.781403077997922,-1.9269350074373546,-2.074457845950974,-2.211606512746833,-2.41003660048946
300759.SZ,-0.37993930435671003,-0.7993940807316187,-1.127151623611256,-1.4519490117487097,-1.6621335318625894,-1.8499274813833104,-2.013387748372869,-2.1574474693402386,-2.259960465894674,-2.4208231705428815
PADEL.ST,-0.19315944373767716,-0.43202480954333994,-0.6543113836488996,-0.8599574063494667,-1.0349931921273792,-1.1718802531183492,-1.3287193667279906,-1.45731275622212,-1.5536461850731837,-1.6814386153502527
1030.SR,-1.0342449192017522,-1.658660855331295,-2.1039248976637808,-2.346740294470599,-2.594631980653705,-2.6531651616188183,-2.777245054709223,-3.0911958376920343,-3.2914395035779527,-3.2914395035779527
300418.SZ,-0.36219005923510733,-0.7649925739292588,-1.084279048977673,-1.3850575361865163,-1.6088126400527323,-1.7894612605932798,-1.9405543327680304,-2.059735790326006,-2.186080664653115,-2.5083279712346784
4674.T,-0.62536468939009,-1.1664230504579691,-1.6031166218813424,-1.9664275013980572,-2.2140283784550845,-2.488930172370104,-2.5895692373873898,-2.6871152884239646,-2.794052346919734,-2.910925126622607
VESBE.IS,-0.5960986137030003,-1.080960378900166,-1.4292518695478238,-1.6812725655164689,-1.9183131550552082,-2.1192079094051044,-2.3009472706690195,-2.471076988886055,-2.579131308525113,-2.7734373948237523
9898.HK,-0.33254342128522535,-0.7209473905943984,-1.0181277810188114,-1.3213858385988733,-1.5882737575820274,-1.8654079169363338,-2.0529218210912945,-2.1692972980635483,-2.2254341936606603,-2.4081847850755316
HLFGY,-2.8409631360745413,-2.967891581717643,-3.1748285874491935,-3.1748285874491935,-3.1748285874491935,-3.2748285874491936,-3.2748285874491936,-3.2748285874491936,-3.2748285874491936,-3.2748285874491936
1316.HK,-0.36058733266045795,-0.6878578712395071,-0.9950032986197588,-1.3193124520281547,-1.6250780137626017,-1.9236801056998833,-2.1633522633122286,-2.367464302377968,-2.5139038415775947,-2.714704195846275
029780.KS,-0.7334982526615388,-1.2918388781254664,-1.7087942734410941,-2.0379262861758445,-2.315969574073204,-2.5737173724204108,-2.718307636714871,-3.063556826886192,-3.063556826886192,-3.063556826886192
2314.HK,-0.4964573900086185,-0.9318561989254622,-1.2915359118883651,-1.5854341792643019,-1.8547062700534667,-2.0372502057963437,-2.2568986465391347,-2.382183348003565,-2.500339200756248,-2.6043256904278373
600027.SS,-0.6081853532097755,-1.0843652962749426,-1.4667770033184826,-1.7302894381580074,-1.9225078453199909,-2.100245181020425,-2.2519087970851674,-2.3894706879569108,-2.5308317231415414,-2.9172356010096747
300999.SZ,-0.5829352221112056,-1.2036972266128347,-1.5754961959421905,-1.7956185411151382,-2.059648285005571,-2.214216634233677,-2.2626170528810587,-2.59483178381259,-2.6568934973334244,-2.7312662298643797
008930.KS,-0.4807179157691126,-0.8774032927238288,-1.2554733675312775,-1.5794186432457369,-1.828293650125955,-2.046136326196163,-2.209182160089332,-2.3421470783553278,-2.44763139771007,-2.54959212922057
9917.TW,-1.0932462069999576,-1.556721256902093,-1.9190287538541013,-2.231665702862301,-2.4761210634417914,-2.6776923495590577,-3.3119017212686157,-3.3119017212686157,-3.3119017212686157,-3.4236943438411376
347740.KQ,-0.4229829616672949,-0.9095176924325932,-1.2771806932088665,-1.6086526825514857,-1.9039010148826332,-2.0866136000541005,-2.3883747218318883,-2.5500990826865504,-2.5500990826865504,-2.8327196408468924
PTBA.JK,-0.5791808578147097,-1.0017725076020918,-1.3457677434879003,-1.6488593631470592,-1.8839188035509196,-2.068967355209831,-2.2890207010022467,-2.3905873466947427,-2.4944264908277693,-2.7501061639549986
SCC,-0.5467120246794415,-0.9684032154156831,-1.3621656335387218,-1.6550235003093599,-1.8862880684028251,-2.1296532396095005,-2.4001133008888624,-2.5318292983397277,-2.6527088717782332,-2.7783643088594716
9401.T,-0.6059904461639852,-1.1243382315686388,-1.5079870660875891,-1.8599608601967004,-2.1473377240378313,-2.400682877238069,-2.555983908657849,-2.7425410613118277,-2.890158748455564,-2.9470004139115633
601117.SS,-0.5698506779064777,-1.0843557177425056,-1.4676668301225702,-1.7697754546600541,-2.0210299820217266,-2.2071223515475107,-2.324611642263697,-2.5654580834545295,-2.6419437855213372,-3.081328229953096
600673.SS,-0.5430698476741332,-0.9451320988187343,-1.2515351449806638,-1.5247752101350098,-1.7399505333856906,-1.9205695886414185,-2.052144286977565,-2.1799563083030753,-2.2626449064378433,-2.752489910463081
6185.HK,-0.2480618681414288,-0.5092501098513958,-0.7845928769832662,-1.0856265901401896,-1.3144288619084545,-1.5641239540444327,-1.7688250385187068,-1.96617112988238,-2.0962762500259036,-2.2761582712125703
600570.SS,-0.43634276182991866,-0.83488585449637,-1.1706236352104422,-1.4765923401313557,-1.7353181752151254,-1.9377716023278226,-2.068837219462652,-2.261471583007501,-2.3190370168680587,-2.630417997564962
3030.SR,-1.1130128950804716,-1.6585407237781054,-2.0447717318971113,-2.2582798880562573,-2.4713707095071675,-2.632553147907863,-2.6530810428773046,-2.777164055660257,-2.9209613270500356,-3.175552716373061
601618.SS,-0.744013676116003,-1.2921459585289223,-1.6767069667612111,-1.9858239878512163,-2.165404900222977,-2.252584601932132,-2.361238455774296,-2.4660687551408897,-2.5385658069122354,-2.8370320793681736
579.SI,-0.6811179220042469,-0.801128725219191,-0.9514096452659628,-1.0515247021445289,-1.1384509356640644,-1.2432959604360796,-1.3093164653573903,-1.3683169065875078,-1.4301120872035813,-1.5719081041043903
026960.KS,-0.7163921707593232,-1.2759405686318344,-1.6863765978597745,-2.024412436877351,-2.227079822589373,-2.38038355056042,-2.5488092174002794,-2.66404099419147,-2.72216960124466,-2.876994654365917
002790.SZ,-0.5256352919597274,-0.9748922034312224,-1.3479253198518824,-1.6104661140169836,-1.8865010443237489,-2.0590966725654822,-2.192739123088516,-2.284918678780657,-2.4423430103733117,-2.8558746433889866
603659.SS,-0.41872591167288736,-0.7735919478931421,-1.149430288495833,-1.5252029679202221,-1.788470372911417,-1.9645187446845431,-2.2377129856353664,-2.428920161408994,-2.539361449313364,-2.9648024710718186
002074.SZ,-0.4701182334525807,-0.8457569314218042,-1.1767433862900303,-1.463218741086072,-1.6982044652846215,-1.8477369148951963,-1.9665990589556595,-2.0925763866518174,-2.218201509249142,-2.596503003949487
600346.SS,-0.5907817468736386,-0.9601097140539037,-1.2825018207061991,-1.5450534580883162,-1.8054774570971488,-1.974425918542445,-2.1485931310857107,-2.251824997475662,-2.4165896748986646,-2.747781385444999
600426.SS,-0.5068716225579337,-0.9466333066292981,-1.2926680054686235,-1.602890471361024,-1.847439281362678,-2.041892180492395,-2.232276722649477,-2.3518828252167876,-2.499056698828019,-2.866467110790093
ALPEKA.MX,-0.632936179862351,-1.1653230749964674,-1.6528067598003209,-1.9797651992011078,-2.2883225761966113,-2.429159410783399,-2.622408041683232,-2.697564932257725,-2.697564932257725,-2.8298778809604404
1033.HK,-0.37675712984299725,-0.8283637523777996,-1.1351242620888486,-1.4530637824895642,-1.6999384443517012,-1.9171976100508799,-2.1670865647603024,-2.325423010565168,-2.415096757030585,-2.5298014722836752
000120.KS,-0.5422614963335132,-1.0178839975758762,-1.3850026386992778,-1.6710543294358366,-1.9113037327427276,-2.076769069891243,-2.1932373490051416,-2.332389750732718,-2.4234196582637146,-2.486101038367551
GUBRF.IS,-0.5401538895155802,-0.9499823674280038,-1.2981307065707994,-1.5273795175235876,-1.7215475296371063,-1.9012236296991336,-2.0413895612224984,-2.2075920006975216,-2.315125577902549,-2.5973746732074425
OSOPF,-2.698107073612476,-2.7715622418920973,-2.7715622418920973,-2.7715622418920973,-2.8639378923966956,-2.8639378923966956,-2.8639378923966956,-2.8639378923966956,-2.9900409731298274,-2.9900409731298274
5257.T,-0.6943789222102261,-1.169393321369181,-1.4476659845101378,-1.687118844501438,-1.8253593177205865,-2.0399135544380953,-2.2175154606703718,-2.26303262869269,-2.3713078924496767,-2.4379443261768943
600872.SS,-0.534049347330297,-0.9685642534897424,-1.3438764984976177,-1.665186836357701,-1.9059730945944062,-2.099218256580632,-2.2576278379117505,-2.3581603317801973,-2.457063764499701,-2.808289394661673
000963.SZ,-0.5712702707625724,-1.0595024798391337,-1.4467635267184864,-1.7790582231064083,-2.0139540377418643,-2.2003494224793934,-2.326758001048818,-2.489327480889415,-2.622043003599246,-3.023672201314844
600845.SS,-0.5268641401875745,-0.9611076284168153,-1.3324153664009613,-1.5973192923436956,-1.8513131621951846,-2.052144286977565,-2.2148490383127046,-2.3841070222914844,-2.5460505299041247,-2.9268513918430354
600383.SS,-0.5007511199579925,-0.9057485801295849,-1.2605105998083432,-1.5472661494098132,-1.8145085038311208,-1.9987665568092858,-2.163121380740283,-2.301923945103376,-2.498404431520833,-2.910259005466419
3759.HK,-0.2971458773317925,-0.5837142920109212,-0.8647374480914982,-1.1511604768549288,-1.3822687886952085,-1.698292320239471,-1.8423733259592496,-2.096384862998668,-2.1784507287156814,-2.2784979039808824
601669.SS,-0.7123539001976475,-1.2184339870944154,-1.640933963014699,-1.9050107092834636,-2.036352735918075,-2.160851186371787,-2.280203923490446,-2.3664293364816706,-2.4749466404053537,-2.8313639858512696
300133.SZ,-0.4354512795636182,-0.8216596000523686,-1.183042770112292,-1.5012256437082603,-1.755865647004063,-1.8958576706990662,-2.064041124359601,-2.2024322867446995,-2.3056090987314968,-2.5657495678535778
293490.KQ,-0.34745102998625205,-0.8632668571712383,-1.2260779012333771,-1.6297408772284026,-1.8583066421305416,-2.0695858205045914,-2.298118557251062,-2.42291664929872,-2.6031231921759828,-2.959709578298291
3958.HK,-0.585844053244366,-1.0864531396794137,-1.5205623351304522,-1.8508936645644454,-2.1073446081073044,-2.3842072379568044,-2.704225342799619,-2.856826981359381,-2.926936093696522,-2.926936093696522
000630.SZ,-0.5911843804195527,-1.064029855053713,-1.3885141312243974,-1.6620734189436743,-1.8802220549108346,-2.092204418018728,-2.2728533393736043,-2.4046768878330247,-2.588131784784006,-3.064685729001007
6993.HK,-0.37585890691967255,-0.8097583129084778,-1.2364173490989314,-1.5848767046842314,-1.8482360655411745,-1.9736096104359462,-2.2537313312141447,-2.486142071351093,-2.5868693765917405,-2.7236330605210646
600745.SS,-0.5916490767133895,-0.9311983470640467,-1.240512233380134,-1.4966870472025644,-1.7452931589891736,-2.0004891458004797,-2.1634597461811316,-2.2477609102370133,-2.3457600595071684,-2.6893312711464894
002155.SZ,-0.4443125133069652,-0.8451447998991427,-1.1529360192253872,-1.4555699901938686,-1.690728127465875,-1.8742862745328657,-2.0694424212478966,-2.2687777509175255,-2.340609447897846,-2.8118984078645526
002625.SZ,-0.5060939497625297,-0.9056591715801438,-1.2118197267336437,-1.4540579784786876,-1.6591130044958333,-1.8248527320692287,-2.0014043042321163,-2.1030074726497534,-2.190494791992004,-2.560069730710399
6699.HK,-0.26540475382497564,-0.6287435000275013,-0.9299151334280402,-1.255486169824429,-1.4842373098972272,-1.7176108456426817,-1.9907204615820373,-2.188646541880597,-2.2996703138955046,-2.332431617448026
028670.KS,-0.38783479020529277,-0.802214175221158,-1.1503493803760083,-1.4323663375436813,-1.6793435586289158,-1.8595920679294993,-2.019457250052875,-2.118518194528021,-2.2109542247624767,-2.2952315473811584
300628.SZ,-0.4736243751868092,-0.9342261178723966,-1.332840141025017,-1.7110133322858896,-2.0140194579615947,-2.3327185614994717,-2.5656042870312388,-2.718679555489933,-2.8988518355357824,-2.987902797562137
900911.SS,-0.9009282700125971,-1.3525896197895473,-1.6558944751826687,-1.8666854606957437,-2.0887357426210817,-2.2103380166601556,-2.3581603317801973,-2.4990873418513773,-2.6229989816778323,-3.110500739575328
600392.SS,-0.47774225643535756,-0.865340212071891,-1.1726786693668276,-1.4566790889670536,-1.6623525015334206,-1.855167356769506,-1.9899573911009538,-2.138100607460838,-2.2370289182370153,-2.654332782083066
9955.HK,-0.24612187128101085,-0.5334622724799502,-0.8366417927466864,-1.163885752193637,-1.3874371671067158,-1.5600726068732638,-1.7980003649287384,-1.9496122553791049,-2.0829846876026865,-2.2320573045663203
600522.SS,-0.52116939791708,-0.9190940505279384,-1.244591900802747,-1.5585009341293248,-1.7989226282585316,-1.9919104384822282,-2.144726743594173,-2.2588425060148576,-2.339194512979184,-2.6792477665828103
002555.SZ,-0.4988868142414726,-0.8997090667416127,-1.2334298908312713,-1.5105899496443222,-1.7579405447284693,-1.9606762153923427,-2.0719559356061086,-2.201063079989225,-2.2685696474598833,-2.662127917384976
088350.KS,-0.5923140046854033,-1.1328724622407513,-1.5487974903097943,-1.930768352752315,-2.193109930242676,-2.446952119057186,-2.7977899424664354,-2.9110859347371267,-3.081711432945083,-3.4730728712329144
000960.SZ,-0.49891342549556633,-0.8854762128354559,-1.2247822432989566,-1.4819967562797436,-1.696306469000363,-1.8709944312182742,-2.0098747721953893,-2.157253531901383,-2.265627850447533,-2.750700874116906
OLGERD.IC,-0.8561093632050777,-1.8304060097941817,-2.4719494943260063,-2.842275020062395,-3.15646427785384,-3.15646427785384,-3.15646427785384,-3.15646427785384,-3.15646427785384,-3.15646427785384
000069.SZ,-0.5800695688820701,-1.064029855053713,-1.390563020125625,-1.7088927532176303,-1.9643099075778472,-2.147531744452689,-2.2833042753627075,-2.4046768878330247,-2.490324640926528,-2.8290074842933715
002407.SZ,-0.42445656368122014,-0.818509384429208,-1.142070641659047,-1.4152084893646093,-1.6193402360517821,-1.8046625556517109,-1.9595134436998496,-2.0699018308950565,-2.205810650378084,-2.7040831339112614
600325.SS,-0.5168255627289279,-0.9353337633869959,-1.2861508588345105,-1.5700047783332154,-1.7812947700390152,-1.9715429925564287,-2.0892690460788423,-2.228785406275124,-2.3293781466232226,-2.7095336129971312
2866.HK,-0.47420181074349893,-0.9176154733316455,-1.255546384008171,-1.5397778900956842,-1.7727340956757787,-1.9934285456391412,-2.15469867253181,-2.3140489263213655,-2.4502006430568453,-2.583902970316177
600588.SS,-0.4756055458008022,-0.8770096961119627,-1.2364603262920826,-1.5451038984205323,-1.7654924270187544,-1.9879399502484074,-2.1127848270650262,-2.240512061169265,-2.383588936561742,-2.7166750599778418
600549.SS,-0.5005551038068407,-0.9085184610074349,-1.2265468395152075,-1.4927002668530107,-1.7117583100721956,-1.922377662947963,-2.0862186974908985,-2.2934292952058413,-2.429120148042457,-2.86094037393699
300413.SZ,-0.4521959583486293,-0.8098174310415396,-1.13855880660748,-1.4570130355067716,-1.6268950075157882,-1.8373013987090439,-1.969705079968401,-2.055304281379483,-2.1402963216763387,-2.449997660602734
601699.SS,-0.46423974696237236,-0.8725209829782354,-1.1957256749371983,-1.4492114225831543,-1.6995217617516833,-1.882521761001668,-2.0394137492745807,-2.17733328145334,-2.309464438416667,-2.927667114097319
SUNTV.BO,-0.5691474749588906,-1.013696704806115,-1.3944788981336418,-1.7151747455573048,-1.9876019212931184,-2.1754942980215026,-2.2731548235879266,-2.526869496381898,-2.626321721915641,-2.697450913263383
002601.SZ,-0.5259566838361405,-0.9365511931341811,-1.2967843991470065,-1.542418952397966,-1.736075268829135,-1.9639980679208713,-2.1181916673561956,-2.2319369710998638,-2.327738580784669,-2.76495070960401
600039.SS,-0.6093935527583794,-1.0292403149459912,-1.355861414224573,-1.5983863522962427,-1.790185665267832,-2.0034506475134286,-2.150462810500012,-2.2629468077127637,-2.390317548340845,-2.7429591900063377
002080.SZ,-0.47473584776177924,-0.867881443402259,-1.19553563222222,-1.5059834852888765,-1.7709103698384236,-1.9682193490217947,-2.1519079734631643,-2.2556716484743395,-2.373126921953026,-2.79672153886106
002812.SZ,-0.41815815823429847,-0.8180935538327749,-1.1920046461212754,-1.537509810826593,-1.7621214464995743,-2.0192717728395357,-2.191974129287556,-2.2724413441644864,-2.3710348343853807,-2.7365653773736045
601567.SS,-0.5676141016465979,-1.0187006156536154,-1.3990083912454951,-1.6722058664292472,-1.8936280405618025,-2.0519992916193326,-2.177811345747163,-2.279609912866388,-2.3300789227879157,-2.7357684812118155
603486.SS,-0.3013552276365343,-0.779352056287827,-1.1467365616024376,-1.4683638336996718,-1.7309042993999701,-1.9339723204716324,-2.0754982659965924,-2.1947117428851595,-2.3793293122807593,-2.7809472578191388
6088.HK,-0.2802696505604204,-0.6298529676487112,-0.9584976018409938,-1.2663877898108744,-1.5312008140890645,-1.6842647310993564,-1.8916227179897447,-2.021904871386538,-2.160808014266903,-2.341744335404315
300347.SZ,-0.4471618029636656,-0.83001712084497,-1.1915282886144187,-1.481064197585282,-1.7089222489061464,-1.8560728266943392,-2.0408185749670174,-2.1841694374854423,-2.3318135479490842,-2.707682286796946
018880.KS,-0.4785956377675736,-0.8845789502468364,-1.2654234952876218,-1.5909376149312333,-1.8698790548263333,-2.1077184485912004,-2.3382806577532835,-2.530881938656621,-2.6522775136565966,-2.7741241337090283
300751.SZ,-0.33982634720242444,-0.7437777160374629,-1.0923752309618446,-1.4036756234291443,-1.6953064017596362,-1.8558583921595622,-2.0739468535164107,-2.2533763424365763,-2.3561574463282686,-2.4922196896124658
000080.KS,-0.9187218417205122,-1.4085134409870836,-1.7265092171308778,-2.0636291610749455,-2.3151868970304745,-2.4614507780397337,-2.6522775136565966,-2.7741241337090283,-2.903511269644024,-3.0282156601502876
GGRM.JK,-0.6344585128884873,-1.1096570611945171,-1.5259364185360742,-1.8555841830570885,-2.147463186437453,-2.339380232999401,-2.508827112252626,-2.672453812262488,-2.8128282455582725,-2.940781078411989
300782.SZ,-0.3540913288355503,-0.734091322623676,-1.1195792975183543,-1.491428399385413,-1.7263930261634455,-2.0138512106921307,-2.184427931795759,-2.2587430794047227,-2.532638777694285,-2.5736606056716225
300661.SZ,-0.35364033092931246,-0.7504644150077446,-1.112705499522383,-1.478943296875373,-1.7526942073680258,-1.9690762314596841,-2.102509855547858,-2.2275324696326093,-2.289110435358495,-2.557042829874177
BLJZY,-2.627304750492374,-2.683648764132057,-2.7153625864680615,-2.750067884783282,-2.7884397664370035,-2.831416921508868,-2.831416921508868,-2.8803614747604174,-2.8803614747604174,-2.8803614747604174
JSMR.JK,-0.6485847390446443,-1.1769185754687925,-1.5963399000914573,-1.9692638448494493,-2.2533516766489106,-2.4261414021360768,-2.7325998345712446,-2.84163174212958,-2.9535093174808402,-3.1221536485434163
6127.HK,-0.2563908733254618,-0.5518890817260703,-0.8573203912217813,-1.1746510740269485,-1.4066546920982208,-1.6493477797061533,-1.8534916437902564,-2.017332854143222,-2.125016663309929,-2.2384931000160466
002648.SZ,-0.49194530112316676,-0.8716183032664122,-1.2096740301091182,-1.5235965456957439,-1.7933327763762386,-1.950123313800937,-2.132917545892782,-2.236994792575189,-2.360914513886537,-2.642367270955952
002266.SZ,-0.6416146223939688,-1.0954795843679648,-1.4611663692137893,-1.7096752703631597,-1.9208095394587132,-2.0930300565679123,-2.2267832197278246,-2.312150113468605,-2.3669115356672425,-2.8591119067228052
INCO,-0.960076778543811,-1.6109880804161743,-2.0503376628183205,-2.40841174842048,-2.577744449541441,-2.7435786892413483,-2.8887793603154734,-2.9930073527390544,-3.262338182004074,-3.4539273499461833
300207.SZ,-0.4113020537607713,-0.7786766524663048,-1.1229042472575326,-1.4065041670781993,-1.643768820316106,-1.853366907007719,-2.0335867282597824,-2.1597106943848514,-2.333978179843169,-2.5928482096974137
BSDE.JK,-0.4757089430398337,-0.936857565059826,-1.3142627233842274,-1.6018741698534682,-1.8468434278781727,-2.0417623573676997,-2.2275890084010626,-2.3743393639386383,-2.40454846589818,-2.620108015310267
600007.SS,-0.6278278320347702,-1.1192464374708637,-1.5051103058551127,-1.7803453767090354,-1.9589663174439729,-2.1099366459637565,-2.2333588150239105,-2.377469032682862,-2.56652326031132,-3.064685729001007
000932.SZ,-0.6136369620889808,-1.0848758313020639,-1.442699790234115,-1.720774073644141,-1.948443930017519,-2.184174658065603,-2.3457600595071684,-2.481749086281793,-2.588131784784006,-2.956369382294249
601016.SS,-0.6311067169264616,-1.1290741742264756,-1.4992035246604563,-1.7073803992245011,-1.849740186234759,-1.988099096741708,-2.1243842538500037,-2.243526414294102,-2.3452799661799193,-2.7173170549426633
8117.T,-0.9105489791336532,-1.438460605003356,-1.7978837892678872,-2.0619805836229688,-2.272972266701005,-2.4415145878431046,-2.5173207347213937,-2.6354712694386038,-2.926948191909633,-3.0647788205419855
601811.SS,-0.6037463852217205,-1.1092800753271193,-1.4620278909191566,-1.7572325629992034,-1.983362916656349,-2.1845480810686664,-2.4348197097889015,-2.558347615419288,-2.6963026272921273,-2.849258866800139
300037.SZ,-0.427658500103793,-0.7904400739484816,-1.1393107565252574,-1.4163923773589024,-1.6499968944601302,-1.8317206999999842,-2.015969707386333,-2.145029002269079,-2.2788737977762765,-2.621256630620342
600009.SS,-0.7088080851349013,-1.2338031520745747,-1.6513014184767165,-1.9355871296060532,-2.1634597461811316,-2.333710327708606,-2.4990873418513773,-2.6750945776885455,-2.808289394661673,-3.163952821269638
300146.SZ,-0.6060829921132433,-1.0713890639588626,-1.4534414275115004,-1.7609375471362405,-1.95704653662351,-2.1688278076604948,-2.273730151576622,-2.38750733409264,-2.46556093291047,-2.8119144093475215
6808.TWO,-0.5853799274712175,-1.0318665305948052,-1.3965079896025057,-1.6851790955097234,-1.8752718306934544,-2.059891996658042,-2.247148442753627,-2.301799715386534,-2.4377662887303235,-2.5809734184155193
000661.SZ,-0.5019256177029647,-0.9150685541295264,-1.2304693417579753,-1.5160996238458644,-1.7224913701849214,-1.8941122149472573,-2.078477842276393,-2.2576278379117505,-2.333710327708606,-2.6893312711464894
601877.SS,-0.5821971626849359,-1.1195320561390203,-1.5278507972871482,-1.87012153840599,-2.1129220760233607,-2.3141197011116805,-2.408632865179756,-2.531313090899455,-2.662861317579648,-3.0805602183965
007070.KS,-0.6063343277314096,-1.1135642668454941,-1.596537392059333,-1.9653344174745306,-2.2695392958220864,-2.416187177688261,-2.62310148454886,-2.7583786061166853,-2.830528981873933,-2.872978232623718
002532.SZ,-0.506249006947649,-0.9298345273144963,-1.2930542000502934,-1.565415190938098,-1.8101549983502494,-1.9746152165989945,-2.0881659099829553,-2.189673833536935,-2.3307995697527186,-2.6903844315490075
601828.SS,-0.6135676903957726,-1.0718580745022483,-1.4630593361844009,-1.762631990411232,-2.0074803140166684,-2.196355221467295,-2.29332116086094,-2.4433153525119717,-2.529131691843927,-2.8659191556405705
000938.SZ,-0.4952989598297251,-0.9056215721002026,-1.198656655394204,-1.439394045410575,-1.6513014184767165,-1.8578475850827105,-2.003383074374821,-2.1397677482934534,-2.252666960567603,-2.611020911780754
MGRC,-0.6743694436731852,-1.173978265308386,-1.5450140461773354,-1.8569910101640252,-2.0626097876164935,-2.2847486017027,-2.4633754018317098,-2.654088942641608,-2.8139479831547503,-2.8346314809778623
000301.SZ,-0.6192381337516548,-1.0639711432750762,-1.3888662740586595,-1.6327021950211063,-1.8483137895699042,-2.005246428114379,-2.133162570382269,-2.236539457140855,-2.35838935699689,-3.0195331849030618
000629.SZ,-0.6800101178110997,-1.1295235452250167,-1.497883873981643,-1.7727834825227347,-1.961631110989533,-2.155427393264932,-2.267719582894605,-2.390851755329348,-2.4733522461586737,-2.9887124650439425
600521.SS,-0.537131192502894,-0.968255882230188,-1.326494864796623,-1.6193314842532163,-1.8501134767819138,-2.0573773984676644,-2.2582055863065706,-2.4237805120760205,-2.6012906631454773,-2.982649211500073
300896.SZ,-0.39646136245191665,-0.875730665149615,-1.2317587520613547,-1.5449723929126884,-1.849998779580401,-2.0300353990745617,-2.1140639708730498,-2.239890397226669,-2.3812306998116033,-2.4963175778833686
300003.SZ,-0.5516758139607878,-0.9786855602466042,-1.3309480449865985,-1.6436212925833056,-1.8955825449831811,-2.04644642743941,-2.2119226465640827,-2.3292216179984186,-2.4774754217541584,-2.690959613417632
601333.SS,-0.6952176403565314,-1.2046865653444732,-1.6247482293842186,-1.8993877456567112,-2.069635548543968,-2.2894356280921127,-2.418898870018978,-2.4965573027178616,-2.6089865529073855,-2.8867938076262742
000027.SZ,-0.7033017757746619,-1.175765200634219,-1.551515440016482,-1.832170180649114,-2.018110383263789,-2.1514628033795837,-2.2728533393736043,-2.3977070380159367,-2.52659236788118,-2.956369382294249
000883.SZ,-0.7053015949807825,-1.1163317505693666,-1.4438052161901844,-1.720774073644141,-1.9381329541166847,-2.0887357426210817,-2.219405586107735,-2.351914991020035,-2.4189775130897,-2.7701462449809586
600741.SS,-0.6297294738985696,-1.1076440668089076,-1.501487288728892,-1.7381806455048885,-1.9724320048102222,-2.1514628033795837,-2.3105806127932884,-2.4733522461586737,-2.5561529859702103,-2.8744988367849738
GULF-R.BK,-0.44099325907956294,-1.160586603775009,-1.6986482745438747,-1.831411767964885,-2.537235250394017,-2.537235250394017,-2.637235250394017,-2.637235250394017,-2.637235250394017,-2.637235250394017
277880.KQ,-0.4976050054393015,-0.7958010100268957,-1.0704181399289852,-1.3961323268326027,-1.5771089461695775,-1.7069876316986077,-1.7813805749396303,-1.9041839786906092,-2.0443582999442014,-2.1578676443004556
603260.SS,-0.4344249970488148,-0.8670872489152782,-1.2492137566003871,-1.5509786478420828,-1.7530293030621165,-1.9316679440643523,-2.082688822193095,-2.254235442562793,-2.3628293181062614,-2.7453119625355416
MEG,-0.34186015008841325,-0.6047853372906679,-0.9104730287722966,-1.1940558027182056,-1.4799413890351922,-1.6694449091564318,-1.8299898140230455,-2.015429661706841,-2.2436675235279084,-2.3751070841947755
600803.SS,-0.5690259619279011,-0.9648292352295967,-1.2918178464375298,-1.5606802147414827,-1.7803453767090354,-1.9670028745810848,-2.0887357426210817,-2.228659395215715,-2.327810298555369,-2.7356520896770555
603444.SS,-0.3911423401870273,-0.8738165822339448,-1.2513254460020313,-1.5392646986510292,-1.785107923423051,-1.9642951368279913,-2.132116746908105,-2.290399528945064,-2.3976943674874387,-2.776217426423658
600763.SS,-0.5358499508969757,-0.8829259819037154,-1.1687849825168706,-1.417747175865636,-1.73290339666041,-2.033288876684437,-2.1634597461811316,-2.2576278379117505,-2.3841070222914844,-2.6893312711464894
300763.SZ,-0.3202399935642386,-0.6687722411149982,-1.0214551770803595,-1.2843225317754186,-1.5243264441900466,-1.6900446256285273,-1.8937934818050834,-2.0170593471020712,-2.1349267942004793,-2.2527986928495722
0P0001NCEV.F,-3.2173548975944364,-3.2173548975944364,-3.2173548975944364,-3.2173548975944364,-3.2173548975944364,-3.2173548975944364,-3.2173548975944364,-3.2173548975944364,-3.2173548975944364,-3.2173548975944364
KANSAINER.NS,-0.740994512470569,-1.313077506355653,-1.7464939456251114,-2.129905593734075,-2.3492144791709295,-2.5231796906869532,-2.6882308928617937,-2.820908861852215,-2.897406954193513,-3.082552604437362
000830.SZ,-0.600035629844533,-1.0510631830686004,-1.3803762880072838,-1.633268915615288,-1.8427217289785918,-2.0211090039334714,-2.1675288473490317,-2.2940107151244007,-2.426317532460657,-2.8290074842933715
002007.SZ,-0.5770185260853624,-1.0294410863890104,-1.4147093594287095,-1.7025058734414324,-1.9645419577100236,-2.126212853555827,-2.3092725352207712,-2.4007333951610565,-2.50698580613874,-2.8938767396950293
002326.SZ,-0.4411121955006766,-0.8248568541786073,-1.1611793517896427,-1.426898886465726,-1.6390286401242469,-1.82283907394411,-1.957005886629352,-2.0915842163747684,-2.1660048767386106,-2.5332095144085716
BRKM5.SA,-0.4258180056734815,-0.8431540589128307,-1.2002286696123436,-1.5366942355501567,-1.8089749601364042,-2.0130355470699497,-2.1990322139586533,-2.4248128262820994,-2.5137148243219682,-2.5827222619574752
000400.SZ,-0.532700030348894,-0.9741922550171453,-1.3174008978135112,-1.576703289120685,-1.8238734509348447,-2.0241259087709476,-2.1970683626811205,-2.3457600595071684,-2.4414022075752033,-2.9268513918430354
000937.SZ,-0.5939744785634558,-1.0144874925865466,-1.3400365481861802,-1.6200850528475503,-1.8513131621951846,-2.0489508008324844,-2.135933618536673,-2.278047706256592,-2.433790647572181,-2.8290074842933715
DFMPX,-3.061124795651458,-3.376170370816028,-3.4761703708160283,-3.4761703708160283,-3.4761703708160283,-3.4761703708160283,-3.4761703708160283,-3.4761703708160283,-3.4761703708160283,-3.4761703708160283
600132.SS,-0.5503181648462153,-0.9931793329880398,-1.3174008978135112,-1.5903720228254905,-1.8016827681305911,-1.9432626172845398,-2.071758831618168,-2.188432235957881,-2.2728533393736043,-2.588131784784006
688185.SS,-0.2688251101087291,-0.6714831701252505,-1.033320983150234,-1.3390137948334337,-1.5384117444584142,-1.744328872988173,-1.8945772470708084,-2.072106105729513,-2.162178272224231,-2.30044350745369
002624.SZ,-0.5228979142282953,-0.9075585574664008,-1.2561565034062308,-1.594082590305883,-1.8101848175003008,-1.975602919670846,-2.1829973570738903,-2.3537912638717136,-2.416292909583544,-3.1309934807461652
002920.KS,-0.720699027406824,-1.2252535471696953,-1.633335168935346,-1.9185362483955595,-2.144656518797641,-2.4162182788753834,-2.5123614114628925,-2.6271599108737878,-2.7396715236461704,-2.960136188133056
000878.SZ,-0.564444939894478,-0.9754471172557037,-1.320193480786007,-1.5876144844745466,-1.8076468695405314,-2.006293878850611,-2.20144862140746,-2.351914991020035,-2.3977070380159367,-2.719555875072456
002670.SZ,-0.5390403893183253,-0.9704280285469444,-1.3296962774809291,-1.5936649389450905,-1.8383788418013796,-1.9935192254336298,-2.1780415932423396,-2.2868904150984055,-2.4181053252661986,-2.911206481623709
002821.SZ,-0.43902742736898653,-0.872033248517491,-1.225159480748068,-1.5849890569368583,-1.8386016988326561,-2.0656528080961762,-2.1845750619836313,-2.383020014380077,-2.57786592503754,-3.1201644283821626
600699.SS,-0.502368176327545,-0.8875441781678185,-1.1994572590100938,-1.473187854507917,-1.7957820733187142,-2.1209030602536503,-2.2940107151244007,-2.390851755329348,-2.481749086281793,-2.7701462449809586
002268.SZ,-0.45707860336466793,-0.8364022048246809,-1.1750812514999673,-1.4694529777862393,-1.7144665252441509,-1.9242587846072696,-2.0570773013164447,-2.1608901473684385,-2.2632817295883907,-2.613006307945159
002409.SZ,-0.5087597985171335,-0.9453109849423474,-1.28019999198609,-1.54917350896089,-1.7907615069551701,-2.0473622801802867,-2.205295079841993,-2.3669115356672425,-2.451043779699688,-2.6789240711370073
000860.SZ,-0.5322504735822228,-0.9598700476345696,-1.3017668215552534,-1.5931417077050274,-1.8405949806656359,-2.071758831618168,-2.159426154451882,-2.333710327708606,-2.4651262552064446,-2.956369382294249
900909.SS,-0.7931262332117863,-1.2238424339269585,-1.512416202719877,-1.7381806455048885,-1.9181083315139702,-2.071758831618168,-2.188432235957881,-2.2940107151244007,-2.4046768878330247,-2.8744988367849738
300142.SZ,-0.5254955921481864,-0.9587523409495511,-1.3242294213416472,-1.6341399285185256,-1.9067538184099195,-2.092063407958871,-2.2496712704049866,-2.389812254672463,-2.5132331799605305,-2.813931595537301
601155.SS,-0.4239961412511326,-0.8571900341386329,-1.2314964197235032,-1.5308074271949992,-1.784475667516438,-1.9828371675054166,-2.21208511640185,-2.3496543863297776,-2.3833287977182027,-2.813406708039728
300496.SZ,-0.39240000259842867,-0.7593773792458921,-1.0954434160255706,-1.3508003036567349,-1.577997061932783,-1.7887830948925298,-1.9606645505777427,-2.078718757860525,-2.2357485206332037,-2.582105106314137
600985.SS,-0.5881428834728032,-0.964404160594146,-1.242524694374445,-1.49556198062304,-1.7022275413224957,-1.880627192346155,-2.0270469965940983,-2.167456337720355,-2.231167072970938,-2.72564922160728
688188.SS,-0.44969578186998976,-0.931533639861621,-1.2362774745624585,-1.572197735022775,-1.8148769576474832,-2.0962587912648947,-2.29221724873733,-2.5243735314946316,-2.6637724988089664,-2.7245381009693395
VAKBN.IS,-0.5373276591446504,-0.9493410945375338,-1.3070479352322704,-1.6371005444184894,-1.903234989326973,-2.151793620077681,-2.3160674536950556,-2.4787069074083856,-2.534934075657704,-2.8043578796027444
603806.SS,-0.4236936557523751,-0.8450241975571574,-1.2474814915524834,-1.5959440718856488,-1.8102794008722132,-2.0220034342575715,-2.210413571894312,-2.330902391935931,-2.4066515122866496,-2.7170749537002767
600779.SS,-0.5121295976892425,-0.922207726822404,-1.29994833569932,-1.5794134900270667,-1.8491524839370483,-2.071758831618168,-2.2886247033121436,-2.433790647572181,-2.52659236788118,-2.851016072692428
300724.SZ,-0.3541662624393856,-0.6639904419158426,-1.0193523603934411,-1.3247084870541692,-1.591010810619106,-1.831913655701191,-1.9486328540456663,-2.1001654928444746,-2.266226809209657,-2.444409975542651
600233.SS,-0.5531440642827702,-0.9918047591062242,-1.343765957251475,-1.6488607178742338,-1.8477481610781463,-2.016705690489447,-2.19009827571406,-2.309559616696404,-2.391199839318927,-2.7829587585695874
601233.SS,-0.49723857543705624,-0.9301776301316446,-1.282193141580268,-1.5745386593692332,-1.7989188787659054,-2.0427168814627694,-2.1577015794747894,-2.3215187516132,-2.4277181165989745,-2.9312069908755585
004990.KS,-0.833492197581259,-1.341030631179267,-1.7282820816210482,-2.062170746138938,-2.319513180842609,-2.511111145692064,-2.7729715104648105,-2.853774326357246,-2.9590446828259913,-3.1664776994947315
601666.SS,-0.514398023477658,-0.9147746528465556,-1.2486445984688255,-1.5295425291261127,-1.6978324538683556,-1.8452433135327262,-2.035940308842956,-2.203627081000321,-2.338303639295245,-2.8245127697805903
002302.SZ,-0.5115566897804263,-0.9439135067658975,-1.2769232981372998,-1.582463544895592,-1.8302686555718974,-1.9970030906552487,-2.1434448741803234,-2.2343774452727296,-2.4138695112751365,-2.7702798579743413
000799.SZ,-0.511684843525386,-0.8956719128659393,-1.2288075533445555,-1.5222847672632802,-1.8177323003958448,-2.065132069114337,-2.2333588150239105,-2.370934176876622,-2.4990873418513773,-2.9887124650439425
BE,-0.210656808301778,-0.46381436762968103,-0.6552614050537862,-0.8963731998401133,-1.1522998929329762,-1.328668931609469,-1.524945357762617,-1.7076541479788405,-1.843605583565608,-1.9954914585413064
002568.SZ,-0.4271539425306519,-0.8148513118649251,-1.181530533433048,-1.5103438899637307,-1.7333612239537772,-1.9780398358926787,-2.1268145203552353,-2.304835019700049,-2.380801733145429,-2.740753843264244
S8T.F,-0.681706057164831,-1.163949582153265,-1.5321306563138768,-1.8081173700571713,-1.9741383556504408,-2.1867857265696142,-2.3095147764589,-2.5191244734984184,-2.606386037572093,-2.792592091037501
600348.SS,-0.5061601848782115,-0.9055701567418286,-1.2202120050606435,-1.5069479816604643,-1.7551101991197489,-1.9413291354856879,-2.0634227013811324,-2.211198526508417,-2.3603404466415197,-2.7564858213469834
002153.SZ,-0.4117305741021282,-0.8289038146010292,-1.172084054928838,-1.4942011868441407,-1.7373431356785016,-1.9186112004777265,-2.0697181379573557,-2.1763352530990647,-2.291683081940122,-2.614013660405654
000786.SZ,-0.5453318654837703,-0.9887171358878304,-1.3683382420449202,-1.6437228537499333,-1.8825119643258161,-2.0489508008324844,-2.2477609102370133,-2.390851755329348,-2.481749086281793,-2.899682469718629
200028.SZ,-0.7703547386781179,-1.2050831440874257,-1.5424791595739733,-1.8116589478238474,-2.0457780748984744,-2.2381080814540932,-2.4117655495957813,-2.5771771179676923,-2.808289394661673,-3.3097323744460176
601799.SS,-0.5019794965850617,-0.9905167825869096,-1.3808962017974904,-1.7345126268774087,-1.9259249200779287,-2.09815140831279,-2.270263391155458,-2.396213603915466,-2.4769149757063014,-2.9931759178347987
603939.SS,-0.5182031363385904,-0.9722317838686507,-1.3494090861756767,-1.6636835215663088,-1.9048723370392937,-2.156446140013642,-2.318046381729889,-2.3777708775264794,-2.5314459106922933,-2.8377178065768587
603290.SS,-0.3467355686544847,-0.7824740634252068,-1.1361089076714352,-1.3959617682446235,-1.6113971639774676,-1.7970815745568922,-1.9713949306931566,-2.1445496279150587,-2.3104670853385847,-2.8648201265518627
600298.SS,-0.5923956341368504,-1.0643402892485558,-1.4492749243175906,-1.7404725607635863,-1.9954021037038592,-2.153175309341386,-2.2787810646634856,-2.409557261516839,-2.537011672433781,-3.10285630966574
603338.SS,-0.48635208385784195,-0.9147834143930638,-1.3058515268963888,-1.6159419239490997,-1.8566653606502883,-1.9833509292255542,-2.0569123636334172,-2.173123913121618,-2.2625389993753453,-2.6678607995426544
600704.SS,-0.6426258183106164,-1.0612851963554453,-1.3915896572689472,-1.6528285651929848,-1.8427217289785918,-1.975168518502886,-2.117219241168087,-2.192729857069685,-2.304986755805709,-2.611020911780754
603392.SS,-0.43538896872362665,-0.869423773288886,-1.2684300607807437,-1.523149387273119,-1.751697514312643,-1.9176737298325022,-1.9913345278805048,-2.3203989926625,-2.5237504958651145,-3.184233508210333
300212.SZ,-0.4204578753076188,-0.7504411516398206,-1.0902331807491588,-1.386511424339069,-1.610847235908303,-1.7930044381218435,-1.9056641192455255,-2.085240978234392,-2.204276400426545,-2.553482303906088
300601.SZ,-0.3928829734508307,-0.8442663715441766,-1.2337641553629852,-1.5126268110728724,-1.7481166640364478,-1.9605576058855878,-2.106783104786439,-2.271511319213326,-2.3555996945874385,-2.569958879530898
688122.SS,-0.39412793171512966,-0.7885143415100311,-1.174731454221533,-1.5080359026548005,-1.7629703431125223,-1.9401397564462226,-2.178427803692043,-2.29537982478883,-2.456020065778155,-2.614341061012753
601139.SS,-0.696085444577674,-1.1968565611212865,-1.607388589077168,-1.8759046031649493,-2.133241939768629,-2.2885077527044895,-2.4103252793553973,-2.566172207205081,-2.6644216787020136,-3.014893613129268
000591.SZ,-0.5740789208059851,-0.9817446126560714,-1.3381239608987767,-1.6001199121660596,-1.784164818854932,-1.948443930017519,-2.0751066268959715,-2.20144862140746,-2.3457600595071684,-2.7041348539914334
300677.SZ,-0.4500381580098919,-0.8609450781224681,-1.1947233869007066,-1.3952952320972416,-1.6424933418294787,-1.8494681417923178,-2.043776722506639,-2.141979621128548,-2.2357850657927827,-2.466120528560785
000902.SZ,-0.5805312486323451,-0.9823765047565498,-1.3155448685451503,-1.5593629262523678,-1.7997089016823928,-1.994751046606,-2.147531744452689,-2.3105806127932884,-2.4189775130897,-2.719555875072456
300454.SZ,-0.3817533007992348,-0.8255377166907912,-1.1705738774584058,-1.4746264271565341,-1.7705684768816927,-2.022030194541002,-2.1964101308814654,-2.3585067952351553,-2.549320423129696,-2.722653968649015
300699.SZ,-0.46963773314353646,-0.9413321863013168,-1.3340782356020944,-1.6448536269514729,-1.8851770324320491,-2.1483851900476663,-2.245243962864905,-2.349237938174089,-2.435980499332892,-2.655427657292608
603737.SS,-0.409930043651476,-0.9164797852244932,-1.2953924920496047,-1.6255694779730299,-1.9610685813577373,-2.204132213072977,-2.4210155758499767,-2.663266623338201,-2.796929973443159,-3.13480386868111
300595.SZ,-0.43495001262737193,-0.9033996007549456,-1.2929095683634098,-1.600327267122451,-1.7775870750733929,-1.9546765389740195,-2.258250433097608,-2.3573128523290783,-2.462277029913355,-2.57155640460418
603456.SS,-0.4944081743592494,-0.9316458301260089,-1.3093776909689179,-1.585824167699204,-1.8005833023727915,-1.9809078274003935,-2.1508214344989987,-2.344734271681703,-2.4594678203771014,-3.062222956004873
300618.SZ,-0.4001523761274872,-0.7626240360828874,-1.1172920726742919,-1.376184341209943,-1.6065254480012376,-1.76050820051356,-1.933725774042948,-2.114192437869347,-2.2109452732711086,-2.5085957242228307
603816.SS,-0.4837385530461032,-0.9380586200078761,-1.3967126453904508,-1.820059134418124,-2.025099552524574,-2.3874808678905124,-2.5518818113716426,-2.7343687865331865,-3.0024032024283485,-3.4222779195436046
601216.SS,-0.5847835826110579,-1.0279215939420463,-1.3256999864678263,-1.5948670415310873,-1.835408516911622,-2.0165444159727786,-2.084677764321688,-2.1787987432018276,-2.2601889913293802,-2.6626874500056923
603345.SS,-0.46375405184134005,-0.9198703752214745,-1.2770653069934437,-1.6388041045084427,-1.9829254737348017,-2.173722740579726,-2.3538776044528436,-2.5099106072723774,-2.5683531375372906,-3.112059144276225
600338.SS,-0.47713150380186875,-0.8207251296760241,-1.0836176293717867,-1.3448797438819629,-1.6778047897258772,-2.013152645254745,-2.1351387803149198,-2.257212304430775,-2.3366910755775687,-2.6343195782640834
200539.SZ,-0.9372341396848288,-1.4220234094200452,-1.756130385663889,-2.0457780748984744,-2.2833042753627075,-2.4651262552064446,-2.6613802730072194,-2.851016072692428,-2.956369382294249,-3.605723832543493
000519.SZ,-0.5241767045438809,-0.9186322878859928,-1.2523893762079872,-1.513641728729328,-1.7488827783391858,-1.9305327931595424,-2.128358236889397,-2.2381080814540932,-2.351914991020035,-2.851016072692428
600483.SS,-0.6015283251735569,-0.9999267217101875,-1.2984777339079236,-1.5445115516876546,-1.7551029129819045,-1.9131051143848836,-2.051795164386224,-2.141577596313839,-2.2776269205160884,-2.653673386844231
002607.SZ,-0.44572764684323474,-0.8385591569240175,-1.1613648374121623,-1.4337444325891,-1.690213458670036,-1.8595651961037114,-2.0027191773160666,-2.109435476136775,-2.2214083051574236,-2.606176115130438
600079.SS,-0.5621588692194484,-0.9963787624353161,-1.3496738543141802,-1.6452310191391961,-1.9011966128603706,-2.068434096276952,-2.20144862140746,-2.3396927303649786,-2.4733522461586737,-2.899682469718629
603882.SS,-0.37943470998603784,-0.8419756430134386,-1.1872752998811957,-1.5381663901740332,-1.7902564219226345,-2.0570383228966853,-2.2764772568273592,-2.389635980230279,-2.5454820183891167,-3.39276785732319
300001.SZ,-0.49030431359486576,-0.8898677627592338,-1.232367850119936,-1.5109986137164417,-1.7572194742425746,-1.9355225138103784,-2.073046643085552,-2.2119226465640827,-2.2923934152477434,-2.625530746904661
600038.SS,-0.5297643815030648,-0.9438170272384226,-1.2959875997216193,-1.5527376237879735,-1.7915917815682976,-1.9750796544270988,-2.1085926589625545,-2.208542512169874,-2.2789159048206424,-2.757194875834965
002791.SZ,-0.3923869268423244,-0.7963975328062478,-1.1784501349457388,-1.5213904312207784,-1.8120198036624673,-2.0319519948564273,-2.22415109821323,-2.354457855420906,-2.493542203078787,-2.9315563915457212
601636.SS,-0.4892313354467774,-0.9238425855567848,-1.296872487108092,-1.5442376299925444,-1.8091573116535653,-1.9714820331400191,-2.1508055034737215,-2.265605917204511,-2.3475973913038644,-2.8775301535343685
601456.SS,-0.48716724200985867,-0.9503286439261117,-1.3715204728028316,-1.697164029976415,-1.9586654796506227,-2.276830447203053,-2.360769090714456,-2.5543607292466888,-2.669395821360366,-3.170884256711351
300357.SZ,-0.44116864743261913,-0.8942051800416002,-1.2803751674021966,-1.5942433403244947,-1.8376384268780583,-2.026635292014907,-2.20366077955032,-2.353551310489175,-2.5006462328934003,-2.818761219338285
007310.KS,-0.6292081527386626,-1.1692264104550731,-1.5707696577600614,-1.9536890050154005,-2.2018589031635916,-2.438211198557903,-2.6035978781383813,-2.75648896402412,-2.8122222680445916,-2.992444737387318
600655.SS,-0.6512830108540135,-1.1163317505693666,-1.4813197021236677,-1.7784453546231542,-2.012167011774206,-2.1970683626811205,-2.278047706256592,-2.4046768878330247,-2.5080462434335415,-2.7887108508395597
300529.SZ,-0.5216346122494798,-1.0139928234265205,-1.3815688891338245,-1.7135349284234962,-1.9319285208792571,-2.078967938186261,-2.2776547352326055,-2.3949435973114777,-2.5310063700031034,-2.7913206630862155
601966.SS,-0.4887764111146696,-1.045034673539924,-1.4702537004249396,-1.8815596188959938,-2.1015777823869874,-2.310991338257424,-2.5337561744803665,-2.7938580633154007,-3.0109675670593803,-3.132014820751157
FLOT,-2.8497637849290016,-3.063507740979381,-3.148574478090263,-3.265219517885107,-3.265219517885107,-3.456668899087601,-3.556668899087601,-3.556668899087601,-3.556668899087601,-3.556668899087601
HUH1V.HE,-0.7728175608815734,-1.3616540952880394,-1.7870575179844128,-2.166166845824517,-2.4007578927793882,-2.6572716274169257,-2.8376452764086575,-3.0326861895638855,-3.2360556394184044,-3.317289687285658
TYRES.HE,-0.6518971789401524,-1.1073533407428655,-1.4635694697003387,-1.745505972082704,-2.0176305467190603,-2.2630471500914426,-2.394035368350659,-2.5267175064220564,-2.597426706310165,-2.6572716274169257
TUI1.DE,-0.5494542474603963,-0.957530670859764,-1.2923447740687615,-1.5697273509626855,-1.7976356629712442,-2.0534381983771937,-2.2279458917080444,-2.4031881743981605,-2.557781157572005,-2.7153027922843136
MAGN,-0.5490607558496452,-0.9630442653117478,-1.2893458687785495,-1.584116760545807,-1.7846180536321217,-2.0050191182998316,-2.1506569335814425,-2.3402855421128654,-2.5053135990191526,-2.5726168960788374
UMI,-1.033903877007934,-1.6525366665524392,-2.12646492312519,-2.2632213583184826,-2.3714898052990203,-2.462960031531166,-2.6174761548539336,-2.75298213851394,-2.9726139414948207,-2.9726139414948207
GVYM.TA,-0.7753694910807917,-1.30777508940095,-1.7018160725127467,-2.0023046965829034,-2.2517183638749207,-2.3986582981042037,-2.6024480024332273,-2.7037415588117955,-2.7770729052433962,-2.8692998851506593
RBREW.CO,-0.8056239095145886,-1.3372105942825256,-1.760953294628273,-2.0455802514186328,-2.2661296477092967,-2.4127669758034496,-2.525010201597367,-2.642879468520125,-2.7429386069952164,-2.7773575166505466
566.SI,-0.830930744403993,-1.0715201375936942,-1.3330714695427257,-1.5190179752791948,-1.680169277255435,-1.7767162287987408,-1.9072868683414574,-2.013778472768443,-2.105748120378667,-2.2244824255030404
ROCK-B.CO,-0.7382804563052278,-1.235147094386232,-1.6096490144184266,-1.874278358297977,-2.1188924337624924,-2.3540106097198406,-2.5742009042164216,-2.6556330936084858,-2.7773575166505466,-2.858056505083034
RASP,-1.7106401359228622,-1.7226570171846116,-1.7390768979601152,-1.751706781500873,-1.7602845333612387,-1.768993793810906,-1.768993793810906,-1.7868262185593027,-1.8005833023727915,-1.8390357832308324
COLRF,-2.547725353145701,-2.563913748897806,-2.563913748897806,-2.598462809030666,-2.616971869386446,-2.616971869386446,-2.616971869386446,-2.616971869386446,-2.616971869386446,-2.6786118195610027
BNAI,-0.8151857622553623,-0.9572613184600531,-1.0489140312297915,-1.1670324159811507,-1.2191451241513596,-1.2942524610017092,-1.3885619766350266,-1.477820677360871,-1.5660071692702167,-1.6269792888409962
PROX.BR,-0.8685421324477789,-1.5069293558872563,-1.890061195712513,-2.1981001943409115,-2.422740997408039,-2.642103067373342,-2.8553631748438653,-3.0224213466637173,-3.1228398678830374,-3.1879362251327605
DLN,-1.2372740540537568,-1.7940284803404822,-2.2137549941734584,-2.451244463180604,-2.663715487175534,-2.872877280238018,-3.0852574291175325,-3.0852574291175325,-3.234102564162805,-3.3481586848783724
CHR,-0.46696785604104335,-0.7610568807101923,-0.980585098728347,-1.1704247874137048,-1.3619850146600785,-1.5198833133452216,-1.676287372034336,-1.792926049357656,-1.873479661831357,-1.9318590419017945
HMSO.L,-0.7147463523358378,-1.2241048877616783,-1.568984475799764,-1.8015080046525969,-2.021621463532771,-2.208656397099553,-2.333090484118187,-2.4520704019960586,-2.5664343429777796,-2.7139542715726765
ROSN,-0.8722105499111092,-0.974645348036539,-1.03823497908242,-1.1202906431735125,-1.184510528236789,-1.244191050938823,-1.3016222100706083,-1.34304749662207,-1.3732833759566585,-1.4211409771508874
V4OC.F,-0.6658695180010484,-1.2383294455518685,-1.6476506267503706,-2.045390989873292,-2.3487153020268736,-2.440867866452881,-2.7328215258861546,-2.863772174117732,-3.2776981458498864,-3.3776981458498865
NMCO,-1.1840087274045166,-1.9445171227641538,-2.2568055538320504,-2.617811887634379,-2.730641843514028,-2.803387314448872,-2.803387314448872,-2.8949104179770524,-2.8949104179770524,-3.2239799512009166
ADANIENT.BO,-0.575540962900863,-0.9758667403044432,-1.3078374680981601,-1.5678548294761718,-1.853148038839134,-2.0441712726119348,-2.2184093189536775,-2.352112995708957,-2.4636063658697904,-2.581935615227192
SOLB.BR,-0.7693350563929185,-1.3332407813088585,-1.7381573753285773,-2.128236646104653,-2.3703902992392325,-2.6044580940950444,-2.8021105384278373,-3.1048344821436658,-3.2228461919168536,-3.6007429109353963
SSAC.SW,-1.379190283177611,-2.0270169505383366,-2.4564145238416613,-2.709626727733676,-2.8414707005538555,-3.0557078858290936,-3.1409558465671874,-3.2578368115096983,-3.2578368115096983,-3.5496447395986324
EVR,-0.578923240575289,-1.0168884900682407,-1.3716045066830787,-1.689939271074012,-1.9357251392801575,-2.204689259663371,-2.3732192875341025,-2.503342423166427,-2.5813275130840787,-2.6791202913939114
1FRVIA.MI,-0.3597106255956971,-0.7363159173761296,-1.0130489316090807,-1.344057586543383,-1.5530912434005477,-1.7997105491458318,-1.9444644790040713,-2.1472601650551693,-2.3250948377020246,-2.4311696144116945
VOE,-1.088216393772775,-1.6396969160375943,-2.0726087083334073,-2.316292250631502,-2.5665642807796276,-2.738996916029615,-2.83943784980729,-3.027595504436823,-3.082277595138319,-3.2312411541124675
