name,0.01,0.02,0.03,0.04,0.05,0.06,0.07,0.08,0.09,0.10
NVDA,-0.47432897690177916,-0.82039739356301,-1.1113875000052633,-1.3700595993556952,-1.5977052972747825,-1.7752744811907586,-1.977195156806825,-2.162421309946964,-2.2847486017027,-2.4633754018317098
AAPL,-0.686448966829328,-1.1170926024755654,-1.492780230096219,-1.7734242477565312,-2.053054536378272,-2.2847486017027,-2.4796305340295475,-2.69519642312547,-2.8346314809778623,-2.994082558905509
MSFT,-0.8097102176621397,-1.3253847130955578,-1.7411124869535166,-2.046786997218423,-2.264375953059876,-2.4633754018317098,-2.654088942641608,-2.8139479831547503,-2.9323172371449133,-3.029837028801329
AMZN,-0.5937431816821842,-1.0246013918044958,-1.3564680378044396,-1.600458686454064,-1.7998999745025142,-1.9993294704355098,-2.120663321028304,-2.259426639852963,-2.411098038393774,-2.4965685244309896
AVGO,-0.637395565898332,-1.112198476378626,-1.503213083739478,-1.8292559159733521,-2.1040190303561412,-2.3474989326266384,-2.586618972085669,-2.7072365634904454,-2.8170872946331817,-2.8507575156103364
GOOGL,-0.7981694249885459,-1.312578843806686,-1.7152823540705584,-1.9808313345737556,-2.2913129064776574,-2.515020451896647,-2.644424264550653,-2.8177987930440365,-3.057525338025326,-3.372863119704279
GOOG,-0.7956078606264627,-1.3147885009480111,-1.707219345102413,-1.9875066264810881,-2.2913129064776574,-2.515020451896647,-2.6601301114052265,-2.8177987930440365,-3.057525338025326,-3.372863119704279
META,-0.6728827334869528,-1.149109215447694,-1.5155426560127718,-1.7678840369951838,-2.0567733866114577,-2.2487949088195043,-2.4879905314120188,-2.5783615438971466,-2.696497171559171,-2.828851783264797
TSLA,-0.458859292721778,-0.7944035587972353,-1.0794906907741382,-1.3537778000040541,-1.5972953022596412,-1.7974095203803528,-1.9757736392359537,-2.134477782752373,-2.307717318884014,-2.411448686856526
BRK-B,-1.0629346414791006,-1.710522524184857,-2.117045310895952,-2.397302394269086,-2.6170298751918515,-2.8346314809778623,-3.0699424590340376,-3.233360977747898,-3.3146523927384957,-3.6102880350485664
JPM,-0.742866815423574,-1.221897358754522,-1.5708145878731772,-1.8400609439934088,-2.1098913351633066,-2.2847486017027,-2.4633754018317098,-2.6054369881979067,-2.7099735383976475,-2.794402495947033
LLY,-0.8311791039370393,-1.4000692475119656,-1.8634793044721083,-2.1996321818220173,-2.4401505072139695,-2.6413291991609484,-2.8800482509373944,-2.994082558905509,-3.0699424590340376,-3.169068054888483
V,-0.8377969142189675,-1.384452839313711,-1.777330661918645,-2.0897545166871474,-2.3682366199195726,-2.5515705642704307,-2.734074686012712,-2.954891264583433,-3.0572018668403476,-3.123471769982577
JNJ,-1.1050121950457412,-1.7734242477565312,-2.2308358870440865,-2.5832502800030572,-2.8346314809778623,-2.994082558905509,-3.115691259587702,-3.3146523927384957,-3.3146523927384957,-3.426366522732482
XOM,-0.8371504085376626,-1.4093223652214155,-1.8613078250541872,-2.1910977943351524,-2.5327638923707947,-2.741435159375291,-2.8346314809778623,-2.9323172371449133,-3.0699424590340376,-3.169068054888483
WMT,-0.9545460520637575,-1.601839943136806,-2.019534286602006,-2.322861892455491,-2.562266673910372,-2.7099735383976475,-2.8566037537823714,-2.994082558905509,-3.169068054888483,-3.3146523927384957
NFLX,-0.5038387649363566,-0.927868384670133,-1.2768660157923162,-1.5483902707976782,-1.7883164823912354,-1.979111978679232,-2.136306550882268,-2.253330092614576,-2.383072197292639,-2.489495350347397
MA,-0.8083363207646195,-1.3160449329109154,-1.644067762802013,-1.9439131889814538,-2.2269149235255288,-2.4322811637363784,-2.5998355260073174,-2.6474431256668356,-2.8157613430521353,-2.9436066725620464
COST,-0.8911664434910471,-1.4389105505547641,-1.8463478170595429,-2.142976289743136,-2.3774277410396354,-2.5832502800030572,-2.8139479831547503,-2.994082558905509,-3.115691259587702,-3.169068054888483
ABBV,-0.8714907789077725,-1.4531670797518708,-1.8549136201192429,-2.1546062371505164,-2.4111538077722314,-2.562319777840053,-2.7414853963658756,-2.961836227612837,-2.961836227612837,-2.961836227612837
PLTR,-0.3588638159592546,-0.6697294052319623,-0.952370547487631,-1.1956883947866819,-1.3780695423592615,-1.5754547508709558,-1.8041223978791954,-2.076163975232309,-2.186379135563689,-2.3041874888314804
BAC,-0.7054960234597378,-1.1878353038697755,-1.5337320713389797,-1.8116435531624624,-2.01077442309147,-2.162421309946964,-2.2847486017027,-2.4041430237710606,-2.5142545746632035,-2.5726168960788374
HD,-0.7964798664787446,-1.3281577061197483,-1.7393698948328384,-2.031460636644224,-2.2847486017027,-2.6054369881979067,-2.758243671798118,-2.961789141910216,-3.029837028801329,-3.0699424590340376
AMD,-0.3967618993615145,-0.7292962562427578,-1.0258981533137468,-1.2937592701343468,-1.509336844222889,-1.723919178249286,-1.8925426366225189,-2.053054536378272,-2.1868897485630843,-2.3116262784285535
PG,-1.095881929513194,-1.7463722339753438,-2.142976289743136,-2.4326930212668962,-2.654088942641608,-2.758243671798118,-2.905191387241866,-3.169068054888483,-3.426366522732482,-3.6102880350485664
ORCL,-0.7114081988897828,-1.1678913622553506,-1.5105353885333281,-1.7411124869535166,-1.988140564040896,-2.1868897485630843,-2.390572138325214,-2.5521838702359307,-2.654088942641608,-2.794402495947033
GE,-0.7540262481609054,-1.2431999581811133,-1.6144110646041738,-1.908878878601049,-2.1243093055038123,-2.3402855421128654,-2.4880103093564743,-2.6413291991609484,-2.7758695696819626,-2.8800482509373944
CSCO,-0.756575581908294,-1.2178638115550469,-1.5526460283710277,-1.8176102805195051,-2.0284519178112332,-2.1953450008245587,-2.322861892455491,-2.4633754018317098,-2.654088942641608,-2.7758695696819626
UNH,-0.7980601216470423,-1.3290843102477075,-1.7552473631849272,-2.0626097876164935,-2.264375953059876,-2.4477462211583094,-2.5832502800030572,-2.7099735383976475,-2.8139479831547503,-2.9323172371449133
CVX,-0.8166462767049211,-1.3809189940671844,-1.8297416731633558,-2.1996321818220173,-2.5327638923707947,-2.680985395375806,-2.7758695696819626,-2.8346314809778623,-3.029837028801329,-3.115691259587702
IBM,-0.8928783686902739,-1.4846531655847548,-1.8379813903377575,-2.1279837495171936,-2.3646817036900085,-2.6170298751918515,-2.794402495947033,-2.961789141910216,-3.115691259587702,-3.3146523927384957
KO,-1.0744701415307412,-1.6893862457590374,-2.1279837495171936,-2.4796305340295475,-2.69519642312547,-2.7758695696819626,-2.994082558905509,-3.115691259587702,-3.3146523927384957,-3.6102880350485664
WFC,-0.7714600097251156,-1.2955317060901255,-1.6315799380886258,-1.8834297845038726,-2.089054030422193,-2.259426639852963,-2.4401505072139695,-2.5521838702359307,-2.5832502800030572,-2.7253672237986515
CAT,-0.6981402905823506,-1.2235163567573726,-1.620081063355292,-1.9331384330576866,-2.2449019095076244,-2.471421344323008,-2.654088942641608,-2.8139479831547503,-2.994082558905509,-3.233360977747898
MU,-0.40465413068626493,-0.7443830888794928,-1.064960023862587,-1.3555067628832855,-1.5868110888501887,-1.8077012815006883,-1.9799093313765461,-2.1584665855253675,-2.2953013781886913,-2.4326930212668962
MRK,-0.859675606470847,-1.4789076071559184,-1.8834297845038726,-2.1996321818220173,-2.390572138325214,-2.594184027828096,-2.7758695696819626,-2.8566037537823714,-2.961789141910216,-3.169068054888483
GS,-0.6816052302975562,-1.1847362852844843,-1.5854624860091489,-1.8834297845038726,-2.162421309946964,-2.3402855421128654,-2.4633754018317098,-2.628985525095589,-2.7099735383976475,-2.7758695696819626
PM,-0.9730978156170371,-1.596769460266699,-1.99128732866976,-2.324508469771788,-2.5104144167957347,-2.6696659057426446,-2.711427480624776,-2.876615418713217,-3.05733576287185,-3.2072974284199183
RTX,-0.8747503794932244,-1.4421562612810843,-1.8359097548658103,-2.1279837495171936,-2.397302394269086,-2.5832502800030572,-2.7099735383976475,-2.8566037537823714,-2.961789141910216,-3.169068054888483
ABT,-0.8883190234562856,-1.5287799316542727,-2.0050191182998316,-2.289993113482879,-2.594184027828096,-2.7253672237986515,-2.8139479831547503,-2.994082558905509,-3.0699424590340376,-3.6102880350485664
TMO,-0.7959535566361299,-1.335602734660684,-1.7771308120741691,-2.1468007811965357,-2.4041430237710606,-2.5832502800030572,-2.794402495947033,-2.8800482509373944,-3.115691259587702,-3.6102880350485664
MCD,-0.9697705390799239,-1.613001644633655,-2.0723571582081686,-2.3343986285231986,-2.6054369881979067,-2.8139479831547503,-2.994082558905509,-3.169068054888483,-3.233360977747898,-3.3146523927384957
CRM,-0.6092381092882933,-1.0432267844361511,-1.400565922540963,-1.7067339410756677,-1.9906424109433944,-2.263103414630236,-2.3951324539667898,-2.5643197689718265,-2.696133579308525,-2.8457643678340383
MS,-0.6153727094988984,-1.0785757932471276,-1.4166035558479224,-1.7072208758585978,-1.908878878601049,-2.1243093055038123,-2.254532061700739,-2.346254695115646,-2.5053135990191526,-2.594184027828096
ISRG,-0.6334140952966327,-1.0749913963198003,-1.396660902474439,-1.6573582178434654,-1.8341943106755112,-2.015064579636539,-2.1674671379855384,-2.2885655451469225,-2.351857090320776,-2.490269324908507
PEP,-1.0986814892108192,-1.7307351892655696,-2.2083298544007097,-2.5521838702359307,-2.7758695696819626,-2.961789141910216,-3.115691259587702,-3.169068054888483,-3.169068054888483,-3.169068054888483
AMAT,-0.5383950719474364,-0.9593936900628274,-1.3026624887879312,-1.5655707111011412,-1.8096689017131373,-2.031460636644224,-2.254532061700739,-2.4181716767148407,-2.654088942641608,-2.8566037537823714
AXP,-0.7730095214735158,-1.2251385681541471,-1.5827738977812327,-1.867848813631727,-2.1063544601762274,-2.3061161280083855,-2.425368421939968,-2.5327638923707947,-2.69519642312547,-2.794402495947033
LRCX,-0.5015326154799491,-0.8963100944494243,-1.205880455212517,-1.4720767507779235,-1.7072208758585978,-1.9065138116229907,-2.120663321028304,-2.3116262784285535,-2.4181716767148407,-2.5832502800030572
LIN,-0.8502835557876803,-1.427137391038705,-1.8297416731633558,-2.212742108953147,-2.4633754018317098,-2.7099735383976475,-2.8566037537823714,-2.9323172371449133,-3.029837028801329,-3.233360977747898
C,-0.6791893528224362,-1.1410203690473908,-1.470944931520739,-1.7376325685773681,-1.940643160106646,-2.1468007811965357,-2.289993113482879,-2.397302394269086,-2.4796305340295475,-2.5327638923707947
DIS,-0.7678516629586177,-1.31895372070737,-1.7138429247201876,-2.085667890622077,-2.3061161280083855,-2.4880103093564743,-2.6054369881979067,-2.7758695696819626,-2.8800482509373944,-3.233360977747898
T,-0.8635650238787869,-1.441072670453997,-1.8216243417043299,-2.1545453337908858,-2.397302394269086,-2.6413291991609484,-2.794402495947033,-3.029837028801329,-3.169068054888483,-3.3146523927384957
AMGN,-0.7714600097251156,-1.3198690947478584,-1.710522524184857,-1.9965087461959663,-2.254532061700739,-2.4554858393650236,-2.6672960131867987,-2.8800482509373944,-3.0699424590340376,-3.6102880350485664
UBER,-0.4208727628819394,-0.8356509680882097,-1.1855831648188229,-1.4891599953508141,-1.73587873652857,-1.9576652973317379,-2.1555465458255503,-2.342593997356464,-2.3920089606908665,-2.5908074567677715
QCOM,-0.6093616479472168,-1.0703825220444665,-1.4207981810012416,-1.6783108283873305,-1.8744707076087233,-2.0405988435047373,-2.1996321818220173,-2.3710065740570783,-2.5053135990191526,-2.69519642312547
NEE,-0.9401358498765492,-1.5655707111011412,-1.9559891506883051,-2.269381363370994,-2.4554858393650236,-2.7099735383976475,-2.8346314809778623,-2.994082558905509,-3.233360977747898,-3.426366522732482
INTC,-0.6176905778975994,-1.0772052250074242,-1.441072670453997,-1.7463722339753438,-1.988140564040896,-2.182720074784711,-2.3710065740570783,-2.4965685244309896,-2.628985525095589,-2.7253672237986515
INTU,-0.7218148481659938,-1.1964169919606693,-1.504564214828356,-1.7734242477565312,-1.977195156806825,-2.162421309946964,-2.346254695115646,-2.4554858393650236,-2.6054369881979067,-2.7253672237986515
VZ,-0.8786911814575734,-1.4974688873291286,-1.9482588049604173,-2.2847486017027,-2.5521838702359307,-2.794402495947033,-3.115691259587702,-3.3146523927384957,-3.426366522732482,-3.426366522732482
APH,-0.7627141515659707,-1.2736617995505293,-1.641821475008763,-1.9585921042501466,-2.212742108953147,-2.3710065740570783,-2.4880103093564743,-2.628985525095589,-2.7758695696819626,-2.8346314809778623
TJX,-0.7844299197455145,-1.3710401487362953,-1.801840037260218,-2.162421309946964,-2.411098038393774,-2.6170298751918515,-2.8346314809778623,-3.0699424590340376,-3.169068054888483,-3.169068054888483
NOW,-0.62077638821882,-1.0369386952916437,-1.3677891277076875,-1.6471420220914337,-1.9544517056174575,-2.161921028289015,-2.3485691236628012,-2.5187099774571347,-2.6418689920116813,-2.788189475498524
GEV,-0.5367763324805568,-0.965916872532621,-1.2353392040059972,-1.5104622774465242,-1.7180977836522997,-1.9628689839520737,-2.0472651858962516,-2.1493999577098246,-2.3644125398393583,-2.4691348174000636
APP,-0.3733865619914056,-0.6254960049724371,-0.8537402175672395,-1.0837379306738362,-1.279151014920482,-1.5277191697587056,-1.689418592252035,-1.8631066886690064,-2.031600729176697,-2.236539457140855
BKNG,-0.5992388627033558,-1.0168567228180703,-1.3226218743154,-1.5450140461773354,-1.7324518175544705,-1.8766963833712498,-1.9853818534307854,-2.1243093055038123,-2.2216980834854643,-2.328591520473661
SCHW,-0.5701315627489014,-1.0155718660995054,-1.3769513235913298,-1.6613116868600473,-1.9508226498492451,-2.1910977943351524,-2.3774277410396354,-2.5234011779966083,-2.6413291991609484,-2.7758695696819626
GILD,-0.6835407999740589,-1.1839633063682107,-1.5564961754647542,-1.8338459686834898,-2.0375338396676974,-2.1953450008245587,-2.328591520473661,-2.425368421939968,-2.5726168960788374,-2.741435159375291
SPGI,-0.8187883614098677,-1.4000692475119656,-1.7941200767861403,-2.0405988435047373,-2.2744442853386224,-2.4554858393650236,-2.5832502800030572,-2.758243671798118,-2.8800482509373944,-2.9323172371449133
ACN,-0.8237505668089529,-1.3462826404702288,-1.7357863077605522,-2.043776722506639,-2.2884071588369004,-2.466120528560785,-2.6204846688135905,-2.8149785623949124,-2.8859421324699475,-3.051577496429759
KLAC,-0.5782682298735898,-0.9864695764843655,-1.2955317060901255,-1.550091994581097,-1.7588364524288607,-1.9664816191061734,-2.1506569335814425,-2.3006751181912235,-2.4796305340295475,-2.6413291991609484
TXN,-0.634009958171334,-1.0937878831084131,-1.4619574604039165,-1.7428603822822153,-1.993703818263053,-2.2354755556681742,-2.3774277410396354,-2.6170298751918515,-2.8139479831547503,-2.961789141910216
BLK,-0.7606647780599622,-1.2540660060515911,-1.6659002062330126,-1.9257410285043162,-2.1953450008245587,-2.346254695115646,-2.4880103093564743,-2.6672960131867987,-2.758243671798118,-2.9323172371449133
BSX,-0.6811217368961632,-1.2243270597179927,-1.6330325539576431,-1.9018154188317928,-2.1391828885120803,-2.322861892455491,-2.5521838702359307,-2.741435159375291,-2.8346314809778623,-2.9323172371449133
PFE,-0.8252372902084101,-1.4399907690526257,-1.9018154188317928,-2.2401638513710274,-2.4880103093564743,-2.741435159375291,-2.8800482509373944,-3.0699424590340376,-3.233360977747898,-3.233360977747898
DHR,-0.8563521419160463,-1.4292632572588888,-1.9065138116229907,-2.254532061700739,-2.542354039142762,-2.8139479831547503,-2.8346314809778623,-2.994082558905509,-3.115691259587702,-3.426366522732482
BA,-0.6820888830875256,-1.1979867909912587,-1.5708145878731772,-1.8789313946169455,-2.1316871512579874,-2.328591520473661,-2.562266673910372,-2.7099735383976475,-2.8566037537823714,-2.905191387241866
COF,-0.6125956233438012,-1.0710625493380614,-1.4103579630630307,-1.6767453298499633,-1.8948455900788463,-2.078966482608293,-2.2171978664371497,-2.3710065740570783,-2.471421344323008,-2.562266673910372
WELL,-0.8404200954517084,-1.3809189940671844,-1.7998999745025142,-2.0993587478560025,-2.269381363370994,-2.4401505072139695,-2.594184027828096,-2.7099735383976475,-2.8566037537823714,-2.9323172371449133
UNP,-0.8107747631414045,-1.4051950114931004,-1.7771308120741691,-2.120663321028304,-2.3646817036900085,-2.5726168960788374,-2.905191387241866,-3.0699424590340376,-3.115691259587702,-3.169068054888483
LOW,-0.7094347197398431,-1.261676266185571,-1.6736266033527711,-1.9664816191061734,-2.2401638513710274,-2.471421344323008,-2.680985395375806,-2.8566037537823714,-2.994082558905509,-3.0699424590340376
ADBE,-0.6476606421850866,-1.0882270705656114,-1.4103579630630307,-1.7055770066400415,-1.9257410285043162,-2.0993587478560025,-2.259426639852963,-2.390572138325214,-2.5327638923707947,-2.6672960131867987
MDT,-0.8624524306752299,-1.4858081759177666,-1.940643160106646,-2.2083298544007097,-2.425368421939968,-2.5726168960788374,-2.8346314809778623,-2.9323172371449133,-3.115691259587702,-3.169068054888483
ANET,-0.608631367837788,-1.0373915429602376,-1.3753786498834617,-1.6302088287682368,-1.8387177186195824,-2.062482730301831,-2.245535615993736,-2.354446248775654,-2.542928058875717,-2.6418856143691243
ETN,-0.7378248506984388,-1.3053536826383514,-1.717182328722343,-2.0626097876164935,-2.3116262784285535,-2.5142545746632035,-2.6413291991609484,-2.8800482509373944,-2.961789141910216,-3.029837028801329
PGR,-0.8618965342529579,-1.4508866027513332,-1.859145086994976,-2.1664101463657346,-2.390572138325214,-2.5053135990191526,-2.6170298751918515,-2.7253672237986515,-2.961789141910216,-3.115691259587702
ADI,-0.6153727094988984,-1.065636122888673,-1.4145155578475799,-1.6958092696945808,-1.9381294415096686,-2.1545453337908858,-2.3172075209346654,-2.5053135990191526,-2.6413291991609484,-2.8566037537823714
SYK,-0.8524866812379652,-1.4346063764862576,-1.8548455155502048,-2.1584665855253675,-2.4181716767148407,-2.594184027828096,-2.8346314809778623,-2.9323172371449133,-3.029837028801329,-3.115691259587702
PANW,-0.6454616996067067,-1.1203455730309746,-1.46864960325018,-1.790775110417501,-2.027822608848848,-2.2723848463867964,-2.3709801955598575,-2.5541548997250887,-2.692286633118408,-2.786850996798761
CRWD,-0.44522765171296763,-0.7393861848150471,-1.0321513685260035,-1.372847119835274,-1.5804297194739705,-1.7867108603476627,-1.9945815408058207,-2.120546603134964,-2.2341990062039807,-2.4745231061003654
HON,-0.8075838743841894,-1.3593594097755186,-1.7552473631849272,-2.0375338396676974,-2.254532061700739,-2.5053135990191526,-2.6054369881979067,-2.794402495947033,-2.961789141910216,-3.115691259587702
PLD,-0.8225460798270458,-1.3526304271593688,-1.697426006475477,-1.9065138116229907,-2.1243093055038123,-2.2496909064686688,-2.390572138325214,-2.4554858393650236,-2.5142545746632035,-2.594184027828096
DE,-0.7208203817631471,-1.2349402832018586,-1.6258036295844078,-1.9431692013599902,-2.1910977943351524,-2.3710065740570783,-2.6054369881979067,-2.7253672237986515,-2.794402495947033,-2.961789141910216
CEG,-0.6032070357718546,-1.0142072477285218,-1.3120118715480227,-1.6124923710914574,-1.834820716255328,-1.9920008215683827,-2.166907139201407,-2.3233326278321034,-2.5093086291652145,-2.649356713374682
VRTX,-0.508500176888916,-0.92827483318576,-1.2771200379673064,-1.5312513075096177,-1.7481362670839262,-1.9381294415096686,-2.1063544601762274,-2.2496909064686688,-2.411098038393774,-2.5234011779966083
COP,-0.6859638696730878,-1.2082632586253683,-1.607395762136177,-1.9482588049604173,-2.203960177268958,-2.4041430237710606,-2.562266673910372,-2.6413291991609484,-2.8346314809778623,-3.029837028801329
PH,-0.7253011194076513,-1.2390595542666907,-1.6258036295844078,-1.988140564040896,-2.2171978664371497,-2.4477462211583094,-2.6054369881979067,-2.758243671798118,-2.8800482509373944,-2.994082558905509
CB,-0.8344324910334635,-1.3720220181156728,-1.7588364524288607,-2.0690861544162478,-2.269381363370994,-2.471421344323008,-2.6170298751918515,-2.7758695696819626,-2.8800482509373944,-3.0699424590340376
MCK,-0.8012266273172851,-1.3700595993556952,-1.7846180536321217,-2.0690861544162478,-2.346254695115646,-2.542354039142762,-2.69519642312547,-2.7758695696819626,-2.905191387241866,-2.961789141910216
BX,-0.5843459860388064,-1.0312037074338718,-1.3781137589543453,-1.6859465656068284,-1.9229760759166121,-2.1213657654450437,-2.236622466106095,-2.365247646681527,-2.475660066943678,-2.551533193855477
ADP,-0.9425239536834292,-1.5153514008130666,-1.8994818790480108,-2.203960177268958,-2.5142545746632035,-2.7099735383976475,-2.8800482509373944,-2.9323172371449133,-3.115691259587702,-3.233360977747898
CVS,-0.7901786217343245,-1.3769513235913298,-1.7827368597899271,-2.0993587478560025,-2.3006751181912235,-2.4796305340295475,-2.6170298751918515,-2.741435159375291,-2.8800482509373944,-2.9323172371449133
CME,-0.7926518291213571,-1.3233049790713025,-1.7217560747532008,-2.0098024443203055,-2.2234000656403583,-2.339742556263679,-2.4811910288215957,-2.6136018180600624,-2.736873236914337,-2.8676689758016924
TMUS,-0.6965498420221348,-1.1579942835429402,-1.5123532563777606,-1.7766123796413276,-1.9848263156271329,-2.1568464142305372,-2.360086775486577,-2.4677435060457946,-2.5411966569224704,-2.6672189156310724
SO,-1.0435763279788606,-1.717182328722343,-2.1391828885120803,-2.4796305340295475,-2.758243671798118,-2.905191387241866,-2.994082558905509,-3.169068054888483,-3.426366522732482,-3.426366522732482
BMY,-0.8252372902084101,-1.426076872272847,-1.8359097548658103,-2.135420022383252,-2.328591520473661,-2.5053135990191526,-2.758243671798118,-2.9323172371449133,-2.994082558905509,-3.029837028801329
NEM,-0.5526298487342303,-1.00726082330938,-1.40622460520933,-1.710522524184857,-1.988140564040896,-2.2262437492770206,-2.4326930212668962,-2.6413291991609484,-2.794402495947033,-2.905191387241866
HOOD,-0.3640410738885988,-0.5811326142845287,-0.8689178118921145,-1.1373411863580716,-1.3869151883463011,-1.5756438100852206,-1.735039477939257,-1.8855730049667618,-2.0972525706013547,-2.2118299441408618
MO,-0.9618259827219382,-1.5462797981570144,-1.881175831249176,-2.1996321818220173,-2.4181716767148407,-2.542354039142762,-2.741435159375291,-2.8800482509373944,-3.029837028801329,-3.115691259587702
SBUX,-0.7257998775688841,-1.2650821752569625,-1.6537409923575035,-1.9533993825900502,-2.1910977943351524,-2.4326930212668962,-2.594184027828096,-2.7099735383976475,-2.8139479831547503,-2.961789141910216
CMCSA,-0.7302968594171885,-1.268502823127308,-1.6643668040650954,-1.9638381815670314,-2.1996321818220173,-2.3710065740570783,-2.5327638923707947,-2.7099735383976475,-2.8346314809778623,-2.994082558905509
DUK,-0.9401358498765492,-1.5300144514738012,-1.9638381815670314,-2.2354755556681742,-2.5142545746632035,-2.741435159375291,-2.8566037537823714,-2.994082558905509,-3.0699424590340376,-3.115691259587702
LMT,-0.9130479727193112,-1.5362223101223247,-1.9508226498492451,-2.2744442853386224,-2.5142545746632035,-2.6672960131867987,-2.794402495947033,-2.9323172371449133,-3.0699424590340376,-3.169068054888483
TT,-0.7089417816655957,-1.227577947734821,-1.607395762136177,-1.9281951198855367,-2.1584665855253675,-2.3584500386378116,-2.5142545746632035,-2.69519642312547,-2.9323172371449133,-2.994082558905509
MMM,-0.895165014614634,-1.5189866103450955,-1.9281951198855367,-2.2496909064686688,-2.471421344323008,-2.7253672237986515,-2.9323172371449133,-3.029837028801329,-3.115691259587702,-3.426366522732482
MMC,-0.8980299212851353,-1.4881241616242613,-1.8971586371033033,-2.2083298544007097,-2.4401505072139695,-2.7099735383976475,-2.8139479831547503,-2.9323172371449133,-3.029837028801329,-3.029837028801329
ICE,-0.7719530484258178,-1.275049889175102,-1.641225128100948,-1.9010947064341417,-2.075613929732717,-2.202116892257834,-2.31623870385953,-2.441689155254075,-2.540708185282154,-2.580087836904609
ORLY,-0.7938505178537754,-1.3593594097755186,-1.7606395262667596,-2.043683137995616,-2.2496909064686688,-2.397302394269086,-2.5327638923707947,-2.628985525095589,-2.7758695696819626,-2.9323172371449133
GD,-0.8792552673498829,-1.4641932534098105,-1.9281951198855367,-2.2401638513710274,-2.562266673910372,-2.69519642312547,-2.8346314809778623,-3.115691259587702,-3.3146523927384957,-3.426366522732482
CDNS,-0.6561944233461908,-1.1271649825540278,-1.504564214828356,-1.767909672632559,-1.9965087461959663,-2.1868897485630843,-2.38394845534244,-2.5234011779966083,-2.6413291991609484,-2.758243671798118
AMT,-0.7040218327140647,-1.1716905885470528,-1.5275477373678383,-1.7642629432201087,-1.9585921042501466,-2.117045310895952,-2.2449019095076244,-2.3774277410396354,-2.4633754018317098,-2.562266673910372
KKR,-0.6622069481252596,-1.1421172303751466,-1.5345124867018431,-1.8226073032523518,-2.097148093384026,-2.2886054436567234,-2.47391433532809,-2.664508131622695,-2.7981221610524325,-3.0149715742588827
HCA,-0.7423692240714027,-1.296372966804817,-1.6972978421647118,-1.9841812191591077,-2.246197535640823,-2.382905631369569,-2.551196659628201,-2.649901261364489,-2.78409768614689,-2.897843477473281
HWM,-0.7174600508862597,-1.1336427229877792,-1.516708577279455,-1.7933519429410243,-2.0635278983162486,-2.266226809209657,-2.3978180508347586,-2.4382896485054935,-2.5076767715729282,-2.624385178612249
WM,-0.985223190672208,-1.5747760300762277,-1.9853818534307854,-2.264375953059876,-2.4965685244309896,-2.8139479831547503,-2.9323172371449133,-3.115691259587702,-3.3146523927384957,-3.3146523927384957
SHW,-0.8268548887681334,-1.4051950114931004,-1.8569910101640252,-2.1468007811965357,-2.4633754018317098,-2.6413291991609484,-2.8139479831547503,-2.994082558905509,-3.115691259587702,-3.169068054888483
REGN,-0.4500156037384152,-0.8815144146193644,-1.2074682289996146,-1.499825612383775,-1.7481362670839262,-1.9744954700398747,-2.142976289743136,-2.2744442853386224,-2.4041430237710606,-2.5234011779966083
BK,-0.7438774743869939,-1.2357624604932456,-1.5774307841008002,-1.9112546714295002,-2.182720074784711,-2.3710065740570783,-2.4326930212668962,-2.5521838702359307,-2.69519642312547,-2.8139479831547503
SNPS,-0.740343480486898,-1.227577947734821,-1.5895169859588745,-1.8971586371033033,-2.1664101463657346,-2.3343986285231986,-2.4880103093564743,-2.6054369881979067,-2.7253672237986515,-2.905191387241866
NOC,-0.9147940861445948,-1.483500132462261,-1.8948455900788463,-2.182720074784711,-2.425368421939968,-2.654088942641608,-2.8566037537823714,-3.029837028801329,-3.115691259587702,-3.233360977747898
NKE,-0.7740435611406331,-1.3281577061197483,-1.7446136185686312,-2.0626097876164935,-2.322861892455491,-2.4880103093564743,-2.680985395375806,-2.741435159375291,-2.794402495947033,-2.9323172371449133
TDG,-0.7913436613435434,-1.313303527162252,-1.683220588398103,-1.9653152645814957,-2.190298309130644,-2.3325682883727286,-2.510871401426579,-2.618497477335257,-2.6681306621165923,-2.7932095254788765
AON,-0.895165014614634,-1.4698149934350064,-1.848459751253215,-2.1391828885120803,-2.3646817036900085,-2.5327638923707947,-2.69519642312547,-2.8566037537823714,-2.8800482509373944,-3.0699424590340376
USB,-0.7844299197455145,-1.3044555681249543,-1.6705240708591558,-1.9184475265606735,-2.1468007811965357,-2.3172075209346654,-2.4401505072139695,-2.5142545746632035,-2.654088942641608,-2.7758695696819626
ELV,-0.7672272746107291,-1.3320778931406996,-1.7214491487501982,-2.0011167536362606,-2.289811844572167,-2.497822073974804,-2.6042522022130816,-2.670967295366362,-2.8114035317748547,-3.007886512391957
JCI,-0.7637400402886838,-1.27972377485982,-1.6301307568678831,-1.8789313946169455,-2.085667890622077,-2.2795661887764522,-2.4554858393650236,-2.594184027828096,-2.680985395375806,-2.7253672237986515
MCO,-0.7907025253448635,-1.2849574395319887,-1.6643668040650954,-1.9160388814625544,-2.1316871512579874,-2.3116262784285535,-2.5053135990191526,-2.6413291991609484,-2.7758695696819626,-2.8800482509373944
PNC,-0.7591298422297279,-1.2557508939056072,-1.6258036295844078,-1.913641301370329,-2.1545453337908858,-2.352308636669281,-2.5142545746632035,-2.5832502800030572,-2.7253672237986515,-2.8566037537823714
EMR,-0.78234590327828,-1.3440678683223282,-1.7428603822822153,-2.0993587478560025,-2.3710065740570783,-2.5832502800030572,-2.8566037537823714,-2.961789141910216,-3.0699424590340376,-3.0699424590340376
MDLZ,-0.9984593220159679,-1.6476077046163387,-2.0974764810367743,-2.3901366452105726,-2.7064042456213175,-2.861942993519374,-3.0124954601049923,-3.152383696396793,-3.152383696396793,-3.2986065633084727
WMB,-0.625596321358945,-1.096581013773619,-1.4530865508119453,-1.690985469265899,-1.8766963833712498,-2.0405988435047373,-2.1468007811965357,-2.269381363370994,-2.3172075209346654,-2.397302394269086
CI,-0.7433720499923228,-1.2659359489297062,-1.6186586804906553,-1.9306608791980429,-2.1468007811965357,-2.3116262784285535,-2.425368421939968,-2.4965685244309896,-2.594184027828096,-2.6413291991609484
EQIX,-0.5892741706457099,-1.0222634536320134,-1.312039947757807,-1.5418871544518797,-1.7264861752350842,-1.8572661570732323,-1.9670472792486589,-2.082740727234755,-2.173306673740852,-2.319642601338343
DASH,-0.44737728320000963,-0.7738417323372532,-1.0660773658896132,-1.2469082085579628,-1.430283320768965,-1.6338913422347767,-1.8066915527675942,-2.013521500210338,-2.1927672284907143,-2.347837261697977
COR,-0.8431517132725693,-1.4010914574654767,-1.7481362670839262,-2.0562187952197424,-2.3061161280083855,-2.4880103093564743,-2.69519642312547,-2.9323172371449133,-3.0699424590340376,-3.169068054888483
UPS,-0.9330034870857256,-1.539975627152163,-1.9691388698110008,-2.2308358870440865,-2.4477462211583094,-2.628985525095589,-2.741435159375291,-2.8566037537823714,-3.0699424590340376,-3.233360977747898
ECL,-0.9265069312159941,-1.520202818868944,-1.9356279101963152,-2.264375953059876,-2.542354039142762,-2.7253672237986515,-2.758243671798118,-2.905191387241866,-3.0699424590340376,-3.169068054888483
GM,-0.6535310284374409,-1.1430334002502116,-1.541919696761528,-1.8733467689213152,-2.198969893267092,-2.4656363199794704,-2.656716194088948,-2.759644549262205,-2.9520973999256617,-3.0079464688125648
PWR,-0.606134033102617,-1.0194314854395081,-1.334668055995098,-1.601839943136806,-1.8379813903377575,-2.043683137995616,-2.1996321818220173,-2.38394845534244,-2.471421344323008,-2.542354039142762
MAR,-0.7178412486899067,-1.216255927960583,-1.6032242627014597,-1.8766963833712498,-2.117045310895952,-2.3402855421128654,-2.6054369881979067,-2.8139479831547503,-2.994082558905509,-3.029837028801329
CMI,-0.6585733969449172,-1.1476605274837857,-1.5424899420274392,-1.8196136462581856,-2.0723571582081686,-2.264375953059876,-2.4181716767148407,-2.5521838702359307,-2.69519642312547,-2.8800482509373944
RCL,-0.5423874645204391,-0.9667077200988625,-1.301767517624903,-1.557784699438719,-1.778993287167298,-1.9533993825900502,-2.078966482608293,-2.254532061700739,-2.3646817036900085,-2.4477462211583094
HLT,-0.777575122859142,-1.35675275985206,-1.8080176016916851,-2.1402748219302388,-2.355943037887533,-2.579382111976205,-2.789510045668222,-3.0068853432840035,-3.093284190065908,-3.093284190065908
TEL,-0.7656691644737557,-1.3035894269558996,-1.6843371061178833,-2.01285155360378,-2.237120096048892,-2.432482515233597,-2.5122451352072015,-2.725175313787079,-2.9265365647123893,-3.014893613129268
AEP,-0.9223930437953961,-1.561665871388807,-1.9559891506883051,-2.254532061700739,-2.5234011779966083,-2.7253672237986515,-2.8800482509373944,-2.961789141910216,-3.115691259587702,-3.426366522732482
AZO,-0.8719438185992713,-1.4641932534098105,-1.8722542787324836,-2.1953450008245587,-2.38394845534244,-2.5521838702359307,-2.628985525095589,-2.7758695696819626,-2.8566037537823714,-2.994082558905509
ITW,-0.8646786870865547,-1.4454172361187076,-1.8856933469762802,-2.1785880083156175,-2.4633754018317098,-2.7099735383976475,-2.905191387241866,-3.115691259587702,-3.233360977747898,-3.426366522732482
TRV,-0.8770005986873092,-1.435679927831915,-1.8297416731633558,-2.1243093055038123,-2.352308636669281,-2.562266673910372,-2.7099735383976475,-2.8346314809778623,-2.994082558905509,-3.115691259587702
CSX,-0.7094347197398431,-1.2398859352374252,-1.6477519708703396,-2.0050191182998316,-2.2308358870440865,-2.4477462211583094,-2.69519642312547,-2.8800482509373944,-3.029837028801329,-3.115691259587702
GLW,-0.5937431816821842,-1.0448988195533422,-1.3789324453651537,-1.6315799380886258,-1.8277010305409345,-1.9826381702968612,-2.1243093055038123,-2.254532061700739,-2.411098038393774,-2.542354039142762
NSC,-0.7128901282105756,-1.2523846707965283,-1.6507390804607291,-1.9482588049604173,-2.1953450008245587,-2.4554858393650236,-2.654088942641608,-2.8139479831547503,-2.8800482509373944,-3.115691259587702
CL,-1.0136477184618473,-1.6783108283873305,-2.1063544601762274,-2.4326930212668962,-2.6672960131867987,-2.794402495947033,-3.115691259587702,-3.233360977747898,-3.233360977747898,-3.3146523927384957
ADSK,-0.6121332352047003,-1.0468859905534746,-1.4072556917746066,-1.717182328722343,-1.9431692013599902,-2.1506569335814425,-2.38394845534244,-2.5327638923707947,-2.628985525095589,-2.7253672237986515
CTAS,-0.8328046956293236,-1.3661505124736062,-1.7428603822822153,-2.0626097876164935,-2.322861892455491,-2.5234011779966083,-2.69519642312547,-2.8346314809778623,-2.9323172371449133,-2.961789141910216
AJG,-0.9341889133246679,-1.5300144514738012,-1.9281951198855367,-2.2216980834854643,-2.4633754018317098,-2.69519642312547,-2.8139479831547503,-2.905191387241866,-2.9323172371449133,-3.0699424590340376
SRE,-0.927095909905518,-1.520202818868944,-1.9208673533741416,-2.2847486017027,-2.5327638923707947,-2.7253672237986515,-2.8346314809778623,-2.905191387241866,-3.0699424590340376,-3.115691259587702
FCX,-0.45128851965683914,-0.8360625004573724,-1.1558456340089025,-1.4303286169135845,-1.6705240708591558,-1.8856933469762802,-2.046786997218423,-2.174492807535187,-2.2795661887764522,-2.4477462211583094
COIN,-0.18922600988170196,-0.44079807045396924,-0.6758170161297186,-0.8946112404581378,-1.0880798346689704,-1.2606918295129745,-1.427426495238562,-1.6724527592719574,-1.8516162747433937,-2.048897126624946
MSI,-0.7133844526027978,-1.1831910342190928,-1.520202818868944,-1.786505584327544,-1.9853818534307854,-2.1910977943351524,-2.3774277410396354,-2.542354039142762,-2.69519642312547,-2.758243671798118
SPG,-0.8145079326649638,-1.3089567142984229,-1.6767453298499633,-1.9208673533741416,-2.1468007811965357,-2.2795661887764522,-2.390572138325214,-2.471421344323008,-2.5327638923707947,-2.69519642312547
APO,-0.6677231265858259,-1.0957958993195338,-1.4917074238663466,-1.771313277728801,-2.0838180137660887,-2.327562534003444,-2.5328277072625007,-2.671864793816662,-2.751808090521716,-2.751808090521716
IDXX,-0.7657942333614575,-1.2398859352374252,-1.5977052972747825,-1.9585921042501466,-2.2401638513710274,-2.4477462211583094,-2.594184027828096,-2.7253672237986515,-2.8566037537823714,-3.029837028801329
TFC,-0.7464074532834499,-1.2481967465126584,-1.622935703040655,-1.8925426366225189,-2.1391828885120803,-2.3006751181912235,-2.5053135990191526,-2.6672960131867987,-2.794402495947033,-2.8346314809778623
PYPL,-0.6206218119159496,-1.0594520858104859,-1.439531470938456,-1.744565066791621,-2.000423569105984,-2.2908913747319652,-2.4667024043907477,-2.5811042079716264,-2.7880259056287806,-2.7880259056287806
FDX,-0.7267979359919793,-1.2964194522909183,-1.7006728559094657,-2.00788845717969,-2.254532061700739,-2.4477462211583094,-2.6413291991609484,-2.7099735383976475,-2.8346314809778623,-2.905191387241866
WBD,-0.5909994931310537,-1.0423598832814553,-1.40679637945262,-1.760130279701116,-2.0155272162079894,-2.171681364906774,-2.368710625142672,-2.489130702348224,-2.572755309604192,-2.716540216571071
MPC,-0.6186536076026691,-1.0635917284540897,-1.4471169053436477,-1.7769587475943067,-2.0427884496356903,-2.246937359699959,-2.399235293544118,-2.510729649090617,-2.6431164845081954,-2.7775850090085186
EOG,-0.5760042246854653,-1.040936805567028,-1.427137391038705,-1.7624483423148023,-2.0050191182998316,-2.212742108953147,-2.4401505072139695,-2.6054369881979067,-2.8139479831547503,-2.8566037537823714
STX,-0.5545383302504127,-0.9631756084367551,-1.3096566488925396,-1.6123852872068172,-1.9015385217471208,-2.0719590109762525,-2.2335477883318133,-2.381582965303345,-2.510182295608642,-2.655049919267787
APD,-0.8273945692294455,-1.4093223652214155,-1.7752744811907586,-2.113454802454823,-2.3343986285231986,-2.562266673910372,-2.680985395375806,-2.794402495947033,-2.961789141910216,-3.115691259587702
ROST,-0.7069717490136569,-1.2473617846125367,-1.6659002062330126,-1.9482588049604173,-2.182720074784711,-2.390572138325214,-2.5726168960788374,-2.758243671798118,-2.9323172371449133,-3.115691259587702
VST,-0.6419923119876826,-1.1223103174289808,-1.5006422109192388,-1.7863525899407329,-2.023246079457886,-2.179797269110483,-2.2693705285367645,-2.420546387959076,-2.4861229232821183,-2.6271808363663216
ZTS,-0.8491207655899627,-1.4722015787884193,-1.887485117687154,-2.3092535284846747,-2.6032815017332913,-2.739368138564848,-2.854606500064186,-2.9598518530078852,-3.0279367609362438,-3.0279367609362438
WDC,-0.46320474225247077,-0.8290150586491959,-1.1580914177986696,-1.444328537494258,-1.6597899252697146,-1.8116435531624624,-1.977195156806825,-2.174492807535187,-2.259426639852963,-2.3774277410396354
ALL,-0.8837780698996811,-1.4789076071559184,-1.8613078250541872,-2.0823054974290214,-2.2449019095076244,-2.3774277410396354,-2.5142545746632035,-2.6170298751918515,-2.6672960131867987,-2.8566037537823714
BDX,-0.9341889133246679,-1.5349760008771538,-1.9993294704355098,-2.289993113482879,-2.5726168960788374,-2.7253672237986515,-2.8139479831547503,-2.905191387241866,-3.029837028801329,-3.115691259587702
PCAR,-0.6888768808839091,-1.2082632586253683,-1.6359481674049283,-1.9306608791980429,-2.135420022383252,-2.3584500386378116,-2.6054369881979067,-2.758243671798118,-2.9323172371449133,-2.994082558905509
PSX,-0.704662980850277,-1.178063302626407,-1.5873597962829227,-1.9230245784181859,-2.131670990785795,-2.37843578582111,-2.5243622145341944,-2.831271325368645,-2.831271325368645,-2.8737113736004005
VLO,-0.5584447013965648,-1.00789766272489,-1.362262190916033,-1.6877913312479538,-1.9533993825900502,-2.1704337529603746,-2.346254695115646,-2.4965685244309896,-2.6054369881979067,-2.741435159375291
SLB,-0.5750994492950507,-1.041596005861903,-1.441072670453997,-1.7570390786334125,-2.078966482608293,-2.2744442853386224,-2.4554858393650236,-2.680985395375806,-2.8139479831547503,-2.8346314809778623
D,-0.968544321208118,-1.5868110888501887,-2.046786997218423,-2.390572138325214,-2.5521838702359307,-2.7099735383976475,-2.905191387241866,-2.994082558905509,-2.994082558905509,-3.115691259587702
MNST,-0.6767774329244141,-1.1213954074524386,-1.483500132462261,-1.7481362670839262,-1.9691388698110008,-2.1316871512579874,-2.3006751181912235,-2.4554858393650236,-2.5327638923707947,-2.628985525095589
KMI,-0.8047912168496852,-1.3970678707958302,-1.801772560236866,-2.0992984692469485,-2.3733363026443968,-2.5706913928133326,-2.6515291115128092,-2.7546180723804006,-2.8993546909446652,-2.947347479206506
AFL,-0.8569053952420017,-1.3899266416311788,-1.7324518175544705,-2.00788845717969,-2.2216980834854643,-2.352308636669281,-2.471421344323008,-2.594184027828096,-2.628985525095589,-2.69519642312547
FTNT,-0.655591761364827,-1.1033920872778376,-1.437877999918526,-1.768597752231002,-1.991973626580796,-2.209589061991569,-2.3705792332816853,-2.475092220651997,-2.5804628134703202,-2.63608878206821
O,-0.8803842793272767,-1.444328537494258,-1.8527085252407391,-2.1098913351633066,-2.328591520473661,-2.5234011779966083,-2.680985395375806,-2.794402495947033,-2.994082558905509,-3.0699424590340376
URI,-0.5172445282322112,-0.9188792395366928,-1.2523846707965283,-1.5300144514738012,-1.7552473631849272,-1.9585921042501466,-2.1243093055038123,-2.289993113482879,-2.38394845534244,-2.4880103093564743
LHX,-0.7581075446281437,-1.2999806965693885,-1.7039377335322514,-2.013677234175551,-2.259426639852963,-2.4633754018317098,-2.680985395375806,-2.758243671798118,-2.9323172371449133,-3.0699424590340376
F,-0.555758588623784,-1.0448988195533422,-1.4093223652214155,-1.7188592369564877,-1.9965087461959663,-2.2083298544007097,-2.3710065740570783,-2.5142545746632035,-2.628985525095589,-2.741435159375291
DDOG,-0.4128086199735149,-0.7628218970628886,-1.028323950802465,-1.2672573337530235,-1.543189475458144,-1.7521568825947955,-1.8939786175548234,-2.217597646961576,-2.4278201579461958,-2.5304261931254635
DLR,-0.7489057358931869,-1.2622171508126059,-1.6528233984510898,-1.9669983127508077,-2.179631664718023,-2.4142249085401546,-2.5117250037551746,-2.626166588906935,-2.79089563355366,-2.8404247498580126
EW,-0.7984216747333386,-1.367149469259299,-1.7265625406295255,-2.062170746138938,-2.2560043371227945,-2.4764517172102485,-2.625954294995274,-2.722424628851655,-2.853774326357246,-2.929549458152074
CAH,-0.8426048868195447,-1.3789324453651537,-1.7902998553012273,-2.0958990678310654,-2.346254695115646,-2.4796305340295475,-2.654088942641608,-2.758243671798118,-2.8346314809778623,-2.961789141910216
ABNB,-0.44230610118306124,-0.8875122951526082,-1.2128246983794313,-1.5301312196497685,-1.6966450908585902,-1.998437113754035,-2.2148311897804227,-2.317574802538101,-2.494923601640214,-2.731785559648024
BKR,-0.5450538666418073,-1.000282363408131,-1.3690803654892452,-1.7006728559094657,-1.9533993825900502,-2.2262437492770206,-2.4041430237710606,-2.542354039142762,-2.69519642312547,-2.8346314809778623
NXPI,-0.5637809385440092,-0.9891686273406354,-1.353174154548003,-1.6318567003496167,-1.9252863178630824,-2.1990978168645663,-2.375011843870344,-2.58258037812713,-2.7373546446760457,-2.830663155689506
XEL,-0.9746900629953376,-1.588162583863168,-2.0224889867720837,-2.3116262784285535,-2.4796305340295475,-2.6413291991609484,-2.7758695696819626,-2.8800482509373944,-2.994082558905509,-3.029837028801329
ROP,-0.8393292029250602,-1.3819143152810034,-1.7902998553012273,-2.089054030422193,-2.3061161280083855,-2.4880103093564743,-2.680985395375806,-2.8346314809778623,-2.8800482509373944,-3.115691259587702
EXC,-0.8502835557876803,-1.4563997188966853,-1.8902496769169461,-2.2083298544007097,-2.4181716767148407,-2.5832502800030572,-2.7758695696819626,-2.9323172371449133,-3.115691259587702,-3.3146523927384957
CBRE,-0.6402229726054598,-1.083222494726568,-1.4125502070693121,-1.641733907946619,-1.8384862685915142,-2.015321555963436,-2.134387671796801,-2.2127854278971806,-2.2883041386947776,-2.3956734760694327
WDAY,-0.6166491850128691,-1.0526383559271921,-1.4088059105896618,-1.7400300211658346,-2.020473111764929,-2.275584335075938,-2.46131406199014,-2.5888446565781336,-2.7153526215961428,-2.861752285389361
FAST,-0.7233078878271487,-1.2633773887899318,-1.6507390804607291,-1.971810097761319,-2.212742108953147,-2.4181716767148407,-2.5726168960788374,-2.741435159375291,-2.961789141910216,-3.029837028801329
CMG,-0.6531508653220837,-1.1807880330907687,-1.5413554139540497,-1.8563072893783348,-2.063314558584335,-2.2779122783626096,-2.458339232174998,-2.590944732431574,-2.6530810428773046,-2.7713026670686647
OKE,-0.7545357224919327,-1.2753890121460554,-1.6552475536588993,-1.9664816191061734,-2.1584665855253675,-2.3774277410396354,-2.5234011779966083,-2.6672960131867987,-2.741435159375291,-2.7758695696819626
CTVA,-0.7408905871025243,-1.2615683410275447,-1.600117377342079,-1.9158175718119614,-2.2189508835295793,-2.364356790718903,-2.477112001115092,-2.5887410069329966,-2.819065046951205,-2.910173493229574
AME,-0.8464379828365977,-1.4093223652214155,-1.8442440861003937,-2.1910977943351524,-2.4041430237710606,-2.5832502800030572,-2.794402495947033,-2.8566037537823714,-3.029837028801329,-3.0699424590340376
EA,-0.6377637715658329,-1.102897047787762,-1.468686928839912,-1.753461264853011,-1.9853818534307854,-2.1868897485630843,-2.3402855421128654,-2.4554858393650236,-2.6054369881979067,-2.794402495947033
ROK,-0.686448966829328,-1.2227064571431252,-1.6101923781721452,-1.9281951198855367,-2.1545453337908858,-2.3584500386378116,-2.4965685244309896,-2.6413291991609484,-2.741435159375291,-2.7758695696819626
MPWR,-0.525267005932237,-0.9364897562481873,-1.2860698802932768,-1.534120544352546,-1.783234167312847,-1.9857305310902296,-2.209952864795433,-2.3961952051590307,-2.510729649090617,-2.6106836266124396
DHI,-0.5185595824505909,-0.9383482847676268,-1.301767517624903,-1.6215067314978526,-1.881175831249176,-2.085667890622077,-2.259426639852963,-2.3710065740570783,-2.4965685244309896,-2.69519642312547
RSG,-0.9920973831803959,-1.5437507646785238,-1.9431692013599902,-2.203960177268958,-2.390572138325214,-2.6170298751918515,-2.8346314809778623,-2.994082558905509,-3.233360977747898,-3.3146523927384957
CARR,-0.6376349484796462,-1.1600017098123345,-1.5681827541913644,-1.9299886230998862,-2.149243277913738,-2.3683129046021527,-2.5013771918109686,-2.6417692389299035,-2.7762919140424738,-2.868539937208478
MSCI,-0.7408705559340105,-1.2366203261430986,-1.6037374838158271,-1.8580783082387156,-2.0973239031987694,-2.262213582661457,-2.4137458037352277,-2.588156152252216,-2.6757537628318913,-2.790469991089084
A,-0.6719653583609887,-1.1113875000052633,-1.4552935540473628,-1.7307351892655696,-1.9356279101963152,-2.162421309946964,-2.3116262784285535,-2.4796305340295475,-2.6170298751918515,-2.794402495947033
ETR,-0.9147940861445948,-1.520202818868944,-1.9482588049604173,-2.269381363370994,-2.5832502800030572,-2.69519642312547,-2.8139479831547503,-2.9323172371449133,-3.169068054888483,-3.233360977747898
FICO,-0.7084490157954877,-1.2178638115550469,-1.5895169859588745,-1.8656596065199567,-2.120663321028304,-2.254532061700739,-2.411098038393774,-2.5327638923707947,-2.7253672237986515,-2.7758695696819626
PSA,-0.8713833303596838,-1.4608422991351995,-1.8379813903377575,-2.085667890622077,-2.3006751181912235,-2.4326930212668962,-2.5832502800030572,-2.7099735383976475,-2.905191387241866,-3.0699424590340376
AMP,-0.727529445021098,-1.1835672509972412,-1.5016920619385943,-1.786424496053447,-2.0005886189235045,-2.152783677843676,-2.2983252846711193,-2.4546786578757342,-2.6268744211142048,-2.676379833077992
MET,-0.74038397871274,-1.2200968191842576,-1.5618665433918038,-1.8656201247076538,-2.0952972328090964,-2.2410448559157348,-2.3485906950237787,-2.4441443223093917,-2.5388607238761254,-2.6639370885544564
TTWO,-0.5723879414695102,-0.9983875852420132,-1.3459621392398704,-1.6215067314978526,-1.8236424288782698,-2.0284519178112332,-2.1664101463657346,-2.322861892455491,-2.4326930212668962,-2.562266673910372
YUM,-0.8447937076283306,-1.4197471816417526,-1.850579962400739,-2.162421309946964,-2.411098038393774,-2.594184027828096,-2.741435159375291,-2.8800482509373944,-3.0699424590340376,-3.233360977747898
AXON,-0.44907340208848867,-0.8440547813520944,-1.1530102581669919,-1.431365841027369,-1.6681578548601976,-1.8376384268780583,-1.9981756736661695,-2.143343061369169,-2.267905717204095,-2.3495206443199135
AIG,-0.7198266277148635,-1.177038091871882,-1.476622994828574,-1.7324518175544705,-1.9112546714295002,-2.043683137995616,-2.1996321818220173,-2.254532061700739,-2.352308636669281,-2.425368421939968
GWW,-0.8001702341110706,-1.388920218109195,-1.8379813903377575,-2.162421309946964,-2.425368421939968,-2.628985525095589,-2.794402495947033,-2.9323172371449133,-2.961789141910216,-3.0699424590340376
PEG,-0.8803842793272767,-1.4664363896363453,-1.9431692013599902,-2.264375953059876,-2.5142545746632035,-2.6413291991609484,-2.7758695696819626,-3.029837028801329,-3.426366522732482,-3.426366522732482
DAL,-0.5195692295525682,-0.9288028426445584,-1.2467858000276666,-1.5420671749300396,-1.743029239029648,-1.947104161175742,-2.0713903346858915,-2.214045728836349,-2.3261082957039103,-2.4347245514361875
NDAQ,-0.7700823305146921,-1.2146124252794237,-1.5718888477826698,-1.8297551532571183,-2.0444112867877786,-2.2059429191821205,-2.3672558201713887,-2.5272429019982448,-2.6071726261075017,-2.6920893603271074
TGT,-0.7287962284010886,-1.2382340185912417,-1.6344886238740322,-1.9559891506883051,-2.2083298544007097,-2.4326930212668962,-2.5726168960788374,-2.7099735383976475,-2.758243671798118,-2.8800482509373944
KR,-0.7875623491523268,-1.3749755914421402,-1.8338459686834898,-2.1391828885120803,-2.352308636669281,-2.5053135990191526,-2.69519642312547,-2.905191387241866,-2.961789141910216,-3.115691259587702
DELL,-0.7045022202390608,-1.1434210666029925,-1.5081227149254661,-1.7520662904599604,-1.9522192767741504,-2.1207665730922933,-2.2610038977869515,-2.468275446920879,-2.632121036298891,-2.7070555286022704
CCI,-0.6849941592397796,-1.1694090274063842,-1.509336844222889,-1.7138429247201876,-1.9257410285043162,-2.1098913351633066,-2.2401638513710274,-2.397302394269086,-2.542354039142762,-2.628985525095589
VMC,-0.6743694436731852,-1.1909457725154329,-1.620081063355292,-1.9160388814625544,-2.212742108953147,-2.4041430237710606,-2.680985395375806,-2.8346314809778623,-3.0699424590340376,-3.233360977747898
IQV,-0.7968837628686755,-1.33955613754854,-1.7665127286798088,-2.159669807649636,-2.373948722852,-2.6449225512679684,-2.767037797678248,-2.8966907449318615,-3.1076822954332766,-3.2256041197386778
HIG,-0.7343066100470443,-1.203504478887514,-1.5539268523071381,-1.8277010305409345,-2.043683137995616,-2.1545453337908858,-2.2496909064686688,-2.346254695115646,-2.38394845534244,-2.4401505072139695
PRU,-0.7545749662834972,-1.2367965647511256,-1.57889011994833,-1.8444800925864377,-2.071192929185816,-2.1913696476613462,-2.2935810293528767,-2.3826775461512315,-2.419669419925752,-2.4960099609806243
EQT,-0.6358857448254682,-1.0951833804209659,-1.4465076506462269,-1.7273171528223668,-1.9664816191061734,-2.1868897485630843,-2.3710065740570783,-2.542354039142762,-2.680985395375806,-2.8800482509373944
CTSH,-0.6820888830875256,-1.1626005958568466,-1.4858081759177666,-1.778993287167298,-1.9826381702968612,-2.1545453337908858,-2.3006751181912235,-2.4633754018317098,-2.5142545746632035,-2.594184027828096
KDP,-0.9569624219378496,-1.6008498671691673,-2.0002339145735912,-2.289296444138594,-2.520872124946924,-2.6872657054652715,-2.8406282570815344,-2.8740670913033477,-3.054915662507688,-3.054915662507688
EBAY,-0.6176905778975994,-1.0937878831084131,-1.4664363896363453,-1.7697418888982013,-1.9638381815670314,-2.120663321028304,-2.2401638513710274,-2.3584500386378116,-2.4965685244309896,-2.5832502800030572
TRGP,-0.6534651270008461,-1.0798452845767048,-1.4437380819983583,-1.7025391092556057,-1.9282353626272986,-2.1291073164252126,-2.2698119145506634,-2.3668138922001662,-2.425117563859382,-2.4785270119710456
MLM,-0.6638203148796296,-1.2011352773041892,-1.615823698861933,-1.9585921042501466,-2.254532061700739,-2.471421344323008,-2.6413291991609484,-2.7758695696819626,-2.994082558905509,-3.0699424590340376
RMD,-0.7688815973705362,-1.2955317060901255,-1.7006728559094657,-1.9744954700398747,-2.142976289743136,-2.328591520473661,-2.471421344323008,-2.5832502800030572,-2.69519642312547,-2.7758695696819626
XYZ,-0.4608481001809584,-0.7794649796746078,-1.0680685764570865,-1.302674813799606,-1.511919026107985,-1.7227206821294385,-1.9439026120011946,-2.131695923774168,-2.3180189825773554,-2.3637939237483585
VTR,-0.7704280302028003,-1.282336216598299,-1.652238175272092,-1.9331384330576866,-2.120663321028304,-2.269381363370994,-2.397302394269086,-2.542354039142762,-2.6170298751918515,-2.654088942641608
NUE,-0.5778151920222202,-1.0495420003148686,-1.4597289515938157,-1.7697418888982013,-2.013677234175551,-2.174492807535187,-2.3774277410396354,-2.4965685244309896,-2.6170298751918515,-2.741435159375291
GEHC,-0.7804526149001043,-1.291320980507014,-1.7903697161482963,-2.2230516142589813,-2.4151810055218186,-2.4808715333594122,-2.4808715333594122,-2.559412393003838,-2.657866828736894,-2.791745081384795
SYY,-0.9124665532488304,-1.5362223101223247,-1.940643160106646,-2.1704337529603746,-2.3774277410396354,-2.5726168960788374,-2.7758695696819626,-2.9323172371449133,-3.115691259587702,-3.233360977747898
PAYX,-0.8311791039370393,-1.3526304271593688,-1.7481362670839262,-2.092464294014752,-2.352308636669281,-2.471421344323008,-2.7099735383976475,-2.8566037537823714,-2.961789141910216,-3.0699424590340376
ED,-1.0110880109834481,-1.6958092696945808,-2.1910977943351524,-2.5832502800030572,-2.8139479831547503,-3.0699424590340376,-3.233360977747898,-3.233360977747898,-3.233360977747898,-3.6102880350485664
KMB,-1.0324080091138426,-1.6925890292272048,-2.1785880083156175,-2.425368421939968,-2.562266673910372,-2.741435159375291,-2.961789141910216,-3.169068054888483,-3.233360977747898,-3.3146523927384957
WEC,-1.0110880109834481,-1.723919178249286,-2.1664101463657346,-2.4633754018317098,-2.794402495947033,-3.233360977747898,-3.3146523927384957,-3.426366522732482,-3.426366522732482,-3.426366522732482
WAB,-0.6719653583609887,-1.1694090274063842,-1.5362223101223247,-1.8442440861003937,-2.102843739948585,-2.352308636669281,-2.5234011779966083,-2.6413291991609484,-2.7253672237986515,-2.9323172371449133
PCG,-0.7678516629586177,-1.303558504567128,-1.622935703040655,-1.8722542787324836,-2.0405988435047373,-2.2308358870440865,-2.3710065740570783,-2.4633754018317098,-2.5234011779966083,-2.5832502800030572
ACGL,-0.9395396612713167,-1.496293637236296,-1.9112546714295002,-2.2171978664371497,-2.4401505072139695,-2.5832502800030572,-2.8566037537823714,-2.9323172371449133,-3.0699424590340376,-3.3146523927384957
OTIS,-0.8765041639049729,-1.5337713620034201,-2.041137988119102,-2.224470004013195,-2.5013771918109686,-2.589125817134723,-2.7762919140424738,-2.868539937208478,-2.99447887820043,-2.99447887820043
CPRT,-0.7792262328814186,-1.311670180934333,-1.6862006985391322,-1.9965087461959663,-2.2449019095076244,-2.4326930212668962,-2.594184027828096,-2.6672960131867987,-2.741435159375291,-2.7758695696819626
FIS,-0.826663390721623,-1.405725975620359,-1.7733239629867856,-2.0971471520078184,-2.362495739660095,-2.512335017353505,-2.63442964353589,-2.7392030103280294,-2.8381146761551967,-2.9142326953523146
XYL,-0.8607592926131141,-1.4639164314768147,-1.8859573717673594,-2.205591890339517,-2.5031972666378177,-2.659220529604589,-2.8047882161904316,-2.8848434116124295,-3.056715949660345,-3.141940448354162
KEYS,-0.7528431129114934,-1.2809449792041043,-1.7135197211322115,-2.1026227739330174,-2.2549071867433135,-2.4705769895996497,-2.630748659941307,-2.765715792543574,-2.9845561641174574,-2.9845561641174574
STT,-0.7000981124364332,-1.1648640747699508,-1.5081404641738032,-1.801840037260218,-2.043683137995616,-2.1996321818220173,-2.3774277410396354,-2.5327638923707947,-2.628985525095589,-2.7253672237986515
FISV,-0.8059915102314787,-1.3309409497839815,-1.712180364842728,-2.0050191182998316,-2.2401638513710274,-2.4181716767148407,-2.6413291991609484,-2.758243671798118,-2.8566037537823714,-2.9323172371449133
KVUE,-0.7469564979370034,-1.3797466285888613,-1.8600796949211216,-2.0650089265293947,-2.257896773862222,-2.433102561480411,-2.6127371245687216,-2.7484364614126986,-2.7484364614126986,-2.968352050176394
UAL,-0.44910677604359084,-0.8145403557329061,-1.147444198512531,-1.4208807240233332,-1.6116930353507255,-1.7751168565009756,-1.8874082873967732,-1.9887822788575216,-2.125483062667836,-2.2035513693245607
NRG,-0.6581540232082681,-1.1490388610653588,-1.5359524779419038,-1.827167518268353,-2.04680997528073,-2.2328633765352364,-2.380724739551149,-2.505176767570568,-2.5731004941750317,-2.687476163933362
GRMN,-0.7132000214573853,-1.1976898921924741,-1.567038551639273,-1.8319231637933946,-2.0221495797619458,-2.245219477102812,-2.3703316424670895,-2.5012086581333,-2.6686079576371147,-2.729284526737128
VRSK,-1.0529575872824863,-1.657326526951348,-2.105364983290821,-2.3836894682672924,-2.583007502989474,-2.6385895313345036,-2.8137217531733407,-2.8137217531733407,-3.0296244727348265,-3.296369249090634
WTW,-0.9470994933316238,-1.5328053007592888,-1.936675895269788,-2.242404625089565,-2.390196113916111,-2.5032545731919553,-2.621922804730176,-2.7572478214564855,-3.012544608237838,-3.21701089702257
SNDK,-0.4183712879116542,-0.6533766109715352,-0.9319713123431904,-1.212750501598007,-1.3978365289711043,-1.6067550689692431,-1.694922676668298,-1.85874661227107,-1.85874661227107,-1.9264031529639867
VICI,-0.8348907660418018,-1.4749397514877214,-1.9134248570619248,-2.259235783749976,-2.4109167218835523,-2.6539211900624253,-2.6539211900624253,-2.698670311857849,-2.749579394126563,-2.80880015333917
MTD,-0.7776692388618701,-1.3089567142984229,-1.717182328722343,-2.0344878582398773,-2.2795661887764522,-2.4965685244309896,-2.69519642312547,-2.8800482509373944,-2.961789141910216,-3.115691259587702
EXPE,-0.5959408060963016,-1.0667095515465947,-1.4588499396555838,-1.7779441849018236,-1.9930268832547748,-2.145967053017851,-2.3151901747799735,-2.499431872539207,-2.534117865860533,-2.614312605177362
OXY,-0.6481335000642222,-1.1213954074524386,-1.4653138999030122,-1.7846180536321217,-2.0344878582398773,-2.269381363370994,-2.397302394269086,-2.562266673910372,-2.7099735383976475,-2.8139479831547503
MTB,-0.7938505178537754,-1.2911082119782364,-1.6477519708703396,-1.9799093313765461,-2.203960177268958,-2.4041430237710606,-2.5327638923707947,-2.7099735383976475,-2.8139479831547503,-2.905191387241866
HUM,-0.6879052287174013,-1.170929390857144,-1.5424899420274392,-1.8297416731633558,-2.0594037769794107,-2.1996321818220173,-2.322861892455491,-2.471421344323008,-2.5832502800030572,-2.654088942641608
FSLR,-0.41988629869698596,-0.7644769403323215,-1.0890113342856445,-1.3521227940269844,-1.5824927859085953,-1.7813233737837755,-1.964341184854755,-2.118854986872496,-2.2825330005139715,-2.443240321340912
ADM,-0.756575581908294,-1.3198690947478584,-1.7606395262667596,-2.0224889867720837,-2.2308358870440865,-2.4554858393650236,-2.6054369881979067,-2.7253672237986515,-2.8800482509373944,-2.8800482509373944
CSGP,-0.6372940542178862,-1.104306596989701,-1.4552935540473628,-1.7290236460286998,-1.9356279101963152,-2.120663321028304,-2.3116262784285535,-2.4401505072139695,-2.654088942641608,-2.758243671798118
EXE,-0.6346900351818815,-1.1332254018287964,-1.4944074255460988,-1.742809106997029,-2.0810557452525678,-2.402725607737881,-2.584075710704098,-2.7209552537281243,-2.9426007519554718,-3.250961517286131
IR,-0.6788426464095806,-1.1718624075052517,-1.5877677869289508,-1.8956144151149128,-2.1650123392340435,-2.376127928687499,-2.5130117711831548,-2.640135326352317,-2.724203782064167,-2.833505500192427
TSCO,-0.6787066531016603,-1.1778047723810798,-1.555210230561491,-1.8744707076087233,-2.1545453337908858,-2.322861892455491,-2.5327638923707947,-2.6672960131867987,-2.8800482509373944,-2.961789141910216
TER,-0.4850809819315358,-0.8641217215172551,-1.195633196914203,-1.4630744427103402,-1.7188592369564877,-1.9356279101963152,-2.0993587478560025,-2.259426639852963,-2.4326930212668962,-2.6054369881979067
IBKR,-0.6988147611732564,-1.2092265787806764,-1.589222265026116,-1.8711175433867948,-2.114208717588164,-2.2805953613888525,-2.4558670448534206,-2.598262767398072,-2.7498353699803264,-2.858317230014184
MCHP,-0.5638290646696386,-1.0130071693361167,-1.362262190916033,-1.6537409923575035,-1.8722542787324836,-2.0375338396676974,-2.212742108953147,-2.4181716767148407,-2.5521838702359307,-2.7099735383976475
LEN,-0.519436783598005,-0.9722273598397332,-1.3272322409403448,-1.620081063355292,-1.8766963833712498,-2.043683137995616,-2.174492807535187,-2.346254695115646,-2.5234011779966083,-2.6170298751918515
SYF,-0.6824522747544434,-1.164197726458958,-1.5529645473852094,-1.8281620483636536,-2.0792827692482923,-2.262465807871849,-2.424843156060153,-2.5608365634857875,-2.610168111929855,-2.698686861801546
FITB,-0.665732817529526,-1.1447031144392381,-1.4892851538369691,-1.7428603822822153,-1.940643160106646,-2.0993587478560025,-2.264375953059876,-2.3774277410396354,-2.4880103093564743,-2.5521838702359307
AEE,-0.9814931824629284,-1.6403478379181626,-2.120663321028304,-2.3710065740570783,-2.654088942641608,-2.8566037537823714,-2.905191387241866,-3.0699424590340376,-3.233360977747898,-3.233360977747898
FANG,-0.5277790155354375,-0.9143792434954384,-1.2650927037107513,-1.576301375816977,-1.828937525873105,-2.0889323551167522,-2.3289527140864297,-2.46131406199014,-2.5888446565781336,-2.6864123531439614
HPE,-0.6507641386062865,-1.1498762216479974,-1.5449041619749377,-1.8211158793247837,-2.0100384084165315,-2.207490457498139,-2.3361086294906404,-2.498535315152519,-2.7351394284867054,-2.7788028609116666
DTE,-0.9734579734259432,-1.6144110646041738,-2.0756504865922842,-2.390572138325214,-2.6672960131867987,-2.8800482509373944,-2.961789141910216,-3.169068054888483,-3.233360977747898,-3.233360977747898
ATO,-0.9939803142698955,-1.620081063355292,-2.031460636644224,-2.3774277410396354,-2.69519642312547,-2.8566037537823714,-3.029837028801329,-3.233360977747898,-3.233360977747898,-3.3146523927384957
EXR,-0.7681818041031861,-1.3073965545090034,-1.6916835859552493,-1.967977453441282,-2.1937583281002997,-2.339088475061931,-2.473414036376437,-2.5875745607160705,-2.7118220820749066,-2.7940985860629697
CCL,-0.5878096891747675,-1.0555452608681017,-1.4000692475119656,-1.641821475008763,-1.8527085252407391,-2.065837140058441,-2.1996321818220173,-2.38394845534244,-2.471421344323008,-2.5521838702359307
HSY,-0.9946087415817239,-1.6432986861400831,-2.089054030422193,-2.3710065740570783,-2.69519642312547,-2.905191387241866,-3.029837028801329,-3.115691259587702,-3.115691259587702,-3.233360977747898
RJF,-0.6585733969449172,-1.146920233661109,-1.511736106677618,-1.786505584327544,-2.019534286602006,-2.1996321818220173,-2.397302394269086,-2.5234011779966083,-2.69519642312547,-2.8346314809778623
EME,-0.6937449398133405,-1.1909457725154329,-1.6172395649331752,-1.904159360972963,-2.089054030422193,-2.2795661887764522,-2.4326930212668962,-2.542354039142762,-2.69519642312547,-2.8346314809778623
PPL,-0.9136297010083554,-1.5189866103450955,-1.9331384330576866,-2.1953450008245587,-2.4401505072139695,-2.6170298751918515,-2.758243671798118,-2.9323172371449133,-3.029837028801329,-3.115691259587702
CBOE,-0.865044590850303,-1.5006906875329862,-1.9294019518651122,-2.2327964244613314,-2.5349155488983763,-2.9130884569497524,-2.9608930220086513,-3.083619477454786,-3.083619477454786,-3.083619477454786
BR,-0.8903940470770985,-1.4818379789291172,-1.8770131407554196,-2.1923563262705725,-2.3791879802774463,-2.6004485120075245,-2.802025222759808,-3.018637063194516,-3.139430879823229,-3.525182672089576
BIIB,-0.6056734610799082,-1.0663127093788565,-1.4563997188966853,-1.7393698948328384,-1.9559891506883051,-2.1243093055038123,-2.2795661887764522,-2.4633754018317098,-2.5521838702359307,-2.6413291991609484
EFX,-0.8065220710386881,-1.3720220181156728,-1.7771308120741691,-2.1063544601762274,-2.3061161280083855,-2.5053135990191526,-2.680985395375806,-2.741435159375291,-3.0699424590340376,-3.169068054888483
STE,-0.7818254299923016,-1.3071530773125803,-1.7138429247201876,-2.0626097876164935,-2.2847486017027,-2.5142545746632035,-2.654088942641608,-2.7758695696819626,-2.8139479831547503,-2.994082558905509
CINF,-0.859675606470847,-1.4541891670351872,-1.8037869056656064,-2.085667890622077,-2.322861892455491,-2.4880103093564743,-2.6413291991609484,-2.758243671798118,-2.8800482509373944,-2.9323172371449133
CNP,-0.832262587382175,-1.4010914574654767,-1.8176102805195051,-2.0499107012567697,-2.2953013781886913,-2.4477462211583094,-2.5327638923707947,-2.628985525095589,-2.741435159375291,-2.7758695696819626
AVB,-0.8613409040471449,-1.4010914574654767,-1.8277010305409345,-2.078966482608293,-2.2744442853386224,-2.397302394269086,-2.562266673910372,-2.654088942641608,-2.905191387241866,-2.961789141910216
HBAN,-0.6705247700363769,-1.1755068028740938,-1.4974688873291286,-1.712180364842728,-1.9184475265606735,-2.0405988435047373,-2.1704337529603746,-2.2795661887764522,-2.4041430237710606,-2.5142545746632035
IRM,-0.813440156266645,-1.3374756005588293,-1.7570390786334125,-2.0499107012567697,-2.2496909064686688,-2.4477462211583094,-2.594184027828096,-2.758243671798118,-2.8800482509373944,-2.961789141910216
DOV,-0.7627141515659707,-1.3337345418754853,-1.7481362670839262,-2.078966482608293,-2.346254695115646,-2.542354039142762,-2.8139479831547503,-2.994082558905509,-3.0699424590340376,-3.169068054888483
AWK,-0.9320652889496331,-1.5625896407299367,-1.9572807844983957,-2.3570918949522355,-2.5645007749803375,-2.9117683641048666,-3.1218892569613352,-3.205622026588513,-3.205622026588513,-3.320528268364567
GIS,-1.0448988195533422,-1.7155102353832825,-2.2083298544007097,-2.5327638923707947,-2.7099735383976475,-2.9323172371449133,-2.994082558905509,-3.233360977747898,-3.3146523927384957,-3.3146523927384957
VLTO,-0.9382129372802506,-1.613794831314214,-1.993733628342668,-2.2434659209972327,-2.6918919588359103,-3.0153939746622735,-3.0153939746622735,-3.0153939746622735,-3.0153939746622735,-3.0153939746622735
NTRS,-0.7378248506984388,-1.237409325922099,-1.6144110646041738,-1.9112546714295002,-2.1664101463657346,-2.411098038393774,-2.542354039142762,-2.6170298751918515,-2.794402495947033,-2.905191387241866
PHM,-0.5063201768647354,-0.9419264241454157,-1.2981980163871714,-1.5949639675335576,-1.8613078250541872,-2.053054536378272,-2.2744442853386224,-2.4477462211583094,-2.594184027828096,-2.680985395375806
ODFL,-0.6176905778975994,-1.0792618377273484,-1.4281995173398365,-1.702303026525647,-1.940643160106646,-2.1279837495171936,-2.328591520473661,-2.4796305340295475,-2.6413291991609484,-2.8800482509373944
ES,-0.9485178665500219,-1.5681872591936752,-2.013677234175551,-2.3710065740570783,-2.6170298751918515,-2.7758695696819626,-2.8566037537823714,-2.961789141910216,-3.029837028801329,-3.0699424590340376
DXCM,-0.4861027705205169,-0.8761092395611,-1.2403458603249367,-1.5496090765242008,-1.769975340205645,-1.916932566242772,-2.075049275509569,-2.2423671070809745,-2.3649635925719306,-2.504080786416563
FE,-0.8883190234562856,-1.5057541588898318,-1.940643160106646,-2.2262437492770206,-2.471421344323008,-2.628985525095589,-2.7758695696819626,-2.905191387241866,-2.961789141910216,-3.0699424590340376
LDOS,-0.8711137393187647,-1.4401165161743676,-1.8960985079355397,-2.1307155554683668,-2.4347844692191,-2.5781260702882713,-2.6578435794964324,-2.7365556503317907,-2.783306505809468,-2.8673635193822222
ULTA,-0.6262552382606734,-1.090688810085841,-1.4521925002758367,-1.7456354570585453,-1.9804741677180686,-2.1241069416882006,-2.300484878252942,-2.3763189843615544,-2.4689263015979823,-2.505135843057537
DG,-0.8375781200784163,-1.4211018302715708,-1.8447582455411329,-2.2028318009783034,-2.414075264100457,-2.5807182206248203,-2.6785292843660504,-2.81158860735555,-2.845313305892474,-3.027620337193497
WAT,-0.7484348811359968,-1.2532248955832233,-1.600458686454064,-1.8613078250541872,-2.0958990678310654,-2.2953013781886913,-2.4880103093564743,-2.628985525095589,-2.758243671798118,-2.8139479831547503
BRO,-0.919464085111811,-1.4904481569395884,-1.9160388814625544,-2.1584665855253675,-2.425368421939968,-2.594184027828096,-2.758243671798118,-2.994082558905509,-3.115691259587702,-3.3146523927384957
DVN,-0.515492512514172,-0.9401358498765492,-1.3071530773125803,-1.6447794919298773,-1.8879666126483656,-2.1391828885120803,-2.3116262784285535,-2.5053135990191526,-2.594184027828096,-2.628985525095589
TDY,-0.7128901282105756,-1.2178638115550469,-1.6087924973466357,-1.8700470094266928,-2.0594037769794107,-2.259426639852963,-2.4477462211583094,-2.5832502800030572,-2.680985395375806,-2.7758695696819626
WRB,-0.8911664434910471,-1.5275477373678383,-1.9356279101963152,-2.2216980834854643,-2.4796305340295475,-2.6413291991609484,-2.8346314809778623,-2.905191387241866,-3.0699424590340376,-3.233360977747898
STLD,-0.49502257227151664,-0.9212205119963629,-1.27972377485982,-1.5564961754647542,-1.8256679706075085,-2.0499107012567697,-2.1785880083156175,-2.289993113482879,-2.4401505072139695,-2.5327638923707947
CFG,-0.6467201938430328,-1.1306532670881477,-1.5261033537637125,-1.799385814336317,-2.1052061333532315,-2.3050455737572286,-2.4728542371476125,-2.605610230134484,-2.7677924198159385,-2.8602700303760917
EL,-0.7601529338085494,-1.2814644307881442,-1.7055770066400415,-1.9965087461959663,-2.2216980834854643,-2.397302394269086,-2.542354039142762,-2.7099735383976475,-2.8800482509373944,-2.961789141910216
PODD,-0.5476681108534133,-0.9946682675336526,-1.2924426882665654,-1.5717169555242159,-1.757057066393128,-1.9535277611449577,-2.1136058670019398,-2.2133808301855584,-2.350120629916733,-2.477721375493192
HUBB,-0.7959535566361299,-1.3516741312200498,-1.7846180536321217,-2.085667890622077,-2.3402855421128654,-2.628985525095589,-2.741435159375291,-2.8139479831547503,-2.994082558905509,-3.115691259587702
HPQ,-0.6652544638081016,-1.1278888208466546,-1.4777643368521116,-1.7516807428654086,-2.0050191182998316,-2.2401638513710274,-2.4326930212668962,-2.5521838702359307,-2.6672960131867987,-2.7253672237986515
OMC,-0.7818254299923016,-1.3564680378044396,-1.7960400479333454,-2.092464294014752,-2.2953013781886913,-2.4633754018317098,-2.5726168960788374,-2.8139479831547503,-2.9323172371449133,-3.169068054888483
RF,-0.6633425686296033,-1.1417556795538681,-1.4475997877948483,-1.6862006985391322,-1.8948455900788463,-2.0626097876164935,-2.203960177268958,-2.352308636669281,-2.4181716767148407,-2.4965685244309896
EIX,-0.8139739284596156,-1.3710401487362953,-1.7715800655535847,-2.02546145002457,-2.2083298544007097,-2.3343986285231986,-2.542354039142762,-2.6413291991609484,-2.7253672237986515,-2.758243671798118
TPR,-0.560922604743952,-1.0090450250561616,-1.3942158187074212,-1.72187054416585,-1.9590211861293474,-2.166732212090389,-2.3231669416884118,-2.4218246864713375,-2.5518452100919435,-2.6439639599189797
JBL,-0.5769094718495729,-0.9703841951431719,-1.2937592701343468,-1.559075814997212,-1.7588364524288607,-1.9232984805079496,-2.0823054974290214,-2.2216980834854643,-2.3402855421128654,-2.4796305340295475
PPG,-0.7683665282825433,-1.3337345418754853,-1.8037869056656064,-2.120663321028304,-2.3402855421128654,-2.5832502800030572,-2.758243671798118,-2.961789141910216,-3.029837028801329,-3.115691259587702
TROW,-0.6898491838603417,-1.1724524657463657,-1.5564961754647542,-1.8548455155502048,-2.0958990678310654,-2.2953013781886913,-2.471421344323008,-2.6054369881979067,-2.741435159375291,-2.8800482509373944
K,-1.0528724604365043,-1.6492436861775368,-2.0993587478560025,-2.411098038393774,-2.562266673910372,-2.794402495947033,-2.994082558905509,-3.115691259587702,-3.3146523927384957,-3.6102880350485664
CMS,-0.8775638475815687,-1.4951204502166466,-1.8634793044721083,-2.1279837495171936,-2.3116262784285535,-2.4401505072139695,-2.5832502800030572,-2.69519642312547,-2.794402495947033,-2.8346314809778623
HAL,-0.5198755340614952,-0.9545460520637575,-1.3089567142984229,-1.6144110646041738,-1.8656596065199567,-2.102843739948585,-2.269381363370994,-2.3774277410396354,-2.5234011779966083,-2.6413291991609484
NTAP,-0.547278831635372,-0.9654851288020411,-1.2771200379673064,-1.51414410308198,-1.7072208758585978,-1.8613078250541872,-1.9853818534307854,-2.065837140058441,-2.182720074784711,-2.2795661887764522
LH,-0.8974563507409691,-1.468686928839912,-1.8442440861003937,-2.0993587478560025,-2.3061161280083855,-2.5142545746632035,-2.6413291991609484,-2.758243671798118,-2.8800482509373944,-3.029837028801329
WSM,-0.540168405495063,-0.9870933444126391,-1.3488126342935096,-1.6359481674049283,-1.8359097548658103,-2.0405988435047373,-2.2354755556681742,-2.3646817036900085,-2.471421344323008,-2.6054369881979067
KHC,-0.864849839084275,-1.4557760251170173,-1.8989142031474742,-2.218582348562776,-2.3939797998185135,-2.5085957242228307,-2.6704148847808584,-2.8375969129437992,-2.964647126022537,-3.1717657833516175
NVR,-0.6859638696730878,-1.1793402139209122,-1.5655707111011412,-1.8856933469762802,-2.1506569335814425,-2.397302394269086,-2.6672960131867987,-2.7758695696819626,-2.9323172371449133,-3.115691259587702
DLTR,-0.6767774329244141,-1.1793402139209122,-1.584116760545807,-1.8722542787324836,-2.1098913351633066,-2.2449019095076244,-2.3774277410396354,-2.5053135990191526,-2.6054369881979067,-2.6672960131867987
EQR,-0.832262587382175,-1.3849085234417275,-1.7606395262667596,-2.019534286602006,-2.254532061700739,-2.390572138325214,-2.5142545746632035,-2.594184027828096,-2.741435159375291,-2.8346314809778623
VRSN,-0.6801552273875965,-1.1071322975497662,-1.3879151994450722,-1.6144110646041738,-1.7979666627259248,-1.9585921042501466,-2.092464294014752,-2.1910977943351524,-2.2953013781886913,-2.4326930212668962
DGX,-0.8820799046589551,-1.4530865508119453,-1.8379813903377575,-2.089054030422193,-2.289993113482879,-2.4554858393650236,-2.6054369881979067,-2.7253672237986515,-2.8139479831547503,-2.961789141910216
PTC,-0.6042925149970299,-0.9964963847077101,-1.3026624887879312,-1.5642664466261818,-1.7734242477565312,-1.9691388698110008,-2.162421309946964,-2.2953013781886913,-2.4326930212668962,-2.5327638923707947
LVS,-0.5089819551828073,-0.9401903623499572,-1.2788658873416112,-1.547992203003786,-1.7415546521113272,-1.9328247496345599,-2.057272129841353,-2.177252188215466,-2.2483879380907204,-2.333132905353958
DRI,-0.738328201853406,-1.259978786827494,-1.6315799380886258,-1.9331384330576866,-2.2083298544007097,-2.425368421939968,-2.5327638923707947,-2.628985525095589,-2.680985395375806,-2.794402495947033
CPAY,-0.761951761875131,-1.2943045261557211,-1.666238292009061,-2.041247669809143,-2.296099545753825,-2.450378460805611,-2.6551158149173815,-2.789103796394088,-2.8606053957804733,-2.9506317755292466
IP,-0.6509736984028874,-1.17321502411237,-1.590874310165873,-1.8902496769169461,-2.1279837495171936,-2.2847486017027,-2.4041430237710606,-2.562266673910372,-2.654088942641608,-2.758243671798118
CHD,-0.9802528773377897,-1.6258036295844078,-2.0284519178112332,-2.3006751181912235,-2.4880103093564743,-2.680985395375806,-2.8800482509373944,-3.115691259587702,-3.233360977747898,-3.3146523927384957
LYV,-0.616575305624914,-1.0550871456317834,-1.366144515158865,-1.6543580549701444,-1.8782907203691679,-2.009708138132466,-2.1474354070016664,-2.3001967088569444,-2.4208953358987793,-2.5148149410035496
SBAC,-0.6509736984028874,-1.0542079192626879,-1.3431225387985337,-1.5539268523071381,-1.723919178249286,-1.8656596065199567,-1.9853818534307854,-2.120663321028304,-2.3006751181912235,-2.3646817036900085
NI,-0.920049245353667,-1.520202818868944,-1.940643160106646,-2.2847486017027,-2.4796305340295475,-2.6054369881979067,-2.8800482509373944,-3.0699424590340376,-3.0699424590340376,-3.115691259587702
CTRA,-0.5406120042089292,-0.9933522792566579,-1.3730052120016814,-1.7307351892655696,-1.9744954700398747,-2.1953450008245587,-2.3584500386378116,-2.4880103093564743,-2.680985395375806,-2.8139479831547503
ON,-0.41417158369026247,-0.7454331444974172,-1.0602443325549826,-1.3127082139694828,-1.5630971759932786,-1.7583587145730424,-1.9326139954890222,-2.063834009932543,-2.194620521378737,-2.2644900655881934
TYL,-0.6767774329244141,-1.1388181302883895,-1.4630744427103402,-1.7290236460286998,-1.9457077029584426,-2.142976289743136,-2.3006751181912235,-2.425368421939968,-2.5142545746632035,-2.6054369881979067
LULU,-0.5685786941446607,-0.9865842682553305,-1.3151982161622202,-1.598367603333001,-1.7776365799194147,-1.9524567441192593,-2.0896001833926485,-2.228109390918682,-2.3633357117231117,-2.4738165766662625
WST,-0.7735264379215844,-1.341235472146159,-1.7715800655535847,-2.120663321028304,-2.352308636669281,-2.5142545746632035,-2.6672960131867987,-2.8800482509373944,-3.029837028801329,-3.029837028801329
EXPD,-0.7333030675318492,-1.261676266185571,-1.6492436861775368,-1.9533993825900502,-2.1868897485630843,-2.425368421939968,-2.5832502800030572,-2.741435159375291,-2.961789141910216,-3.115691259587702
AMCR,-1.0815259049609194,-1.5491171582902032,-1.8975178393123209,-2.2224282828455935,-2.504800669895947,-2.645044062738777,-2.756951204603507,-2.8291319854434067,-2.9199760003061535,-3.0441068609494053
STZ,-0.8054611762097038,-1.3710401487362953,-1.7883995014827254,-2.0756504865922842,-2.2953013781886913,-2.471421344323008,-2.628985525095589,-2.7099735383976475,-2.8346314809778623,-2.9323172371449133
TRMB,-0.581896819565113,-1.0396197601437376,-1.3990484984191742,-1.690985469265899,-1.9184475265606735,-2.089054030422193,-2.2953013781886913,-2.397302394269086,-2.5726168960788374,-2.7253672237986515
ZBH,-0.8307448211165528,-1.400359162962995,-1.8227772821423065,-2.1219355571553558,-2.3353547878632175,-2.5510889377456603,-2.7379215030651967,-2.8147694676660255,-2.913015882721159,-3.0110663931277464
CDW,-0.8298786982867002,-1.3612222772675913,-1.750391243697345,-2.1553957745261405,-2.4264398811529797,-2.549087872357989,-2.6160813554092255,-2.7289704249536024,-2.8017520463256025,-2.893318601687893
CHRW,-0.7719763076777058,-1.31895372070737,-1.7072208758585978,-2.016597112984096,-2.2308358870440865,-2.411098038393774,-2.6413291991609484,-2.758243671798118,-2.905191387241866,-3.0699424590340376
SW,-1.1906231978687358,-1.4129170721573523,-1.5776969319653456,-1.7654942063462886,-1.8991544050195888,-2.0145572098728395,-2.159504407911453,-2.2426296463721203,-2.353907081436299,-2.4678398274419027
CHTR,-0.7680526960052376,-1.3227128236741839,-1.7306188838425336,-2.093648262872688,-2.3781456767752,-2.514166927794399,-2.63348308912748,-2.6987530525104595,-2.9218142585859925,-3.0250759258606705
CNC,-0.6217190992409573,-1.0781982375813575,-1.455862958023919,-1.7208658975412918,-1.9959182730529625,-2.1734409017429837,-2.3422010488413543,-2.4867821335174245,-2.6411260501227534,-2.7505555765011893
GPN,-0.750405510852276,-1.2572443178446573,-1.66992252763793,-1.9792673010547541,-2.187973242418032,-2.362367134051268,-2.473489933749362,-2.5914521253156835,-2.8008281997842457,-2.949224182005495
LUV,-0.6107468551292935,-1.1092573881465135,-1.509336844222889,-1.842148485657092,-2.135420022383252,-2.322861892455491,-2.4796305340295475,-2.5726168960788374,-2.758243671798118,-2.8800482509373944
L,-0.9113046386686207,-1.4575076686741708,-1.8834297845038726,-2.1545453337908858,-2.2953013781886913,-2.4965685244309896,-2.628985525095589,-2.741435159375291,-2.8566037537823714,-2.9323172371449133
PKG,-0.7443274084637062,-1.3002111798821034,-1.6961180928771926,-1.9925393209655318,-2.278515105776392,-2.478647382557568,-2.6280479913317305,-2.740529446494177,-2.8791790842957683,-2.9609402570105874
GPC,-0.9009022177385633,-1.511736106677618,-1.993703818263053,-2.3774277410396354,-2.562266673910372,-2.794402495947033,-2.994082558905509,-3.029837028801329,-3.0699424590340376,-3.169068054888483
FTV,-0.874383302076648,-1.4517678571267194,-1.8487832826583948,-2.168104273636594,-2.430563193522056,-2.6721057747987826,-2.7113904602110552,-2.8636726976557663,-3.1425131523532865,-3.1425131523532865
ROL,-0.8070528589748526,-1.3574305678061869,-1.780861953781938,-2.089054030422193,-2.3402855421128654,-2.542354039142762,-2.7099735383976475,-2.794402495947033,-2.905191387241866,-2.994082558905509
EVRG,-0.9473163615966235,-1.5564961754647542,-1.961208396044492,-2.3061161280083855,-2.4965685244309896,-2.69519642312547,-2.758243671798118,-2.9323172371449133,-2.994082558905509,-2.994082558905509
IFF,-0.859675606470847,-1.4346063764862576,-1.9112546714295002,-2.1996321818220173,-2.3646817036900085,-2.5053135990191526,-2.6413291991609484,-2.8139479831547503,-2.9323172371449133,-2.961789141910216
LNT,-0.9642639789435439,-1.6087924973466357,-2.016597112984096,-2.3584500386378116,-2.6054369881979067,-2.8139479831547503,-2.961789141910216,-3.029837028801329,-3.233360977747898,-3.6102880350485664
SNA,-0.8214712626184797,-1.4051950114931004,-1.7979666627259248,-2.117045310895952,-2.3584500386378116,-2.5142545746632035,-2.628985525095589,-2.794402495947033,-3.029837028801329,-3.169068054888483
IT,-0.7010780301352646,-1.1972015226976374,-1.5300144514738012,-1.8277010305409345,-2.0344878582398773,-2.259426639852963,-2.4181716767148407,-2.5234011779966083,-2.741435159375291,-2.8346314809778623
GDDY,-0.7235738171820326,-1.2457387829985254,-1.6144486096233113,-1.855236554385171,-2.156532246609874,-2.313507508804643,-2.403023047321943,-2.6170559742456003,-2.752579081008363,-2.845470276266034
TTD,-0.4385997689032095,-0.7510275248482116,-1.0437224888834153,-1.2995887336148726,-1.5129028842220393,-1.709053375116017,-1.8561117313434818,-2.0167603217678653,-2.193244670493189,-2.315705246363317
PNR,-0.7193300171984707,-1.2591314069708583,-1.6344886238740322,-1.9909144888764019,-2.2354755556681742,-2.4633754018317098,-2.6170298751918515,-2.7099735383976475,-2.8139479831547503,-2.8800482509373944
PFG,-0.744816837943018,-1.2046058125598533,-1.5254125333321564,-1.7952506930279077,-1.9805432649795869,-2.158544871069885,-2.2958307695023064,-2.3992553446110194,-2.453980341154524,-2.4888918433539415
KEY,-0.6533445473402498,-1.1432281555403754,-1.4541891670351872,-1.6941969533702632,-1.9431692013599902,-2.1279837495171936,-2.3061161280083855,-2.411098038393774,-2.5053135990191526,-2.5521838702359307
INCY,-0.4335329703990509,-0.802812895907705,-1.1156629218248972,-1.3661505124736062,-1.5949639675335576,-1.7660833721166094,-1.9306608791980429,-2.0562187952197424,-2.1868897485630843,-2.346254695115646
ESS,-0.859675606470847,-1.4229049008808727,-1.8256679706075085,-2.1584665855253675,-2.3172075209346654,-2.4965685244309896,-2.594184027828096,-2.741435159375291,-2.8566037537823714,-3.115691259587702
MKC,-0.9902179629478787,-1.6374112042874753,-2.065837140058441,-2.4041430237710606,-2.6170298751918515,-2.794402495947033,-2.994082558905509,-2.994082558905509,-3.0699424590340376,-3.169068054888483
SMCI,-0.4895618558712551,-0.8654671085220893,-1.172364801514916,-1.4640144430058557,-1.6595086224135154,-1.8236441419111615,-1.9564425142374435,-2.101630214364144,-2.222261747249682,-2.3201146717444296
Q,-0.3911962581894717,-0.6406668899191048,-1.0271542729149996,-1.1243382315686388,-1.3597373839386055,-1.5123895860676801,-2.119086200583147,-2.119086200583147,-2.119086200583147,-2.119086200583147
APTV,-0.6784841206126089,-1.1391325156851524,-1.5524132282338492,-1.8705430061444965,-2.096291525736402,-2.342502033870105,-2.5007127532120803,-2.633511225259503,-2.681744208339105,-2.8403049733355994
DOW,-0.5932453168856845,-1.093520798872095,-1.5374036494115035,-1.8491196404623864,-2.106633219774948,-2.229566806048589,-2.3998219938643004,-2.4868462695686318,-2.5981347884506194,-2.6954256252952886
HOLX,-0.665732817529526,-1.1498851918306885,-1.4846531655847548,-1.7463722339753438,-1.9482588049604173,-2.135420022383252,-2.2795661887764522,-2.38394845534244,-2.5832502800030572,-2.7099735383976475
TPL,-0.7025491703903157,-1.154351677633468,-1.492780230096219,-1.7697418888982013,-2.002166192606358,-2.1664101463657346,-2.352308636669281,-2.4880103093564743,-2.628985525095589,-2.7099735383976475
DD,-0.6724458643828689,-1.1724524657463657,-1.6046116614265074,-1.9112546714295002,-2.1391828885120803,-2.322861892455491,-2.4401505072139695,-2.5726168960788374,-2.7099735383976475,-2.8800482509373944
TSN,-0.7353108926262285,-1.244030600292,-1.6344886238740322,-1.9306608791980429,-2.1098913351633066,-2.3006751181912235,-2.411098038393774,-2.6054369881979067,-2.69519642312547,-2.8139479831547503
J,-0.7114081988897828,-1.240713163801774,-1.613001644633655,-1.8971586371033033,-2.0993587478560025,-2.2953013781886913,-2.4477462211583094,-2.5521838702359307,-2.680985395375806,-2.758243671798118
WY,-0.6676477583148062,-1.2186689353344755,-1.6115954215690123,-1.9457077029584426,-2.212742108953147,-2.425368421939968,-2.5832502800030572,-2.7099735383976475,-2.8139479831547503,-2.994082558905509
LII,-0.6796722108455756,-1.202713994844999,-1.601839943136806,-1.9160388814625544,-2.1664101463657346,-2.3402855421128654,-2.5234011779966083,-2.7099735383976475,-2.8346314809778623,-2.961789141910216
MAA,-0.8957374077197859,-1.4281995173398365,-1.8176102805195051,-2.117045310895952,-2.3172075209346654,-2.4477462211583094,-2.5832502800030572,-2.7253672237986515,-2.8346314809778623,-2.8800482509373944
INVH,-0.8550803078384862,-1.5131527764178687,-2.0254720885865063,-2.2281613238089104,-2.4980218595560175,-2.690407328983358,-2.7850247369318675,-3.1239972371259905,-3.1239972371259905,-3.1239972371259905
BBY,-0.5553112932782559,-1.0187871615913113,-1.383909075181181,-1.697426006475477,-1.8856933469762802,-2.113454802454823,-2.2744442853386224,-2.397302394269086,-2.4965685244309896,-2.5832502800030572
COO,-0.7611768216714205,-1.334668055995098,-1.7570390786334125,-2.046786997218423,-2.2216980834854643,-2.397302394269086,-2.542354039142762,-2.6413291991609484,-2.794402495947033,-2.8346314809778623
ALB,-0.6107468551292935,-1.0636092841637192,-1.3789324453651537,-1.6736266033527711,-1.9281951198855367,-2.120663321028304,-2.322861892455491,-2.4477462211583094,-2.6054369881979067,-2.741435159375291
TXT,-0.6571455664293453,-1.1901670756380656,-1.557784699438719,-1.8359097548658103,-2.0594037769794107,-2.1996321818220173,-2.352308636669281,-2.4477462211583094,-2.5142545746632035,-2.6170298751918515
GEN,-0.6772595015937272,-1.1656198953325552,-1.5105353885333281,-1.7697418888982013,-1.9559891506883051,-2.1468007811965357,-2.322861892455491,-2.4880103093564743,-2.6054369881979067,-2.654088942641608
RL,-0.6186186545520215,-1.095881929513194,-1.4904481569395884,-1.7998999745025142,-2.0284519178112332,-2.2449019095076244,-2.4401505072139695,-2.6170298751918515,-2.741435159375291,-2.905191387241866
ALLE,-0.8576674554992345,-1.4432497440588197,-1.854635508017786,-2.2526977134614716,-2.430167088814352,-2.718307636714871,-2.8342612956803572,-2.940121102563855,-3.09494349683406,-3.2132683865787053
KIM,-0.7714600097251156,-1.2532248955832233,-1.6447794919298773,-1.9184475265606735,-2.089054030422193,-2.2171978664371497,-2.3061161280083855,-2.411098038393774,-2.5234011779966083,-2.6054369881979067
FFIV,-0.5566535131198044,-0.941329230725134,-1.249032579515431,-1.496293637236296,-1.6925890292272048,-1.8359097548658103,-1.9356279101963152,-2.0993587478560025,-2.2354755556681742,-2.3710065740570783
UHS,-0.7333030675318492,-1.27972377485982,-1.6877913312479538,-1.9306608791980429,-2.212742108953147,-2.3710065740570783,-2.5142545746632035,-2.628985525095589,-2.7758695696819626,-2.8800482509373944
MAS,-0.6542939153965197,-1.1380852768768153,-1.5238650019865514,-1.8196136462581856,-2.0823054974290214,-2.2847486017027,-2.4181716767148407,-2.5832502800030572,-2.654088942641608,-2.7758695696819626
FOXA,-0.7009046506962836,-1.249929887190625,-1.631695139670445,-1.9291926775843622,-2.180930490673258,-2.375753987263775,-2.5586522072733566,-2.6448465821070544,-2.828945213831495,-3.2466930579477156
BALL,-0.8097102176621397,-1.4010914574654767,-1.8400609439934088,-2.1545453337908858,-2.4554858393650236,-2.654088942641608,-2.8346314809778623,-2.961789141910216,-3.233360977747898,-3.426366522732482
AVY,-0.787039741479026,-1.3700595993556952,-1.778993287167298,-2.078966482608293,-2.322861892455491,-2.4796305340295475,-2.6170298751918515,-2.7253672237986515,-2.8346314809778623,-2.9323172371449133
BG,-0.7529735673551056,-1.2965435868097364,-1.6873766819359337,-1.9315085302900923,-2.153615237569771,-2.276747588784829,-2.4655375952268344,-2.540325999203633,-2.6327745080615146,-2.7739828762962575
TKO,-0.6269955063372119,-1.1395515958407145,-1.4951204502166466,-1.8116435531624624,-2.065837140058441,-2.2401638513710274,-2.397302394269086,-2.5521838702359307,-2.6413291991609484,-2.7253672237986515
JBHT,-0.660956103604664,-1.1778047723810798,-1.5747760300762277,-1.913641301370329,-2.1391828885120803,-2.425368421939968,-2.5327638923707947,-2.7253672237986515,-2.8800482509373944,-3.029837028801329
CLX,-0.968544321208118,-1.5854624860091489,-1.9799093313765461,-2.259426639852963,-2.4477462211583094,-2.628985525095589,-2.7758695696819626,-2.961789141910216,-3.029837028801329,-3.169068054888483
DPZ,-0.7498121075151797,-1.2694149238284176,-1.680324727620055,-1.9862801941131978,-2.1802679980819497,-2.3628559898055514,-2.5279526321296846,-2.576085337339337,-2.678198919048138,-2.7955376173113207
EG,-0.8475354387811366,-1.4519856983718773,-1.8400609439934088,-2.120663321028304,-2.328591520473661,-2.5521838702359307,-2.7099735383976475,-2.8566037537823714,-2.905191387241866,-2.994082558905509
DECK,-0.5089364667035338,-0.9009022177385633,-1.2341189398533217,-1.5129390082929863,-1.7222276286580331,-1.904159360972963,-2.0958990678310654,-2.2354755556681742,-2.352308636669281,-2.4401505072139695
IEX,-0.8246985703942303,-1.3720220181156728,-1.8096689017131373,-2.0823054974290214,-2.2953013781886913,-2.5142545746632035,-2.680985395375806,-2.8800482509373944,-3.029837028801329,-3.169068054888483
ZBRA,-0.6377637715658329,-1.1491430050870914,-1.5324905105199909,-1.848459751253215,-2.053054536378272,-2.2401638513710274,-2.38394845534244,-2.542354039142762,-2.680985395375806,-2.794402495947033
AKAM,-0.544609197604709,-0.9101439530903206,-1.1940678064633892,-1.4093223652214155,-1.615823698861933,-1.7922066965933672,-1.9257410285043162,-2.019534286602006,-2.117045310895952,-2.1996321818220173
NDSN,-0.6932573953449616,-1.202713994844999,-1.559075814997212,-1.8744707076087233,-2.0993587478560025,-2.3006751181912235,-2.4401505072139695,-2.628985525095589,-2.794402495947033,-2.8566037537823714
DOC,-0.7901786217343245,-1.3008735879299773,-1.697426006475477,-1.9638381815670314,-2.1785880083156175,-2.352308636669281,-2.4965685244309896,-2.6413291991609484,-2.680985395375806,-2.794402495947033
CF,-0.5554929881585349,-0.9635279372972531,-1.3144525470103623,-1.645799388587951,-1.8445212457243063,-2.0324782530884185,-2.196304226323561,-2.328547672502324,-2.4983971586284346,-2.584692474243121
JKHY,-0.8366063307274634,-1.3759627861299215,-1.7446136185686312,-1.993703818263053,-2.212742108953147,-2.390572138325214,-2.5327638923707947,-2.6413291991609484,-2.794402495947033,-2.8800482509373944
LYB,-0.6619788274039589,-1.1566833016936602,-1.516956898410134,-1.822091754476715,-2.108578404110135,-2.3403651854711707,-2.478834582383054,-2.5378568767049083,-2.6691405213880457,-2.802570816178956
SOLV,-0.6464035869692608,-1.1024403670151648,-1.6067550689692431,-2.0042335798798243,-2.365247646681527,-2.4699415371335185,-2.611712082277219,-2.8404846196714533,-2.9404846196714534,-2.9404846196714534
VTRS,-0.6218711306035226,-1.1610949129795536,-1.6032242627014597,-1.8925426366225189,-2.135420022383252,-2.346254695115646,-2.5142545746632035,-2.594184027828096,-2.69519642312547,-2.758243671798118
BLDR,-0.4245184478874133,-0.7757448853601528,-1.0921823589436002,-1.3413399201376452,-1.5365869218539785,-1.7383189949420992,-1.9186543266618248,-2.1143024877260053,-2.2505528392222356,-2.338215151624942
HII,-0.8547596166669674,-1.4392465224914215,-1.8300634479636848,-2.1343597891484913,-2.393782544901611,-2.586962067833189,-2.6971770920156555,-2.817407051396829,-2.9451921354734814,-2.9451921354734814
RVTY,-0.6849941592397796,-1.1498851918306885,-1.5105353885333281,-1.805740635065951,-2.0958990678310654,-2.2847486017027,-2.4326930212668962,-2.654088942641608,-2.8139479831547503,-2.8800482509373944
REG,-0.8355189173415526,-1.3759627861299215,-1.7516807428654086,-2.0050191182998316,-2.1910977943351524,-2.352308636669281,-2.4554858393650236,-2.594184027828096,-2.680985395375806,-2.758243671798118
AIZ,-0.8608287542203612,-1.4173313729913843,-1.818809533193267,-2.0737913404112382,-2.2297811729880945,-2.3410271376304523,-2.4534087584195223,-2.5348924387252016,-2.6684708619279838,-2.71984741462354
CPT,-0.8574589109819122,-1.4292632572588888,-1.8359097548658103,-2.135420022383252,-2.2795661887764522,-2.4326930212668962,-2.5142545746632035,-2.594184027828096,-2.758243671798118,-2.794402495947033
HST,-0.6514475751286858,-1.14840145079948,-1.5263178580056755,-1.8196136462581856,-1.993703818263053,-2.162421309946964,-2.254532061700739,-2.4326930212668962,-2.5521838702359307,-2.6170298751918515
SWK,-0.6796722108455756,-1.213849981656265,-1.6388777544308253,-1.961208396044492,-2.212742108953147,-2.3774277410396354,-2.562266673910372,-2.741435159375291,-2.8139479831547503,-2.961789141910216
SJM,-0.9235668451023923,-1.5526460283710277,-2.013677234175551,-2.322861892455491,-2.5234011779966083,-2.7099735383976475,-2.794402495947033,-2.905191387241866,-3.169068054888483,-3.3146523927384957
HAS,-0.7459010756705386,-1.276254047027696,-1.690985469265899,-2.00788845717969,-2.2847486017027,-2.425368421939968,-2.5832502800030572,-2.69519642312547,-2.8346314809778623,-2.994082558905509
UDR,-0.8273945692294455,-1.3879151994450722,-1.7827368597899271,-2.0562187952197424,-2.2354755556681742,-2.3774277410396354,-2.4796305340295475,-2.5726168960788374,-2.69519642312547,-2.8800482509373944
DAY,-0.5781734854387385,-0.9148917772836553,-1.253167025663127,-1.5415277034870185,-1.8297469642233202,-2.060639199371694,-2.228008964953742,-2.3527822867748838,-2.499913589178996,-2.6403692762871653
GL,-0.914211738641264,-1.431395602456996,-1.7979666627259248,-2.120663321028304,-2.3006751181912235,-2.471421344323008,-2.542354039142762,-2.654088942641608,-2.7099735383976475,-2.758243671798118
IVZ,-0.5606862099273487,-0.9864695764843655,-1.3431225387985337,-1.6243679962592972,-1.8656596065199567,-2.053054536378272,-2.2308358870440865,-2.3402855421128654,-2.4633754018317098,-2.5726168960788374
WYNN,-0.4872334267011258,-0.9245110551824417,-1.2446258067284257,-1.5518730145132678,-1.7969283751972975,-2.0054322919205734,-2.172336696637318,-2.328475840061742,-2.4471066263110846,-2.55465927373681
PNW,-0.9515276371051994,-1.5787623405952744,-2.00788845717969,-2.322861892455491,-2.5832502800030572,-2.741435159375291,-3.029837028801329,-3.0699424590340376,-3.233360977747898,-3.3146523927384957
BXP,-0.8118402282309474,-1.3226218743154,-1.6767453298499633,-1.9482588049604173,-2.182720074784711,-2.322861892455491,-2.4477462211583094,-2.6170298751918515,-2.7758695696819626,-2.8566037537823714
FDS,-0.7535169694728752,-1.260827072382446,-1.6344886238740322,-1.9306608791980429,-2.174492807535187,-2.3343986285231986,-2.542354039142762,-2.654088942641608,-2.758243671798118,-2.8800482509373944
EPAM,-0.6617140377948343,-1.1241622379381342,-1.4686895088285434,-1.730461099587628,-1.981846498412662,-2.180984683772828,-2.3478106180151546,-2.4951775063783845,-2.6515870890331423,-2.7032284699472093
TECH,-0.7010780301352646,-1.1878353038697755,-1.5734528046295486,-1.8856933469762802,-2.078966482608293,-2.2354755556681742,-2.425368421939968,-2.654088942641608,-2.758243671798118,-2.961789141910216
AES,-0.5905456402500985,-1.0435763279788606,-1.3574305678061869,-1.6388777544308253,-1.8359097548658103,-1.9691388698110008,-2.135420022383252,-2.2401638513710274,-2.3343986285231986,-2.471421344323008
ALGN,-0.4819154841713613,-0.8902627373158667,-1.2002109219983141,-1.4838715071710302,-1.7039766484754326,-1.8903518946414724,-2.0198878453507114,-2.1744076067087437,-2.268595814160799,-2.3749893284866466
SWKS,-0.4343753366287727,-0.8091782889039172,-1.1156629218248972,-1.3593594097755186,-1.5642664466261818,-1.7606395262667596,-1.8925426366225189,-2.0284519178112332,-2.174492807535187,-2.2847486017027
BAX,-0.8569053952420017,-1.4454172361187076,-1.8569910101640252,-2.182720074784711,-2.3710065740570783,-2.4880103093564743,-2.6170298751918515,-2.7099735383976475,-2.8566037537823714,-2.905191387241866
NWSA,-0.753988618791205,-1.3483298529260026,-1.7738144383184191,-2.0812305433900273,-2.2762984183554154,-2.549751846520091,-2.7295982997235373,-2.8023663371517897,-2.9506970753981756,-3.2230733307018813
MRNA,-0.27146159209201615,-0.5600424980948496,-0.8521260335160349,-1.1102486547259145,-1.3367437179261719,-1.4729453744916081,-1.7008883004315074,-1.8831157392443825,-2.0598339851178977,-2.2448965454318532
GNRC,-0.5933982107969126,-1.035950644291262,-1.3590504648476929,-1.6396603525775097,-1.8659630527012727,-2.0638781390364302,-2.281533653107766,-2.4835020840108877,-2.611797632539522,-2.7759464043637125
APA,-0.49892606247189275,-0.9407323728319114,-1.2779869877314243,-1.620081063355292,-1.8948455900788463,-2.0993587478560025,-2.2744442853386224,-2.4181716767148407,-2.5521838702359307,-2.6170298751918515
FOX,-0.7117243049345193,-1.2527948569847795,-1.65976062998551,-1.9680227465052818,-2.2486823911831033,-2.4278907831349055,-2.558449178963126,-2.6446489740458072,-2.9196121274353004,-3.043755610521852
CRL,-0.7055811211650489,-1.222470287633638,-1.598256162920263,-1.8960536385132458,-2.1205264155205543,-2.3515674346267113,-2.4334524274573983,-2.555827882637142,-2.661065714924782,-2.752183980158528
CAG,-0.9223930437953961,-1.5694995692801135,-1.9993294704355098,-2.3172075209346654,-2.5234011779966083,-2.654088942641608,-2.741435159375291,-2.905191387241866,-3.233360977747898,-3.3146523927384957
NCLH,-0.5371554793860246,-0.9527834214314148,-1.2899920828080498,-1.511131052757094,-1.7172018596897556,-1.8887013321202981,-2.042221877344647,-2.145393176794317,-2.2580736495896576,-2.333079877962967
ARE,-0.8453415454043032,-1.3720220181156728,-1.7660833721166094,-2.019534286602006,-2.182720074784711,-2.3172075209346654,-2.4796305340295475,-2.5832502800030572,-2.741435159375291,-2.8800482509373944
LW,-0.8069802868261621,-1.3189055318130625,-1.7302406534611336,-2.0443098885287094,-2.199217940654274,-2.3258581169574972,-2.459032137832038,-2.5066012853436583,-2.532689654487829,-2.5606248632800277
PAYC,-0.5880508921249458,-0.9772010462847672,-1.3005368518756868,-1.5923787555973328,-1.8488993695760945,-2.013018749242982,-2.1902851525969416,-2.41792965649683,-2.593473443782891,-2.618855487130058
MTCH,-0.5495065092227068,-1.0040827343637588,-1.3661505124736062,-1.7072208758585978,-1.9559891506883051,-2.182720074784711,-2.4041430237710606,-2.5234011779966083,-2.680985395375806,-2.8346314809778623
MOH,-0.6212424283176958,-1.1066243481171734,-1.4749234196464969,-1.7898858050291522,-2.01938186427073,-2.2241378137308576,-2.3510344614233625,-2.491615690192672,-2.5557158244493756,-2.605126521640995
TAP,-0.8155766385302927,-1.4292632572588888,-1.8096689017131373,-2.162421309946964,-2.3774277410396354,-2.5726168960788374,-2.69519642312547,-2.8566037537823714,-2.905191387241866,-3.0699424590340376
POOL,-0.7054960234597378,-1.2122499130579392,-1.6101923781721452,-1.9482588049604173,-2.2262437492770206,-2.411098038393774,-2.562266673910372,-2.758243671798118,-2.8566037537823714,-2.994082558905509
FRT,-0.8535897969017187,-1.4207981810012416,-1.8116435531624624,-2.102843739948585,-2.3061161280083855,-2.4554858393650236,-2.6170298751918515,-2.758243671798118,-2.8800482509373944,-2.905191387241866
MOS,-0.5067559840818457,-0.9389438064299462,-1.2867098380914752,-1.5668776442287864,-1.8216243417043299,-2.031460636644224,-2.1868897485630843,-2.3061161280083855,-2.397302394269086,-2.5521838702359307
HSIC,-0.8054611762097038,-1.3879151994450722,-1.7883995014827254,-2.092464294014752,-2.3006751181912235,-2.4477462211583094,-2.628985525095589,-2.8800482509373944,-3.0699424590340376,-3.3146523927384957
LKQ,-0.6818183428395908,-1.1971795020488454,-1.6342047358915557,-1.9357777678886114,-2.1793369312296327,-2.3757671761129933,-2.563423760011963,-2.6898710745923675,-2.7436640366649434,-2.7845036286271267
SOLS,-0.4853177302549622,-0.7215222839823433,-1.292805229199416,-1.292805229199416,-1.7598610279335334,-1.7598610279335334,-2.061916500809467,-2.161916500809467,-2.161916500809467,-2.161916500809467
ERIE,-0.9165429931616585,-1.5021906972690018,-1.9112546714295002,-2.1996321818220173,-2.3774277410396354,-2.5521838702359307,-2.758243671798118,-2.8346314809778623,-2.9323172371449133,-3.0699424590340376
AOS,-0.6971623827170045,-1.230841861163062,-1.6172395649331752,-1.9508226498492451,-2.2744442853386224,-2.471421344323008,-2.6413291991609484,-2.741435159375291,-2.905191387241866,-3.115691259587702
MGM,-0.5137420777043737,-0.931819370488402,-1.3098601317570095,-1.5681872591936752,-1.7846180536321217,-1.9638381815670314,-2.089054030422193,-2.1953450008245587,-2.3006751181912235,-2.390572138325214
BEN,-0.6652544638081016,-1.180108978370639,-1.5437507646785238,-1.867848813631727,-2.142976289743136,-2.390572138325214,-2.5327638923707947,-2.628985525095589,-2.794402495947033,-2.9323172371449133
HRL,-0.9419264241454157,-1.5868110888501887,-2.053054536378272,-2.346254695115646,-2.5234011779966083,-2.7099735383976475,-2.8800482509373944,-2.961789141910216,-3.0699424590340376,-3.233360977747898
MHK,-0.625596321358945,-1.0792618377273484,-1.5010071053174299,-1.780861953781938,-2.043683137995616,-2.269381363370994,-2.5053135990191526,-2.6672960131867987,-2.741435159375291,-2.8346314809778623
CPB,-0.9212205119963629,-1.5761020185984107,-1.971810097761319,-2.3061161280083855,-2.4401505072139695,-2.6170298751918515,-2.8800482509373944,-3.115691259587702,-3.6102880350485664,-3.6102880350485664
BF-B,-0.9020532193318874,-1.5275477373678383,-1.9533993825900502,-2.264375953059876,-2.4880103093564743,-2.794402495947033,-2.994082558905509,-3.169068054888483,-3.169068054888483,-3.233360977747898
PSKY,-0.5606304265971492,-1.0385589598379847,-1.399763476191317,-1.6693425862610254,-1.8940541569215479,-2.0832578913479374,-2.195624769008065,-2.3453367576865434,-2.4608356118306043,-2.6079392869068716
DVA,-0.8150421692368828,-1.3393531696096506,-1.7499057569011671,-1.9799093313765461,-2.162421309946964,-2.3402855421128654,-2.425368421939968,-2.5053135990191526,-2.654088942641608,-2.8566037537823714
NWS,-0.7635272503446183,-1.3972661708883614,-1.7893567034775704,-2.0952972328090964,-2.2870305616251985,-2.5297593792914514,-2.8023663371517897,-2.8451674718839652,-3.0189574370215304,-3.1050690287268714
