simulation_function,n,rep,qmc_data_value,qmc_data_distributions_value,absolute_difference,qmc_data_time,qmc_data_distributions_time
rand_spd,64,1,0.26689388845370093,0.2668938884537006,3.3306690738754696e-16,0.002274167,0.118166542
rand_spd,64,2,0.26667402412223284,0.26667402412223246,3.885780586188048e-16,0.002040583,0.005992292
rand_spd,64,3,0.26662134426244094,0.26662134426244055,3.885780586188048e-16,0.002136625,0.006059666
rand_spd,64,4,0.26676089222646054,0.2667608922264602,3.3306690738754696e-16,0.001964333,0.005821209
rand_spd,64,5,0.26670103914063675,0.2667010391406364,3.3306690738754696e-16,0.002710125,0.005869167
rand_spd,64,6,0.2672070161558058,0.26720701615580544,3.3306690738754696e-16,0.002028667,0.00607625
rand_spd,64,7,0.2668226406427035,0.2668226406427032,2.7755575615628914e-16,0.002109375,0.005750875
rand_spd,64,8,0.2661371771401057,0.2661371771401054,3.3306690738754696e-16,0.002236666,0.006230542
rand_spd,64,9,0.2663997847202001,0.26639978472019976,3.3306690738754696e-16,0.00214525,0.005741083
rand_spd,64,10,0.265942543211845,0.2659425432118447,3.3306690738754696e-16,0.002079209,0.006044625
rand_spd,64,11,0.2665420969374655,0.2665420969374652,2.7755575615628914e-16,0.0021685,0.005811
rand_spd,64,12,0.2675238313442279,0.2675238313442276,3.3306690738754696e-16,0.003076291,0.007837292
rand_spd,64,13,0.26672330556517193,0.2667233055651716,3.3306690738754696e-16,0.002276958,0.005893334
rand_spd,64,14,0.2659606748645658,0.2659606748645655,3.3306690738754696e-16,0.002210667,0.005919958
rand_spd,64,15,0.2664460741499545,0.2664460741499542,3.3306690738754696e-16,0.00205925,0.006094167
rand_spd,64,16,0.26655236590597137,0.26655236590597103,3.3306690738754696e-16,0.002055833,0.006021583
rand_spd,64,17,0.2664848664337805,0.2664848664337801,3.885780586188048e-16,0.002161167,0.006128833
rand_spd,64,18,0.2656731499181051,0.2656731499181047,3.885780586188048e-16,0.002090834,0.00603225
rand_spd,64,19,0.26662159272821456,0.2666215927282143,2.7755575615628914e-16,0.002219917,0.006207083
rand_spd,64,20,0.2653417735588049,0.26534177355880456,3.3306690738754696e-16,0.003169292,0.006568
rand_spd,64,21,0.26605916596568047,0.2660591659656802,2.7755575615628914e-16,0.003097708,0.005888042
rand_spd,64,22,0.26624992603625913,0.2662499260362588,3.3306690738754696e-16,0.002220958,0.005949792
rand_spd,64,23,0.26640850920053083,0.26640850920053044,3.885780586188048e-16,0.002169042,0.006031667
rand_spd,64,24,0.2665027790054761,0.26650277900547564,4.440892098500626e-16,0.002160209,0.006354792
rand_spd,64,25,0.2667876372357067,0.26678763723570637,3.3306690738754696e-16,0.002111958,0.00588675
rand_spd,64,26,0.26631675973500574,0.26631675973500546,2.7755575615628914e-16,0.002152208,0.006086875
rand_spd,64,27,0.2674032161134822,0.26740321611348183,3.885780586188048e-16,0.002128667,0.005974458
rand_spd,64,28,0.2664824464137769,0.2664824464137765,3.885780586188048e-16,0.001981792,0.005878917
rand_spd,64,29,0.2665807490984846,0.2665807490984842,3.885780586188048e-16,0.001994083,0.005947917
rand_spd,64,30,0.26616473547772307,0.26616473547772274,3.3306690738754696e-16,0.002161625,0.005760792
rand_spd,64,31,0.26667707170043786,0.26667707170043753,3.3306690738754696e-16,0.002059375,0.006070209
rand_spd,64,32,0.26603280234198373,0.26603280234198334,3.885780586188048e-16,0.002108625,0.005993875
rand_spd,64,33,0.26610408364671334,0.26610408364671306,2.7755575615628914e-16,0.002139791,0.006887792
rand_spd,64,34,0.26711760641330556,0.2671176064133052,3.885780586188048e-16,0.002250084,0.006006291
rand_spd,64,35,0.266777993667902,0.2667779936679017,2.7755575615628914e-16,0.002331542,0.006395291
rand_spd,64,36,0.2672447377314298,0.2672447377314294,3.885780586188048e-16,0.0021275,0.006011041
rand_spd,64,37,0.26555075257887356,0.26555075257887323,3.3306690738754696e-16,0.002035042,0.006021917
rand_spd,64,38,0.2660788233811398,0.2660788233811395,3.3306690738754696e-16,0.002034417,0.005866042
rand_spd,64,39,0.2661299625423711,0.2661299625423708,2.7755575615628914e-16,0.002144417,0.005935792
rand_spd,64,40,0.2664046298293247,0.2664046298293244,3.3306690738754696e-16,0.001925625,0.005798542
rand_spd,64,41,0.2670317376451445,0.26703173764514415,3.3306690738754696e-16,0.002067792,0.005938166
rand_spd,64,42,0.26583163835579493,0.2658316383557946,3.3306690738754696e-16,0.002177541,0.005850958
rand_spd,64,43,0.266739182787559,0.2667391827875587,2.7755575615628914e-16,0.002171625,0.005859166
rand_spd,64,44,0.26626833928949634,0.26626833928949595,3.885780586188048e-16,0.0024645,0.006046542
rand_spd,64,45,0.2665318062370675,0.2665318062370671,3.885780586188048e-16,0.002067292,0.006090958
rand_spd,64,46,0.2661216544824724,0.2661216544824721,2.7755575615628914e-16,0.002061583,0.005945292
rand_spd,64,47,0.26667520549038265,0.2666752054903823,3.3306690738754696e-16,0.002186667,0.006035541
rand_spd,64,48,0.26640533053369747,0.26640533053369714,3.3306690738754696e-16,0.002221,0.006027667
rand_spd,64,49,0.26666257500551815,0.2666625750055178,3.3306690738754696e-16,0.002195083,0.006027167
rand_spd,64,50,0.266340354661247,0.26634035466124667,3.3306690738754696e-16,0.00214825,0.005950166
rand_spd,64,51,0.26674030202274546,0.2667403020227452,2.7755575615628914e-16,0.002129542,0.005954458
rand_spd,64,52,0.26626701605152964,0.26626701605152936,2.7755575615628914e-16,0.002070917,0.005928667
rand_spd,64,53,0.26697345588905297,0.2669734558890526,3.885780586188048e-16,0.002104792,0.005697208
rand_spd,64,54,0.2672173532698539,0.26721735326985363,2.7755575615628914e-16,0.002218958,0.006148625
rand_spd,64,55,0.2660280151649288,0.2660280151649284,3.885780586188048e-16,0.002062459,0.005808666
rand_spd,64,56,0.2659485310304248,0.26594853103042443,3.885780586188048e-16,0.002085625,0.006061542
rand_spd,64,57,0.26662614377333144,0.2666261437733311,3.3306690738754696e-16,0.002066417,0.005899208
rand_spd,64,58,0.2666086361197387,0.26660863611973834,3.3306690738754696e-16,0.002005958,0.007223459
rand_spd,64,59,0.2668292437825635,0.2668292437825632,3.3306690738754696e-16,0.001986291,0.0057285
rand_spd,64,60,0.26728424663106404,0.2672842466310637,3.3306690738754696e-16,0.003080375,0.0059145
rand_spd,64,61,0.2656508922315249,0.26565089223152455,3.3306690738754696e-16,0.002143083,0.005803042
rand_spd,64,62,0.26620739709526003,0.26620739709525965,3.885780586188048e-16,0.002164208,0.005803417
rand_spd,64,63,0.2665825566194581,0.26658255661945784,2.7755575615628914e-16,0.002130542,0.005712583
rand_spd,64,64,0.26694041379467687,0.26694041379467653,3.3306690738754696e-16,0.002112625,0.005684083
rand_spd,64,65,0.2667094366393116,0.2667094366393113,3.3306690738754696e-16,0.002165208,0.005715375
rand_spd,64,66,0.2649188730185372,0.26491887301853695,2.7755575615628914e-16,0.002113917,0.005698292
rand_spd,64,67,0.26574786313705073,0.2657478631370504,3.3306690738754696e-16,0.002223459,0.0057295
rand_spd,64,68,0.26570361501022977,0.26570361501022943,3.3306690738754696e-16,0.001988708,0.005713917
rand_spd,64,69,0.2676258488807996,0.26762584888079927,3.3306690738754696e-16,0.002132125,0.005836791
rand_spd,64,70,0.2654811243910397,0.2654811243910394,3.3306690738754696e-16,0.002158417,0.006062958
rand_spd,64,71,0.2665339263423077,0.2665339263423074,3.3306690738754696e-16,0.003154042,0.006075125
rand_spd,64,72,0.2665826218066753,0.26658262180667497,3.3306690738754696e-16,0.002083125,0.005964417
rand_spd,64,73,0.26657091638858527,0.26657091638858493,3.3306690738754696e-16,0.002107542,0.006148042
rand_spd,64,74,0.2659872429419059,0.26598724294190557,3.3306690738754696e-16,0.002226709,0.006040667
rand_spd,64,75,0.2663149921881896,0.26631499218818927,3.3306690738754696e-16,0.002159542,0.005890958
rand_spd,64,76,0.26588673734282725,0.26588673734282686,3.885780586188048e-16,0.002008125,0.006038542
rand_spd,64,77,0.265325053412857,0.2653250534128568,2.220446049250313e-16,0.0020595,0.006032875
rand_spd,64,78,0.26550866345952334,0.26550866345952295,3.885780586188048e-16,0.002068375,0.005922833
rand_spd,64,79,0.2666378868924127,0.2666378868924123,3.885780586188048e-16,0.002185625,0.005804792
rand_spd,64,80,0.2668277345230003,0.26682773452299996,3.3306690738754696e-16,0.002112459,0.005802416
rand_spd,64,81,0.26579759987227863,0.2657975998722784,2.220446049250313e-16,0.002174209,0.0057975
rand_spd,64,82,0.2669635423903321,0.26696354239033177,3.3306690738754696e-16,0.002174583,0.005726583
rand_spd,64,83,0.2672886183682134,0.2672886183682132,1.6653345369377348e-16,0.001982041,0.005880959
rand_spd,64,84,0.2672006609634516,0.26720066096345124,3.3306690738754696e-16,0.002099375,0.005732
rand_spd,64,85,0.26669235384440876,0.26669235384440854,2.220446049250313e-16,0.002175458,0.005772375
rand_spd,64,86,0.266427279374929,0.26642727937492866,3.3306690738754696e-16,0.002092167,0.005768
rand_spd,64,87,0.2669854605071553,0.26698546050715494,3.885780586188048e-16,0.002083,0.005922667
rand_spd,64,88,0.2669452035488806,0.2669452035488803,3.3306690738754696e-16,0.002203167,0.005676666
rand_spd,64,89,0.2670371664190963,0.26703716641909603,2.7755575615628914e-16,0.002065,0.005852833
rand_spd,64,90,0.26688882288078086,0.26688882288078053,3.3306690738754696e-16,0.002204208,0.005711875
rand_spd,64,91,0.26600931333203837,0.26600931333203803,3.3306690738754696e-16,0.001984625,0.005707583
rand_spd,64,92,0.26572364672786236,0.26572364672786203,3.3306690738754696e-16,0.002146083,0.005803209
rand_spd,64,93,0.2667850287607359,0.26678502876073557,3.3306690738754696e-16,0.002135333,0.00584675
rand_spd,64,94,0.2674229340381582,0.2674229340381579,2.7755575615628914e-16,0.002163416,0.005721459
rand_spd,64,95,0.2665669707217551,0.26656697072175484,2.7755575615628914e-16,0.002011917,0.005568875
rand_spd,64,96,0.26715477012513794,0.2671547701251376,3.3306690738754696e-16,0.002189042,0.005817958
rand_spd,64,97,0.2669358639559016,0.26693586395590124,3.3306690738754696e-16,0.002029083,0.005774292
rand_spd,64,98,0.266612550416131,0.26661255041613074,2.7755575615628914e-16,0.00210875,0.007005625
rand_spd,64,99,0.26703725639028647,0.2670372563902861,3.885780586188048e-16,0.002203084,0.00586375
rand_spd,64,100,0.26682406686827503,0.26682406686827465,3.885780586188048e-16,0.003355625,0.0059115
rand_spd,64,101,0.26630217984373394,0.26630217984373367,2.7755575615628914e-16,0.002562125,0.006029417
rand_spd,64,102,0.2662262672785249,0.26622626727852455,3.3306690738754696e-16,0.002053667,0.005880833
rand_spd,64,103,0.2658965156688025,0.2658965156688022,3.3306690738754696e-16,0.002178125,0.005923708
rand_spd,64,104,0.26670243408945965,0.2667024340894593,3.3306690738754696e-16,0.002046917,0.006750458
rand_spd,64,105,0.26587355264628465,0.2658735526462843,3.3306690738754696e-16,0.002098,0.005918708
rand_spd,64,106,0.2675306698401944,0.2675306698401941,3.3306690738754696e-16,0.002143334,0.005888625
rand_spd,64,107,0.2662124853927423,0.26621248539274206,2.220446049250313e-16,0.002213625,0.006205
rand_spd,64,108,0.2664201471637551,0.2664201471637548,3.3306690738754696e-16,0.002070333,0.005795334
rand_spd,64,109,0.26519293479493383,0.2651929347949335,3.3306690738754696e-16,0.00201875,0.00595075
rand_spd,64,110,0.2671045162839724,0.2671045162839721,3.3306690738754696e-16,0.002066208,0.005835542
rand_spd,64,111,0.26643482126173557,0.2664348212617353,2.7755575615628914e-16,0.002201667,0.005704416
rand_spd,64,112,0.2665940618951653,0.26659406189516494,3.885780586188048e-16,0.003948125,0.009022875
rand_spd,64,113,0.26678802503798554,0.2667880250379852,3.3306690738754696e-16,0.002062708,0.005794125
rand_spd,64,114,0.26609408795690986,0.2660940879569096,2.7755575615628914e-16,0.001990917,0.005868666
rand_spd,64,115,0.26553936748816803,0.26553936748816775,2.7755575615628914e-16,0.001970334,0.005902375
rand_spd,64,116,0.266405773223463,0.26640577322346276,2.220446049250313e-16,0.002173917,0.005749834
rand_spd,64,117,0.2668300561582111,0.26683005615821076,3.3306690738754696e-16,0.001980041,0.005808375
rand_spd,64,118,0.26574321735326256,0.2657432173532622,3.885780586188048e-16,0.002152834,0.005871291
rand_spd,64,119,0.265980423698947,0.26598042369894664,3.3306690738754696e-16,0.001975334,0.005879916
rand_spd,64,120,0.26628474752296144,0.2662847475229611,3.3306690738754696e-16,0.001989125,0.00594275
rand_spd,64,121,0.26711529084113944,0.2671152908411391,3.3306690738754696e-16,0.002141,0.005813167
rand_spd,64,122,0.26643231570235243,0.266432315702352,4.440892098500626e-16,0.002111959,0.005641333
rand_spd,64,123,0.26658529625522404,0.2665852962552237,3.3306690738754696e-16,0.0021845,0.00565275
rand_spd,64,124,0.2668009171425448,0.26680091714254445,3.3306690738754696e-16,0.002063,0.006713125
rand_spd,64,125,0.26645575332667776,0.2664557533266774,3.3306690738754696e-16,0.002188417,0.005804042
rand_spd,64,126,0.26661552740257494,0.26661552740257466,2.7755575615628914e-16,0.002175875,0.005679625
rand_spd,64,127,0.2664512511732812,0.2664512511732809,3.3306690738754696e-16,0.002022209,0.005812958
rand_spd,64,128,0.2665736595773747,0.2665736595773744,3.3306690738754696e-16,0.001992375,0.005728042
rand_spd,64,129,0.26721242641283144,0.26721242641283105,3.885780586188048e-16,0.002088625,0.005820333
rand_spd,64,130,0.2667101732540017,0.26671017325400137,3.3306690738754696e-16,0.002126292,0.00572625
rand_spd,64,131,0.2661086846061898,0.26610868460618947,3.3306690738754696e-16,0.0023455,0.005936208
rand_spd,64,132,0.2663504143375877,0.26635041433758744,2.7755575615628914e-16,0.002171125,0.005764792
rand_spd,64,133,0.266435383971853,0.2664353839718526,3.885780586188048e-16,0.002082541,0.006846875
rand_spd,64,134,0.26640184286942953,0.2664018428694292,3.3306690738754696e-16,0.002179792,0.00590825
rand_spd,64,135,0.2670323530759104,0.26703235307591,3.885780586188048e-16,0.002189083,0.005790542
rand_spd,64,136,0.2659246055490833,0.265924605549083,3.3306690738754696e-16,0.002078375,0.005718625
rand_spd,64,137,0.2669362965380784,0.2669362965380781,2.7755575615628914e-16,0.002082167,0.005868334
rand_spd,64,138,0.2666077870088076,0.2666077870088073,3.3306690738754696e-16,0.002163916,0.005825667
rand_spd,64,139,0.26650592303903814,0.2665059230390378,3.3306690738754696e-16,0.002127708,0.006084625
rand_spd,64,140,0.266476700918417,0.2664767009184167,3.3306690738754696e-16,0.002151625,0.006094792
rand_spd,64,141,0.2662070402782904,0.26620704027829006,3.3306690738754696e-16,0.002157667,0.005846333
rand_spd,64,142,0.26636851337751827,0.26636851337751793,3.3306690738754696e-16,0.002060584,0.005964916
rand_spd,64,143,0.26638643335023643,0.26638643335023615,2.7755575615628914e-16,0.002129417,0.005996083
rand_spd,64,144,0.2669211748803532,0.2669211748803529,3.3306690738754696e-16,0.003163291,0.005818042
rand_spd,64,145,0.266699417149345,0.2666994171493447,2.7755575615628914e-16,0.00215125,0.005848375
rand_spd,64,146,0.26627155683244785,0.2662715568324476,2.7755575615628914e-16,0.002122584,0.00572125
rand_spd,64,147,0.26584512898159024,0.2658451289815899,3.3306690738754696e-16,0.002086875,0.00579775
rand_spd,64,148,0.2659639334307003,0.26596393343069996,3.3306690738754696e-16,0.002131792,0.00572025
rand_spd,64,149,0.26629420067058834,0.26629420067058807,2.7755575615628914e-16,0.002010459,0.005711375
rand_spd,64,150,0.26642101889270364,0.26642101889270325,3.885780586188048e-16,0.001969916,0.005722792
rand_spd,64,151,0.2661033312134623,0.26610333121346197,3.3306690738754696e-16,0.002117917,0.005776292
rand_spd,64,152,0.26629810865980724,0.26629810865980696,2.7755575615628914e-16,0.003133542,0.005876875
rand_spd,64,153,0.2664494388871946,0.26644943888719425,3.3306690738754696e-16,0.002168041,0.005748084
rand_spd,64,154,0.2668207263196765,0.2668207263196762,3.3306690738754696e-16,0.002129958,0.005808125
rand_spd,64,155,0.26682084968210157,0.26682084968210124,3.3306690738754696e-16,0.002170666,0.005766292
rand_spd,64,156,0.2667624569961557,0.2667624569961553,3.885780586188048e-16,0.001925375,0.005638916
rand_spd,64,157,0.26628345703145045,0.2662834570314501,3.3306690738754696e-16,0.001958666,0.005727875
rand_spd,64,158,0.2671609519179322,0.26716095191793193,2.7755575615628914e-16,0.001921083,0.006976917
rand_spd,64,159,0.2658860341129136,0.26588603411291334,2.7755575615628914e-16,0.002096834,0.005800417
rand_spd,64,160,0.2668511703939552,0.2668511703939549,2.7755575615628914e-16,0.002207709,0.005795167
rand_spd,64,161,0.266814777059798,0.2668147770597977,2.7755575615628914e-16,0.003243208,0.005786541
rand_spd,64,162,0.26644090979752716,0.26644090979752694,2.220446049250313e-16,0.002135083,0.00573025
rand_spd,64,163,0.2666471615124176,0.26664716151241724,3.3306690738754696e-16,0.002122,0.005737542
rand_spd,64,164,0.2659006062612959,0.2659006062612956,3.3306690738754696e-16,0.002257166,0.006029875
rand_spd,64,165,0.26599458506911383,0.2659945850691135,3.3306690738754696e-16,0.0042885,0.005983334
rand_spd,64,166,0.2678903342925665,0.2678903342925662,2.7755575615628914e-16,0.002162042,0.005986375
rand_spd,64,167,0.2653975408319797,0.26539754083197936,3.3306690738754696e-16,0.002014125,0.007107125
rand_spd,64,168,0.26582561057002146,0.26582561057002113,3.3306690738754696e-16,0.002251667,0.0058815
rand_spd,64,169,0.26704632848579335,0.26704632848579296,3.885780586188048e-16,0.002147625,0.005917833
rand_spd,64,170,0.2672968928627067,0.2672968928627063,3.885780586188048e-16,0.001995292,0.005952709
rand_spd,64,171,0.2655160494887551,0.2655160494887548,3.3306690738754696e-16,0.00210575,0.00596925
rand_spd,64,172,0.26638666678006623,0.26638666678006595,2.7755575615628914e-16,0.002047583,0.005811833
rand_spd,64,173,0.26666143934954833,0.26666143934954806,2.7755575615628914e-16,0.002005375,0.005881333
rand_spd,64,174,0.2671963592237071,0.26719635922370677,3.3306690738754696e-16,0.001999916,0.005743167
rand_spd,64,175,0.2672112398743894,0.2672112398743891,2.7755575615628914e-16,0.002030292,0.006104958
rand_spd,64,176,0.26703550761199296,0.26703550761199263,3.3306690738754696e-16,0.002130208,0.005880541
rand_spd,64,177,0.26654507695222884,0.26654507695222857,2.7755575615628914e-16,0.002156917,0.005833166
rand_spd,64,178,0.2668296822435529,0.2668296822435526,3.3306690738754696e-16,0.002155208,0.0057435
rand_spd,64,179,0.2654134850939199,0.26541348509391954,3.3306690738754696e-16,0.002131833,0.005801958
rand_spd,64,180,0.2669252578691837,0.26692525786918336,3.3306690738754696e-16,0.002100375,0.006854625
rand_spd,64,181,0.26634320088537694,0.2663432008853766,3.3306690738754696e-16,0.002050708,0.0057005
rand_spd,64,182,0.26749403024051827,0.267494030240518,2.7755575615628914e-16,0.002085584,0.005869916
rand_spd,64,183,0.2666003174187172,0.26660031741871687,3.3306690738754696e-16,0.002149833,0.005787917
rand_spd,64,184,0.2659873865378331,0.2659873865378327,3.885780586188048e-16,0.002087833,0.005909084
rand_spd,64,185,0.26569719540808734,0.26569719540808706,2.7755575615628914e-16,0.003117458,0.005872875
rand_spd,64,186,0.2670718262133352,0.26707182621333486,3.3306690738754696e-16,0.0021865,0.005866125
rand_spd,64,187,0.2667467696236969,0.2667467696236966,3.3306690738754696e-16,0.002153541,0.005698125
rand_spd,64,188,0.2661497296723741,0.2661497296723738,2.7755575615628914e-16,0.002110083,0.005882625
rand_spd,64,189,0.2659838339161008,0.2659838339161005,3.3306690738754696e-16,0.00548525,0.010956625
rand_spd,64,190,0.26793351447786534,0.267933514477865,3.3306690738754696e-16,0.00436575,0.005757541
rand_spd,64,191,0.26642346995924465,0.26642346995924443,2.220446049250313e-16,0.002091667,0.0057985
rand_spd,64,192,0.2674449591390801,0.2674449591390798,3.3306690738754696e-16,0.002080875,0.005689041
rand_spd,64,193,0.26625367727743904,0.26625367727743876,2.7755575615628914e-16,0.002012083,0.0057315
rand_spd,64,194,0.2657223744507298,0.26572237445072955,2.7755575615628914e-16,0.002241708,0.00586775
rand_spd,64,195,0.26677935541448533,0.2667793554144851,2.220446049250313e-16,0.002148625,0.00595625
rand_spd,64,196,0.26679863054203223,0.26679863054203196,2.7755575615628914e-16,0.002104584,0.005739791
rand_spd,64,197,0.2669618067817497,0.26696180678174936,3.3306690738754696e-16,0.002121375,0.005770583
rand_spd,64,198,0.26694638519232267,0.2669463851923224,2.7755575615628914e-16,0.002441208,0.006356375
rand_spd,64,199,0.26521399019586706,0.2652139901958667,3.3306690738754696e-16,0.002079959,0.00595575
rand_spd,64,200,0.2664225879013235,0.26642258790132317,3.3306690738754696e-16,0.00215425,0.005863
rand_spd,64,201,0.26634283299875156,0.2663428329987512,3.3306690738754696e-16,0.00215225,0.006194125
rand_spd,64,202,0.2663882994300663,0.2663882994300659,3.885780586188048e-16,0.002119959,0.005919125
rand_spd,64,203,0.2672851235718057,0.2672851235718055,2.220446049250313e-16,0.002145083,0.005995167
rand_spd,64,204,0.2661720902561004,0.26617209025610006,3.3306690738754696e-16,0.002161416,0.005803875
rand_spd,64,205,0.2672155791424979,0.26721557914249755,3.3306690738754696e-16,0.002047125,0.005846458
rand_spd,64,206,0.264961409421849,0.26496140942184865,3.3306690738754696e-16,0.002130958,0.005907042
rand_spd,64,207,0.2659932541215962,0.2659932541215958,3.885780586188048e-16,0.002124042,0.005914083
rand_spd,64,208,0.26615857910613255,0.2661585791061322,3.3306690738754696e-16,0.002028667,0.005796292
rand_spd,64,209,0.26586131556044584,0.26586131556044545,3.885780586188048e-16,0.00211275,0.005872042
rand_spd,64,210,0.26634113280066113,0.26634113280066085,2.7755575615628914e-16,0.002129458,0.005846708
rand_spd,64,211,0.26793116948417395,0.26793116948417356,3.885780586188048e-16,0.001998875,0.005853959
rand_spd,64,212,0.2662046392012131,0.2662046392012128,3.3306690738754696e-16,0.002040875,0.005894167
rand_spd,64,213,0.2659669799946143,0.265966979994614,3.3306690738754696e-16,0.002147833,0.005659542
rand_spd,64,214,0.26650139787745497,0.26650139787745464,3.3306690738754696e-16,0.00213025,0.0060875
rand_spd,64,215,0.26701088790342503,0.2670108879034247,3.3306690738754696e-16,0.001996375,0.005809042
rand_spd,64,216,0.26634840702635154,0.26634840702635115,3.885780586188048e-16,0.002140583,0.005702167
rand_spd,64,217,0.26590964069500256,0.2659096406950023,2.7755575615628914e-16,0.002148541,0.005912167
rand_spd,64,218,0.26746297388074,0.26746297388073964,3.3306690738754696e-16,0.00219025,0.005854209
rand_spd,64,219,0.2668510224201377,0.2668510224201373,3.885780586188048e-16,0.001975167,0.005816458
rand_spd,64,220,0.2662150103014419,0.2662150103014417,2.220446049250313e-16,0.002031041,0.005870625
rand_spd,64,221,0.26678727106801897,0.26678727106801864,3.3306690738754696e-16,0.002684042,0.005878
rand_spd,64,222,0.26708948886082656,0.2670894888608262,3.885780586188048e-16,0.003108,0.005729125
rand_spd,64,223,0.26532725157461445,0.2653272515746142,2.7755575615628914e-16,0.002134208,0.005786708
rand_spd,64,224,0.26743884931266027,0.2674388493126599,3.885780586188048e-16,0.002017125,0.006598709
rand_spd,64,225,0.26751312264417343,0.2675131226441731,3.3306690738754696e-16,0.002203958,0.005799834
rand_spd,64,226,0.2666381210675886,0.2666381210675883,3.3306690738754696e-16,0.002150542,0.005799708
rand_spd,64,227,0.2659610730846937,0.2659610730846934,2.7755575615628914e-16,0.002161833,0.005818958
rand_spd,64,228,0.2668667893968777,0.2668667893968774,2.7755575615628914e-16,0.001988542,0.005823958
rand_spd,64,229,0.2663908600772777,0.26639086007727747,2.220446049250313e-16,0.001975375,0.005851
rand_spd,64,230,0.2666626656044277,0.26666266560442736,3.3306690738754696e-16,0.002155375,0.005805833
rand_spd,64,231,0.2663488876798348,0.26634888767983445,3.3306690738754696e-16,0.002122333,0.005893042
rand_spd,64,232,0.2672794631673364,0.26727946316733603,3.885780586188048e-16,0.002039,0.005805792
rand_spd,64,233,0.2660573122040591,0.2660573122040587,3.885780586188048e-16,0.002143,0.005806
rand_spd,64,234,0.26622472358740806,0.26622472358740773,3.3306690738754696e-16,0.002135083,0.006556625
rand_spd,64,235,0.2661280278242089,0.2661280278242086,3.3306690738754696e-16,0.002203375,0.0058875
rand_spd,64,236,0.2677768724653464,0.26777687246534615,2.7755575615628914e-16,0.002204125,0.006061042
rand_spd,64,237,0.26670004177688594,0.2667000417768855,4.440892098500626e-16,0.001985292,0.007692584
rand_spd,64,238,0.26696999709923847,0.2669699970992381,3.885780586188048e-16,0.002177625,0.00596125
rand_spd,64,239,0.26575688494353084,0.2657568849435305,3.3306690738754696e-16,0.002130834,0.005755125
rand_spd,64,240,0.2666769327768593,0.26667693277685894,3.3306690738754696e-16,0.002127917,0.005884208
rand_spd,64,241,0.26643348002704786,0.26643348002704753,3.3306690738754696e-16,0.002148542,0.006094708
rand_spd,64,242,0.26750203993700467,0.26750203993700433,3.3306690738754696e-16,0.002144291,0.005823917
rand_spd,64,243,0.2674860459540553,0.26748604595405495,3.3306690738754696e-16,0.002055542,0.005885
rand_spd,64,244,0.26693636066644044,0.26693636066644005,3.885780586188048e-16,0.002096875,0.005979917
rand_spd,64,245,0.2662419405168926,0.2662419405168923,2.7755575615628914e-16,0.002034125,0.006070875
rand_spd,64,246,0.2664651014251061,0.2664651014251058,2.7755575615628914e-16,0.002042375,0.005943458
rand_spd,64,247,0.2671132284145915,0.2671132284145912,3.3306690738754696e-16,0.001923208,0.006118833
rand_spd,64,248,0.2668151008053241,0.2668151008053238,3.3306690738754696e-16,0.00205725,0.00576875
rand_spd,64,249,0.26720114400530715,0.2672011440053068,3.3306690738754696e-16,0.002020166,0.006012709
rand_spd,64,250,0.2673518510746464,0.26735185107464604,3.3306690738754696e-16,0.001997833,0.005786833
rand_spd,64,251,0.26623912828967083,0.2662391282896706,2.220446049250313e-16,0.002088875,0.005731625
rand_spd,64,252,0.26701976602599103,0.26701976602599076,2.7755575615628914e-16,0.001926042,0.005823791
rand_spd,64,253,0.2664476448266859,0.26644764482668554,3.885780586188048e-16,0.002199333,0.005865292
rand_spd,64,254,0.266397198602529,0.2663971986025287,2.7755575615628914e-16,0.002130584,0.006799958
rand_spd,64,255,0.2659991068011886,0.26599910680118827,3.3306690738754696e-16,0.001926916,0.005743292
rand_spd,64,256,0.26636798758373903,0.2663679875837387,3.3306690738754696e-16,0.002098583,0.005790334
rand_spd,64,257,0.26683033814078827,0.2668303381407879,3.885780586188048e-16,0.002045375,0.005834792
rand_spd,64,258,0.2666489608572252,0.26664896085722495,2.7755575615628914e-16,0.00204175,0.005671375
rand_spd,64,259,0.2661278524141094,0.266127852414109,3.885780586188048e-16,0.002129375,0.005683208
rand_spd,64,260,0.26610158518730503,0.26610158518730476,2.7755575615628914e-16,0.0021445,0.010484833
rand_spd,64,261,0.2667946010161529,0.2667946010161525,3.885780586188048e-16,0.003387125,0.005837625
rand_spd,64,262,0.2661341524408894,0.2661341524408891,2.7755575615628914e-16,0.001988167,0.00573175
rand_spd,64,263,0.26651480422324125,0.26651480422324086,3.885780586188048e-16,0.005207042,0.008206416
rand_spd,64,264,0.2659090780232911,0.2659090780232908,3.3306690738754696e-16,0.001934459,0.005725666
rand_spd,64,265,0.2674180811803348,0.26741808118033444,3.3306690738754696e-16,0.002020875,0.005635041
rand_spd,64,266,0.26750853240922084,0.26750853240922046,3.885780586188048e-16,0.002132458,0.005724708
rand_spd,64,267,0.26624139817003023,0.26624139817002995,2.7755575615628914e-16,0.002118542,0.00565625
rand_spd,64,268,0.2670268836238489,0.2670268836238486,3.3306690738754696e-16,0.002134875,0.005795375
rand_spd,64,269,0.26648487990726344,0.26648487990726316,2.7755575615628914e-16,0.002155667,0.005810166
rand_spd,64,270,0.2661049839784453,0.266104983978445,2.7755575615628914e-16,0.002066625,0.006956333
rand_spd,64,271,0.26781346452006904,0.26781346452006877,2.7755575615628914e-16,0.002044542,0.0058525
rand_spd,64,272,0.2668762437183555,0.2668762437183552,2.7755575615628914e-16,0.003287792,0.005922458
rand_spd,64,273,0.2667575994306414,0.2667575994306411,3.3306690738754696e-16,0.002030417,0.005881292
rand_spd,64,274,0.2656066852935174,0.265606685293517,3.885780586188048e-16,0.002010625,0.005751375
rand_spd,64,275,0.2676587424719626,0.26765874247196225,3.3306690738754696e-16,0.002138833,0.00605625
rand_spd,64,276,0.2662613627610193,0.2662613627610189,3.885780586188048e-16,0.002076042,0.005831458
rand_spd,64,277,0.26648316119890875,0.26648316119890836,3.885780586188048e-16,0.002124875,0.005991167
rand_spd,64,278,0.26728111249377307,0.2672811124937727,3.885780586188048e-16,0.00214125,0.005831
rand_spd,64,279,0.2661709137736644,0.2661709137736641,3.3306690738754696e-16,0.002147417,0.006149625
rand_spd,64,280,0.267067462430921,0.2670674624309206,3.885780586188048e-16,0.002183209,0.005940708
rand_spd,64,281,0.26605762996911037,0.26605762996911003,3.3306690738754696e-16,0.00211825,0.005843667
rand_spd,64,282,0.26725174547938735,0.26725174547938707,2.7755575615628914e-16,0.002131041,0.005845792
rand_spd,64,283,0.2673091603769818,0.2673091603769815,3.3306690738754696e-16,0.002043208,0.005737209
rand_spd,64,284,0.2662334467377852,0.2662334467377849,3.3306690738754696e-16,0.002158916,0.00575825
rand_spd,64,285,0.2658092631028079,0.26580926310280756,3.3306690738754696e-16,0.002143083,0.005798375
rand_spd,64,286,0.2673124222089357,0.26731242220893536,3.3306690738754696e-16,0.001996833,0.005933375
rand_spd,64,287,0.26673434353348563,0.2667343435334853,3.3306690738754696e-16,0.0022065,0.006043958
rand_spd,64,288,0.26629529074510566,0.26629529074510533,3.3306690738754696e-16,0.002126583,0.005850042
rand_spd,64,289,0.26713014773077415,0.26713014773077387,2.7755575615628914e-16,0.003058833,0.005683125
rand_spd,64,290,0.2657335323113689,0.2657335323113686,3.3306690738754696e-16,0.001977,0.005688959
rand_spd,64,291,0.2675501166473315,0.26755011664733114,3.885780586188048e-16,0.002140167,0.005695667
rand_spd,64,292,0.26623327834867466,0.2662332783486744,2.7755575615628914e-16,0.002133333,0.005837083
rand_spd,64,293,0.26670185361728316,0.26670185361728277,3.885780586188048e-16,0.002208917,0.005670083
rand_spd,64,294,0.26652663130585774,0.2665266313058574,3.3306690738754696e-16,0.002080167,0.007765875
rand_spd,64,295,0.26661171514813503,0.2666117151481348,2.220446049250313e-16,0.002059166,0.005794042
rand_spd,64,296,0.2665581788523457,0.2665581788523454,2.7755575615628914e-16,0.003139833,0.005723959
rand_spd,64,297,0.26744406487688993,0.26744406487688954,3.885780586188048e-16,0.002189375,0.005818875
rand_spd,64,298,0.2666552802683368,0.26665528026833646,3.3306690738754696e-16,0.002129792,0.005768042
rand_spd,64,299,0.2658532356092254,0.26585323560922514,2.7755575615628914e-16,0.002138333,0.005685917
rand_spd,64,300,0.26805896046260586,0.2680589604626055,3.3306690738754696e-16,0.002096084,0.005797833
rand_spd,64,301,0.267166545449127,0.2671665454491267,2.7755575615628914e-16,0.002163958,0.005786958
rand_spd,64,302,0.2668524423466092,0.26685244234660893,2.7755575615628914e-16,0.00208875,0.005637542
rand_spd,64,303,0.2666170965807219,0.2666170965807215,3.885780586188048e-16,0.002007083,0.005818916
rand_spd,64,304,0.26680926515564457,0.26680926515564435,2.220446049250313e-16,0.001983667,0.005716917
rand_spd,64,305,0.2673784361388047,0.2673784361388044,2.7755575615628914e-16,0.001972208,0.005932834
rand_spd,64,306,0.265732707898202,0.26573270789820175,2.7755575615628914e-16,0.002101833,0.005761459
rand_spd,64,307,0.26691884920202213,0.26691884920202186,2.7755575615628914e-16,0.001996209,0.005890458
rand_spd,64,308,0.2655552975357406,0.26555529753574025,3.3306690738754696e-16,0.002172375,0.005876
rand_spd,64,309,0.2670272493430438,0.2670272493430435,2.7755575615628914e-16,0.002169416,0.005749
rand_spd,64,310,0.2669439555817355,0.26694395558173517,3.3306690738754696e-16,0.002134125,0.00590575
rand_spd,64,311,0.267504298744113,0.2675042987441127,3.3306690738754696e-16,0.002229042,0.005885125
rand_spd,64,312,0.26636562166155714,0.2663656216615568,3.3306690738754696e-16,0.002094459,0.005680375
rand_spd,64,313,0.2657278860103804,0.26572788601038005,3.3306690738754696e-16,0.002203666,0.006084209
rand_spd,64,314,0.26616229312478373,0.2661622931247834,3.3306690738754696e-16,0.002229791,0.006082
rand_spd,64,315,0.26624053525106733,0.266240535251067,3.3306690738754696e-16,0.002101375,0.010083041
rand_spd,64,316,0.2669693900122214,0.2669693900122211,3.3306690738754696e-16,0.002057041,0.006112292
rand_spd,64,317,0.2656296143915115,0.2656296143915113,2.220446049250313e-16,0.002128834,0.005949333
rand_spd,64,318,0.2675134489476745,0.2675134489476742,2.7755575615628914e-16,0.002128208,0.005947125
rand_spd,64,319,0.26646726005790694,0.2664672600579066,3.3306690738754696e-16,0.002177459,0.005773
rand_spd,64,320,0.2664224650544251,0.26642246505442474,3.3306690738754696e-16,0.001989958,0.005961125
rand_spd,64,321,0.2671085455443605,0.2671085455443602,2.7755575615628914e-16,0.002008541,0.005735
rand_spd,64,322,0.26752420735704013,0.26752420735703974,3.885780586188048e-16,0.002119125,0.006024125
rand_spd,64,323,0.26685968068257276,0.26685968068257243,3.3306690738754696e-16,0.002122167,0.005779792
rand_spd,64,324,0.26706082200450026,0.26706082200449993,3.3306690738754696e-16,0.00215725,0.007327
rand_spd,64,325,0.2661558264006377,0.26615582640063734,3.3306690738754696e-16,0.002054333,0.005858333
rand_spd,64,326,0.2671052102907103,0.26710521029070994,3.885780586188048e-16,0.002280209,0.005935875
rand_spd,64,327,0.26642900430189015,0.2664290043018898,3.3306690738754696e-16,0.002155375,0.005793291
rand_spd,64,328,0.26595610913639667,0.26595610913639633,3.3306690738754696e-16,0.00210425,0.005814708
rand_spd,64,329,0.2659966613358463,0.26599666133584593,3.885780586188048e-16,0.001985542,0.005864583
rand_spd,64,330,0.2658726120834902,0.2658726120834899,3.3306690738754696e-16,0.002251625,0.006903917
rand_spd,64,331,0.26694922658335596,0.2669492265833557,2.7755575615628914e-16,0.002010042,0.005774375
rand_spd,64,332,0.26561102699711253,0.2656110269971122,3.3306690738754696e-16,0.00198425,0.005805583
rand_spd,64,333,0.2671619057055747,0.26716190570557435,3.3306690738754696e-16,0.002352416,0.005700625
rand_spd,64,334,0.2658474864532354,0.2658474864532351,3.3306690738754696e-16,0.002149541,0.005859125
rand_spd,64,335,0.2673847015906995,0.26738470159069916,3.3306690738754696e-16,0.00198225,0.005824833
rand_spd,64,336,0.2672907034406297,0.2672907034406294,3.3306690738754696e-16,0.001985333,0.005676708
rand_spd,64,337,0.265993765779401,0.2659937657794006,3.885780586188048e-16,0.00197725,0.005826375
rand_spd,64,338,0.2663669881683289,0.26636698816832854,3.3306690738754696e-16,0.002144,0.006728084
rand_spd,64,339,0.26662541765986275,0.2666254176598624,3.3306690738754696e-16,0.002145583,0.005870917
rand_spd,64,340,0.2660905592134788,0.2660905592134785,2.7755575615628914e-16,0.0021245,0.005833917
rand_spd,64,341,0.26553502435639015,0.2655350243563898,3.3306690738754696e-16,0.001976584,0.005714625
rand_spd,64,342,0.26780116066740844,0.2678011606674081,3.3306690738754696e-16,0.002046875,0.005676458
rand_spd,64,343,0.26620742558535193,0.2662074255853516,3.3306690738754696e-16,0.002158333,0.005727584
rand_spd,64,344,0.2664427241895105,0.26644272418951015,3.3306690738754696e-16,0.002119333,0.006675958
rand_spd,64,345,0.26625765057181083,0.26625765057181056,2.7755575615628914e-16,0.002133375,0.005806
rand_spd,64,346,0.26716905044669403,0.26716905044669365,3.885780586188048e-16,0.002121584,0.005785375
rand_spd,64,347,0.2659874231965475,0.2659874231965471,3.885780586188048e-16,0.002184709,0.005884791
rand_spd,64,348,0.26521092620109216,0.2652109262010918,3.3306690738754696e-16,0.0029575,0.005703125
rand_spd,64,349,0.2666010574803593,0.26660105748035895,3.3306690738754696e-16,0.002139,0.005691666
rand_spd,64,350,0.26639791363186643,0.2663979136318662,2.220446049250313e-16,0.002132,0.005835833
rand_spd,64,351,0.2673214567204794,0.26732145672047913,2.7755575615628914e-16,0.002213417,0.00623875
rand_spd,64,352,0.26592393594090885,0.2659239359409085,3.3306690738754696e-16,0.00219025,0.0058125
rand_spd,64,353,0.26661173572201524,0.2666117357220149,3.3306690738754696e-16,0.002158208,0.005900334
rand_spd,64,354,0.26610067337276594,0.26610067337276555,3.885780586188048e-16,0.002158959,0.005889083
rand_spd,64,355,0.26617830959968986,0.2661783095996895,3.3306690738754696e-16,0.001979459,0.005956792
rand_spd,64,356,0.2661334739286966,0.2661334739286962,3.885780586188048e-16,0.002188042,0.005841375
rand_spd,64,357,0.26664659483263226,0.2666465948326319,3.3306690738754696e-16,0.002144459,0.005962291
rand_spd,64,358,0.2666404045089829,0.26664040450898263,2.7755575615628914e-16,0.002137458,0.005920291
rand_spd,64,359,0.2670008645559765,0.2670008645559761,3.885780586188048e-16,0.002235708,0.005960875
rand_spd,64,360,0.2667981480823077,0.26679814808230734,3.3306690738754696e-16,0.002105584,0.005916166
rand_spd,64,361,0.2673264488415928,0.26732644884159246,3.3306690738754696e-16,0.002145875,0.00599725
rand_spd,64,362,0.26624032086927946,0.26624032086927907,3.885780586188048e-16,0.002088625,0.005841292
rand_spd,64,363,0.2661294123808586,0.26612941238085824,3.3306690738754696e-16,0.002081458,0.005860667
rand_spd,64,364,0.26659855781527403,0.2665985578152737,3.3306690738754696e-16,0.002034417,0.005825416
rand_spd,64,365,0.2663390655752655,0.2663390655752651,3.885780586188048e-16,0.00211925,0.005839666
rand_spd,64,366,0.2662639239715781,0.2662639239715777,3.885780586188048e-16,0.002169625,0.005858125
rand_spd,64,367,0.26601087430383824,0.2660108743038379,3.3306690738754696e-16,0.002001625,0.005964125
rand_spd,64,368,0.266540658438744,0.2665406584387437,3.3306690738754696e-16,0.0021015,0.005674542
rand_spd,64,369,0.26689170514344357,0.26689170514344324,3.3306690738754696e-16,0.001909167,0.005809875
rand_spd,64,370,0.2677099227315758,0.2677099227315754,3.885780586188048e-16,0.002148708,0.005897417
rand_spd,64,371,0.26628220091330357,0.2662822009133032,3.885780586188048e-16,0.002146375,0.005839417
rand_spd,64,372,0.26673562654037114,0.2667356265403708,3.3306690738754696e-16,0.002108292,0.005815208
rand_spd,64,373,0.26753268797884205,0.2675326879788418,2.7755575615628914e-16,0.002154958,0.0058135
rand_spd,64,374,0.26673379482352466,0.2667337948235243,3.885780586188048e-16,0.002127542,0.005797833
rand_spd,64,375,0.26585215572422677,0.26585215572422644,3.3306690738754696e-16,0.002157666,0.005861542
rand_spd,64,376,0.26732405749213245,0.2673240574921321,3.3306690738754696e-16,0.0020285,0.005824833
rand_spd,64,377,0.26607197602327465,0.2660719760232743,3.3306690738754696e-16,0.002524583,0.005753417
rand_spd,64,378,0.2658497238591847,0.2658497238591844,3.3306690738754696e-16,0.004780833,0.006988042
rand_spd,64,379,0.2661899993350017,0.26618999933500137,3.3306690738754696e-16,0.002028958,0.0057995
rand_spd,64,380,0.26748298345082916,0.26748298345082877,3.885780586188048e-16,0.00307575,0.005828833
rand_spd,64,381,0.266623547388192,0.2666235473881917,2.7755575615628914e-16,0.002175208,0.005873708
rand_spd,64,382,0.26567264809125474,0.2656726480912544,3.3306690738754696e-16,0.002125417,0.005740333
rand_spd,64,383,0.26631317154131384,0.2663131715413135,3.3306690738754696e-16,0.002159,0.005862708
rand_spd,64,384,0.2662764754150771,0.2662764754150767,3.885780586188048e-16,0.002082292,0.00562375
rand_spd,64,385,0.26642018597160055,0.2664201859716002,3.3306690738754696e-16,0.002003333,0.005785167
rand_spd,64,386,0.26678487569130066,0.26678487569130027,3.885780586188048e-16,0.002148417,0.005757958
rand_spd,64,387,0.2652105104139094,0.2652105104139091,3.3306690738754696e-16,0.002113792,0.005856875
rand_spd,64,388,0.26643518435925695,0.26643518435925667,2.7755575615628914e-16,0.002044167,0.005642958
rand_spd,64,389,0.2670586017745489,0.26705860177454854,3.3306690738754696e-16,0.00217025,0.005864792
rand_spd,64,390,0.2667253178187655,0.26672531781876524,2.7755575615628914e-16,0.00297425,0.006739708
rand_spd,64,391,0.2669578970643958,0.26695789706439543,3.885780586188048e-16,0.002058125,0.005797833
rand_spd,64,392,0.26676663278414003,0.26676663278413976,2.7755575615628914e-16,0.002118292,0.005788333
rand_spd,64,393,0.2664381451167303,0.26643814511673,3.3306690738754696e-16,0.003227792,0.006008666
rand_spd,64,394,0.26588198976428756,0.2658819897642872,3.885780586188048e-16,0.002008667,0.006013958
rand_spd,64,395,0.2670772592821181,0.2670772592821178,3.3306690738754696e-16,0.002071875,0.005828083
rand_spd,64,396,0.2666165047840881,0.2666165047840877,3.885780586188048e-16,0.002075084,0.006224916
rand_spd,64,397,0.2669720240187101,0.26697202401870984,2.7755575615628914e-16,0.002093958,0.005889083
rand_spd,64,398,0.2671772835769044,0.26717728357690407,3.3306690738754696e-16,0.002146583,0.005996875
rand_spd,64,399,0.266787284477286,0.26678728447728567,3.3306690738754696e-16,0.002142875,0.005802625
rand_spd,64,400,0.2670632178216727,0.26706321782167236,3.3306690738754696e-16,0.001936625,0.005970458
rand_spd,64,401,0.266439592362832,0.2664395923628316,3.885780586188048e-16,0.002078791,0.005973333
rand_spd,64,402,0.26814247392672347,0.2681424739267231,3.885780586188048e-16,0.002143334,0.005977584
rand_spd,64,403,0.26645085640713817,0.2664508564071379,2.7755575615628914e-16,0.002101375,0.005748208
rand_spd,64,404,0.26733755080891336,0.267337550808913,3.3306690738754696e-16,0.002057792,0.005791417
rand_spd,64,405,0.26628692814837557,0.2662869281483753,2.7755575615628914e-16,0.002152167,0.005792708
rand_spd,64,406,0.2660742336667092,0.26607423366670885,3.3306690738754696e-16,0.002042292,0.005743666
rand_spd,64,407,0.26611652033257843,0.26611652033257815,2.7755575615628914e-16,0.0020365,0.005871458
rand_spd,64,408,0.2660113398974471,0.2660113398974469,1.6653345369377348e-16,0.002128416,0.005929584
rand_spd,64,409,0.2672048962886014,0.26720489628860106,3.3306690738754696e-16,0.002099209,0.005686791
rand_spd,64,410,0.26543881718892554,0.2654388171889253,2.220446049250313e-16,0.003191584,0.005887583
rand_spd,64,411,0.26687680133178054,0.2668768013317802,3.3306690738754696e-16,0.003986625,0.0056605
rand_spd,64,412,0.26699540149259504,0.2669954014925947,3.3306690738754696e-16,0.002145125,0.005970916
rand_spd,64,413,0.26528075097806286,0.26528075097806253,3.3306690738754696e-16,0.00208975,0.005705958
rand_spd,64,414,0.2660004221521564,0.2660004221521561,3.3306690738754696e-16,0.002130833,0.005832666
rand_spd,64,415,0.26667042966300936,0.266670429663009,3.3306690738754696e-16,0.002004958,0.005719708
rand_spd,64,416,0.26661100519439596,0.26661100519439557,3.885780586188048e-16,0.002085166,0.005705792
rand_spd,64,417,0.2661124584103321,0.26611245841033176,3.3306690738754696e-16,0.001977083,0.005886209
rand_spd,64,418,0.2672026840961911,0.2672026840961907,3.885780586188048e-16,0.002135917,0.005696
rand_spd,64,419,0.26609782699685064,0.2660978269968503,3.3306690738754696e-16,0.002065583,0.005769125
rand_spd,64,420,0.2670853296311454,0.26708532963114506,3.3306690738754696e-16,0.002099583,0.005666334
rand_spd,64,421,0.26561199226550586,0.2656119922655055,3.3306690738754696e-16,0.002128459,0.005654666
rand_spd,64,422,0.26604109065333653,0.26604109065333614,3.885780586188048e-16,0.002088417,0.005961125
rand_spd,64,423,0.265558574342408,0.2655585743424077,2.7755575615628914e-16,0.002027042,0.005802042
rand_spd,64,424,0.2671277935283491,0.2671277935283487,3.885780586188048e-16,0.002049625,0.005679875
rand_spd,64,425,0.26643695999496836,0.266436959994968,3.3306690738754696e-16,0.00526425,0.006185958
rand_spd,64,426,0.26607826535285545,0.2660782653528552,2.220446049250313e-16,0.002134792,0.005652958
rand_spd,64,427,0.26693130398897785,0.2669313039889775,3.3306690738754696e-16,0.002627291,0.005805917
rand_spd,64,428,0.26735038491553,0.2673503849155297,2.7755575615628914e-16,0.002119333,0.005859625
rand_spd,64,429,0.2666614548799984,0.2666614548799981,3.3306690738754696e-16,0.001980542,0.005658416
rand_spd,64,430,0.26738326281570846,0.26738326281570807,3.885780586188048e-16,0.002180167,0.005888042
rand_spd,64,431,0.26619054405819087,0.2661905440581906,2.7755575615628914e-16,0.002129708,0.005748
rand_spd,64,432,0.26678358972502825,0.26678358972502786,3.885780586188048e-16,0.00266425,0.007900875
rand_spd,64,433,0.265937759042733,0.2659377590427327,2.7755575615628914e-16,0.002150833,0.005760125
rand_spd,64,434,0.2657352826540374,0.26573528265403706,3.3306690738754696e-16,0.002102167,0.005685041
rand_spd,64,435,0.2662211291322201,0.2662211291322198,3.3306690738754696e-16,0.001997084,0.005743625
rand_spd,64,436,0.2668480557294169,0.2668480557294166,2.7755575615628914e-16,0.003747417,0.005731166
rand_spd,64,437,0.26588076863602333,0.265880768636023,3.3306690738754696e-16,0.002171333,0.005851083
rand_spd,64,438,0.265480807451792,0.26548080745179164,3.3306690738754696e-16,0.001984,0.005841208
rand_spd,64,439,0.2668392533787852,0.26683925337878484,3.885780586188048e-16,0.002176,0.005695584
rand_spd,64,440,0.2668187759790077,0.26681877597900744,2.7755575615628914e-16,0.002010375,0.005778333
rand_spd,64,441,0.26560766797931046,0.2656076679793102,2.7755575615628914e-16,0.002157375,0.005725125
rand_spd,64,442,0.26777069827112676,0.2677706982711265,2.7755575615628914e-16,0.00197775,0.005741208
rand_spd,64,443,0.26746593179876155,0.2674659317987612,3.3306690738754696e-16,0.002137667,0.005793125
rand_spd,64,444,0.26671967161068477,0.2667196716106845,2.7755575615628914e-16,0.002165125,0.005791625
rand_spd,64,445,0.26611853260742335,0.26611853260742296,3.885780586188048e-16,0.002120584,0.005728833
rand_spd,64,446,0.2659936100337235,0.26599361003372324,2.7755575615628914e-16,0.001998,0.005799375
rand_spd,64,447,0.2659003765501054,0.26590037655010507,3.3306690738754696e-16,0.002180084,0.005717917
rand_spd,64,448,0.2660164835385174,0.2660164835385171,3.3306690738754696e-16,0.002101042,0.005887333
rand_spd,64,449,0.2665649416318729,0.26656494163187255,3.3306690738754696e-16,0.001982917,0.005828666
rand_spd,64,450,0.26515916214892615,0.2651591621489258,3.3306690738754696e-16,0.002181834,0.005728416
rand_spd,64,451,0.26756264040048006,0.26756264040047967,3.885780586188048e-16,0.002015792,0.005595792
rand_spd,64,452,0.26489864217873255,0.2648986421787322,3.3306690738754696e-16,0.002113917,0.005692959
rand_spd,64,453,0.2659867863900507,0.2659867863900503,3.885780586188048e-16,0.002073375,0.005760208
rand_spd,64,454,0.2658750130783239,0.26587501307832356,3.3306690738754696e-16,0.002167542,0.006987
rand_spd,64,455,0.2669972827068427,0.2669972827068423,3.885780586188048e-16,0.002143792,0.005688541
rand_spd,64,456,0.2662755906194543,0.266275590619454,3.3306690738754696e-16,0.0019765,0.005672584
rand_spd,64,457,0.2666369195514117,0.2666369195514114,3.3306690738754696e-16,0.002998459,0.005688916
rand_spd,64,458,0.26598579062989586,0.2659857906298956,2.7755575615628914e-16,0.00202575,0.005790417
rand_spd,64,459,0.26637487286554223,0.2663748728655419,3.3306690738754696e-16,0.002130833,0.00574475
rand_spd,64,460,0.26673983300156,0.2667398330015596,3.885780586188048e-16,0.00290225,0.005924958
rand_spd,64,461,0.2666155494709179,0.26661554947091765,2.7755575615628914e-16,0.002150791,0.005896292
rand_spd,64,462,0.2668687400757535,0.2668687400757532,3.3306690738754696e-16,0.001970667,0.005714208
rand_spd,64,463,0.2658405920250158,0.2658405920250155,3.3306690738754696e-16,0.002170833,0.0057885
rand_spd,64,464,0.2658025609530748,0.2658025609530745,3.3306690738754696e-16,0.002099917,0.005867625
rand_spd,64,465,0.2669128516644475,0.2669128516644473,2.220446049250313e-16,0.00214025,0.00587575
rand_spd,64,466,0.2660965914169468,0.26609659141694647,3.3306690738754696e-16,0.001977,0.005820667
rand_spd,64,467,0.26624647058085543,0.2662464705808551,3.3306690738754696e-16,0.001983292,0.005664875
rand_spd,64,468,0.2669139225827281,0.2669139225827278,3.3306690738754696e-16,0.002128417,0.005848208
rand_spd,64,469,0.26714300327758417,0.26714300327758383,3.3306690738754696e-16,0.002131417,0.005801458
rand_spd,64,470,0.2670435120256312,0.2670435120256308,3.885780586188048e-16,0.001968125,0.005656709
rand_spd,64,471,0.26777320752251893,0.2677732075225186,3.3306690738754696e-16,0.001965667,0.005696
rand_spd,64,472,0.26730922142223323,0.26730922142223296,2.7755575615628914e-16,0.002063459,0.005901666
rand_spd,64,473,0.26621110808526877,0.26621110808526843,3.3306690738754696e-16,0.002076792,0.005901584
rand_spd,64,474,0.26740615622318903,0.2674061562231887,3.3306690738754696e-16,0.002146583,0.005793
rand_spd,64,475,0.2674875085440516,0.2674875085440513,3.3306690738754696e-16,0.002002791,0.0056865
rand_spd,64,476,0.26590589755153965,0.26590589755153926,3.885780586188048e-16,0.002019833,0.005917917
rand_spd,64,477,0.26551178012387316,0.2655117801238729,2.7755575615628914e-16,0.002213875,0.005880959
rand_spd,64,478,0.2661616606183565,0.2661616606183562,2.7755575615628914e-16,0.002133625,0.007314667
rand_spd,64,479,0.267133540414095,0.26713354041409465,3.3306690738754696e-16,0.002063292,0.005883125
rand_spd,64,480,0.2660558707734894,0.2660558707734892,2.220446049250313e-16,0.002024084,0.005690333
rand_spd,64,481,0.2662830624737172,0.26628306247371697,2.220446049250313e-16,0.0019765,0.005794333
rand_spd,64,482,0.2666992725523141,0.2666992725523138,3.3306690738754696e-16,0.002055458,0.005900792
rand_spd,64,483,0.26733039562859123,0.267330395628591,2.220446049250313e-16,0.001970625,0.005860834
rand_spd,64,484,0.26645664169107913,0.26645664169107885,2.7755575615628914e-16,0.00219975,0.005729542
rand_spd,64,485,0.2656182794349902,0.2656182794349899,3.3306690738754696e-16,0.002124792,0.005851917
rand_spd,64,486,0.26655342547187993,0.26655342547187966,2.7755575615628914e-16,0.001980167,0.005725459
rand_spd,64,487,0.265066594705939,0.26506659470593874,2.7755575615628914e-16,0.002186208,0.005738458
rand_spd,64,488,0.26707718403420294,0.26707718403420266,2.7755575615628914e-16,0.00213425,0.005880167
rand_spd,64,489,0.2676463619377455,0.26764636193774516,3.3306690738754696e-16,0.001977291,0.005837334
rand_spd,64,490,0.26683312453437086,0.26683312453437047,3.885780586188048e-16,0.002055709,0.005722625
rand_spd,64,491,0.26622845474841683,0.26622845474841644,3.885780586188048e-16,0.002028041,0.005768917
rand_spd,64,492,0.26631508460770426,0.26631508460770387,3.885780586188048e-16,0.00215225,0.005770917
rand_spd,64,493,0.2665153983328945,0.2665153983328942,2.7755575615628914e-16,0.002105625,0.005640208
rand_spd,64,494,0.26712510587236565,0.2671251058723654,2.7755575615628914e-16,0.001982417,0.006909666
rand_spd,64,495,0.26818653446435775,0.26818653446435736,3.885780586188048e-16,0.002038,0.005683541
rand_spd,64,496,0.2658364305484799,0.2658364305484795,3.885780586188048e-16,0.001989792,0.005711833
rand_spd,64,497,0.267604350506163,0.26760435050616277,2.220446049250313e-16,0.002130958,0.005859583
rand_spd,64,498,0.26663624288316684,0.26663624288316656,2.7755575615628914e-16,0.002045,0.005901125
rand_spd,64,499,0.26642664703650293,0.2664266470365026,3.3306690738754696e-16,0.002036667,0.005893208
rand_spd,64,500,0.2660742051865868,0.26607420518658653,2.7755575615628914e-16,0.002132,0.005674167
rand_spd,64,501,0.2660993366256421,0.2660993366256417,3.885780586188048e-16,0.002108333,0.005793542
rand_spd,64,502,0.2657845251234488,0.26578452512344847,3.3306690738754696e-16,0.004419875,0.006947458
rand_spd,64,503,0.26702000778599294,0.26702000778599255,3.885780586188048e-16,0.002149041,0.005857042
rand_spd,64,504,0.2668942334587611,0.2668942334587609,2.220446049250313e-16,0.002473584,0.005790958
rand_spd,64,505,0.26706551818701874,0.26706551818701846,2.7755575615628914e-16,0.002153292,0.0059415
rand_spd,64,506,0.2668910231319823,0.26689102313198204,2.7755575615628914e-16,0.002069208,0.005808667
rand_spd,64,507,0.2671788198384348,0.2671788198384345,2.7755575615628914e-16,0.001978459,0.005672583
rand_spd,64,508,0.26570735164105436,0.2657073516410541,2.7755575615628914e-16,0.00216075,0.005653333
rand_spd,64,509,0.2662325155160614,0.2662325155160611,3.3306690738754696e-16,0.001919125,0.005731458
rand_spd,64,510,0.2660430256029373,0.2660430256029371,2.220446049250313e-16,0.002133542,0.005699583
rand_spd,64,511,0.26599341347330957,0.2659934134733093,2.7755575615628914e-16,0.001976417,0.006933541
rand_spd,64,512,0.2654802900069669,0.2654802900069666,2.7755575615628914e-16,0.001917834,0.005674625
rand_spd,64,513,0.26613636977322364,0.26613636977322336,2.7755575615628914e-16,0.002186667,0.00567875
rand_spd,64,514,0.26669336708907637,0.26669336708907604,3.3306690738754696e-16,0.0020295,0.005619709
rand_spd,64,515,0.2667209789444141,0.26672097894441377,3.3306690738754696e-16,0.002000084,0.005724917
rand_spd,64,516,0.26718798014678347,0.26718798014678313,3.3306690738754696e-16,0.00200825,0.005771041
rand_spd,64,517,0.26621276956478596,0.2662127695647857,2.7755575615628914e-16,0.002283208,0.005879333
rand_spd,64,518,0.26628489415106266,0.26628489415106227,3.885780586188048e-16,0.002858125,0.005711792
rand_spd,64,519,0.2668646793635954,0.26686467936359504,3.885780586188048e-16,0.001992667,0.005827458
rand_spd,64,520,0.26619331651159184,0.26619331651159156,2.7755575615628914e-16,0.002012542,0.00579225
rand_spd,64,521,0.2667321660551916,0.2667321660551913,3.3306690738754696e-16,0.002199334,0.005781916
rand_spd,64,522,0.26666009585892764,0.2666600958589273,3.3306690738754696e-16,0.002043916,0.005800042
rand_spd,64,523,0.26671032838925013,0.2667103283892498,3.3306690738754696e-16,0.002012875,0.005745625
rand_spd,64,524,0.2664430570842817,0.26644305708428145,2.220446049250313e-16,0.002117833,0.005836958
rand_spd,64,525,0.2660762848002604,0.26607628480026,3.885780586188048e-16,0.002118459,0.005842583
rand_spd,64,526,0.26669121586457833,0.266691215864578,3.3306690738754696e-16,0.001988459,0.005864166
rand_spd,64,527,0.26690637011968,0.2669063701196796,3.885780586188048e-16,0.002183,0.005824125
rand_spd,64,528,0.26707997043745624,0.26707997043745585,3.885780586188048e-16,0.002189917,0.00594275
rand_spd,64,529,0.2662326750601008,0.2662326750601005,2.7755575615628914e-16,0.002123291,0.005800209
rand_spd,64,530,0.26676191136838906,0.26676191136838867,3.885780586188048e-16,0.002129834,0.005904625
rand_spd,64,531,0.26638738184411354,0.26638738184411326,2.7755575615628914e-16,0.002173541,0.005760625
rand_spd,64,532,0.26590907839294936,0.265909078392949,3.3306690738754696e-16,0.002072625,0.005732667
rand_spd,64,533,0.26598389702681674,0.2659838970268164,3.3306690738754696e-16,0.001968125,0.005739334
rand_spd,64,534,0.2659617414496367,0.26596174144963636,3.3306690738754696e-16,0.00201875,0.005603625
rand_spd,64,535,0.26710247480952803,0.26710247480952765,3.885780586188048e-16,0.002142084,0.005853
rand_spd,64,536,0.2663151337065847,0.26631513370658433,3.885780586188048e-16,0.002153083,0.006000625
rand_spd,64,537,0.2653900646581369,0.2653900646581366,3.3306690738754696e-16,0.002193083,0.005931333
rand_spd,64,538,0.26628478916767695,0.2662847891676766,3.3306690738754696e-16,0.002101,0.005831208
rand_spd,64,539,0.2669123542543617,0.2669123542543614,3.3306690738754696e-16,0.002132583,0.005707125
rand_spd,64,540,0.26655358151945263,0.2665535815194523,3.3306690738754696e-16,0.002124166,0.005798208
rand_spd,64,541,0.26592659891817694,0.26592659891817655,3.885780586188048e-16,0.001984,0.007191333
rand_spd,64,542,0.2659811410111032,0.26598114101110293,2.7755575615628914e-16,0.002052042,0.005860291
rand_spd,64,543,0.26612848396320615,0.2661284839632058,3.3306690738754696e-16,0.002093125,0.005603459
rand_spd,64,544,0.2656053697113852,0.2656053697113849,3.3306690738754696e-16,0.002022958,0.005931334
rand_spd,64,545,0.2665110941004209,0.2665110941004207,2.220446049250313e-16,0.001988666,0.005768709
rand_spd,64,546,0.26687116871811334,0.266871168718113,3.3306690738754696e-16,0.002073375,0.005744583
rand_spd,64,547,0.2658212634003923,0.26582126340039197,3.3306690738754696e-16,0.002036458,0.005828833
rand_spd,64,548,0.26583545809246917,0.26583545809246883,3.3306690738754696e-16,0.002036208,0.005815
rand_spd,64,549,0.2657160137516265,0.26571601375162623,2.7755575615628914e-16,0.002138333,0.005971875
rand_spd,64,550,0.2659733421743021,0.2659733421743017,3.885780586188048e-16,0.002035125,0.005778833
rand_spd,64,551,0.26663272546442385,0.26663272546442357,2.7755575615628914e-16,0.002499333,0.005618375
rand_spd,64,552,0.26716413294118113,0.26716413294118085,2.7755575615628914e-16,0.002095083,0.005870292
rand_spd,64,553,0.2655047859170907,0.2655047859170904,2.7755575615628914e-16,0.001997375,0.005729834
rand_spd,64,554,0.26658480683435465,0.26658480683435437,2.7755575615628914e-16,0.002093709,0.005912666
rand_spd,64,555,0.2664245625551395,0.26642456255513913,3.885780586188048e-16,0.002005041,0.005732084
rand_spd,64,556,0.2665776828242667,0.26657768282426636,3.3306690738754696e-16,0.002178625,0.00583225
rand_spd,64,557,0.26575947278654294,0.2657594727865426,3.3306690738754696e-16,0.002031125,0.005789209
rand_spd,64,558,0.2667840399073075,0.26678403990730715,3.3306690738754696e-16,0.002049959,0.005881541
rand_spd,64,559,0.26563743949091256,0.2656374394909123,2.7755575615628914e-16,0.001963125,0.005808084
rand_spd,64,560,0.26768540055201373,0.2676854005520134,3.3306690738754696e-16,0.002128583,0.005897041
rand_spd,64,561,0.2657376991865749,0.2657376991865745,3.885780586188048e-16,0.002131292,0.005854541
rand_spd,64,562,0.2653503267092109,0.2653503267092105,3.885780586188048e-16,0.002154792,0.005783875
rand_spd,64,563,0.2661984165909237,0.2661984165909233,3.885780586188048e-16,0.002138625,0.005777167
rand_spd,64,564,0.26649105838661863,0.2664910583866183,3.3306690738754696e-16,0.001973958,0.005781458
rand_spd,64,565,0.2655562600324733,0.265556260032473,2.7755575615628914e-16,0.002111209,0.005863875
rand_spd,64,566,0.26622793156618246,0.2662279315661822,2.7755575615628914e-16,0.002144916,0.005791333
rand_spd,64,567,0.266407589189768,0.26640758918976765,3.3306690738754696e-16,0.002129917,0.005851416
rand_spd,64,568,0.2668144413252612,0.2668144413252609,3.3306690738754696e-16,0.002094584,0.005846458
rand_spd,64,569,0.2666193201630646,0.2666193201630643,3.3306690738754696e-16,0.002118417,0.005890458
rand_spd,64,570,0.26715149974480507,0.26715149974480473,3.3306690738754696e-16,0.002038167,0.005834583
rand_spd,64,571,0.2684802548113178,0.26848025481131743,3.885780586188048e-16,0.002192958,0.005765458
rand_spd,64,572,0.2667878460768869,0.26678784607688655,3.3306690738754696e-16,0.002080834,0.00575
rand_spd,64,573,0.2662184103996879,0.2662184103996876,3.3306690738754696e-16,0.0021935,0.005743791
rand_spd,64,574,0.26637743253995577,0.2663774325399555,2.7755575615628914e-16,0.002066667,0.005965708
rand_spd,64,575,0.2667587664011854,0.266758766401185,3.885780586188048e-16,0.002043209,0.005828083
rand_spd,64,576,0.26622598448025364,0.2662259844802533,3.3306690738754696e-16,0.002011917,0.005825458
rand_spd,64,577,0.2661797813391394,0.26617978133913905,3.3306690738754696e-16,0.002003083,0.005712917
rand_spd,64,578,0.26597702588462063,0.2659770258846203,3.3306690738754696e-16,0.002118875,0.005688833
rand_spd,64,579,0.26609574410559456,0.26609574410559417,3.885780586188048e-16,0.002137709,0.005727625
rand_spd,64,580,0.26758705889737383,0.2675870588973735,3.3306690738754696e-16,0.002163583,0.005977459
rand_spd,64,581,0.266146267173098,0.2661462671730976,3.885780586188048e-16,0.002146625,0.005727167
rand_spd,64,582,0.2661267626266334,0.266126762626633,3.885780586188048e-16,0.002214875,0.005861
rand_spd,64,583,0.26593471551595305,0.26593471551595277,2.7755575615628914e-16,0.001965041,0.005601584
rand_spd,64,584,0.2667726556940468,0.2667726556940464,3.885780586188048e-16,0.002027709,0.006137625
rand_spd,64,585,0.2670090939513169,0.2670090939513165,3.885780586188048e-16,0.00205325,0.005847833
rand_spd,64,586,0.2661641892834845,0.2661641892834842,3.3306690738754696e-16,0.001982542,0.0069725
rand_spd,64,587,0.26676130421232086,0.2667613042123205,3.3306690738754696e-16,0.002034834,0.005666875
rand_spd,64,588,0.2666985626583384,0.26669856265833813,2.7755575615628914e-16,0.002113333,0.005596
rand_spd,64,589,0.2657728102293386,0.26577281022933824,3.3306690738754696e-16,0.001988791,0.00566825
rand_spd,64,590,0.26671008276913594,0.2667100827691356,3.3306690738754696e-16,0.002158833,0.005864292
rand_spd,64,591,0.2666005486919845,0.2666005486919842,3.3306690738754696e-16,0.002182291,0.005757042
rand_spd,64,592,0.2671961199066933,0.26719611990669295,3.3306690738754696e-16,0.002061709,0.005880375
rand_spd,64,593,0.2657505054917031,0.2657505054917028,2.7755575615628914e-16,0.002142,0.00576575
rand_spd,64,594,0.26791906719589476,0.26791906719589437,3.885780586188048e-16,0.002102291,0.005809125
rand_spd,64,595,0.2671690108207004,0.26716901082070005,3.3306690738754696e-16,0.002048542,0.005783583
rand_spd,64,596,0.2668783668774079,0.2668783668774076,2.7755575615628914e-16,0.002073958,0.005843875
rand_spd,64,597,0.26519209081099965,0.2651920908109993,3.3306690738754696e-16,0.002215,0.005806125
rand_spd,64,598,0.2660242026886033,0.266024202688603,2.7755575615628914e-16,0.002135125,0.006415375
rand_spd,64,599,0.26585725212108907,0.2658572521210887,3.885780586188048e-16,0.00217325,0.005769208
rand_spd,64,600,0.2656817860713696,0.2656817860713693,3.3306690738754696e-16,0.002433583,0.007298875
rand_spd,64,601,0.26590135579666707,0.2659013557966667,3.885780586188048e-16,0.002071666,0.005820834
rand_spd,64,602,0.2676680600889796,0.2676680600889792,3.885780586188048e-16,0.002067166,0.0058325
rand_spd,64,603,0.2671041027715208,0.26710410277152047,3.3306690738754696e-16,0.002115,0.005750417
rand_spd,64,604,0.26603397483522434,0.266033974835224,3.3306690738754696e-16,0.002023417,0.006673125
rand_spd,64,605,0.26677983287973556,0.2667798328797352,3.3306690738754696e-16,0.002078709,0.005722291
rand_spd,64,606,0.26601557124444447,0.26601557124444414,3.3306690738754696e-16,0.002255209,0.005780334
rand_spd,64,607,0.2663570651997786,0.26635706519977825,3.3306690738754696e-16,0.002123459,0.00591175
rand_spd,64,608,0.2666011484645858,0.2666011484645855,3.3306690738754696e-16,0.002148583,0.005904375
rand_spd,64,609,0.26544087262948934,0.265440872629489,3.3306690738754696e-16,0.002169709,0.005900084
rand_spd,64,610,0.26681472492609787,0.26681472492609754,3.3306690738754696e-16,0.002098583,0.005881083
rand_spd,64,611,0.2661891017450533,0.26618910174505295,3.3306690738754696e-16,0.002154541,0.005786
rand_spd,64,612,0.26601959514344625,0.2660195951434459,3.3306690738754696e-16,0.002170917,0.005769583
rand_spd,64,613,0.267188814937902,0.26718881493790164,3.3306690738754696e-16,0.002129333,0.00590925
rand_spd,64,614,0.2662644766039432,0.26626447660394287,3.3306690738754696e-16,0.002152583,0.005807625
rand_spd,64,615,0.2671169350697557,0.26711693506975537,3.3306690738754696e-16,0.002113,0.005686917
rand_spd,64,616,0.26665126952063006,0.2666512695206297,3.885780586188048e-16,0.0020745,0.005703125
rand_spd,64,617,0.26625424406963544,0.2662542440696351,3.3306690738754696e-16,0.001962375,0.005895791
rand_spd,64,618,0.2663158029171123,0.266315802917112,3.3306690738754696e-16,0.001894583,0.005642084
rand_spd,64,619,0.26685680758040703,0.26685680758040664,3.885780586188048e-16,0.002073042,0.005827458
rand_spd,64,620,0.267117136718162,0.2671171367181616,3.885780586188048e-16,0.002130458,0.005700709
rand_spd,64,621,0.2659906415517376,0.2659906415517373,3.3306690738754696e-16,0.002108709,0.005852875
rand_spd,64,622,0.26723211308955025,0.26723211308954986,3.885780586188048e-16,0.002129125,0.005809917
rand_spd,64,623,0.26735571217809484,0.26735571217809456,2.7755575615628914e-16,0.002141083,0.005716083
rand_spd,64,624,0.26627718631607333,0.26627718631607306,2.7755575615628914e-16,0.002072541,0.005748334
rand_spd,64,625,0.26652422748907184,0.2665242274890715,3.3306690738754696e-16,0.001962625,0.00582275
rand_spd,64,626,0.266191727928932,0.2661917279289317,2.7755575615628914e-16,0.00202275,0.005738708
rand_spd,64,627,0.2663008515894491,0.2663008515894488,3.3306690738754696e-16,0.002132333,0.005849625
rand_spd,64,628,0.26695731076079887,0.2669573107607986,2.7755575615628914e-16,0.003070584,0.005955625
rand_spd,64,629,0.26650005101892843,0.26650005101892815,2.7755575615628914e-16,0.002344583,0.005712334
rand_spd,64,630,0.26683387634752337,0.2668338763475231,2.7755575615628914e-16,0.001972625,0.005749125
rand_spd,64,631,0.26687213020555695,0.2668721302055566,3.3306690738754696e-16,0.00214325,0.005892833
rand_spd,64,632,0.2661211432371459,0.26612114323714553,3.885780586188048e-16,0.002094084,0.005668958
rand_spd,64,633,0.26640570507335787,0.26640570507335753,3.3306690738754696e-16,0.001938667,0.005560292
rand_spd,64,634,0.2664978628077164,0.26649786280771603,3.885780586188048e-16,0.002055,0.005704375
rand_spd,64,635,0.2665276157972135,0.26652761579721324,2.7755575615628914e-16,0.002129708,0.005928792
rand_spd,64,636,0.2670378125864017,0.2670378125864013,3.885780586188048e-16,0.002116416,0.005955
rand_spd,64,637,0.26640694039190166,0.2664069403919013,3.3306690738754696e-16,0.002196917,0.005882458
rand_spd,64,638,0.2664024734359524,0.2664024734359521,3.3306690738754696e-16,0.002110083,0.006050208
rand_spd,64,639,0.26666793843937914,0.2666679384393788,3.3306690738754696e-16,0.002164958,0.006047292
rand_spd,64,640,0.2666680820614878,0.26666808206148745,3.3306690738754696e-16,0.001919666,0.00596225
rand_spd,64,641,0.2670270936454558,0.26702709364545546,3.3306690738754696e-16,0.002069792,0.006101209
rand_spd,64,642,0.2658700324412313,0.26587003244123103,2.7755575615628914e-16,0.00217925,0.005977
rand_spd,64,643,0.26669012632819156,0.2666901263281913,2.7755575615628914e-16,0.002103167,0.006081666
rand_spd,64,644,0.2662554134635169,0.2662554134635166,2.7755575615628914e-16,0.002144792,0.005864041
rand_spd,64,645,0.26713686198300896,0.2671368619830086,3.3306690738754696e-16,0.001988416,0.0060595
rand_spd,64,646,0.2667035774569723,0.266703577456972,3.3306690738754696e-16,0.002254166,0.006105875
rand_spd,64,647,0.2660849762513195,0.26608497625131916,3.3306690738754696e-16,0.003085542,0.006187666
rand_spd,64,648,0.26577324576249456,0.26577324576249417,3.885780586188048e-16,0.002139167,0.005976916
rand_spd,64,649,0.26571426545062427,0.26571426545062393,3.3306690738754696e-16,0.001975209,0.005945625
rand_spd,64,650,0.26609282460630707,0.26609282460630673,3.3306690738754696e-16,0.002189917,0.005774708
rand_spd,64,651,0.2655895139615048,0.2655895139615045,3.3306690738754696e-16,0.00202975,0.005786625
rand_spd,64,652,0.2664993290968512,0.26649932909685087,3.3306690738754696e-16,0.002017,0.005983083
rand_spd,64,653,0.2664571490528726,0.26645714905287227,3.3306690738754696e-16,0.002148125,0.005998166
rand_spd,64,654,0.2660652932897666,0.2660652932897662,3.885780586188048e-16,0.002249583,0.005981
rand_spd,64,655,0.2667213989451756,0.2667213989451754,2.220446049250313e-16,0.0021105,0.005949709
rand_spd,64,656,0.26637429808942437,0.26637429808942403,3.3306690738754696e-16,0.002144125,0.005913666
rand_spd,64,657,0.26584274849719286,0.2658427484971925,3.3306690738754696e-16,0.002195458,0.006047209
rand_spd,64,658,0.26669887589797625,0.266698875897976,2.7755575615628914e-16,0.002004125,0.005955166
rand_spd,64,659,0.2654466285319705,0.2654466285319702,2.7755575615628914e-16,0.002060083,0.006044667
rand_spd,64,660,0.2670977785618172,0.2670977785618168,3.885780586188048e-16,0.002212625,0.006140125
rand_spd,64,661,0.26791865033517454,0.26791865033517426,2.7755575615628914e-16,0.002012959,0.006053125
rand_spd,64,662,0.2663565103734527,0.2663565103734524,2.7755575615628914e-16,0.002170375,0.005922834
rand_spd,64,663,0.2663501099281791,0.26635010992817876,3.3306690738754696e-16,0.002237042,0.005850125
rand_spd,64,664,0.2660056237689014,0.26600562376890113,2.7755575615628914e-16,0.002184875,0.006298208
rand_spd,64,665,0.2664187171144298,0.26641871711442944,3.885780586188048e-16,0.002201459,0.006030834
rand_spd,64,666,0.2655680422801527,0.2655680422801523,3.885780586188048e-16,0.002073,0.00608825
rand_spd,64,667,0.2662707714478822,0.26627077144788186,3.3306690738754696e-16,0.002015,0.00580425
rand_spd,64,668,0.266894044027321,0.2668940440273207,2.7755575615628914e-16,0.002067042,0.006000375
rand_spd,64,669,0.2666096759523741,0.2666096759523738,3.3306690738754696e-16,0.00207425,0.005963917
rand_spd,64,670,0.2670721384900729,0.26707213849007266,2.220446049250313e-16,0.001996417,0.00597575
rand_spd,64,671,0.2658268369088126,0.26582683690881226,3.3306690738754696e-16,0.002137875,0.005920875
rand_spd,64,672,0.26636973449312235,0.26636973449312207,2.7755575615628914e-16,0.001981875,0.006164417
rand_spd,64,673,0.2666211958802952,0.2666211958802949,2.7755575615628914e-16,0.002179458,0.006023333
rand_spd,64,674,0.26704449231177946,0.2670444923117791,3.3306690738754696e-16,0.002079208,0.006038709
rand_spd,64,675,0.26659231688387935,0.266592316883879,3.3306690738754696e-16,0.002114667,0.005887583
rand_spd,64,676,0.2674140500848279,0.26741405008482755,3.3306690738754696e-16,0.002065916,0.006287292
rand_spd,64,677,0.26725888889160726,0.2672588888916069,3.3306690738754696e-16,0.00212825,0.005981709
rand_spd,64,678,0.2682840172652141,0.26828401726521384,2.7755575615628914e-16,0.002104208,0.00599775
rand_spd,64,679,0.26726052556777385,0.2672605255677735,3.3306690738754696e-16,0.002175208,0.005916459
rand_spd,64,680,0.2660066530370005,0.2660066530370001,3.885780586188048e-16,0.002073625,0.006012375
rand_spd,64,681,0.2665603271242723,0.2665603271242719,3.885780586188048e-16,0.002161834,0.005862458
rand_spd,64,682,0.266406807157944,0.2664068071579437,3.3306690738754696e-16,0.002129958,0.006938833
rand_spd,64,683,0.2661593579142037,0.26615935791420336,3.3306690738754696e-16,0.002139917,0.005944
rand_spd,64,684,0.2674379445542987,0.2674379445542984,2.7755575615628914e-16,0.002116292,0.006047167
rand_spd,64,685,0.2647939350990887,0.26479393509908855,1.6653345369377348e-16,0.001973083,0.005991709
rand_spd,64,686,0.26718456955667597,0.26718456955667563,3.3306690738754696e-16,0.0032175,0.005729458
rand_spd,64,687,0.26626436967273814,0.26626436967273776,3.885780586188048e-16,0.002134417,0.005885542
rand_spd,64,688,0.2665259191664107,0.2665259191664104,3.3306690738754696e-16,0.002106834,0.008093666
rand_spd,64,689,0.26557434528260937,0.2655743452826091,2.7755575615628914e-16,0.002164542,0.005928166
rand_spd,64,690,0.26570834540077465,0.2657083454007743,3.3306690738754696e-16,0.002180292,0.005769667
rand_spd,64,691,0.2662434811663348,0.2662434811663345,2.7755575615628914e-16,0.002045125,0.005779708
rand_spd,64,692,0.2674369959045068,0.2674369959045065,3.3306690738754696e-16,0.002154666,0.005843
rand_spd,64,693,0.26715527043341775,0.2671552704334174,3.3306690738754696e-16,0.001942166,0.007054625
rand_spd,64,694,0.26590804271476176,0.2659080427147614,3.885780586188048e-16,0.00219675,0.005985
rand_spd,64,695,0.2666275816581655,0.2666275816581652,3.3306690738754696e-16,0.002134875,0.006021
rand_spd,64,696,0.26650778678865794,0.26650778678865766,2.7755575615628914e-16,0.002196375,0.005970792
rand_spd,64,697,0.26660092805327434,0.26660092805327396,3.885780586188048e-16,0.00202975,0.006046709
rand_spd,64,698,0.2654109561803537,0.2654109561803534,3.3306690738754696e-16,0.0023065,0.005804875
rand_spd,64,699,0.26575875675311944,0.26575875675311905,3.885780586188048e-16,0.00218975,0.006224916
rand_spd,64,700,0.26614710583602375,0.26614710583602347,2.7755575615628914e-16,0.002140875,0.00594275
rand_spd,64,701,0.26665326419929375,0.26665326419929336,3.885780586188048e-16,0.002213333,0.006066792
rand_spd,64,702,0.2657969008610552,0.26579690086105473,4.440892098500626e-16,0.0020565,0.005871209
rand_spd,64,703,0.26565081916369876,0.2656508191636984,3.3306690738754696e-16,0.002083166,0.005939292
rand_spd,64,704,0.26650942891608337,0.26650942891608304,3.3306690738754696e-16,0.002095375,0.005884375
rand_spd,64,705,0.26704191325261234,0.267041913252612,3.3306690738754696e-16,0.002151292,0.005862125
rand_spd,64,706,0.2660350487961929,0.26603504879619255,3.3306690738754696e-16,0.002122667,0.00593275
rand_spd,64,707,0.26616266872810135,0.26616266872810107,2.7755575615628914e-16,0.002072208,0.005873708
rand_spd,64,708,0.26560158807192097,0.26560158807192064,3.3306690738754696e-16,0.002088709,0.005859292
rand_spd,64,709,0.266365185561451,0.26636518556145067,3.3306690738754696e-16,0.001978709,0.005793541
rand_spd,64,710,0.26572937513244627,0.26572937513244593,3.3306690738754696e-16,0.002132959,0.005887209
rand_spd,64,711,0.2657524632181682,0.26575246321816787,3.3306690738754696e-16,0.002023709,0.00589125
rand_spd,64,712,0.2663834211785672,0.26638342117856684,3.885780586188048e-16,0.002068208,0.005802292
rand_spd,64,713,0.26643845452821024,0.26643845452820997,2.7755575615628914e-16,0.002179667,0.005689291
rand_spd,64,714,0.2668492767129139,0.26684927671291353,3.885780586188048e-16,0.001962833,0.005875708
rand_spd,64,715,0.26554960697775565,0.26554960697775537,2.7755575615628914e-16,0.001966334,0.005889459
rand_spd,64,716,0.26660314956949155,0.2666031495694912,3.3306690738754696e-16,0.002121208,0.005685584
rand_spd,64,717,0.26646834652025414,0.2664683465202538,3.3306690738754696e-16,0.001947709,0.011363458
rand_spd,64,718,0.2656212431637754,0.265621243163775,3.885780586188048e-16,0.002014,0.005775375
rand_spd,64,719,0.2660815602482516,0.2660815602482513,2.7755575615628914e-16,0.002167833,0.005692792
rand_spd,64,720,0.2664956820373338,0.2664956820373335,3.3306690738754696e-16,0.002056458,0.005776375
rand_spd,64,721,0.2668275356701489,0.2668275356701486,2.7755575615628914e-16,0.001996958,0.005925792
rand_spd,64,722,0.2658762804750512,0.26587628047505085,3.3306690738754696e-16,0.002135333,0.005772875
rand_spd,64,723,0.26722927037950756,0.2672292703795072,3.3306690738754696e-16,0.002163542,0.005687708
rand_spd,64,724,0.2667640749727782,0.2667640749727779,3.3306690738754696e-16,0.00206075,0.005668042
rand_spd,64,725,0.2663382291948302,0.2663382291948298,3.885780586188048e-16,0.001989625,0.0057695
rand_spd,64,726,0.26713104141838256,0.26713104141838223,3.3306690738754696e-16,0.002097958,0.006187167
rand_spd,64,727,0.2675453603707893,0.26754536037078896,3.3306690738754696e-16,0.0019425,0.005613292
rand_spd,64,728,0.2659667630267157,0.2659667630267153,3.885780586188048e-16,0.00202475,0.00564525
rand_spd,64,729,0.2663244957423689,0.26632449574236855,3.3306690738754696e-16,0.002202417,0.005928958
rand_spd,64,730,0.2672890530508768,0.26728905305087647,3.3306690738754696e-16,0.001996167,0.005739
rand_spd,64,731,0.26574940498436717,0.2657494049843669,2.7755575615628914e-16,0.001923083,0.005688667
rand_spd,64,732,0.26737668534536413,0.2673766853453638,3.3306690738754696e-16,0.002057084,0.00575925
rand_spd,64,733,0.26667951400830364,0.2666795140083033,3.3306690738754696e-16,0.003440125,0.006184917
rand_spd,64,734,0.2662159183462131,0.2662159183462127,3.885780586188048e-16,0.002120708,0.005893417
rand_spd,64,735,0.26574182886224146,0.2657418288622411,3.3306690738754696e-16,0.001957334,0.007085
rand_spd,64,736,0.26695507396019924,0.26695507396019896,2.7755575615628914e-16,0.002167584,0.005932
rand_spd,64,737,0.2666519320310932,0.2666519320310928,4.440892098500626e-16,0.002237959,0.006196667
rand_spd,64,738,0.26640391553449383,0.26640391553449366,1.6653345369377348e-16,0.002154167,0.005850667
rand_spd,64,739,0.2667134025528323,0.266713402552832,3.3306690738754696e-16,0.001993917,0.006026041
rand_spd,64,740,0.266739221320861,0.26673922132086064,3.3306690738754696e-16,0.002147833,0.006038459
rand_spd,64,741,0.26596547314166596,0.26596547314166563,3.3306690738754696e-16,0.002017667,0.00608975
rand_spd,64,742,0.2661303698685081,0.2661303698685078,2.7755575615628914e-16,0.002141,0.005870042
rand_spd,64,743,0.26738191367203923,0.2673819136720389,3.3306690738754696e-16,0.002255041,0.005872125
rand_spd,64,744,0.26589564061212545,0.2658956406121252,2.7755575615628914e-16,0.002008375,0.005722791
rand_spd,64,745,0.2664646172458319,0.2664646172458316,3.3306690738754696e-16,0.002128625,0.00585425
rand_spd,64,746,0.26607487902609656,0.2660748790260962,3.3306690738754696e-16,0.001946625,0.00595575
rand_spd,64,747,0.2662885122541535,0.26628851225415323,2.7755575615628914e-16,0.001979083,0.005860792
rand_spd,64,748,0.26699965941399545,0.2669996594139951,3.3306690738754696e-16,0.00200475,0.005782208
rand_spd,64,749,0.267646215836345,0.2676462158363447,3.3306690738754696e-16,0.001952125,0.005836125
rand_spd,64,750,0.26664471845434984,0.2666447184543495,3.3306690738754696e-16,0.002024167,0.005759375
rand_spd,64,751,0.2669132952939685,0.2669132952939682,3.3306690738754696e-16,0.002071,0.005702666
rand_spd,64,752,0.2672801177463115,0.26728011774631116,3.3306690738754696e-16,0.002174209,0.006897291
rand_spd,64,753,0.2667442553022524,0.2667442553022521,2.7755575615628914e-16,0.002145834,0.005670042
rand_spd,64,754,0.2658126198279941,0.2658126198279937,3.885780586188048e-16,0.001983625,0.005621625
rand_spd,64,755,0.2659959927709861,0.2659959927709858,3.3306690738754696e-16,0.002017583,0.005729625
rand_spd,64,756,0.26558829139721324,0.2655882913972129,3.3306690738754696e-16,0.002149916,0.005733
rand_spd,64,757,0.2668516848772976,0.26685168487729727,3.3306690738754696e-16,0.002137417,0.005685916
rand_spd,64,758,0.2673210036413009,0.26732100364130057,3.3306690738754696e-16,0.002019708,0.005801208
rand_spd,64,759,0.2666634239322134,0.266663423932213,3.885780586188048e-16,0.002121625,0.005819542
rand_spd,64,760,0.2670311037420259,0.2670311037420256,2.7755575615628914e-16,0.002133541,0.005802084
rand_spd,64,761,0.2671673440257682,0.26716734402576786,3.3306690738754696e-16,0.002072959,0.006700875
rand_spd,64,762,0.2665954692952118,0.26659546929521144,3.3306690738754696e-16,0.001975958,0.005614125
rand_spd,64,763,0.26579354506434755,0.2657935450643472,3.3306690738754696e-16,0.00193075,0.0058065
rand_spd,64,764,0.26608259608375745,0.2660825960837571,3.3306690738754696e-16,0.0021625,0.005843958
rand_spd,64,765,0.2658782002252969,0.26587820022529657,3.3306690738754696e-16,0.003215459,0.005715875
rand_spd,64,766,0.2664812173050238,0.2664812173050234,3.885780586188048e-16,0.001991208,0.005841292
rand_spd,64,767,0.2665836530730546,0.26658365307305426,3.3306690738754696e-16,0.002119167,0.005874166
rand_spd,64,768,0.26687947846735555,0.2668794784673551,4.440892098500626e-16,0.002220292,0.005762125
rand_spd,64,769,0.26771521967454237,0.2677152196745421,2.7755575615628914e-16,0.00213225,0.005942125
rand_spd,64,770,0.26680078330637935,0.266800783306379,3.3306690738754696e-16,0.002040292,0.005818625
rand_spd,64,771,0.26625704368590614,0.26625704368590575,3.885780586188048e-16,0.002241875,0.005691
rand_spd,64,772,0.2678665822185341,0.2678665822185337,3.885780586188048e-16,0.001987375,0.005770166
rand_spd,64,773,0.26604227338182124,0.266042273381821,2.220446049250313e-16,0.002191333,0.005863792
rand_spd,64,774,0.2672051191704841,0.2672051191704838,3.3306690738754696e-16,0.002160833,0.005690917
rand_spd,64,775,0.2662338945601052,0.2662338945601048,3.885780586188048e-16,0.002068209,0.005657375
rand_spd,64,776,0.2669745553919802,0.26697455539197984,3.3306690738754696e-16,0.002253209,0.006106125
rand_spd,64,777,0.26656799668075576,0.2665679966807554,3.3306690738754696e-16,0.002155083,0.005992375
rand_spd,64,778,0.2655265536713565,0.2655265536713562,3.3306690738754696e-16,0.002117666,0.00598875
rand_spd,64,779,0.26581063951419254,0.26581063951419226,2.7755575615628914e-16,0.002136917,0.005868375
rand_spd,64,780,0.2674611780260375,0.26746117802603714,3.885780586188048e-16,0.002098625,0.005872417
rand_spd,64,781,0.2660021531817091,0.2660021531817088,3.3306690738754696e-16,0.002067667,0.005914375
rand_spd,64,782,0.2661492583875697,0.26614925838756937,3.3306690738754696e-16,0.002201584,0.006336083
rand_spd,64,783,0.2668451357148038,0.26684513571480345,3.3306690738754696e-16,0.002296083,0.005965917
rand_spd,64,784,0.26673349930327395,0.2667334993032736,3.3306690738754696e-16,0.002251,0.00648075
rand_spd,64,785,0.2664783010274486,0.26647830102744824,3.885780586188048e-16,0.002144125,0.005743
rand_spd,64,786,0.2657845068453558,0.2657845068453555,3.3306690738754696e-16,0.0020515,0.005705708
rand_spd,64,787,0.26630507766265926,0.26630507766265904,2.220446049250313e-16,0.002002959,0.005627583
rand_spd,64,788,0.267041186907024,0.2670411869070238,2.220446049250313e-16,0.002121041,0.005808542
rand_spd,64,789,0.26660143604216685,0.2666014360421666,2.7755575615628914e-16,0.002128708,0.005677291
rand_spd,64,790,0.2665743483744963,0.26657434837449595,3.3306690738754696e-16,0.002034041,0.005824875
rand_spd,64,791,0.2675425609651358,0.2675425609651354,3.885780586188048e-16,0.002219292,0.005927916
rand_spd,64,792,0.2669172530799664,0.266917253079966,3.885780586188048e-16,0.002026541,0.005900709
rand_spd,64,793,0.2660785403780795,0.26607854037807926,2.220446049250313e-16,0.00222525,0.00592875
rand_spd,64,794,0.26664816701379945,0.2666481670137991,3.3306690738754696e-16,0.002139875,0.005791416
rand_spd,64,795,0.2665418442867487,0.2665418442867484,3.3306690738754696e-16,0.00208075,0.005948958
rand_spd,64,796,0.266371805079884,0.2663718050798837,3.3306690738754696e-16,0.002035208,0.00583975
rand_spd,64,797,0.26741168061056914,0.2674116806105689,2.220446049250313e-16,0.002002375,0.005996333
rand_spd,64,798,0.2655222032311419,0.26552220323114156,3.3306690738754696e-16,0.002189084,0.005794459
rand_spd,64,799,0.2666869258617704,0.26668692586177006,3.3306690738754696e-16,0.002150083,0.006126333
rand_spd,64,800,0.26648256418746935,0.266482564187469,3.3306690738754696e-16,0.002135333,0.0058055
rand_spd,64,801,0.2656249294208796,0.2656249294208793,3.3306690738754696e-16,0.002144166,0.007712292
rand_spd,64,802,0.266502916359753,0.2665029163597527,2.7755575615628914e-16,0.002311584,0.005888125
rand_spd,64,803,0.26715301503956734,0.267153015039567,3.3306690738754696e-16,0.002126167,0.00588725
rand_spd,64,804,0.266012475206624,0.2660124752066237,3.3306690738754696e-16,0.0019765,0.005761292
rand_spd,64,805,0.2664217119290052,0.2664217119290048,3.885780586188048e-16,0.002130792,0.005866958
rand_spd,64,806,0.2663559710132993,0.26635597101329894,3.3306690738754696e-16,0.00212325,0.005643583
rand_spd,64,807,0.2662137849154834,0.26621378491548314,2.7755575615628914e-16,0.002080833,0.005698583
rand_spd,64,808,0.26618950229229,0.2661895022922897,2.7755575615628914e-16,0.0019915,0.00567825
rand_spd,64,809,0.26486482998938676,0.26486482998938643,3.3306690738754696e-16,0.002134291,0.005749292
rand_spd,64,810,0.2667948060830159,0.2667948060830156,3.3306690738754696e-16,0.002897084,0.005661375
rand_spd,64,811,0.26659552645307405,0.2665955264530737,3.3306690738754696e-16,0.002113875,0.005812833
rand_spd,64,812,0.266939289789931,0.2669392897899306,3.885780586188048e-16,0.002079416,0.005815125
rand_spd,64,813,0.26755278321421955,0.2675527832142192,3.3306690738754696e-16,0.002120209,0.0056565
rand_spd,64,814,0.2665891964952906,0.2665891964952903,3.3306690738754696e-16,0.002122458,0.005661875
rand_spd,64,815,0.266011615059685,0.2660116150596847,3.3306690738754696e-16,0.004518791,0.005965667
rand_spd,64,816,0.2666760387136441,0.2666760387136437,3.885780586188048e-16,0.002129084,0.005854958
rand_spd,64,817,0.26554681254066737,0.265546812540667,3.885780586188048e-16,0.002035041,0.005764875
rand_spd,64,818,0.2668186493861035,0.26681864938610317,3.3306690738754696e-16,0.0021235,0.005876125
rand_spd,64,819,0.26625363668315016,0.26625363668314983,3.3306690738754696e-16,0.002043416,0.005825042
rand_spd,64,820,0.26511478531010946,0.2651147853101092,2.7755575615628914e-16,0.002120916,0.0057355
rand_spd,64,821,0.2672526031293595,0.2672526031293591,3.885780586188048e-16,0.003191833,0.006037625
rand_spd,64,822,0.2664173733946123,0.26641737339461197,3.3306690738754696e-16,0.003050875,0.005797083
rand_spd,64,823,0.2668350479059694,0.26683504790596907,3.3306690738754696e-16,0.00200575,0.006038833
rand_spd,64,824,0.26665789716621857,0.2666578971662182,3.885780586188048e-16,0.00211975,0.005875125
rand_spd,64,825,0.26614224417828497,0.2661422441782847,2.7755575615628914e-16,0.002214,0.006023042
rand_spd,64,826,0.26596932166920373,0.2659693216692034,3.3306690738754696e-16,0.00214125,0.005705709
rand_spd,64,827,0.26632104771118287,0.2663210477111826,2.7755575615628914e-16,0.002111,0.006034833
rand_spd,64,828,0.267054500351191,0.26705450035119066,3.3306690738754696e-16,0.00213775,0.005920292
rand_spd,64,829,0.2656931815240159,0.2656931815240156,2.7755575615628914e-16,0.002149167,0.007727625
rand_spd,64,830,0.26612136394522495,0.2661213639452247,2.7755575615628914e-16,0.002074875,0.006130291
rand_spd,64,831,0.26699693267971525,0.26699693267971497,2.7755575615628914e-16,0.002258,0.006103792
rand_spd,64,832,0.2662308671437988,0.2662308671437984,3.885780586188048e-16,0.002072667,0.005941125
rand_spd,64,833,0.26672719351029933,0.26672719351029894,3.885780586188048e-16,0.002146916,0.006071167
rand_spd,64,834,0.26666784628418894,0.2666678462841887,2.220446049250313e-16,0.002144417,0.005905125
rand_spd,64,835,0.2656644174710637,0.26566441747106323,4.440892098500626e-16,0.002055083,0.005883584
rand_spd,64,836,0.2671349808254822,0.2671349808254819,2.7755575615628914e-16,0.002065834,0.005794208
rand_spd,64,837,0.2663227314472704,0.2663227314472701,3.3306690738754696e-16,0.005490083,0.006863875
rand_spd,64,838,0.26716089411256844,0.26716089411256805,3.885780586188048e-16,0.002095958,0.005823458
rand_spd,64,839,0.2674278193829001,0.2674278193828998,3.3306690738754696e-16,0.002191583,0.005982458
rand_spd,64,840,0.2662182681608242,0.2662182681608239,3.3306690738754696e-16,0.002143916,0.005759167
rand_spd,64,841,0.26654268542964776,0.2665426854296475,2.7755575615628914e-16,0.00217775,0.005907
rand_spd,64,842,0.2661175137147867,0.26611751371478637,3.3306690738754696e-16,0.002137792,0.005882708
rand_spd,64,843,0.2672414493378129,0.2672414493378126,3.3306690738754696e-16,0.002051625,0.005952291
rand_spd,64,844,0.26774483964929513,0.2677448396492948,3.3306690738754696e-16,0.001994584,0.005878291
rand_spd,64,845,0.26650065423514313,0.26650065423514285,2.7755575615628914e-16,0.002004833,0.005823292
rand_spd,64,846,0.2669092008582297,0.2669092008582294,3.3306690738754696e-16,0.002126416,0.005772709
rand_spd,64,847,0.2674872518793308,0.2674872518793306,2.220446049250313e-16,0.00202925,0.005655417
rand_spd,64,848,0.26668094192252917,0.2666809419225288,3.885780586188048e-16,0.002130875,0.005750709
rand_spd,64,849,0.266575633965139,0.2665756339651386,3.885780586188048e-16,0.002133458,0.00571175
rand_spd,64,850,0.2663436965273777,0.2663436965273774,3.3306690738754696e-16,0.002144584,0.005836
rand_spd,64,851,0.26760060675607444,0.26760060675607406,3.885780586188048e-16,0.0021565,0.005730458
rand_spd,64,852,0.26652484344469546,0.2665248434446951,3.3306690738754696e-16,0.002129125,0.005809917
rand_spd,64,853,0.2658176183180964,0.26581761831809614,2.7755575615628914e-16,0.002140542,0.005868458
rand_spd,64,854,0.2662310293463562,0.26623102934635584,3.3306690738754696e-16,0.0021445,0.005902041
rand_spd,64,855,0.2668435059187371,0.2668435059187368,3.3306690738754696e-16,0.00217875,0.005848083
rand_spd,64,856,0.2665953570152612,0.26659535701526094,2.7755575615628914e-16,0.002196708,0.005849292
rand_spd,64,857,0.2660970901258131,0.2660970901258128,3.3306690738754696e-16,0.002151375,0.005827958
rand_spd,64,858,0.26596478511648597,0.26596478511648564,3.3306690738754696e-16,0.001970833,0.005722792
rand_spd,64,859,0.2665292077185186,0.26652920771851835,2.7755575615628914e-16,0.002106583,0.006928167
rand_spd,64,860,0.26601957110088387,0.2660195711008836,2.7755575615628914e-16,0.003192584,0.005831916
rand_spd,64,861,0.2666255295143456,0.26662552951434526,3.3306690738754696e-16,0.003039666,0.005836834
rand_spd,64,862,0.2668616499638363,0.266861649963836,3.3306690738754696e-16,0.002806083,0.006782083
rand_spd,64,863,0.26642763424247556,0.2664276342424751,4.440892098500626e-16,0.002030291,0.005756
rand_spd,64,864,0.2661191675006485,0.2661191675006482,3.3306690738754696e-16,0.002379417,0.00565025
rand_spd,64,865,0.2664293716453628,0.2664293716453625,2.7755575615628914e-16,0.002095417,0.006005125
rand_spd,64,866,0.2657357586796955,0.26573575867969523,2.7755575615628914e-16,0.002157083,0.0060355
rand_spd,64,867,0.26717119313745963,0.26717119313745924,3.885780586188048e-16,0.002015916,0.005917084
rand_spd,64,868,0.26569832915732466,0.26569832915732433,3.3306690738754696e-16,0.002196792,0.006588625
rand_spd,64,869,0.2661367980506886,0.26613679805068835,2.7755575615628914e-16,0.002153375,0.00688375
rand_spd,64,870,0.2669943888245256,0.2669943888245252,3.885780586188048e-16,0.002120375,0.005950542
rand_spd,64,871,0.2656708525840587,0.26567085258405837,3.3306690738754696e-16,0.002059667,0.005920916
rand_spd,64,872,0.26515227451234796,0.2651522745123477,2.7755575615628914e-16,0.002021541,0.005973042
rand_spd,64,873,0.26691870747923635,0.2669187074792361,2.7755575615628914e-16,0.002032625,0.00587575
rand_spd,64,874,0.2663179058181114,0.26631790581811104,3.3306690738754696e-16,0.002080334,0.005849084
rand_spd,64,875,0.2662349675294969,0.2662349675294966,2.7755575615628914e-16,0.0021165,0.005975708
rand_spd,64,876,0.2662251583088228,0.26622515830882254,2.7755575615628914e-16,0.002011167,0.0059075
rand_spd,64,877,0.2656494778018615,0.2656494778018612,2.7755575615628914e-16,0.001964834,0.005866041
rand_spd,64,878,0.2662097493292085,0.26620974932920816,3.3306690738754696e-16,0.002126458,0.005737458
rand_spd,64,879,0.2657990269835762,0.2657990269835759,3.3306690738754696e-16,0.0019695,0.005836875
rand_spd,64,880,0.2667372043773477,0.26673720437734744,2.7755575615628914e-16,0.002116584,0.005854792
rand_spd,64,881,0.26649787104952305,0.26649787104952266,3.885780586188048e-16,0.001984167,0.005749125
rand_spd,64,882,0.26583144193777136,0.26583144193777103,3.3306690738754696e-16,0.002024958,0.005767375
rand_spd,64,883,0.26627217071033965,0.2662721707103393,3.3306690738754696e-16,0.002027917,0.005671
rand_spd,64,884,0.26604133937458957,0.26604133937458924,3.3306690738754696e-16,0.002014292,0.005827792
rand_spd,64,885,0.2658009529696367,0.2658009529696363,3.885780586188048e-16,0.002176167,0.005798167
rand_spd,64,886,0.2668145291997975,0.26681452919979715,3.3306690738754696e-16,0.002086125,0.005662333
rand_spd,64,887,0.26630017361994957,0.2663001736199491,4.440892098500626e-16,0.002007583,0.005905792
rand_spd,64,888,0.2653111884195127,0.26531118841951246,2.220446049250313e-16,0.002147709,0.005949958
rand_spd,64,889,0.26675730457500063,0.2667573045750003,3.3306690738754696e-16,0.002198875,0.005726333
rand_spd,64,890,0.2663935232637085,0.26639352326370813,3.885780586188048e-16,0.0020355,0.005848
rand_spd,64,891,0.2666767566672974,0.2666767566672971,2.7755575615628914e-16,0.002136375,0.005796042
rand_spd,64,892,0.26737579986969834,0.26737579986969795,3.885780586188048e-16,0.002049959,0.0058925
rand_spd,64,893,0.2668101383187035,0.2668101383187032,2.7755575615628914e-16,0.002182959,0.005819375
rand_spd,64,894,0.26638284812342156,0.26638284812342117,3.885780586188048e-16,0.002132083,0.005803
rand_spd,64,895,0.2664876038490847,0.2664876038490844,3.3306690738754696e-16,0.001978333,0.005667
rand_spd,64,896,0.2655649778768177,0.2655649778768175,2.220446049250313e-16,0.001975125,0.005906708
rand_spd,64,897,0.26652788792051,0.2665278879205098,2.220446049250313e-16,0.002032583,0.005698083
rand_spd,64,898,0.2666714937500289,0.26667149375002863,2.7755575615628914e-16,0.002042875,0.005867792
rand_spd,64,899,0.26510404179435554,0.26510404179435526,2.7755575615628914e-16,0.002131875,0.005659459
rand_spd,64,900,0.26645782235009347,0.26645782235009313,3.3306690738754696e-16,0.002077459,0.00588275
rand_spd,64,901,0.2671070088589445,0.26710700885894423,2.7755575615628914e-16,0.002077291,0.00585275
rand_spd,64,902,0.2658182043585798,0.26581820435857945,3.3306690738754696e-16,0.002162708,0.006744
rand_spd,64,903,0.26702675175121277,0.26702675175121254,2.220446049250313e-16,0.002159208,0.005645125
rand_spd,64,904,0.2665490341134164,0.2665490341134161,3.3306690738754696e-16,0.002087583,0.005657666
rand_spd,64,905,0.2667620210109389,0.2667620210109386,2.7755575615628914e-16,0.002133542,0.005701833
rand_spd,64,906,0.26609119829208183,0.2660911982920815,3.3306690738754696e-16,0.002139416,0.005744333
rand_spd,64,907,0.26669685000424964,0.2666968500042493,3.3306690738754696e-16,0.002156458,0.007085167
rand_spd,64,908,0.2664442737200264,0.266444273720026,3.885780586188048e-16,0.002083084,0.005805333
rand_spd,64,909,0.26639148324024453,0.26639148324024425,2.7755575615628914e-16,0.001978916,0.007123459
rand_spd,64,910,0.2660657377885305,0.2660657377885302,2.7755575615628914e-16,0.002222084,0.006071958
rand_spd,64,911,0.2679906438235912,0.2679906438235909,3.3306690738754696e-16,0.002253625,0.006076834
rand_spd,64,912,0.26744984454747217,0.2674498445474718,3.885780586188048e-16,0.001992458,0.00590625
rand_spd,64,913,0.2667671389237049,0.26676713892370457,3.3306690738754696e-16,0.002078916,0.006048042
rand_spd,64,914,0.26719992376580454,0.2671999237658042,3.3306690738754696e-16,0.00216325,0.005845
rand_spd,64,915,0.266232466642537,0.2662324666425367,3.3306690738754696e-16,0.002114958,0.006013875
rand_spd,64,916,0.2665262530539957,0.2665262530539953,3.885780586188048e-16,0.002008625,0.00620925
rand_spd,64,917,0.2663666918270811,0.26636669182708084,2.7755575615628914e-16,0.002108417,0.006240125
rand_spd,64,918,0.26656980336618946,0.2665698033661892,2.7755575615628914e-16,0.002196917,0.006075458
rand_spd,64,919,0.2669097449680848,0.26690974496808445,3.3306690738754696e-16,0.0020975,0.006211625
rand_spd,64,920,0.26707029198906446,0.2670702919890641,3.3306690738754696e-16,0.002132583,0.005791375
rand_spd,64,921,0.2649600902799311,0.2649600902799308,3.3306690738754696e-16,0.002240208,0.006274958
rand_spd,64,922,0.26544018075601944,0.2654401807560191,3.3306690738754696e-16,0.002012166,0.005871125
rand_spd,64,923,0.2668993279201836,0.2668993279201833,3.3306690738754696e-16,0.002135791,0.005977792
rand_spd,64,924,0.2668670223368146,0.26686702233681425,3.3306690738754696e-16,0.002136459,0.0058155
rand_spd,64,925,0.26637958448426435,0.26637958448426396,3.885780586188048e-16,0.002128209,0.005946042
rand_spd,64,926,0.2661225187713771,0.26612251877137677,3.3306690738754696e-16,0.001983959,0.005817709
rand_spd,64,927,0.2663299563414412,0.26632995634144085,3.3306690738754696e-16,0.002158375,0.005858375
rand_spd,64,928,0.2666169281779249,0.26661692817792454,3.3306690738754696e-16,0.002156208,0.005861917
rand_spd,64,929,0.26547550277957566,0.2654755027795753,3.3306690738754696e-16,0.002049375,0.005830458
rand_spd,64,930,0.26591559525336445,0.2659155952533641,3.3306690738754696e-16,0.002134625,0.005840459
rand_spd,64,931,0.26579176298469914,0.2657917629846988,3.3306690738754696e-16,0.002160875,0.0058295
rand_spd,64,932,0.2653298352102588,0.2653298352102585,3.3306690738754696e-16,0.002027208,0.00586275
rand_spd,64,933,0.266576567890035,0.2665765678900347,2.7755575615628914e-16,0.002139375,0.005738875
rand_spd,64,934,0.2668094440901004,0.2668094440901,3.885780586188048e-16,0.001998625,0.005904875
rand_spd,64,935,0.26582713418063136,0.26582713418063103,3.3306690738754696e-16,0.002070417,0.00572175
rand_spd,64,936,0.26716523891271443,0.2671652389127141,3.3306690738754696e-16,0.002124167,0.005828291
rand_spd,64,937,0.266755382134434,0.2667553821344337,2.7755575615628914e-16,0.001988833,0.005809125
rand_spd,64,938,0.26694699956672263,0.26694699956672224,3.885780586188048e-16,0.002201041,0.005821792
rand_spd,64,939,0.2664841919998989,0.2664841919998986,3.3306690738754696e-16,0.0021385,0.005696917
rand_spd,64,940,0.26573988443911645,0.26573988443911617,2.7755575615628914e-16,0.002138542,0.007054375
rand_spd,64,941,0.26650077571922165,0.2665007757192213,3.3306690738754696e-16,0.001958375,0.005830375
rand_spd,64,942,0.2673109271138991,0.2673109271138988,2.7755575615628914e-16,0.0019875,0.005857667
rand_spd,64,943,0.26638475269258066,0.26638475269258044,2.220446049250313e-16,0.002016833,0.005630542
rand_spd,64,944,0.2677502750069354,0.267750275006935,3.885780586188048e-16,0.001985875,0.005675667
rand_spd,64,945,0.26665414358077477,0.2666541435807745,2.7755575615628914e-16,0.002043667,0.005717083
rand_spd,64,946,0.2660793896227199,0.26607938962271954,3.3306690738754696e-16,0.002135833,0.005718875
rand_spd,64,947,0.2653067966025762,0.2653067966025759,3.3306690738754696e-16,0.002177875,0.006794834
rand_spd,64,948,0.2669149098874889,0.26691490988748856,3.3306690738754696e-16,0.002008709,0.005861959
rand_spd,64,949,0.2667639558892848,0.2667639558892844,3.885780586188048e-16,0.0021655,0.005853125
rand_spd,64,950,0.2664135886501378,0.2664135886501375,3.3306690738754696e-16,0.001971416,0.005663334
rand_spd,64,951,0.26634665746490027,0.2663466574649,2.7755575615628914e-16,0.002106792,0.00582225
rand_spd,64,952,0.26539526565349486,0.2653952656534945,3.3306690738754696e-16,0.002032083,0.005921542
rand_spd,64,953,0.2669565216954235,0.2669565216954232,2.7755575615628914e-16,0.00216925,0.005816125
rand_spd,64,954,0.26625591553970646,0.26625591553970607,3.885780586188048e-16,0.002008583,0.005732208
rand_spd,64,955,0.26606381036704635,0.266063810367046,3.3306690738754696e-16,0.00238425,0.006264209
rand_spd,64,956,0.26659098333828174,0.2665909833382813,4.440892098500626e-16,0.00418325,0.007044833
rand_spd,64,957,0.2667960079304496,0.2667960079304493,3.3306690738754696e-16,0.002199084,0.005860833
rand_spd,64,958,0.26628944237519964,0.2662894423751993,3.3306690738754696e-16,0.002058084,0.005977458
rand_spd,64,959,0.2659946878867452,0.2659946878867449,2.7755575615628914e-16,0.002091625,0.005898625
rand_spd,64,960,0.2670850244783506,0.2670850244783503,2.7755575615628914e-16,0.002216542,0.005982
rand_spd,64,961,0.26608336964486146,0.26608336964486123,2.220446049250313e-16,0.001984917,0.005759666
rand_spd,64,962,0.26539026085221556,0.26539026085221523,3.3306690738754696e-16,0.0021435,0.005920333
rand_spd,64,963,0.26530723829994657,0.26530723829994624,3.3306690738754696e-16,0.002125375,0.005782417
rand_spd,64,964,0.2668483615576703,0.26684836155766994,3.3306690738754696e-16,0.002132041,0.005881834
rand_spd,64,965,0.2664213048305918,0.2664213048305914,3.885780586188048e-16,0.002161583,0.005774
rand_spd,64,966,0.2670073951152098,0.26700739511520954,2.7755575615628914e-16,0.001985291,0.005971042
rand_spd,64,967,0.26596439591962234,0.265964395919622,3.3306690738754696e-16,0.002134333,0.005841458
rand_spd,64,968,0.26677495193377126,0.26677495193377093,3.3306690738754696e-16,0.002144625,0.00594425
rand_spd,64,969,0.26581687429657724,0.2658168742965769,3.3306690738754696e-16,0.0020025,0.005835709
rand_spd,64,970,0.2672683843747233,0.26726838437472306,2.220446049250313e-16,0.002026291,0.005999459
rand_spd,64,971,0.2665156604515437,0.26651566045154323,4.440892098500626e-16,0.002058667,0.005807333
rand_spd,64,972,0.26666698987968024,0.2666669898796798,4.440892098500626e-16,0.002152666,0.005630375
rand_spd,64,973,0.2659675693693923,0.2659675693693921,2.220446049250313e-16,0.002043083,0.00587325
rand_spd,64,974,0.26737162181498897,0.26737162181498864,3.3306690738754696e-16,0.002139042,0.0057675
rand_spd,64,975,0.2678680338538734,0.26786803385387314,2.7755575615628914e-16,0.002079,0.005919083
rand_spd,64,976,0.2657883354779376,0.2657883354779373,3.3306690738754696e-16,0.001961083,0.006545959
rand_spd,64,977,0.26576011609339706,0.26576011609339667,3.885780586188048e-16,0.002141791,0.005767583
rand_spd,64,978,0.2663186502724743,0.266318650272474,3.3306690738754696e-16,0.002137334,0.005728458
rand_spd,64,979,0.2666549700965609,0.26665497009656064,2.7755575615628914e-16,0.002125417,0.005914583
rand_spd,64,980,0.2671529870870803,0.26715298708707996,3.3306690738754696e-16,0.002264916,0.00574275
rand_spd,64,981,0.2662650875230244,0.26626508752302414,2.7755575615628914e-16,0.002051333,0.005523209
rand_spd,64,982,0.2657119243016196,0.2657119243016193,3.3306690738754696e-16,0.001961708,0.00566325
rand_spd,64,983,0.2663093034636133,0.266309303463613,3.3306690738754696e-16,0.0019745,0.005745542
rand_spd,64,984,0.2663234373274949,0.2663234373274946,3.3306690738754696e-16,0.00213925,0.005699083
rand_spd,64,985,0.26636663050328707,0.26636663050328674,3.3306690738754696e-16,0.002035875,0.005837125
rand_spd,64,986,0.26529859616569107,0.2652985961656908,2.7755575615628914e-16,0.001989209,0.005817791
rand_spd,64,987,0.26643762303814394,0.26643762303814356,3.885780586188048e-16,0.002144834,0.0056925
rand_spd,64,988,0.2675795413686378,0.26757954136863743,3.885780586188048e-16,0.002104125,0.005754333
rand_spd,64,989,0.26632579300179215,0.26632579300179193,2.220446049250313e-16,0.001994833,0.005681625
rand_spd,64,990,0.2674949053397454,0.267494905339745,3.885780586188048e-16,0.002186,0.0070995
rand_spd,64,991,0.26669085742531545,0.2666908574253152,2.7755575615628914e-16,0.002140292,0.00587275
rand_spd,64,992,0.26726554921744344,0.26726554921744305,3.885780586188048e-16,0.002118292,0.00591525
rand_spd,64,993,0.2660712559495435,0.2660712559495432,3.3306690738754696e-16,0.002171083,0.005983167
rand_spd,64,994,0.2670491380272649,0.26704913802726454,3.3306690738754696e-16,0.002016583,0.00568875
rand_spd,64,995,0.2661652274691162,0.26616522746911586,3.3306690738754696e-16,0.002200292,0.005814667
rand_spd,64,996,0.26671325872761387,0.26671325872761353,3.3306690738754696e-16,0.003342541,0.006063375
rand_spd,64,997,0.26600644725862316,0.26600644725862277,3.885780586188048e-16,0.0021665,0.005757541
rand_spd,64,998,0.2663289832785232,0.2663289832785229,3.3306690738754696e-16,0.002047375,0.006040542
rand_spd,64,999,0.2669309584794749,0.2669309584794745,3.885780586188048e-16,0.002115542,0.00615225
rand_spd,64,1000,0.26529708572912813,0.26529708572912786,2.7755575615628914e-16,0.002239208,0.005957334
rand_spd,256,1,0.2584945162886854,0.2584945162886845,9.43689570931383e-16,0.00894875,0.024701125
rand_spd,256,2,0.2585061576434835,0.2585061576434826,8.881784197001252e-16,0.00970525,0.024253333
rand_spd,256,3,0.25843475320410186,0.258434753204101,8.881784197001252e-16,0.00892175,0.026642833
rand_spd,256,4,0.2585677382087109,0.25856773820871,8.881784197001252e-16,0.009369583,0.025064333
rand_spd,256,5,0.2585456949987744,0.2585456949987735,8.881784197001252e-16,0.009424458,0.025104167
rand_spd,256,6,0.2584353052388841,0.2584353052388832,8.881784197001252e-16,0.009185458,0.024367125
rand_spd,256,7,0.2583612878643859,0.258361287864385,8.881784197001252e-16,0.008994792,0.024481333
rand_spd,256,8,0.25842711065087615,0.25842711065087526,8.881784197001252e-16,0.00907,0.024048583
rand_spd,256,9,0.2585394721126454,0.2585394721126445,8.881784197001252e-16,0.009109375,0.024600334
rand_spd,256,10,0.2583951315771228,0.2583951315771219,8.881784197001252e-16,0.009590375,0.025001542
rand_spd,256,11,0.2581995823939017,0.25819958239390084,8.881784197001252e-16,0.008694708,0.024722708
rand_spd,256,12,0.25841163760311153,0.25841163760311064,8.881784197001252e-16,0.008731375,0.024318292
rand_spd,256,13,0.2585001000433897,0.25850010004338875,9.43689570931383e-16,0.009289291,0.024934334
rand_spd,256,14,0.2584153736150076,0.2584153736150066,9.992007221626409e-16,0.009704875,0.02547925
rand_spd,256,15,0.25866875153169405,0.25866875153169316,8.881784197001252e-16,0.008935333,0.024436042
rand_spd,256,16,0.25824105882129894,0.25824105882129805,8.881784197001252e-16,0.009819625,0.02492025
rand_spd,256,17,0.25849039815804353,0.25849039815804264,8.881784197001252e-16,0.009662,0.024853583
rand_spd,256,18,0.2583397771119515,0.2583397771119506,8.881784197001252e-16,0.008923083,0.025686625
rand_spd,256,19,0.2582903840617642,0.25829038406176336,8.326672684688674e-16,0.008731583,0.024236875
rand_spd,256,20,0.2585656319892064,0.2585656319892055,8.881784197001252e-16,0.009214167,0.02506475
rand_spd,256,21,0.2581052313559653,0.2581052313559644,8.881784197001252e-16,0.008891416,0.025717625
rand_spd,256,22,0.25826044272390775,0.25826044272390686,8.881784197001252e-16,0.008965792,0.02487675
rand_spd,256,23,0.258399748741491,0.25839974874149,9.992007221626409e-16,0.008714833,0.02432
rand_spd,256,24,0.2583423842021436,0.2583423842021427,8.881784197001252e-16,0.009614917,0.025215125
rand_spd,256,25,0.2584714425059267,0.2584714425059258,8.881784197001252e-16,0.008952709,0.024544
rand_spd,256,26,0.25851888259361255,0.2585188825936117,8.326672684688674e-16,0.009189875,0.029133459
rand_spd,256,27,0.25838477468806614,0.25838477468806526,8.881784197001252e-16,0.009082667,0.0241735
rand_spd,256,28,0.2583449608105838,0.2583449608105829,8.881784197001252e-16,0.009172625,0.0240285
rand_spd,256,29,0.25844359932467215,0.25844359932467126,8.881784197001252e-16,0.00920675,0.023844541
rand_spd,256,30,0.2584121460716442,0.25841214607164337,8.326672684688674e-16,0.009266042,0.026269875
rand_spd,256,31,0.2585291197029974,0.25852911970299647,9.43689570931383e-16,0.009292958,0.024415
rand_spd,256,32,0.2582286907824457,0.25822869078244487,8.326672684688674e-16,0.009291584,0.025857
rand_spd,256,33,0.2583675596577892,0.25836755965778824,9.43689570931383e-16,0.009121541,0.024379459
rand_spd,256,34,0.2584070037456014,0.2584070037456005,8.881784197001252e-16,0.008955,0.024193208
rand_spd,256,35,0.2584583925508423,0.2584583925508414,8.881784197001252e-16,0.009086959,0.027714208
rand_spd,256,36,0.2587219595168448,0.25872195951684385,9.43689570931383e-16,0.008997916,0.0245085
rand_spd,256,37,0.2584693097423915,0.2584693097423906,9.43689570931383e-16,0.009037708,0.023807
rand_spd,256,38,0.25825584646120614,0.25825584646120525,8.881784197001252e-16,0.008991916,0.027047292
rand_spd,256,39,0.25851199986702006,0.25851199986701917,8.881784197001252e-16,0.00997125,0.030838
rand_spd,256,40,0.2587192487744267,0.25871924877442576,9.43689570931383e-16,0.009094917,0.024466959
rand_spd,256,41,0.2584008205610891,0.2584008205610882,8.881784197001252e-16,0.009149125,0.024298542
rand_spd,256,42,0.2583423782902673,0.2583423782902664,8.881784197001252e-16,0.0089925,0.025242333
rand_spd,256,43,0.25809576542802026,0.2580957654280194,8.881784197001252e-16,0.009479041,0.024555375
rand_spd,256,44,0.2581618214386789,0.258161821438678,8.881784197001252e-16,0.013656583,0.024553833
rand_spd,256,45,0.2584552959088501,0.2584552959088492,8.881784197001252e-16,0.008885375,0.024830583
rand_spd,256,46,0.2583674645339011,0.2583674645339002,8.881784197001252e-16,0.009133791,0.027423834
rand_spd,256,47,0.2585982500338036,0.2585982500338027,8.881784197001252e-16,0.008905792,0.02788925
rand_spd,256,48,0.2585099238581668,0.2585099238581659,8.881784197001252e-16,0.008825875,0.024578375
rand_spd,256,49,0.25827561974421614,0.25827561974421526,8.881784197001252e-16,0.009152875,0.026159167
rand_spd,256,50,0.2582260011016103,0.25822600110160937,9.43689570931383e-16,0.009013292,0.025023083
rand_spd,256,51,0.25861453238555526,0.2586145323855544,8.881784197001252e-16,0.0091195,0.025594375
rand_spd,256,52,0.258555719801231,0.2585557198012301,8.881784197001252e-16,0.0090315,0.024625792
rand_spd,256,53,0.2582316723492169,0.258231672349216,8.881784197001252e-16,0.009333708,0.024785667
rand_spd,256,54,0.25855028417738307,0.25855028417738213,9.43689570931383e-16,0.0086675,0.024680042
rand_spd,256,55,0.2581525672756176,0.2581525672756167,8.881784197001252e-16,0.009393375,0.025676583
rand_spd,256,56,0.2585202817324632,0.2585202817324623,9.43689570931383e-16,0.009025458,0.028626875
rand_spd,256,57,0.2587165078886603,0.2587165078886594,8.881784197001252e-16,0.009215458,0.024602875
rand_spd,256,58,0.25824235411083324,0.25824235411083235,8.881784197001252e-16,0.009053042,0.024758041
rand_spd,256,59,0.25824785254917937,0.2582478525491785,8.881784197001252e-16,0.009209208,0.024794792
rand_spd,256,60,0.2585965729811729,0.258596572981172,8.881784197001252e-16,0.009052166,0.024670417
rand_spd,256,61,0.25830234300534305,0.25830234300534216,8.881784197001252e-16,0.008952708,0.024502417
rand_spd,256,62,0.25816424505172364,0.25816424505172275,8.881784197001252e-16,0.009270416,0.024603334
rand_spd,256,63,0.25840468920680243,0.25840468920680154,8.881784197001252e-16,0.009279958,0.024634834
rand_spd,256,64,0.25851007376223784,0.25851007376223684,9.992007221626409e-16,0.008906625,0.0244915
rand_spd,256,65,0.25830563181004035,0.25830563181003946,8.881784197001252e-16,0.008965958,0.02480975
rand_spd,256,66,0.2582052645255362,0.2582052645255353,8.881784197001252e-16,0.008922042,0.024690917
rand_spd,256,67,0.2583718311818472,0.25837183118184637,8.326672684688674e-16,0.009572708,0.024938334
rand_spd,256,68,0.2586005979920738,0.25860059799207297,8.326672684688674e-16,0.011229125,0.024657708
rand_spd,256,69,0.2586108458929396,0.2586108458929387,8.881784197001252e-16,0.009044791,0.024608167
rand_spd,256,70,0.25837289712830475,0.25837289712830386,8.881784197001252e-16,0.009252917,0.024480417
rand_spd,256,71,0.25855060445883365,0.25855060445883277,8.881784197001252e-16,0.008915792,0.024511917
rand_spd,256,72,0.25864114888377393,0.25864114888377304,8.881784197001252e-16,0.012905333,0.025769042
rand_spd,256,73,0.25869395819401736,0.25869395819401647,8.881784197001252e-16,0.009163625,0.026824542
rand_spd,256,74,0.258634088350428,0.2586340883504271,8.881784197001252e-16,0.009329959,0.024202416
rand_spd,256,75,0.2585502865904433,0.25855028659044244,8.881784197001252e-16,0.009265208,0.02413775
rand_spd,256,76,0.2583061694463015,0.25830616944630064,8.881784197001252e-16,0.009103166,0.024387959
rand_spd,256,77,0.25842751934007857,0.2584275193400776,9.43689570931383e-16,0.009032916,0.031056333
rand_spd,256,78,0.2583146751991631,0.2583146751991622,9.43689570931383e-16,0.00888875,0.0241945
rand_spd,256,79,0.2582647362042926,0.2582647362042917,8.881784197001252e-16,0.009121458,0.024473792
rand_spd,256,80,0.2582749689853535,0.25827496898535257,9.43689570931383e-16,0.0087705,0.0323715
rand_spd,256,81,0.25826241234112635,0.2582624123411255,8.326672684688674e-16,0.009982916,0.024188209
rand_spd,256,82,0.2584642373302926,0.2584642373302918,8.326672684688674e-16,0.008816875,0.023956458
rand_spd,256,83,0.2582442266918234,0.2582442266918225,8.881784197001252e-16,0.008969833,0.025270334
rand_spd,256,84,0.2586999325065958,0.2586999325065949,8.881784197001252e-16,0.00903925,0.024487917
rand_spd,256,85,0.2584068441291219,0.25840684412912107,8.326672684688674e-16,0.00916125,0.024423
rand_spd,256,86,0.2584608806432932,0.2584608806432923,8.881784197001252e-16,0.008989291,0.024786417
rand_spd,256,87,0.2586126648664811,0.2586126648664802,8.881784197001252e-16,0.009317583,0.024926208
rand_spd,256,88,0.2584612329694695,0.2584612329694686,8.881784197001252e-16,0.009267458,0.024801416
rand_spd,256,89,0.2581612490956923,0.25816124909569144,8.881784197001252e-16,0.008891417,0.024317166
rand_spd,256,90,0.2585786769026363,0.2585786769026354,8.881784197001252e-16,0.009108792,0.024358875
rand_spd,256,91,0.2584990876072298,0.2584990876072289,8.881784197001252e-16,0.016832166,0.0288065
rand_spd,256,92,0.2584894020404323,0.2584894020404314,8.881784197001252e-16,0.009686958,0.024791042
rand_spd,256,93,0.2586183297612943,0.2586183297612934,8.881784197001252e-16,0.009226791,0.02450125
rand_spd,256,94,0.25835277439083515,0.25835277439083426,8.881784197001252e-16,0.009276875,0.027155708
rand_spd,256,95,0.2582354215516726,0.2582354215516718,8.326672684688674e-16,0.009081625,0.027539917
rand_spd,256,96,0.25819966735022626,0.2581996673502254,8.326672684688674e-16,0.008635916,0.024495125
rand_spd,256,97,0.2585966996278975,0.25859669962789655,9.43689570931383e-16,0.018694583,0.024628458
rand_spd,256,98,0.2584037481900455,0.25840374819004464,8.881784197001252e-16,0.008903875,0.024187125
rand_spd,256,99,0.25848883651499793,0.25848883651499704,8.881784197001252e-16,0.009211542,0.025446792
rand_spd,256,100,0.2582630184754378,0.25826301847543687,9.43689570931383e-16,0.009011,0.026244167
rand_spd,256,101,0.25839177607662417,0.2583917760766233,8.881784197001252e-16,0.009408875,0.024159667
rand_spd,256,102,0.2583553925709292,0.2583553925709283,8.881784197001252e-16,0.008898792,0.024025833
rand_spd,256,103,0.25850564076529486,0.25850564076529403,8.326672684688674e-16,0.008517167,0.027820167
rand_spd,256,104,0.2586174165226631,0.25861741652266224,8.881784197001252e-16,0.009113958,0.024418917
rand_spd,256,105,0.25848907918546604,0.25848907918546515,8.881784197001252e-16,0.008499542,0.024050541
rand_spd,256,106,0.25867413523974786,0.2586741352397469,9.43689570931383e-16,0.00950275,0.034137916
rand_spd,256,107,0.25824481274855543,0.2582448127485546,8.326672684688674e-16,0.009248042,0.024485292
rand_spd,256,108,0.2585715545687383,0.2585715545687374,8.881784197001252e-16,0.008988125,0.024216542
rand_spd,256,109,0.2581597371405269,0.25815973714052604,8.881784197001252e-16,0.00913625,0.024352916
rand_spd,256,110,0.2584780265923185,0.25847802659231756,9.43689570931383e-16,0.008878,0.029562375
rand_spd,256,111,0.2584874625380185,0.25848746253801763,8.881784197001252e-16,0.008998208,0.023806792
rand_spd,256,112,0.2582575786681054,0.2582575786681045,8.881784197001252e-16,0.009593541,0.024686417
rand_spd,256,113,0.2583781852391297,0.25837818523912887,8.326672684688674e-16,0.010777959,0.024597958
rand_spd,256,114,0.2582816275031297,0.25828162750312883,8.881784197001252e-16,0.00908475,0.02473825
rand_spd,256,115,0.25852330112420757,0.25852330112420674,8.326672684688674e-16,0.009273042,0.024334167
rand_spd,256,116,0.2585128129952301,0.2585128129952292,8.881784197001252e-16,0.008963041,0.024780125
rand_spd,256,117,0.2583501355097941,0.2583501355097932,8.881784197001252e-16,0.0087255,0.024162708
rand_spd,256,118,0.25859975006988684,0.25859975006988595,8.881784197001252e-16,0.009439125,0.026151333
rand_spd,256,119,0.2584343430807978,0.258434343080797,8.326672684688674e-16,0.010769042,0.024787875
rand_spd,256,120,0.25834737674119934,0.25834737674119845,8.881784197001252e-16,0.009058125,0.024258083
rand_spd,256,121,0.25835667448470756,0.25835667448470667,8.881784197001252e-16,0.009355708,0.026735208
rand_spd,256,122,0.25831510939565844,0.25831510939565755,8.881784197001252e-16,0.008934208,0.024616833
rand_spd,256,123,0.2582322357041891,0.25823223570418813,9.43689570931383e-16,0.008976584,0.02423825
rand_spd,256,124,0.25840483785042295,0.25840483785042206,8.881784197001252e-16,0.00961525,0.025383125
rand_spd,256,125,0.25842433931465997,0.2584243393146591,8.881784197001252e-16,0.009387125,0.024459375
rand_spd,256,126,0.25841065715723094,0.25841065715723005,8.881784197001252e-16,0.009374208,0.024383042
rand_spd,256,127,0.2584640019021904,0.2584640019021895,8.881784197001252e-16,0.009156333,0.024129875
rand_spd,256,128,0.25837356311492354,0.2583735631149226,9.43689570931383e-16,0.009127167,0.024942
rand_spd,256,129,0.25828106549378077,0.2582810654937799,8.881784197001252e-16,0.009148208,0.02491075
rand_spd,256,130,0.2583118083572938,0.2583118083572929,8.881784197001252e-16,0.009444166,0.02531225
rand_spd,256,131,0.25863344578485464,0.2586334457848537,9.43689570931383e-16,0.009487584,0.025926916
rand_spd,256,132,0.25837666885522587,0.258376668855225,8.881784197001252e-16,0.008924292,0.0248825
rand_spd,256,133,0.25847249812378376,0.25847249812378287,8.881784197001252e-16,0.00919025,0.024735
rand_spd,256,134,0.25843983006388854,0.25843983006388765,8.881784197001252e-16,0.009419292,0.026572292
rand_spd,256,135,0.25823259525207076,0.2582325952520699,8.881784197001252e-16,0.009153458,0.025003917
rand_spd,256,136,0.2580654900317179,0.258065490031717,8.881784197001252e-16,0.00946675,0.025046666
rand_spd,256,137,0.258316087796709,0.2583160877967081,8.881784197001252e-16,0.009077084,0.025301875
rand_spd,256,138,0.25841521815924756,0.2584152181592467,8.881784197001252e-16,0.009454834,0.025180666
rand_spd,256,139,0.25824721462305605,0.25824721462305517,8.881784197001252e-16,0.009238584,0.025027291
rand_spd,256,140,0.25841480327646865,0.2584148032764677,9.43689570931383e-16,0.009129042,0.024957291
rand_spd,256,141,0.2581903275096823,0.25819032750968146,8.326672684688674e-16,0.009322833,0.025884958
rand_spd,256,142,0.25842284689581035,0.25842284689580947,8.881784197001252e-16,0.008976417,0.024817208
rand_spd,256,143,0.25852408910546637,0.2585240891054655,8.881784197001252e-16,0.009130375,0.026693291
rand_spd,256,144,0.25858148815401477,0.2585814881540139,8.881784197001252e-16,0.009306833,0.025730041
rand_spd,256,145,0.25862012662116385,0.2586201266211629,9.43689570931383e-16,0.009074542,0.025201042
rand_spd,256,146,0.2583053523162406,0.2583053523162397,8.881784197001252e-16,0.008902875,0.024466292
rand_spd,256,147,0.2585244925479212,0.2585244925479203,8.881784197001252e-16,0.009046125,0.024759833
rand_spd,256,148,0.25831811855425046,0.2583181185542496,8.881784197001252e-16,0.009033917,0.026598708
rand_spd,256,149,0.2584803951499535,0.25848039514995264,8.881784197001252e-16,0.008964541,0.02442425
rand_spd,256,150,0.25860540883115163,0.25860540883115074,8.881784197001252e-16,0.009223833,0.024969958
rand_spd,256,151,0.2582995756858142,0.2582995756858133,8.881784197001252e-16,0.010952791,0.024636292
rand_spd,256,152,0.25861668454994563,0.25861668454994474,8.881784197001252e-16,0.00907,0.0249975
rand_spd,256,153,0.25842227967327264,0.25842227967327175,8.881784197001252e-16,0.008561125,0.025017333
rand_spd,256,154,0.2585578886005855,0.2585578886005846,8.881784197001252e-16,0.009137791,0.02893175
rand_spd,256,155,0.25838101696968924,0.25838101696968835,8.881784197001252e-16,0.00883175,0.024267375
rand_spd,256,156,0.25844165330707064,0.25844165330706975,8.881784197001252e-16,0.008946208,0.032931958
rand_spd,256,157,0.25846928290462917,0.2584692829046283,8.881784197001252e-16,0.009128916,0.024972875
rand_spd,256,158,0.25838594809561766,0.2583859480956167,9.43689570931383e-16,0.009166917,0.0249255
rand_spd,256,159,0.2582963820343848,0.25829638203438393,8.881784197001252e-16,0.009092375,0.0249555
rand_spd,256,160,0.2581685523498512,0.2581685523498503,8.881784197001252e-16,0.009082667,0.024786875
rand_spd,256,161,0.2585640722515115,0.2585640722515106,8.881784197001252e-16,0.009110667,0.025083208
rand_spd,256,162,0.2584395322849737,0.25843953228497274,9.43689570931383e-16,0.00876875,0.024783958
rand_spd,256,163,0.2586460824674843,0.2586460824674834,8.881784197001252e-16,0.009372542,0.025272667
rand_spd,256,164,0.2584677566814571,0.2584677566814562,8.881784197001252e-16,0.009187667,0.02486725
rand_spd,256,165,0.2583301984534336,0.2583301984534328,7.771561172376096e-16,0.009017875,0.024745791
rand_spd,256,166,0.2583967415134912,0.2583967415134903,8.881784197001252e-16,0.009058375,0.024753417
rand_spd,256,167,0.25874597367256047,0.2587459736725595,9.43689570931383e-16,0.009178333,0.033148333
rand_spd,256,168,0.2585006169893926,0.2585006169893917,8.881784197001252e-16,0.009160958,0.024835625
rand_spd,256,169,0.258042211124587,0.2580422111245861,8.881784197001252e-16,0.009253875,0.025069041
rand_spd,256,170,0.25820406527965295,0.25820406527965206,8.881784197001252e-16,0.008884333,0.024935583
rand_spd,256,171,0.2584758277207536,0.2584758277207527,8.881784197001252e-16,0.009420458,0.026781167
rand_spd,256,172,0.2583812034615778,0.2583812034615769,8.881784197001252e-16,0.009193583,0.024624625
rand_spd,256,173,0.2583712981598161,0.25837129815981513,9.43689570931383e-16,0.008977,0.024874541
rand_spd,256,174,0.25855062172567006,0.25855062172566917,8.881784197001252e-16,0.009208,0.026076833
rand_spd,256,175,0.25840132380880626,0.25840132380880537,8.881784197001252e-16,0.008917041,0.024862584
rand_spd,256,176,0.2584900342869509,0.25849003428695,8.881784197001252e-16,0.009365791,0.025077875
rand_spd,256,177,0.2584217489929413,0.2584217489929404,8.881784197001252e-16,0.009043959,0.027858292
rand_spd,256,178,0.25849023156409406,0.2584902315640932,8.881784197001252e-16,0.009178625,0.025568083
rand_spd,256,179,0.25810609481785163,0.25810609481785074,8.881784197001252e-16,0.009136375,0.02440175
rand_spd,256,180,0.2584936541268627,0.2584936541268618,8.881784197001252e-16,0.009156833,0.025321083
rand_spd,256,181,0.2585326200795079,0.258532620079507,8.881784197001252e-16,0.009209834,0.025062291
rand_spd,256,182,0.258333336857167,0.2583333368571661,8.881784197001252e-16,0.00920325,0.025149083
rand_spd,256,183,0.2585450247927235,0.2585450247927226,8.881784197001252e-16,0.008912458,0.02463725
rand_spd,256,184,0.25845164737486154,0.25845164737486065,8.881784197001252e-16,0.0087275,0.025597458
rand_spd,256,185,0.2583544294938434,0.2583544294938425,8.881784197001252e-16,0.009167958,0.026623
rand_spd,256,186,0.2582610485385042,0.25826104853850335,8.326672684688674e-16,0.008971917,0.024805334
rand_spd,256,187,0.2583394630844509,0.25833946308445,8.881784197001252e-16,0.00883425,0.02518325
rand_spd,256,188,0.25848800113438103,0.25848800113438014,8.881784197001252e-16,0.008732291,0.025970625
rand_spd,256,189,0.25880498432721216,0.2588049843272113,8.881784197001252e-16,0.008934958,0.024827208
rand_spd,256,190,0.258217604277382,0.2582176042773811,8.881784197001252e-16,0.008963708,0.024611833
rand_spd,256,191,0.25847810031899143,0.25847810031899054,8.881784197001252e-16,0.009113792,0.024492958
rand_spd,256,192,0.25839773919707987,0.258397739197079,8.881784197001252e-16,0.009098792,0.0329765
rand_spd,256,193,0.2583701664107734,0.25837016641077254,8.881784197001252e-16,0.008831834,0.024738167
rand_spd,256,194,0.2582416189152881,0.25824161891528713,9.43689570931383e-16,0.009130292,0.0246115
rand_spd,256,195,0.25844075781570136,0.25844075781570053,8.326672684688674e-16,0.009149625,0.024623708
rand_spd,256,196,0.258676087354352,0.25867608735435105,9.43689570931383e-16,0.008933542,0.024743666
rand_spd,256,197,0.2585049993568114,0.25850499935681054,8.881784197001252e-16,0.009311167,0.024545583
rand_spd,256,198,0.258660226727627,0.2586602267276262,8.326672684688674e-16,0.009103458,0.024408292
rand_spd,256,199,0.25844170813658474,0.2584417081365838,9.43689570931383e-16,0.008766834,0.024414583
rand_spd,256,200,0.2586202163824061,0.25862021638240523,8.881784197001252e-16,0.009878792,0.024195291
rand_spd,256,201,0.25828962805475325,0.25828962805475236,8.881784197001252e-16,0.009087125,0.024658667
rand_spd,256,202,0.25849140739028403,0.25849140739028315,8.881784197001252e-16,0.009088458,0.026037375
rand_spd,256,203,0.2587577978919226,0.2587577978919217,8.881784197001252e-16,0.00947325,0.02455925
rand_spd,256,204,0.25840944041953157,0.2584094404195307,8.881784197001252e-16,0.009249666,0.024342667
rand_spd,256,205,0.2581898874655189,0.258189887465518,8.881784197001252e-16,0.009184209,0.02574725
rand_spd,256,206,0.2582286729066489,0.258228672906648,8.881784197001252e-16,0.00911725,0.024813125
rand_spd,256,207,0.25828999666777125,0.2582899966677704,8.326672684688674e-16,0.009539084,0.024800041
rand_spd,256,208,0.25819534527297433,0.2581953452729734,9.43689570931383e-16,0.008972666,0.024360084
rand_spd,256,209,0.25812483633941186,0.25812483633941097,8.881784197001252e-16,0.009281542,0.024539083
rand_spd,256,210,0.25846685429511135,0.25846685429511046,8.881784197001252e-16,0.009114583,0.029443875
rand_spd,256,211,0.2583540684796483,0.25835406847964737,9.43689570931383e-16,0.009170333,0.024904334
rand_spd,256,212,0.2582451762002001,0.2582451762001992,8.881784197001252e-16,0.00914375,0.033145959
rand_spd,256,213,0.25860024224694905,0.2586002422469481,9.43689570931383e-16,0.009083125,0.024077208
rand_spd,256,214,0.2584855864580025,0.2584855864580016,8.881784197001252e-16,0.009255292,0.028429333
rand_spd,256,215,0.25836178808248605,0.25836178808248517,8.881784197001252e-16,0.010937167,0.024185
rand_spd,256,216,0.25817821335295843,0.2581782133529575,9.43689570931383e-16,0.00915375,0.024340541
rand_spd,256,217,0.2585912011395883,0.2585912011395874,8.881784197001252e-16,0.009819875,0.024483333
rand_spd,256,218,0.25833572406154975,0.2583357240615489,8.326672684688674e-16,0.009197334,0.024701375
rand_spd,256,219,0.25833632679495316,0.2583363267949523,8.881784197001252e-16,0.008606625,0.026593042
rand_spd,256,220,0.2583364463680446,0.2583364463680437,8.881784197001252e-16,0.009232417,0.024256959
rand_spd,256,221,0.25871408327732903,0.25871408327732814,8.881784197001252e-16,0.010020625,0.024528208
rand_spd,256,222,0.25829953925347066,0.25829953925346977,8.881784197001252e-16,0.008810667,0.024382833
rand_spd,256,223,0.2583705728930656,0.2583705728930647,8.881784197001252e-16,0.009094708,0.0249715
rand_spd,256,224,0.2583741163740429,0.258374116374042,8.881784197001252e-16,0.008929,0.024140333
rand_spd,256,225,0.2585141842188756,0.25851418421887473,8.881784197001252e-16,0.008952375,0.024657
rand_spd,256,226,0.25864372053395185,0.2586437205339509,9.43689570931383e-16,0.00898675,0.024927416
rand_spd,256,227,0.2581789697453362,0.25817896974533533,8.881784197001252e-16,0.009110667,0.0315125
rand_spd,256,228,0.2581787375829323,0.2581787375829314,8.881784197001252e-16,0.009073334,0.024097083
rand_spd,256,229,0.2585834887692536,0.2585834887692528,7.771561172376096e-16,0.008971667,0.024284875
rand_spd,256,230,0.2588605173243651,0.25886051732436416,9.43689570931383e-16,0.008984833,0.02432475
rand_spd,256,231,0.2584239324581276,0.2584239324581267,8.881784197001252e-16,0.009253917,0.023964542
rand_spd,256,232,0.258476372634748,0.25847637263474704,9.43689570931383e-16,0.009026,0.023840875
rand_spd,256,233,0.25844710073600224,0.2584471007360013,9.43689570931383e-16,0.009111417,0.028301958
rand_spd,256,234,0.2585061018691421,0.2585061018691412,8.881784197001252e-16,0.008876667,0.024502416
rand_spd,256,235,0.25830218184855097,0.25830218184855,9.43689570931383e-16,0.008959209,0.023778541
rand_spd,256,236,0.2584406576415737,0.2584406576415728,8.881784197001252e-16,0.00903675,0.024801208
rand_spd,256,237,0.2585850917207932,0.2585850917207923,8.881784197001252e-16,0.009206208,0.026208375
rand_spd,256,238,0.25818795733566774,0.25818795733566685,8.881784197001252e-16,0.009091416,0.024273084
rand_spd,256,239,0.25844616201864684,0.2584461620186459,9.43689570931383e-16,0.009059291,0.024427292
rand_spd,256,240,0.258676062769951,0.2586760627699501,8.881784197001252e-16,0.008971334,0.024555708
rand_spd,256,241,0.2583955428464276,0.25839554284642674,8.326672684688674e-16,0.008764042,0.02436125
rand_spd,256,242,0.25832805933266495,0.25832805933266406,8.881784197001252e-16,0.009113334,0.03314825
rand_spd,256,243,0.2586729727840909,0.25867297278409007,8.326672684688674e-16,0.008983417,0.024312167
rand_spd,256,244,0.25844230750808544,0.2584423075080846,8.326672684688674e-16,0.008892667,0.025776041
rand_spd,256,245,0.25820096685074617,0.2582009668507453,8.881784197001252e-16,0.008872875,0.024352375
rand_spd,256,246,0.25864483421204415,0.25864483421204326,8.881784197001252e-16,0.008833375,0.0287515
rand_spd,256,247,0.258492205189194,0.25849220518919314,8.881784197001252e-16,0.009043625,0.024361583
rand_spd,256,248,0.25836660611715967,0.2583666061171588,8.881784197001252e-16,0.009104167,0.023792458
rand_spd,256,249,0.2581906053027356,0.2581906053027347,8.881784197001252e-16,0.008803959,0.023745041
rand_spd,256,250,0.25850163802894105,0.25850163802894016,8.881784197001252e-16,0.0088025,0.033475084
rand_spd,256,251,0.2585397688085069,0.258539768808506,8.881784197001252e-16,0.009251,0.023829917
rand_spd,256,252,0.2587324106355029,0.258732410635502,8.881784197001252e-16,0.009234542,0.025413875
rand_spd,256,253,0.2585067397124153,0.2585067397124144,8.881784197001252e-16,0.008997583,0.026588583
rand_spd,256,254,0.25832400157059043,0.2583240015705896,8.326672684688674e-16,0.00907925,0.02432925
rand_spd,256,255,0.25863155241630964,0.2586315524163087,9.43689570931383e-16,0.008860916,0.024343375
rand_spd,256,256,0.25824475107655304,0.25824475107655215,8.881784197001252e-16,0.009029167,0.024032
rand_spd,256,257,0.2583902202303526,0.2583902202303518,7.771561172376096e-16,0.008834791,0.0238895
rand_spd,256,258,0.25831086084721916,0.25831086084721827,8.881784197001252e-16,0.009186084,0.024101125
rand_spd,256,259,0.2583833861612929,0.25838338616129203,8.881784197001252e-16,0.009097834,0.033170167
rand_spd,256,260,0.25841178357646144,0.25841178357646055,8.881784197001252e-16,0.009008,0.024242292
rand_spd,256,261,0.2582848549253201,0.2582848549253192,8.881784197001252e-16,0.009000958,0.024604625
rand_spd,256,262,0.25862724879124177,0.25862724879124094,8.326672684688674e-16,0.009093875,0.024259125
rand_spd,256,263,0.25856953599358357,0.2585695359935827,8.881784197001252e-16,0.008875958,0.0243585
rand_spd,256,264,0.2582801911912406,0.25828019119123974,8.881784197001252e-16,0.00914775,0.023783959
rand_spd,256,265,0.25850216636600903,0.25850216636600815,8.881784197001252e-16,0.008968667,0.024450667
rand_spd,256,266,0.2584575340422708,0.2584575340422699,8.881784197001252e-16,0.008767292,0.024339916
rand_spd,256,267,0.25850977657090074,0.25850977657089974,9.992007221626409e-16,0.009128708,0.025667917
rand_spd,256,268,0.2583683852205306,0.25836838522052974,8.881784197001252e-16,0.008751542,0.024249084
rand_spd,256,269,0.2584821096379417,0.2584821096379408,8.881784197001252e-16,0.008918042,0.024302375
rand_spd,256,270,0.2586074610408018,0.2586074610408009,8.881784197001252e-16,0.008874708,0.028396292
rand_spd,256,271,0.25852502874879907,0.2585250287487982,8.881784197001252e-16,0.009269875,0.024641584
rand_spd,256,272,0.25836875645908536,0.25836875645908447,8.881784197001252e-16,0.009139,0.024719
rand_spd,256,273,0.25858938143036386,0.258589381430363,8.881784197001252e-16,0.009293125,0.023738333
rand_spd,256,274,0.2584678348669959,0.258467834866995,9.43689570931383e-16,0.00926075,0.026726583
rand_spd,256,275,0.258476806406509,0.2584768064065081,8.881784197001252e-16,0.009533667,0.024373625
rand_spd,256,276,0.2583266403901458,0.2583266403901448,9.992007221626409e-16,0.009035166,0.024161625
rand_spd,256,277,0.25867265487375085,0.25867265487374996,8.881784197001252e-16,0.009036542,0.023908958
rand_spd,256,278,0.25850156644697003,0.25850156644696914,8.881784197001252e-16,0.009196292,0.024063083
rand_spd,256,279,0.2583820334276692,0.2583820334276683,8.881784197001252e-16,0.009030833,0.023900625
rand_spd,256,280,0.2586008921274871,0.2586008921274862,8.881784197001252e-16,0.009387791,0.03078225
rand_spd,256,281,0.25837647407174263,0.25837647407174175,8.881784197001252e-16,0.009170083,0.024419208
rand_spd,256,282,0.2585391234477744,0.25853912344777347,9.43689570931383e-16,0.008954375,0.024349333
rand_spd,256,283,0.25829067222342794,0.2582906722234271,8.326672684688674e-16,0.009049833,0.02462975
rand_spd,256,284,0.25827714029780385,0.25827714029780297,8.881784197001252e-16,0.008843875,0.033380792
rand_spd,256,285,0.2584542956527605,0.2584542956527596,8.881784197001252e-16,0.008819959,0.024498792
rand_spd,256,286,0.2582084165694799,0.25820841656947896,9.43689570931383e-16,0.008791459,0.024527041
rand_spd,256,287,0.25845205590149317,0.2584520559014923,8.881784197001252e-16,0.009330875,0.024398625
rand_spd,256,288,0.2582931260860931,0.25829312608609223,8.881784197001252e-16,0.008970375,0.024619875
rand_spd,256,289,0.25844714400013274,0.25844714400013186,8.881784197001252e-16,0.009018167,0.024199875
rand_spd,256,290,0.25819238220904217,0.2581923822090412,9.43689570931383e-16,0.00896225,0.024604375
rand_spd,256,291,0.25833083435303844,0.25833083435303755,8.881784197001252e-16,0.009269208,0.024008042
rand_spd,256,292,0.25835479824727947,0.2583547982472785,9.43689570931383e-16,0.009123917,0.02415025
rand_spd,256,293,0.2586134702873409,0.25861347028734,8.881784197001252e-16,0.009115167,0.026242375
rand_spd,256,294,0.2585160781419024,0.2585160781419016,8.326672684688674e-16,0.009113959,0.024380083
rand_spd,256,295,0.25861010227319464,0.25861010227319386,7.771561172376096e-16,0.009128666,0.023634458
rand_spd,256,296,0.25817705047485434,0.25817705047485345,8.881784197001252e-16,0.009193667,0.027837958
rand_spd,256,297,0.2583425842567267,0.2583425842567258,8.881784197001252e-16,0.009012708,0.024191291
rand_spd,256,298,0.2583928250030559,0.258392825003055,8.881784197001252e-16,0.008757,0.0294695
rand_spd,256,299,0.2583711189354934,0.2583711189354925,8.881784197001252e-16,0.009238583,0.024251375
rand_spd,256,300,0.2582787297268983,0.2582787297268974,8.881784197001252e-16,0.008749833,0.024321209
rand_spd,256,301,0.2584687689152332,0.2584687689152323,8.881784197001252e-16,0.009033,0.024604791
rand_spd,256,302,0.2586281111194913,0.2586281111194904,8.881784197001252e-16,0.00894875,0.024389167
rand_spd,256,303,0.2585140208755443,0.2585140208755434,8.881784197001252e-16,0.008986125,0.024757458
rand_spd,256,304,0.25833810971161847,0.2583381097116175,9.43689570931383e-16,0.00890475,0.0238635
rand_spd,256,305,0.2583798543040839,0.258379854304083,8.881784197001252e-16,0.009270875,0.024568959
rand_spd,256,306,0.2582881545483504,0.2582881545483495,8.881784197001252e-16,0.009844375,0.029923125
rand_spd,256,307,0.2584063481009951,0.2584063481009942,8.881784197001252e-16,0.008982167,0.024069542
rand_spd,256,308,0.2588087828378524,0.2588087828378515,8.881784197001252e-16,0.008971,0.024289042
rand_spd,256,309,0.25832334551401875,0.2583233455140179,8.326672684688674e-16,0.009186875,0.025755791
rand_spd,256,310,0.25860876336412847,0.2586087633641276,8.881784197001252e-16,0.008995208,0.0240315
rand_spd,256,311,0.2583225058308078,0.2583225058308069,8.881784197001252e-16,0.008819833,0.024789417
rand_spd,256,312,0.25841718857684587,0.258417188576845,8.881784197001252e-16,0.009678416,0.025049042
rand_spd,256,313,0.2583272346310088,0.25832723463100793,8.881784197001252e-16,0.009028042,0.024454292
rand_spd,256,314,0.2582310806111512,0.25823108061115035,8.326672684688674e-16,0.009392167,0.031537792
rand_spd,256,315,0.25820759399202037,0.2582075939920195,8.881784197001252e-16,0.009184542,0.025163708
rand_spd,256,316,0.25862224630088426,0.2586222463008834,8.881784197001252e-16,0.0092915,0.024896834
rand_spd,256,317,0.2581569917115966,0.25815699171159573,8.881784197001252e-16,0.009175667,0.02405975
rand_spd,256,318,0.2582663507220842,0.2582663507220833,8.881784197001252e-16,0.008936625,0.024292084
rand_spd,256,319,0.2584145403399621,0.2584145403399612,8.881784197001252e-16,0.009134,0.024324375
rand_spd,256,320,0.258698829844039,0.25869882984403814,8.881784197001252e-16,0.00923775,0.024628958
rand_spd,256,321,0.25866716914174986,0.258667169141749,8.881784197001252e-16,0.008755625,0.024634125
rand_spd,256,322,0.25839434413981305,0.25839434413981216,8.881784197001252e-16,0.009228458,0.033228666
rand_spd,256,323,0.25855187985190525,0.25855187985190436,8.881784197001252e-16,0.008942584,0.026547458
rand_spd,256,324,0.258405379028673,0.25840537902867206,9.43689570931383e-16,0.009273792,0.024056792
rand_spd,256,325,0.25852338302720285,0.258523383027202,8.326672684688674e-16,0.008711292,0.026305208
rand_spd,256,326,0.2582943513342132,0.25829435133421236,8.326672684688674e-16,0.009073417,0.024406583
rand_spd,256,327,0.25825944791494004,0.25825944791493916,8.881784197001252e-16,0.008702916,0.024687792
rand_spd,256,328,0.25828902746421206,0.2582890274642112,8.881784197001252e-16,0.008864458,0.024743583
rand_spd,256,329,0.25855999766861737,0.2585599976686165,8.881784197001252e-16,0.008847166,0.023824084
rand_spd,256,330,0.258468613168158,0.2584686131681571,8.881784197001252e-16,0.00883425,0.024579625
rand_spd,256,331,0.2581586039811365,0.2581586039811356,8.881784197001252e-16,0.009104292,0.026032542
rand_spd,256,332,0.25865329579147217,0.2586532957914712,9.43689570931383e-16,0.009453708,0.024778458
rand_spd,256,333,0.258441438922602,0.25844143892260113,8.881784197001252e-16,0.008939958,0.023845875
rand_spd,256,334,0.2583895607320084,0.2583895607320075,9.43689570931383e-16,0.008978791,0.024246209
rand_spd,256,335,0.2583203029698741,0.25832030296987324,8.881784197001252e-16,0.009078417,0.024497333
rand_spd,256,336,0.2583929269200249,0.258392926920024,8.881784197001252e-16,0.008936833,0.024050042
rand_spd,256,337,0.2581367640779469,0.258136764077946,8.881784197001252e-16,0.009390458,0.025223333
rand_spd,256,338,0.25837983301472733,0.2583798330147264,9.43689570931383e-16,0.009309,0.024790167
rand_spd,256,339,0.2583929967836118,0.2583929967836109,8.881784197001252e-16,0.008837209,0.024219166
rand_spd,256,340,0.2586394101092409,0.25863941010924,8.881784197001252e-16,0.009153958,0.023738084
rand_spd,256,341,0.2584900048259053,0.2584900048259044,8.881784197001252e-16,0.009098792,0.02404875
rand_spd,256,342,0.258267193408311,0.2582671934083101,8.881784197001252e-16,0.00860075,0.023976333
rand_spd,256,343,0.25813894854305125,0.25813894854305036,8.881784197001252e-16,0.009129375,0.023801417
rand_spd,256,344,0.25830327608141385,0.25830327608141296,8.881784197001252e-16,0.009237459,0.025136333
rand_spd,256,345,0.25837343389873285,0.25837343389873196,8.881784197001252e-16,0.009138167,0.024901291
rand_spd,256,346,0.25831486388896713,0.25831486388896624,8.881784197001252e-16,0.009100958,0.023818958
rand_spd,256,347,0.25838742352908023,0.2583874235290793,9.43689570931383e-16,0.00889375,0.031861666
rand_spd,256,348,0.25839881982389407,0.2583988198238932,8.881784197001252e-16,0.009004917,0.023855583
rand_spd,256,349,0.2585290617358909,0.25852906173589,8.881784197001252e-16,0.009073625,0.024161291
rand_spd,256,350,0.2583751677094909,0.25837516770949004,8.881784197001252e-16,0.009081833,0.02400925
rand_spd,256,351,0.2585659407872219,0.258565940787221,8.881784197001252e-16,0.009269833,0.029700625
rand_spd,256,352,0.2584099568645133,0.2584099568645124,8.881784197001252e-16,0.009124875,0.02398925
rand_spd,256,353,0.25830511782790894,0.25830511782790805,8.881784197001252e-16,0.009105833,0.023883
rand_spd,256,354,0.2585204976324866,0.25852049763248575,8.326672684688674e-16,0.009053916,0.0240215
rand_spd,256,355,0.25860129141739724,0.25860129141739624,9.992007221626409e-16,0.009492458,0.023923875
rand_spd,256,356,0.2584806025665462,0.2584806025665453,8.881784197001252e-16,0.008983167,0.024005291
rand_spd,256,357,0.2583471397688241,0.25834713976882323,8.881784197001252e-16,0.008839542,0.024547625
rand_spd,256,358,0.25843098673642634,0.25843098673642545,8.881784197001252e-16,0.009279458,0.024841167
rand_spd,256,359,0.25825715662551,0.25825715662550913,8.881784197001252e-16,0.0087545,0.024374041
rand_spd,256,360,0.25844492473807906,0.2584449247380782,8.881784197001252e-16,0.008928542,0.023873458
rand_spd,256,361,0.2585467571399376,0.25854675713993674,8.326672684688674e-16,0.009013333,0.023773792
rand_spd,256,362,0.25862482944946863,0.25862482944946774,8.881784197001252e-16,0.009002292,0.024130333
rand_spd,256,363,0.25819065978608763,0.25819065978608674,8.881784197001252e-16,0.0090155,0.024438667
rand_spd,256,364,0.2583434031345216,0.2583434031345207,8.881784197001252e-16,0.009174583,0.024220958
rand_spd,256,365,0.25862044674604384,0.25862044674604295,8.881784197001252e-16,0.009336958,0.0250885
rand_spd,256,366,0.25832425733204883,0.25832425733204795,8.881784197001252e-16,0.009042208,0.024081959
rand_spd,256,367,0.2586349923406509,0.25863499234065,8.881784197001252e-16,0.009161208,0.02412475
rand_spd,256,368,0.25842091153409746,0.2584209115340965,9.43689570931383e-16,0.00911625,0.024865541
rand_spd,256,369,0.2584862444875114,0.2584862444875104,9.992007221626409e-16,0.008942083,0.023784542
rand_spd,256,370,0.2583402603453388,0.2583402603453379,8.881784197001252e-16,0.00888775,0.024293125
rand_spd,256,371,0.2583485768492002,0.2583485768491993,8.881784197001252e-16,0.009133542,0.023985625
rand_spd,256,372,0.2584415738198409,0.25844157381984,8.881784197001252e-16,0.0087365,0.024103667
rand_spd,256,373,0.25828317940939943,0.25828317940939854,8.881784197001252e-16,0.008807917,0.032651167
rand_spd,256,374,0.25851071787711194,0.25851071787711105,8.881784197001252e-16,0.008907667,0.024364166
rand_spd,256,375,0.2582420760953859,0.258242076095385,8.881784197001252e-16,0.009082958,0.023970792
rand_spd,256,376,0.2583392496843669,0.258339249684366,8.881784197001252e-16,0.009112666,0.024191625
rand_spd,256,377,0.25857279201993255,0.25857279201993166,8.881784197001252e-16,0.009290708,0.024398292
rand_spd,256,378,0.25866910532715065,0.25866910532714976,8.881784197001252e-16,0.009010834,0.024507459
rand_spd,256,379,0.25866964839631235,0.25866964839631146,8.881784197001252e-16,0.009360291,0.024493125
rand_spd,256,380,0.2584891203943523,0.2584891203943514,8.881784197001252e-16,0.008523084,0.024456416
rand_spd,256,381,0.2583170314209156,0.2583170314209147,8.881784197001252e-16,0.008947542,0.024141917
rand_spd,256,382,0.2583602982466735,0.2583602982466726,8.881784197001252e-16,0.008980542,0.023981
rand_spd,256,383,0.2583651228782525,0.25836512287825153,9.43689570931383e-16,0.00872675,0.0248895
rand_spd,256,384,0.2584576957589501,0.2584576957589492,8.881784197001252e-16,0.008899667,0.024356958
rand_spd,256,385,0.25803020999125187,0.2580302099912509,9.43689570931383e-16,0.009349834,0.02661925
rand_spd,256,386,0.25822112935888925,0.25822112935888836,8.881784197001252e-16,0.009403083,0.024252042
rand_spd,256,387,0.258400872042791,0.25840087204279005,9.43689570931383e-16,0.0090525,0.024571041
rand_spd,256,388,0.2583456109010077,0.25834561090100683,8.881784197001252e-16,0.008871625,0.0241105
rand_spd,256,389,0.2581984571978306,0.2581984571978297,8.881784197001252e-16,0.0095345,0.024625667
rand_spd,256,390,0.2584427302733446,0.2584427302733437,8.881784197001252e-16,0.008932959,0.024180958
rand_spd,256,391,0.2584560814960684,0.2584560814960675,8.881784197001252e-16,0.009274792,0.026817792
rand_spd,256,392,0.25863210242954743,0.25863210242954643,9.992007221626409e-16,0.009306833,0.024100333
rand_spd,256,393,0.2583311368269983,0.2583311368269974,9.43689570931383e-16,0.008683209,0.024126666
rand_spd,256,394,0.2582431262440627,0.2582431262440618,8.881784197001252e-16,0.009118333,0.024216459
rand_spd,256,395,0.2583115266679779,0.258311526667977,8.881784197001252e-16,0.009255041,0.02402275
rand_spd,256,396,0.25852640375847197,0.2585264037584711,8.881784197001252e-16,0.009000958,0.024398666
rand_spd,256,397,0.2585110567791424,0.25851105677914143,9.43689570931383e-16,0.008885458,0.024128709
rand_spd,256,398,0.2583236595114978,0.25832365951149694,8.881784197001252e-16,0.009189291,0.025004
rand_spd,256,399,0.258560111698736,0.25856011169873505,9.43689570931383e-16,0.008582292,0.023765375
rand_spd,256,400,0.25834857175253584,0.25834857175253495,8.881784197001252e-16,0.008327208,0.0233975
rand_spd,256,401,0.25860065122965603,0.25860065122965514,8.881784197001252e-16,0.008826041,0.027288625
rand_spd,256,402,0.25859614383449714,0.2585961438344962,9.43689570931383e-16,0.009045958,0.024162333
rand_spd,256,403,0.25853153766226183,0.25853153766226084,9.992007221626409e-16,0.009194875,0.024494167
rand_spd,256,404,0.25818975942856487,0.258189759428564,8.881784197001252e-16,0.008980875,0.024536583
rand_spd,256,405,0.2583151816033065,0.25831518160330563,8.881784197001252e-16,0.00883325,0.037552583
rand_spd,256,406,0.25880064956613563,0.25880064956613474,8.881784197001252e-16,0.009024625,0.024260667
rand_spd,256,407,0.2584693668666123,0.2584693668666114,8.881784197001252e-16,0.00929075,0.024241667
rand_spd,256,408,0.25830018688326967,0.2583001868832688,8.881784197001252e-16,0.008697042,0.024358583
rand_spd,256,409,0.25852717478315007,0.2585271747831492,8.881784197001252e-16,0.008931166,0.024456292
rand_spd,256,410,0.25859567372253045,0.25859567372252956,8.881784197001252e-16,0.009098584,0.023798792
rand_spd,256,411,0.2584054738521873,0.25840547385218643,8.881784197001252e-16,0.009040042,0.024197
rand_spd,256,412,0.2585426795399717,0.2585426795399708,8.881784197001252e-16,0.009241834,0.024475291
rand_spd,256,413,0.25820508185686725,0.25820508185686636,8.881784197001252e-16,0.008937417,0.024264875
rand_spd,256,414,0.2586011266248566,0.2586011266248557,9.43689570931383e-16,0.008647959,0.025305416
rand_spd,256,415,0.2582814910349993,0.25828149103499837,9.43689570931383e-16,0.008717209,0.025716541
rand_spd,256,416,0.2582590994646796,0.25825909946467873,8.881784197001252e-16,0.009458833,0.024248125
rand_spd,256,417,0.2584324802258295,0.2584324802258286,8.881784197001252e-16,0.008689958,0.023981833
rand_spd,256,418,0.2583269341668559,0.25832693416685504,8.881784197001252e-16,0.009448792,0.023613792
rand_spd,256,419,0.25844619363085153,0.2584461936308506,9.43689570931383e-16,0.009164292,0.02456225
rand_spd,256,420,0.2585022895832041,0.2585022895832032,8.881784197001252e-16,0.009182417,0.031986125
rand_spd,256,421,0.2585722138616993,0.25857221386169843,8.881784197001252e-16,0.009414583,0.024152667
rand_spd,256,422,0.25834716317399126,0.25834716317399037,8.881784197001252e-16,0.008531875,0.023943166
rand_spd,256,423,0.2582531028385935,0.2582531028385926,8.881784197001252e-16,0.009392458,0.024358375
rand_spd,256,424,0.2582658277364253,0.2582658277364244,8.881784197001252e-16,0.008678875,0.023845458
rand_spd,256,425,0.25863181246420086,0.2586318124641999,9.43689570931383e-16,0.009256167,0.024500083
rand_spd,256,426,0.2582404782213256,0.25824047822132473,8.881784197001252e-16,0.008974959,0.024340375
rand_spd,256,427,0.2583456636760372,0.25834566367603623,9.43689570931383e-16,0.009367792,0.024318291
rand_spd,256,428,0.2582366852438054,0.2582366852438045,8.881784197001252e-16,0.008981916,0.024668125
rand_spd,256,429,0.25862754304139424,0.2586275430413933,9.43689570931383e-16,0.00896675,0.024496583
rand_spd,256,430,0.25812790242112305,0.25812790242112216,8.881784197001252e-16,0.009094709,0.023925041
rand_spd,256,431,0.25815175663538675,0.2581517566353859,8.326672684688674e-16,0.009451292,0.025930041
rand_spd,256,432,0.25818728761651266,0.2581872876165118,8.881784197001252e-16,0.0087325,0.024041333
rand_spd,256,433,0.2582671852387001,0.25826718523869924,8.881784197001252e-16,0.009253708,0.0243825
rand_spd,256,434,0.25852343867197325,0.25852343867197236,8.881784197001252e-16,0.008850958,0.024063083
rand_spd,256,435,0.25868656115829547,0.2586865611582946,8.881784197001252e-16,0.009046334,0.023890125
rand_spd,256,436,0.25835865558009,0.258358655580089,9.992007221626409e-16,0.00933475,0.024511792
rand_spd,256,437,0.2582492780776861,0.25824927807768516,9.43689570931383e-16,0.009015958,0.024177375
rand_spd,256,438,0.2583543272056197,0.25835432720561874,9.43689570931383e-16,0.008754083,0.02625525
rand_spd,256,439,0.25831327776504737,0.2583132777650465,8.881784197001252e-16,0.00920175,0.03123175
rand_spd,256,440,0.2586512450610717,0.2586512450610708,8.881784197001252e-16,0.009101,0.024135666
rand_spd,256,441,0.25846763227737707,0.2584676322773762,8.881784197001252e-16,0.009045333,0.024536458
rand_spd,256,442,0.25849039168615345,0.25849039168615257,8.881784197001252e-16,0.008865833,0.024567375
rand_spd,256,443,0.258408960201592,0.2584089602015911,8.881784197001252e-16,0.008876875,0.024133125
rand_spd,256,444,0.25833682443143746,0.2583368244314366,8.881784197001252e-16,0.0090845,0.023794792
rand_spd,256,445,0.25866713339126823,0.25866713339126735,8.881784197001252e-16,0.009077708,0.023956042
rand_spd,256,446,0.2584932523424542,0.2584932523424533,8.881784197001252e-16,0.009281042,0.024583833
rand_spd,256,447,0.2583724877158961,0.2583724877158952,8.881784197001252e-16,0.008708625,0.024321833
rand_spd,256,448,0.25842059176393034,0.25842059176392945,8.881784197001252e-16,0.008884667,0.024403291
rand_spd,256,449,0.2584587327483317,0.2584587327483308,8.881784197001252e-16,0.009176333,0.024060083
rand_spd,256,450,0.2586255342965694,0.25862553429656854,8.881784197001252e-16,0.0094515,0.023811292
rand_spd,256,451,0.2583702109839579,0.258370210983957,8.881784197001252e-16,0.009144834,0.0236785
rand_spd,256,452,0.25837117697568407,0.2583711769756832,8.881784197001252e-16,0.0087145,0.0237005
rand_spd,256,453,0.2584809805977726,0.25848098059777164,9.43689570931383e-16,0.008908458,0.02533175
rand_spd,256,454,0.2583407502878989,0.258340750287898,8.881784197001252e-16,0.009424,0.024495667
rand_spd,256,455,0.25843267553664684,0.25843267553664595,8.881784197001252e-16,0.009000084,0.024522042
rand_spd,256,456,0.25840772537265694,0.25840772537265605,8.881784197001252e-16,0.009271791,0.024607334
rand_spd,256,457,0.25858160855995443,0.25858160855995355,8.881784197001252e-16,0.008822167,0.025962042
rand_spd,256,458,0.25848825126385827,0.2584882512638574,8.881784197001252e-16,0.009436625,0.024155083
rand_spd,256,459,0.25858144188646576,0.2585814418864648,9.43689570931383e-16,0.009060583,0.024216708
rand_spd,256,460,0.25841248843592,0.25841248843591913,8.881784197001252e-16,0.009188708,0.024708625
rand_spd,256,461,0.25851872117227065,0.2585187211722698,8.326672684688674e-16,0.009333875,0.024624334
rand_spd,256,462,0.2582627496891988,0.25826274968919793,8.881784197001252e-16,0.008836791,0.023875459
rand_spd,256,463,0.25847334269539307,0.2584733426953922,8.881784197001252e-16,0.008896417,0.02383825
rand_spd,256,464,0.25831781960339145,0.2583178196033905,9.43689570931383e-16,0.009132833,0.024498292
rand_spd,256,465,0.258753888943608,0.2587538889436071,8.881784197001252e-16,0.009189042,0.025171375
rand_spd,256,466,0.25827403173209057,0.2582740317320897,8.881784197001252e-16,0.009318,0.024217958
rand_spd,256,467,0.2586960713145307,0.2586960713145298,8.881784197001252e-16,0.009075292,0.024816791
rand_spd,256,468,0.2584733332679195,0.2584733332679186,8.881784197001252e-16,0.009263958,0.025132042
rand_spd,256,469,0.2583696618607194,0.25836966186071847,9.43689570931383e-16,0.009081125,0.024537834
rand_spd,256,470,0.25848299890826976,0.2584829989082688,9.43689570931383e-16,0.009018291,0.024523542
rand_spd,256,471,0.2584730030390641,0.25847300303906323,8.881784197001252e-16,0.009191542,0.024992542
rand_spd,256,472,0.25859861176462373,0.25859861176462284,8.881784197001252e-16,0.008918792,0.026886875
rand_spd,256,473,0.2585471047293655,0.25854710472936454,9.43689570931383e-16,0.010008667,0.024414584
rand_spd,256,474,0.25861799664070156,0.2586179966407007,8.881784197001252e-16,0.008728209,0.032071
rand_spd,256,475,0.25823755796798986,0.258237557967989,8.881784197001252e-16,0.008924166,0.023733125
rand_spd,256,476,0.2582979850872716,0.2582979850872707,8.881784197001252e-16,0.009016666,0.026639334
rand_spd,256,477,0.2584806385591608,0.2584806385591599,8.881784197001252e-16,0.009130334,0.023857708
rand_spd,256,478,0.25825898954014,0.2582589895401391,8.881784197001252e-16,0.009098125,0.024227792
rand_spd,256,479,0.25861083698641285,0.2586108369864119,9.43689570931383e-16,0.009262334,0.024314958
rand_spd,256,480,0.25840614512529475,0.25840614512529386,8.881784197001252e-16,0.009288583,0.024433375
rand_spd,256,481,0.2586935733748506,0.2586935733748497,8.881784197001252e-16,0.009075958,0.02421825
rand_spd,256,482,0.2585545656569919,0.25855456565699103,8.881784197001252e-16,0.009161625,0.025015666
rand_spd,256,483,0.25835948658071556,0.25835948658071467,8.881784197001252e-16,0.009330833,0.023649958
rand_spd,256,484,0.2582656713441629,0.258265671344162,8.881784197001252e-16,0.00859925,0.02551575
rand_spd,256,485,0.25857971763581705,0.25857971763581616,8.881784197001252e-16,0.009153459,0.024075083
rand_spd,256,486,0.2584608917098104,0.2584608917098095,8.881784197001252e-16,0.009160542,0.023886042
rand_spd,256,487,0.25838481163319765,0.25838481163319676,8.881784197001252e-16,0.009397,0.024386333
rand_spd,256,488,0.25860405036812834,0.2586040503681274,9.43689570931383e-16,0.009144125,0.024872916
rand_spd,256,489,0.2583898187069649,0.25838981870696404,8.881784197001252e-16,0.009193,0.024160708
rand_spd,256,490,0.25848689405286357,0.2584868940528627,8.881784197001252e-16,0.009286083,0.026260959
rand_spd,256,491,0.2583576405703854,0.2583576405703846,8.326672684688674e-16,0.00889725,0.024805458
rand_spd,256,492,0.258883805699036,0.2588838056990351,9.43689570931383e-16,0.008970291,0.024106542
rand_spd,256,493,0.25831559114747643,0.25831559114747554,8.881784197001252e-16,0.009036084,0.024048166
rand_spd,256,494,0.2584803900815872,0.2584803900815863,8.881784197001252e-16,0.008870833,0.024527125
rand_spd,256,495,0.2583651828355239,0.258365182835523,8.881784197001252e-16,0.009004042,0.02427
rand_spd,256,496,0.25835898401345503,0.25835898401345414,8.881784197001252e-16,0.009332375,0.024655
rand_spd,256,497,0.2582607929975875,0.2582607929975866,8.881784197001252e-16,0.008987791,0.024347042
rand_spd,256,498,0.2582995398683106,0.2582995398683097,8.881784197001252e-16,0.009036375,0.024557791
rand_spd,256,499,0.25816697524756166,0.25816697524756077,8.881784197001252e-16,0.009285042,0.024262667
rand_spd,256,500,0.2585435953447402,0.2585435953447393,8.881784197001252e-16,0.0090975,0.033108416
rand_spd,256,501,0.25861601247793814,0.25861601247793725,8.881784197001252e-16,0.009388042,0.023996917
rand_spd,256,502,0.2584523113104123,0.2584523113104114,8.881784197001252e-16,0.008657166,0.02433075
rand_spd,256,503,0.2583283992232336,0.2583283992232327,8.881784197001252e-16,0.009082458,0.025879958
rand_spd,256,504,0.25836137592591407,0.2583613759259131,9.992007221626409e-16,0.009157542,0.024493
rand_spd,256,505,0.258054990405326,0.2580549904053251,8.881784197001252e-16,0.009228375,0.023882292
rand_spd,256,506,0.2584083221106864,0.25840832211068543,9.43689570931383e-16,0.008977458,0.024087167
rand_spd,256,507,0.25835751161919235,0.25835751161919146,8.881784197001252e-16,0.009181625,0.024142667
rand_spd,256,508,0.2584769029009397,0.25847690290093883,8.881784197001252e-16,0.008795709,0.024197958
rand_spd,256,509,0.2584291822273415,0.2584291822273406,8.881784197001252e-16,0.009050041,0.0242545
rand_spd,256,510,0.25882430271969414,0.2588243027196933,8.326672684688674e-16,0.009440875,0.025162708
rand_spd,256,511,0.25863819252719344,0.2586381925271925,9.43689570931383e-16,0.009648458,0.024676167
rand_spd,256,512,0.25836339917659973,0.25836339917659884,8.881784197001252e-16,0.009387041,0.024482959
rand_spd,256,513,0.25841961247256645,0.25841961247256556,8.881784197001252e-16,0.009062,0.025109375
rand_spd,256,514,0.2586262284173238,0.25862622841732286,9.43689570931383e-16,0.009438292,0.0251065
rand_spd,256,515,0.2584814701729972,0.25848147017299633,8.881784197001252e-16,0.0088735,0.024214208
rand_spd,256,516,0.258461312899218,0.2584613128992171,8.881784197001252e-16,0.009904292,0.025938416
rand_spd,256,517,0.2582699485411831,0.25826994854118224,8.881784197001252e-16,0.009288708,0.025070167
rand_spd,256,518,0.2585032319321918,0.25850323193219094,8.881784197001252e-16,0.009424416,0.0248025
rand_spd,256,519,0.2583537776566554,0.2583537776566545,8.881784197001252e-16,0.008910708,0.0240775
rand_spd,256,520,0.2586415788665805,0.25864157886657957,9.43689570931383e-16,0.009011334,0.024191583
rand_spd,256,521,0.25847715639863383,0.25847715639863295,8.881784197001252e-16,0.008952042,0.024169958
rand_spd,256,522,0.2582698676172797,0.2582698676172788,8.881784197001252e-16,0.009232583,0.023718542
rand_spd,256,523,0.25840177579649587,0.258401775796495,8.881784197001252e-16,0.00950525,0.029030292
rand_spd,256,524,0.2584484204872013,0.2584484204872004,8.881784197001252e-16,0.009709958,0.025358417
rand_spd,256,525,0.2585174199403661,0.2585174199403652,8.881784197001252e-16,0.009175334,0.024457375
rand_spd,256,526,0.2583166326162399,0.258316632616239,8.881784197001252e-16,0.00919375,0.024588208
rand_spd,256,527,0.2584033508064942,0.2584033508064933,8.881784197001252e-16,0.012099958,0.024107417
rand_spd,256,528,0.2584097439558631,0.2584097439558622,8.881784197001252e-16,0.008474459,0.024092166
rand_spd,256,529,0.2584010377283002,0.2584010377282993,8.881784197001252e-16,0.00868475,0.024327708
rand_spd,256,530,0.2582143702003106,0.2582143702003097,8.881784197001252e-16,0.00934775,0.025086667
rand_spd,256,531,0.25854488166248984,0.25854488166248896,8.881784197001252e-16,0.00903075,0.024760166
rand_spd,256,532,0.25837045262122077,0.2583704526212199,8.881784197001252e-16,0.009133042,0.0239735
rand_spd,256,533,0.25842402027135736,0.25842402027135647,8.881784197001252e-16,0.00911625,0.029592333
rand_spd,256,534,0.2583139220124995,0.2583139220124986,8.881784197001252e-16,0.008775125,0.024456625
rand_spd,256,535,0.25838251142306073,0.25838251142305985,8.881784197001252e-16,0.008850125,0.024555584
rand_spd,256,536,0.2585069608405939,0.258506960840593,8.881784197001252e-16,0.008643667,0.023884125
rand_spd,256,537,0.2583931601790633,0.2583931601790624,8.881784197001252e-16,0.009676333,0.027069792
rand_spd,256,538,0.25830408315817804,0.25830408315817716,8.881784197001252e-16,0.009584666,0.024590209
rand_spd,256,539,0.2584421736426299,0.258442173642629,8.881784197001252e-16,0.009006958,0.024356542
rand_spd,256,540,0.25825897241272555,0.25825897241272466,8.881784197001252e-16,0.008960167,0.024241334
rand_spd,256,541,0.2584504506887738,0.258450450688773,8.326672684688674e-16,0.008936375,0.024097709
rand_spd,256,542,0.258388172165221,0.2583881721652201,8.881784197001252e-16,0.008635208,0.024765875
rand_spd,256,543,0.25849636980124396,0.2584963698012431,8.881784197001252e-16,0.00893575,0.023962458
rand_spd,256,544,0.25838548272037026,0.2583854827203694,8.881784197001252e-16,0.009749875,0.027100167
rand_spd,256,545,0.2585719500559012,0.2585719500559004,8.326672684688674e-16,0.00913425,0.024547166
rand_spd,256,546,0.2584223441185363,0.25842234411853543,8.881784197001252e-16,0.009120292,0.024261458
rand_spd,256,547,0.25867372256804483,0.25867372256804394,8.881784197001252e-16,0.009209667,0.02424825
rand_spd,256,548,0.2585239087178066,0.25852390871780573,8.881784197001252e-16,0.008793083,0.024220792
rand_spd,256,549,0.2585969887257301,0.25859698872572917,9.43689570931383e-16,0.008980125,0.023691542
rand_spd,256,550,0.258405407272206,0.2584054072722052,8.326672684688674e-16,0.00907125,0.0314905
rand_spd,256,551,0.25866277318865016,0.2586627731886493,8.881784197001252e-16,0.009451459,0.026501125
rand_spd,256,552,0.2583732867680626,0.25837328676806165,9.43689570931383e-16,0.008877667,0.024594667
rand_spd,256,553,0.2582798455260643,0.2582798455260634,8.881784197001252e-16,0.008667208,0.024316167
rand_spd,256,554,0.25837001443654756,0.25837001443654667,8.881784197001252e-16,0.00912875,0.024552792
rand_spd,256,555,0.25843836264165937,0.2584383626416585,8.881784197001252e-16,0.010104042,0.024300625
rand_spd,256,556,0.2582117749793498,0.25821177497934883,9.43689570931383e-16,0.009008667,0.02396825
rand_spd,256,557,0.2583621671815473,0.2583621671815464,8.881784197001252e-16,0.009059416,0.024143
rand_spd,256,558,0.25840890340922124,0.25840890340922035,8.881784197001252e-16,0.009151,0.02505375
rand_spd,256,559,0.258455591562972,0.2584555915629711,8.881784197001252e-16,0.008947916,0.024290625
rand_spd,256,560,0.2585208305022597,0.2585208305022588,8.881784197001252e-16,0.008944833,0.024166917
rand_spd,256,561,0.2584622566196077,0.2584622566196068,8.881784197001252e-16,0.009080875,0.025912916
rand_spd,256,562,0.25858747997440507,0.2585874799744041,9.43689570931383e-16,0.009080583,0.023883458
rand_spd,256,563,0.258332816135433,0.25833281613543213,8.881784197001252e-16,0.010661709,0.025246625
rand_spd,256,564,0.2582106670177309,0.25821066701773,8.881784197001252e-16,0.009206791,0.024295375
rand_spd,256,565,0.2585642437620262,0.2585642437620253,8.881784197001252e-16,0.00893425,0.024298458
rand_spd,256,566,0.25848593964899286,0.25848593964899197,8.881784197001252e-16,0.008953666,0.023735333
rand_spd,256,567,0.258346976562062,0.2583469765620611,8.881784197001252e-16,0.00878075,0.024962417
rand_spd,256,568,0.25839268207402577,0.2583926820740249,8.881784197001252e-16,0.008955875,0.024298875
rand_spd,256,569,0.2578064363111557,0.25780643631115485,8.326672684688674e-16,0.009372417,0.031766125
rand_spd,256,570,0.2582667235114748,0.2582667235114739,8.881784197001252e-16,0.008827542,0.024428333
rand_spd,256,571,0.25863521500340514,0.25863521500340425,8.881784197001252e-16,0.008750208,0.024445459
rand_spd,256,572,0.25835423294444465,0.25835423294444376,8.881784197001252e-16,0.009364625,0.024419417
rand_spd,256,573,0.2581778927418395,0.25817789274183855,9.43689570931383e-16,0.009271041,0.023977542
rand_spd,256,574,0.2583246739157564,0.25832467391575553,8.881784197001252e-16,0.008994833,0.02385625
rand_spd,256,575,0.25847678407149605,0.2584767840714952,8.326672684688674e-16,0.009067791,0.024375667
rand_spd,256,576,0.25845774595696175,0.25845774595696086,8.881784197001252e-16,0.0092385,0.024998708
rand_spd,256,577,0.2584205228299749,0.258420522829974,8.881784197001252e-16,0.00918525,0.024423709
rand_spd,256,578,0.25847163737151696,0.25847163737151607,8.881784197001252e-16,0.008800125,0.024674041
rand_spd,256,579,0.25829156228095784,0.25829156228095695,8.881784197001252e-16,0.00914225,0.024637542
rand_spd,256,580,0.2584197730915301,0.2584197730915292,8.881784197001252e-16,0.008854083,0.023752417
rand_spd,256,581,0.25842425612377934,0.25842425612377845,8.881784197001252e-16,0.009015208,0.023944959
rand_spd,256,582,0.25849825636490026,0.25849825636489937,8.881784197001252e-16,0.008980083,0.023932917
rand_spd,256,583,0.2583488989414671,0.25834889894146623,8.881784197001252e-16,0.009011375,0.032917583
rand_spd,256,584,0.2584652799056968,0.2584652799056959,8.881784197001252e-16,0.008649541,0.02399075
rand_spd,256,585,0.25852214439973675,0.25852214439973586,8.881784197001252e-16,0.00921875,0.024274125
rand_spd,256,586,0.25853165136336187,0.25853165136336104,8.326672684688674e-16,0.008733167,0.023942167
rand_spd,256,587,0.25850804498479013,0.25850804498478924,8.881784197001252e-16,0.009355334,0.023675083
rand_spd,256,588,0.25829220640981315,0.25829220640981226,8.881784197001252e-16,0.009525958,0.024363333
rand_spd,256,589,0.25849159355013035,0.25849159355012946,8.881784197001252e-16,0.00887825,0.026674375
rand_spd,256,590,0.2584009395792378,0.25840093957923693,8.881784197001252e-16,0.009124917,0.024236666
rand_spd,256,591,0.25829299327005945,0.25829299327005856,8.881784197001252e-16,0.008718667,0.024178167
rand_spd,256,592,0.2584025324793556,0.2584025324793547,8.881784197001252e-16,0.008831292,0.033204083
rand_spd,256,593,0.2585384024206276,0.2585384024206267,8.881784197001252e-16,0.008883334,0.024142416
rand_spd,256,594,0.2584341833161427,0.2584341833161418,8.881784197001252e-16,0.0093145,0.023929083
rand_spd,256,595,0.25832112959722375,0.2583211295972229,8.326672684688674e-16,0.009071541,0.030724333
rand_spd,256,596,0.2584776686424421,0.2584776686424412,8.881784197001252e-16,0.009133041,0.024756792
rand_spd,256,597,0.2584027395385368,0.25840273953853593,8.881784197001252e-16,0.009074167,0.024752125
rand_spd,256,598,0.25839157611305114,0.25839157611305025,8.881784197001252e-16,0.009146166,0.024190125
rand_spd,256,599,0.25875702772886217,0.2587570277288613,8.881784197001252e-16,0.008703166,0.023905125
rand_spd,256,600,0.25854911808302206,0.25854911808302117,8.881784197001252e-16,0.009979333,0.02393075
rand_spd,256,601,0.2585014477803304,0.2585014477803295,8.881784197001252e-16,0.00897275,0.023557042
rand_spd,256,602,0.2585386843455994,0.2585386843455985,8.881784197001252e-16,0.0090445,0.024826625
rand_spd,256,603,0.25847512001989853,0.25847512001989764,8.881784197001252e-16,0.008995292,0.02471225
rand_spd,256,604,0.25843424946856824,0.25843424946856725,9.992007221626409e-16,0.009221375,0.023992417
rand_spd,256,605,0.25852483577121327,0.2585248357712124,8.881784197001252e-16,0.009049125,0.023940042
rand_spd,256,606,0.2586396778659245,0.2586396778659236,8.881784197001252e-16,0.008288125,0.02468475
rand_spd,256,607,0.258171843686465,0.2581718436864642,8.326672684688674e-16,0.008671292,0.023710833
rand_spd,256,608,0.2583489922273882,0.25834899222738733,8.881784197001252e-16,0.008944625,0.023695083
rand_spd,256,609,0.2584187214392456,0.25841872143924466,9.43689570931383e-16,0.008866417,0.0244085
rand_spd,256,610,0.2584391106251744,0.2584391106251734,9.992007221626409e-16,0.009019208,0.026070917
rand_spd,256,611,0.25850327132407275,0.25850327132407186,8.881784197001252e-16,0.00894075,0.02434575
rand_spd,256,612,0.2585942824612276,0.25859428246122673,8.881784197001252e-16,0.008961916,0.024039917
rand_spd,256,613,0.2585842760415341,0.2585842760415332,8.881784197001252e-16,0.00924175,0.026644542
rand_spd,256,614,0.2586158159934357,0.2586158159934348,8.881784197001252e-16,0.009207542,0.024562708
rand_spd,256,615,0.25848580026974655,0.25848580026974566,8.881784197001252e-16,0.00888125,0.023982459
rand_spd,256,616,0.25815824612067967,0.2581582461206789,7.771561172376096e-16,0.008814083,0.029086875
rand_spd,256,617,0.2584574216178568,0.2584574216178559,8.881784197001252e-16,0.009103666,0.024446
rand_spd,256,618,0.2585074695946341,0.25850746959463317,9.43689570931383e-16,0.009344167,0.023792833
rand_spd,256,619,0.258430719301771,0.25843071930177014,8.326672684688674e-16,0.009171625,0.024058917
rand_spd,256,620,0.25844397793110035,0.25844397793109947,8.881784197001252e-16,0.008906833,0.02409475
rand_spd,256,621,0.25844493497236404,0.25844493497236315,8.881784197001252e-16,0.009607458,0.024392417
rand_spd,256,622,0.2580868706078074,0.2580868706078065,8.881784197001252e-16,0.008953083,0.023800667
rand_spd,256,623,0.25829833453355283,0.25829833453355194,8.881784197001252e-16,0.008994959,0.023855708
rand_spd,256,624,0.2583025342923174,0.25830253429231653,8.881784197001252e-16,0.008749,0.024466959
rand_spd,256,625,0.25832413963385753,0.2583241396338566,9.43689570931383e-16,0.008714583,0.024313042
rand_spd,256,626,0.2584748247664477,0.2584748247664468,8.881784197001252e-16,0.008876625,0.033006917
rand_spd,256,627,0.25848339025073536,0.25848339025073447,8.881784197001252e-16,0.009472125,0.024309875
rand_spd,256,628,0.2584518369737552,0.25845183697375435,8.326672684688674e-16,0.009007,0.024418083
rand_spd,256,629,0.258527886256338,0.2585278862563371,8.881784197001252e-16,0.009185667,0.023996292
rand_spd,256,630,0.2582518799428553,0.2582518799428544,8.881784197001252e-16,0.009000583,0.024866
rand_spd,256,631,0.2584429799545958,0.2584429799545949,8.881784197001252e-16,0.010954291,0.024373792
rand_spd,256,632,0.2584615571214321,0.2584615571214312,8.881784197001252e-16,0.009035459,0.024222834
rand_spd,256,633,0.2585561854576792,0.2585561854576783,9.43689570931383e-16,0.008981083,0.024567417
rand_spd,256,634,0.25848824468726767,0.2584882446872668,8.881784197001252e-16,0.008758,0.023888167
rand_spd,256,635,0.2583695554171483,0.2583695554171474,8.881784197001252e-16,0.009084084,0.024676458
rand_spd,256,636,0.2585593997401345,0.2585593997401336,8.881784197001252e-16,0.008619,0.023863375
rand_spd,256,637,0.25839417906940615,0.2583941790694052,9.43689570931383e-16,0.009208417,0.024002625
rand_spd,256,638,0.2585216936152155,0.2585216936152146,8.881784197001252e-16,0.008943334,0.024492458
rand_spd,256,639,0.2586892132927589,0.258689213292758,8.881784197001252e-16,0.008748167,0.024144541
rand_spd,256,640,0.25847929187780955,0.25847929187780866,8.881784197001252e-16,0.008858042,0.024324
rand_spd,256,641,0.25835079805077227,0.2583507980507714,8.881784197001252e-16,0.009287584,0.023687666
rand_spd,256,642,0.2580733055463597,0.2580733055463588,8.881784197001252e-16,0.009294292,0.024231625
rand_spd,256,643,0.25862048998593373,0.25862048998593284,8.881784197001252e-16,0.008900917,0.024120333
rand_spd,256,644,0.2585720738806091,0.2585720738806082,8.881784197001252e-16,0.008979958,0.024107542
rand_spd,256,645,0.2585610523072569,0.25856105230725607,8.326672684688674e-16,0.008716167,0.024036291
rand_spd,256,646,0.2586094626657371,0.2586094626657362,8.881784197001252e-16,0.0090925,0.024034084
rand_spd,256,647,0.2585415910688635,0.25854159106886254,9.43689570931383e-16,0.009079875,0.02466025
rand_spd,256,648,0.2586455943778941,0.25864559437789325,8.326672684688674e-16,0.008700333,0.024311208
rand_spd,256,649,0.25839972772571795,0.25839972772571707,8.881784197001252e-16,0.009153292,0.024656166
rand_spd,256,650,0.2583544461496328,0.2583544461496319,9.43689570931383e-16,0.009320583,0.026619417
rand_spd,256,651,0.25868475784138456,0.2586847578413836,9.43689570931383e-16,0.008728667,0.024083042
rand_spd,256,652,0.258439129306295,0.25843912930629404,9.43689570931383e-16,0.008846875,0.023776125
rand_spd,256,653,0.25843735570181287,0.2584373557018121,7.771561172376096e-16,0.009122375,0.024120875
rand_spd,256,654,0.2585337634347682,0.25853376343476725,9.43689570931383e-16,0.008271,0.023926916
rand_spd,256,655,0.25853723294308856,0.25853723294308767,8.881784197001252e-16,0.008877708,0.024314833
rand_spd,256,656,0.258766472799369,0.258766472799368,9.992007221626409e-16,0.008596709,0.027765541
rand_spd,256,657,0.25859983798554775,0.25859983798554687,8.881784197001252e-16,0.009216042,0.023930917
rand_spd,256,658,0.2585247431306374,0.2585247431306364,9.992007221626409e-16,0.008887708,0.024288417
rand_spd,256,659,0.2582482168296475,0.2582482168296466,8.881784197001252e-16,0.008939084,0.0244055
rand_spd,256,660,0.2585059378263633,0.2585059378263624,8.881784197001252e-16,0.009050125,0.023542917
rand_spd,256,661,0.2584150997458453,0.2584150997458444,8.881784197001252e-16,0.008585667,0.023931
rand_spd,256,662,0.25852628317064075,0.25852628317063986,8.881784197001252e-16,0.008910042,0.02405275
rand_spd,256,663,0.2586008309527987,0.2586008309527977,9.992007221626409e-16,0.008901458,0.023866416
rand_spd,256,664,0.25842714915128995,0.2584271491512891,8.326672684688674e-16,0.008873958,0.026111542
rand_spd,256,665,0.2584215886314637,0.2584215886314628,8.881784197001252e-16,0.009355,0.02384825
rand_spd,256,666,0.25823757903096173,0.25823757903096084,8.881784197001252e-16,0.0091355,0.024511208
rand_spd,256,667,0.25850521524198683,0.25850521524198594,8.881784197001252e-16,0.00910475,0.024179375
rand_spd,256,668,0.2581598158078745,0.2581598158078736,8.881784197001252e-16,0.008932917,0.024630875
rand_spd,256,669,0.258429193104961,0.2584291931049601,8.881784197001252e-16,0.009414417,0.024090667
rand_spd,256,670,0.25855168387355143,0.25855168387355054,8.881784197001252e-16,0.008837458,0.02397375
rand_spd,256,671,0.25844301761192173,0.2584430176119208,9.43689570931383e-16,0.008777666,0.024173209
rand_spd,256,672,0.25840122823623496,0.2584012282362342,7.771561172376096e-16,0.009304625,0.024437167
rand_spd,256,673,0.2582779759638453,0.2582779759638444,8.881784197001252e-16,0.008973292,0.024587708
rand_spd,256,674,0.25854025255160296,0.25854025255160207,8.881784197001252e-16,0.009179167,0.023845958
rand_spd,256,675,0.2583112079207384,0.25831120792073753,8.881784197001252e-16,0.009225625,0.02415125
rand_spd,256,676,0.2585614689216669,0.25856146892166604,8.881784197001252e-16,0.009173,0.023891542
rand_spd,256,677,0.2582630604539772,0.25826306045397635,8.326672684688674e-16,0.011883542,0.024041375
rand_spd,256,678,0.2582424622486941,0.2582424622486933,8.326672684688674e-16,0.008744084,0.023857875
rand_spd,256,679,0.2580964972853288,0.25809649728532785,9.43689570931383e-16,0.008919167,0.024595917
rand_spd,256,680,0.258413796593252,0.25841379659325103,9.43689570931383e-16,0.009139125,0.024207167
rand_spd,256,681,0.25881957167220476,0.2588195716722039,8.881784197001252e-16,0.0092175,0.023999708
rand_spd,256,682,0.25851473470829883,0.25851473470829794,8.881784197001252e-16,0.009125625,0.024670709
rand_spd,256,683,0.25839557919211104,0.25839557919211015,8.881784197001252e-16,0.008873125,0.024438
rand_spd,256,684,0.25849160053850145,0.25849160053850057,8.881784197001252e-16,0.009080375,0.024194333
rand_spd,256,685,0.25820016080477054,0.25820016080476965,8.881784197001252e-16,0.009085167,0.02424175
rand_spd,256,686,0.2584144198570539,0.258414419857053,8.881784197001252e-16,0.009336416,0.024467875
rand_spd,256,687,0.25830662001877397,0.2583066200187731,8.881784197001252e-16,0.008719458,0.024293458
rand_spd,256,688,0.25830611521794167,0.2583061152179408,8.881784197001252e-16,0.009282875,0.024660125
rand_spd,256,689,0.2583527109535124,0.2583527109535115,9.43689570931383e-16,0.009181375,0.024695416
rand_spd,256,690,0.25831584452451173,0.2583158445245108,9.43689570931383e-16,0.01439775,0.024196125
rand_spd,256,691,0.25801399143508447,0.2580139914350836,8.881784197001252e-16,0.008981042,0.023914667
rand_spd,256,692,0.25838224654269687,0.258382246542696,8.881784197001252e-16,0.008882541,0.023958334
rand_spd,256,693,0.2581990457832941,0.2581990457832932,8.881784197001252e-16,0.008856666,0.025675584
rand_spd,256,694,0.25836273972930934,0.25836273972930845,8.881784197001252e-16,0.008941792,0.024518584
rand_spd,256,695,0.2587298011908607,0.25872980119085986,8.326672684688674e-16,0.008950042,0.024432458
rand_spd,256,696,0.25818041181947177,0.2581804118194709,8.881784197001252e-16,0.008950042,0.024025916
rand_spd,256,697,0.2583989871719863,0.2583989871719854,8.881784197001252e-16,0.009170875,0.024149666
rand_spd,256,698,0.2583414398302602,0.2583414398302593,8.881784197001252e-16,0.008956041,0.02401725
rand_spd,256,699,0.25837851487669394,0.25837851487669306,8.881784197001252e-16,0.009300291,0.024165625
rand_spd,256,700,0.2583623231273026,0.2583623231273018,8.326672684688674e-16,0.009307584,0.025889958
rand_spd,256,701,0.2582801588306776,0.25828015883067684,7.771561172376096e-16,0.009212167,0.024378208
rand_spd,256,702,0.25876115790402776,0.2587611579040269,8.881784197001252e-16,0.0092985,0.024011541
rand_spd,256,703,0.25832839484367426,0.25832839484367337,8.881784197001252e-16,0.009069959,0.025672375
rand_spd,256,704,0.2587165043555102,0.2587165043555093,8.881784197001252e-16,0.009074417,0.023745583
rand_spd,256,705,0.2585984285462169,0.258598428546216,8.881784197001252e-16,0.008861125,0.024245292
rand_spd,256,706,0.2583324338472593,0.2583324338472584,8.881784197001252e-16,0.008587916,0.024039917
rand_spd,256,707,0.25831942557221893,0.25831942557221804,8.881784197001252e-16,0.009098958,0.023776833
rand_spd,256,708,0.25853111640052595,0.25853111640052506,8.881784197001252e-16,0.009020708,0.024486875
rand_spd,256,709,0.2584939666839464,0.2584939666839455,9.43689570931383e-16,0.008972041,0.023982417
rand_spd,256,710,0.2585280272184096,0.25852802721840873,8.881784197001252e-16,0.009428125,0.024208791
rand_spd,256,711,0.25845966967526374,0.25845966967526285,8.881784197001252e-16,0.009048167,0.032653667
rand_spd,256,712,0.2588365049433782,0.25883650494337723,9.43689570931383e-16,0.008676042,0.023678583
rand_spd,256,713,0.25853074796170283,0.25853074796170195,8.881784197001252e-16,0.00835625,0.023720417
rand_spd,256,714,0.2584613814182848,0.2584613814182839,8.881784197001252e-16,0.009187667,0.024070541
rand_spd,256,715,0.25834312998913933,0.25834312998913844,8.881784197001252e-16,0.008943416,0.023923084
rand_spd,256,716,0.25845356725134105,0.2584535672513401,9.43689570931383e-16,0.009306833,0.025373792
rand_spd,256,717,0.25822665126926786,0.25822665126926697,8.881784197001252e-16,0.009017583,0.025162292
rand_spd,256,718,0.25862930711561954,0.25862930711561866,8.881784197001252e-16,0.009043916,0.024105709
rand_spd,256,719,0.2582170977391302,0.2582170977391293,8.881784197001252e-16,0.009285209,0.024401209
rand_spd,256,720,0.2584321273583275,0.2584321273583266,8.881784197001252e-16,0.009822583,0.023808084
rand_spd,256,721,0.2583983443842803,0.25839834438427933,9.43689570931383e-16,0.008795834,0.024094833
rand_spd,256,722,0.25828628735522446,0.2582862873552236,8.881784197001252e-16,0.009292958,0.032632333
rand_spd,256,723,0.2585587499357122,0.2585587499357113,8.881784197001252e-16,0.00898625,0.024297917
rand_spd,256,724,0.258572667531238,0.2585726675312371,8.881784197001252e-16,0.009401916,0.028938334
rand_spd,256,725,0.25832891349924303,0.2583289134992422,8.326672684688674e-16,0.009289459,0.024528625
rand_spd,256,726,0.25839314258673945,0.25839314258673857,8.881784197001252e-16,0.008820083,0.024136
rand_spd,256,727,0.2583966072868625,0.2583966072868616,8.881784197001252e-16,0.009007,0.023882875
rand_spd,256,728,0.25833077370096397,0.258330773700963,9.43689570931383e-16,0.009210542,0.0260115
rand_spd,256,729,0.2586735366461548,0.2586735366461539,8.881784197001252e-16,0.008937791,0.02404625
rand_spd,256,730,0.2582534153597566,0.25825341535975566,9.43689570931383e-16,0.009174459,0.025887541
rand_spd,256,731,0.2584976784665851,0.2584976784665842,8.881784197001252e-16,0.0086725,0.023665125
rand_spd,256,732,0.25832019249339583,0.25832019249339494,8.881784197001252e-16,0.009266125,0.025036625
rand_spd,256,733,0.2584464834709553,0.2584464834709544,8.881784197001252e-16,0.008961958,0.024449584
rand_spd,256,734,0.2584112776792084,0.2584112776792075,8.881784197001252e-16,0.009190417,0.025546
rand_spd,256,735,0.25835431277582405,0.25835431277582316,8.881784197001252e-16,0.0088275,0.024475375
rand_spd,256,736,0.25846610026356204,0.25846610026356115,8.881784197001252e-16,0.008944666,0.024363459
rand_spd,256,737,0.25869441204624893,0.25869441204624805,8.881784197001252e-16,0.009154458,0.024426334
rand_spd,256,738,0.25851931077594725,0.25851931077594636,8.881784197001252e-16,0.009199458,0.024332708
rand_spd,256,739,0.258093836508059,0.25809383650805806,9.43689570931383e-16,0.009027042,0.024255333
rand_spd,256,740,0.25839300970367524,0.25839300970367435,8.881784197001252e-16,0.009254584,0.025006375
rand_spd,256,741,0.2585456576699894,0.2585456576699885,8.881784197001252e-16,0.012631666,0.024672792
rand_spd,256,742,0.2581421063037744,0.2581421063037735,8.881784197001252e-16,0.008940083,0.0245915
rand_spd,256,743,0.2584399909463242,0.2584399909463233,8.881784197001252e-16,0.008923458,0.024541333
rand_spd,256,744,0.25816598198598734,0.25816598198598645,8.881784197001252e-16,0.008851458,0.024472833
rand_spd,256,745,0.2584959806086557,0.2584959806086548,8.881784197001252e-16,0.008951041,0.0244835
rand_spd,256,746,0.25845008135325004,0.25845008135324915,8.881784197001252e-16,0.009319875,0.024181833
rand_spd,256,747,0.2587118313711611,0.2587118313711602,8.881784197001252e-16,0.009215209,0.025588334
rand_spd,256,748,0.25833728161702085,0.25833728161701996,8.881784197001252e-16,0.009823667,0.027588791
rand_spd,256,749,0.2584252683729042,0.2584252683729033,8.881784197001252e-16,0.009114042,0.024085333
rand_spd,256,750,0.2585563529601727,0.2585563529601718,8.881784197001252e-16,0.008741875,0.023796292
rand_spd,256,751,0.25828238634279477,0.2582823863427939,8.881784197001252e-16,0.009351917,0.024424584
rand_spd,256,752,0.25839064036513576,0.25839064036513487,8.881784197001252e-16,0.008966625,0.024049833
rand_spd,256,753,0.25834414567724867,0.2583441456772478,8.881784197001252e-16,0.009168208,0.028638333
rand_spd,256,754,0.2584799729548118,0.2584799729548108,9.992007221626409e-16,0.010022459,0.025206625
rand_spd,256,755,0.2585321567849286,0.2585321567849277,8.881784197001252e-16,0.008913958,0.02549075
rand_spd,256,756,0.25848728773127855,0.25848728773127766,8.881784197001252e-16,0.009226375,0.024731875
rand_spd,256,757,0.2585302383636622,0.2585302383636613,8.881784197001252e-16,0.009025083,0.033203542
rand_spd,256,758,0.2583176097355039,0.258317609735503,8.881784197001252e-16,0.009358084,0.027229209
rand_spd,256,759,0.2587771113680936,0.2587771113680927,8.881784197001252e-16,0.00875925,0.023808666
rand_spd,256,760,0.2582341687869402,0.25823416878693933,8.881784197001252e-16,0.009080959,0.024225042
rand_spd,256,761,0.25813233457563206,0.2581323345756312,8.881784197001252e-16,0.009817667,0.02507975
rand_spd,256,762,0.25847113034997266,0.2584711303499717,9.43689570931383e-16,0.009423667,0.024899666
rand_spd,256,763,0.2583038671278465,0.2583038671278456,8.881784197001252e-16,0.0087665,0.023534417
rand_spd,256,764,0.2583463053634522,0.2583463053634513,8.881784197001252e-16,0.009924167,0.024148834
rand_spd,256,765,0.25852977438526464,0.25852977438526376,8.881784197001252e-16,0.009165375,0.032274917
rand_spd,256,766,0.25853294441294233,0.25853294441294145,8.881784197001252e-16,0.008790208,0.024021167
rand_spd,256,767,0.2584381397976785,0.2584381397976776,8.881784197001252e-16,0.00912725,0.024258708
rand_spd,256,768,0.25824144181398684,0.25824144181398595,8.881784197001252e-16,0.00914925,0.025139875
rand_spd,256,769,0.2581947289036638,0.25819472890366296,8.326672684688674e-16,0.009160292,0.024160208
rand_spd,256,770,0.25849672541581,0.25849672541580915,8.326672684688674e-16,0.008763625,0.024053709
rand_spd,256,771,0.25853881019246133,0.25853881019246044,8.881784197001252e-16,0.00862775,0.024194458
rand_spd,256,772,0.25854080394980267,0.2585408039498018,8.881784197001252e-16,0.008623916,0.024090959
rand_spd,256,773,0.2585149129851725,0.25851491298517165,8.326672684688674e-16,0.008642167,0.024253791
rand_spd,256,774,0.25844159299447017,0.2584415929944693,8.881784197001252e-16,0.008946959,0.024305375
rand_spd,256,775,0.25842293352239604,0.25842293352239515,8.881784197001252e-16,0.009144584,0.024438958
rand_spd,256,776,0.2584123921170197,0.25841239211701883,8.881784197001252e-16,0.008976792,0.024804708
rand_spd,256,777,0.2587870988389202,0.2587870988389193,8.881784197001252e-16,0.008758875,0.024157333
rand_spd,256,778,0.2582540982506179,0.258254098250617,8.881784197001252e-16,0.009378583,0.024233667
rand_spd,256,779,0.25833821410323116,0.2583382141032304,7.771561172376096e-16,0.00901325,0.023984125
rand_spd,256,780,0.25850938004083096,0.2585093800408301,8.881784197001252e-16,0.008962833,0.023829375
rand_spd,256,781,0.2584974029991751,0.2584974029991742,9.43689570931383e-16,0.0086645,0.026209959
rand_spd,256,782,0.258505901932842,0.258505901932841,9.992007221626409e-16,0.009441167,0.023888625
rand_spd,256,783,0.25833351803524546,0.25833351803524457,8.881784197001252e-16,0.00951375,0.024971125
rand_spd,256,784,0.2584155079887836,0.2584155079887827,8.881784197001252e-16,0.009411334,0.024578625
rand_spd,256,785,0.258394742121298,0.2583947421212971,8.881784197001252e-16,0.009176125,0.024126917
rand_spd,256,786,0.2585593326869592,0.2585593326869583,8.881784197001252e-16,0.009270417,0.024162792
rand_spd,256,787,0.25836850221867586,0.25836850221867497,8.881784197001252e-16,0.010868625,0.024677417
rand_spd,256,788,0.25856746799410496,0.25856746799410407,8.881784197001252e-16,0.009196834,0.024572584
rand_spd,256,789,0.25849374574168454,0.25849374574168366,8.881784197001252e-16,0.009346542,0.024983125
rand_spd,256,790,0.2584957764213571,0.25849577642135624,8.881784197001252e-16,0.009230375,0.024481875
rand_spd,256,791,0.25840086047155764,0.25840086047155675,8.881784197001252e-16,0.009013583,0.024394667
rand_spd,256,792,0.2583272727313107,0.2583272727313098,8.881784197001252e-16,0.008953542,0.024607667
rand_spd,256,793,0.2584895102659097,0.25848951026590883,8.881784197001252e-16,0.009017125,0.023947667
rand_spd,256,794,0.2584782173259042,0.2584782173259033,8.881784197001252e-16,0.008698667,0.024251625
rand_spd,256,795,0.25847857037824834,0.2584785703782475,8.326672684688674e-16,0.009022417,0.026578166
rand_spd,256,796,0.2585048915116067,0.2585048915116058,8.881784197001252e-16,0.009022334,0.024423416
rand_spd,256,797,0.2585903524238577,0.2585903524238568,8.881784197001252e-16,0.009064791,0.02442075
rand_spd,256,798,0.2582477994454248,0.2582477994454239,8.881784197001252e-16,0.009103875,0.024447625
rand_spd,256,799,0.2583048438612678,0.2583048438612669,8.881784197001252e-16,0.009110333,0.024168792
rand_spd,256,800,0.25846168059379704,0.2584616805937961,9.43689570931383e-16,0.009075958,0.024416041
rand_spd,256,801,0.2584211784810098,0.25842117848100893,8.881784197001252e-16,0.008620875,0.024194875
rand_spd,256,802,0.2582851571266619,0.25828515712666106,8.326672684688674e-16,0.008741458,0.0245845
rand_spd,256,803,0.2582938417761634,0.2582938417761625,8.881784197001252e-16,0.009030875,0.023879084
rand_spd,256,804,0.25839641902355104,0.25839641902355015,8.881784197001252e-16,0.009077459,0.024939458
rand_spd,256,805,0.25840858633309427,0.25840858633309344,8.326672684688674e-16,0.009135209,0.024082416
rand_spd,256,806,0.25850470024334904,0.25850470024334815,8.881784197001252e-16,0.009024167,0.024206583
rand_spd,256,807,0.2583541335157508,0.25835413351574993,8.881784197001252e-16,0.008735417,0.024710958
rand_spd,256,808,0.25823842984079715,0.25823842984079626,8.881784197001252e-16,0.008885209,0.024329291
rand_spd,256,809,0.2582787841656648,0.2582787841656639,8.881784197001252e-16,0.009297292,0.023800958
rand_spd,256,810,0.2586205719295076,0.25862057192950666,9.43689570931383e-16,0.008501375,0.0243035
rand_spd,256,811,0.25868887668457297,0.25868887668457213,8.326672684688674e-16,0.009198375,0.025550833
rand_spd,256,812,0.258412041936732,0.2584120419367311,8.881784197001252e-16,0.009113375,0.02525325
rand_spd,256,813,0.258036796427589,0.2580367964275881,8.881784197001252e-16,0.008926042,0.025390708
rand_spd,256,814,0.25864463436288054,0.25864463436287966,8.881784197001252e-16,0.008967834,0.02489575
rand_spd,256,815,0.25835068591746346,0.25835068591746263,8.326672684688674e-16,0.00893875,0.024270458
rand_spd,256,816,0.25837179260179505,0.25837179260179416,8.881784197001252e-16,0.008420125,0.023633542
rand_spd,256,817,0.25855990640612303,0.25855990640612214,8.881784197001252e-16,0.008413209,0.024119625
rand_spd,256,818,0.2582864743249092,0.25828647432490826,9.43689570931383e-16,0.008674416,0.02480375
rand_spd,256,819,0.25825306137151033,0.2582530613715095,8.326672684688674e-16,0.009173666,0.024638208
rand_spd,256,820,0.25852987963581514,0.25852987963581425,8.881784197001252e-16,0.009218125,0.024437208
rand_spd,256,821,0.2584225205216756,0.2584225205216747,8.881784197001252e-16,0.008723417,0.024408083
rand_spd,256,822,0.25851804115449767,0.2585180411544968,8.881784197001252e-16,0.011500875,0.024524791
rand_spd,256,823,0.25864550309582646,0.25864550309582557,8.881784197001252e-16,0.009448959,0.025755708
rand_spd,256,824,0.2583450039833662,0.2583450039833654,7.771561172376096e-16,0.009031709,0.024292708
rand_spd,256,825,0.25836526064618914,0.25836526064618826,8.881784197001252e-16,0.008771833,0.024721209
rand_spd,256,826,0.2582602176712497,0.25826021767124885,8.326672684688674e-16,0.009140708,0.0245205
rand_spd,256,827,0.25836849864893685,0.25836849864893596,8.881784197001252e-16,0.009167125,0.02493775
rand_spd,256,828,0.258630991573466,0.2586309915734651,8.881784197001252e-16,0.009213042,0.024202875
rand_spd,256,829,0.258549341198918,0.2585493411989171,8.881784197001252e-16,0.008836875,0.024563542
rand_spd,256,830,0.2584482542535735,0.2584482542535726,8.881784197001252e-16,0.009189917,0.024892
rand_spd,256,831,0.25846128159641296,0.2584612815964121,8.881784197001252e-16,0.009129,0.025011375
rand_spd,256,832,0.25849883214817254,0.2584988321481717,8.326672684688674e-16,0.009261166,0.024558
rand_spd,256,833,0.2586090093098212,0.2586090093098203,9.43689570931383e-16,0.009085958,0.024703709
rand_spd,256,834,0.2582772862541327,0.2582772862541318,8.881784197001252e-16,0.0086725,0.024499042
rand_spd,256,835,0.25844403540168653,0.25844403540168565,8.881784197001252e-16,0.009164417,0.025261916
rand_spd,256,836,0.2583428141871275,0.2583428141871266,8.881784197001252e-16,0.009181084,0.024475666
rand_spd,256,837,0.258187616919138,0.2581876169191371,8.881784197001252e-16,0.0092125,0.024583583
rand_spd,256,838,0.2582745882022603,0.25827458820225946,8.326672684688674e-16,0.009244667,0.024510584
rand_spd,256,839,0.2585854709874446,0.25858547098744367,9.43689570931383e-16,0.009293917,0.023989541
rand_spd,256,840,0.2582686991009946,0.2582686991009937,8.881784197001252e-16,0.008876292,0.024503958
rand_spd,256,841,0.2585444894701316,0.2585444894701307,8.881784197001252e-16,0.009242041,0.024697
rand_spd,256,842,0.2584432661353219,0.258443266135321,9.43689570931383e-16,0.009029375,0.024869292
rand_spd,256,843,0.2582901448520415,0.25829014485204066,8.326672684688674e-16,0.008989292,0.024467542
rand_spd,256,844,0.2588089151062441,0.2588089151062432,8.881784197001252e-16,0.009132708,0.024035125
rand_spd,256,845,0.25842580926625774,0.25842580926625686,8.881784197001252e-16,0.009043917,0.024531583
rand_spd,256,846,0.25854664725732757,0.25854664725732657,9.992007221626409e-16,0.009039042,0.024433875
rand_spd,256,847,0.25807466570841164,0.2580746657084107,9.43689570931383e-16,0.009162083,0.024643458
rand_spd,256,848,0.2585324780481224,0.2585324780481215,8.881784197001252e-16,0.00899025,0.0248695
rand_spd,256,849,0.2585067575446322,0.2585067575446313,8.881784197001252e-16,0.009235542,0.025117375
rand_spd,256,850,0.25825837719562655,0.25825837719562567,8.881784197001252e-16,0.008711708,0.024719792
rand_spd,256,851,0.25837194058386387,0.258371940583863,8.881784197001252e-16,0.008946458,0.024667333
rand_spd,256,852,0.258400267619365,0.25840026761936413,8.881784197001252e-16,0.009181458,0.023884417
rand_spd,256,853,0.2587321899904654,0.2587321899904645,8.881784197001252e-16,0.009069917,0.02404725
rand_spd,256,854,0.258186365313986,0.25818636531398514,8.326672684688674e-16,0.008984792,0.024199167
rand_spd,256,855,0.2583837673506545,0.2583837673506536,8.881784197001252e-16,0.009070417,0.024475667
rand_spd,256,856,0.2581295283219082,0.25812952832190733,8.881784197001252e-16,0.010643292,0.024798583
rand_spd,256,857,0.2584866905936864,0.2584866905936854,9.992007221626409e-16,0.009080167,0.024417792
rand_spd,256,858,0.2585164815471647,0.25851648154716383,8.881784197001252e-16,0.008970291,0.024982833
rand_spd,256,859,0.25840527101355426,0.25840527101355343,8.326672684688674e-16,0.009026292,0.024329916
rand_spd,256,860,0.2587830217583294,0.2587830217583285,8.881784197001252e-16,0.00915525,0.024676917
rand_spd,256,861,0.25838154589688395,0.25838154589688306,8.881784197001252e-16,0.00902975,0.025068958
rand_spd,256,862,0.25846992676151787,0.258469926761517,8.881784197001252e-16,0.008889291,0.024780709
rand_spd,256,863,0.2583935223692951,0.25839352236929414,9.43689570931383e-16,0.00937625,0.024984834
rand_spd,256,864,0.25822929028541214,0.25822929028541125,8.881784197001252e-16,0.009140958,0.026698584
rand_spd,256,865,0.2585073570796937,0.25850735707969286,8.326672684688674e-16,0.009005459,0.025097375
rand_spd,256,866,0.2585602902869159,0.258560290286915,8.881784197001252e-16,0.009232583,0.024379333
rand_spd,256,867,0.25860280360921084,0.2586028036092099,9.43689570931383e-16,0.009054125,0.024685083
rand_spd,256,868,0.2585565519607596,0.25855655196075866,9.43689570931383e-16,0.008965125,0.024261375
rand_spd,256,869,0.25825818979272247,0.2582581897927216,8.881784197001252e-16,0.0086165,0.024357666
rand_spd,256,870,0.2581792706767722,0.2581792706767713,8.881784197001252e-16,0.009530791,0.025355459
rand_spd,256,871,0.25843940254095654,0.2584394025409556,9.43689570931383e-16,0.0093905,0.024002083
rand_spd,256,872,0.25825540431653976,0.25825540431653876,9.992007221626409e-16,0.008554917,0.024013292
rand_spd,256,873,0.25843025708436984,0.25843025708436895,8.881784197001252e-16,0.008657125,0.024416167
rand_spd,256,874,0.2583978219130118,0.2583978219130109,8.881784197001252e-16,0.008556291,0.023791125
rand_spd,256,875,0.25836031898582074,0.25836031898581985,8.881784197001252e-16,0.009288292,0.025828583
rand_spd,256,876,0.2585584047914244,0.2585584047914235,8.881784197001252e-16,0.009208541,0.024321292
rand_spd,256,877,0.2579940104291529,0.257994010429152,8.881784197001252e-16,0.00892775,0.024297875
rand_spd,256,878,0.2583917586209048,0.25839175862090386,9.43689570931383e-16,0.009089667,0.0243795
rand_spd,256,879,0.25836887822169247,0.2583688782216916,8.881784197001252e-16,0.009034041,0.024065042
rand_spd,256,880,0.25848620847826165,0.2584862084782608,8.326672684688674e-16,0.009393,0.024655458
rand_spd,256,881,0.2585511260286642,0.25855112602866326,9.43689570931383e-16,0.008889916,0.023985084
rand_spd,256,882,0.2584086056238713,0.2584086056238704,8.881784197001252e-16,0.009310458,0.024137416
rand_spd,256,883,0.2584368614970113,0.2584368614970104,8.881784197001252e-16,0.009057375,0.024223416
rand_spd,256,884,0.2584382938480305,0.25843829384802963,8.881784197001252e-16,0.00921625,0.024654625
rand_spd,256,885,0.2588372020482792,0.25883720204827826,9.43689570931383e-16,0.00871825,0.024127875
rand_spd,256,886,0.2584706959831653,0.25847069598316436,9.43689570931383e-16,0.0088515,0.024519
rand_spd,256,887,0.2583730684221078,0.2583730684221069,8.881784197001252e-16,0.0092435,0.024714625
rand_spd,256,888,0.2586093317205907,0.25860933172058986,8.326672684688674e-16,0.009379334,0.024556417
rand_spd,256,889,0.2585377316931763,0.25853773169317534,9.43689570931383e-16,0.008891333,0.026452875
rand_spd,256,890,0.25870201482367633,0.25870201482367544,8.881784197001252e-16,0.009042583,0.024248958
rand_spd,256,891,0.25837409086857077,0.2583740908685699,8.881784197001252e-16,0.008909333,0.024758958
rand_spd,256,892,0.258521571978221,0.25852157197822007,9.43689570931383e-16,0.008803792,0.024389584
rand_spd,256,893,0.25826624204984416,0.2582662420498433,8.881784197001252e-16,0.009114333,0.024436542
rand_spd,256,894,0.25830437468452033,0.25830437468451944,8.881784197001252e-16,0.008510459,0.023938583
rand_spd,256,895,0.25847771867838976,0.2584777186783888,9.43689570931383e-16,0.008988042,0.024268375
rand_spd,256,896,0.2585266820898451,0.25852668208984414,9.43689570931383e-16,0.00935875,0.024481333
rand_spd,256,897,0.25833539044733306,0.25833539044733217,8.881784197001252e-16,0.008938292,0.024529542
rand_spd,256,898,0.25834970935215346,0.25834970935215257,8.881784197001252e-16,0.009167333,0.024437667
rand_spd,256,899,0.2582419970350645,0.25824199703506356,9.43689570931383e-16,0.008695166,0.024283083
rand_spd,256,900,0.2582891319878163,0.2582891319878154,8.881784197001252e-16,0.009087666,0.02450975
rand_spd,256,901,0.25865907320918224,0.25865907320918136,8.881784197001252e-16,0.0089775,0.024317875
rand_spd,256,902,0.258397198259208,0.2583971982592071,8.881784197001252e-16,0.009257833,0.025283959
rand_spd,256,903,0.25842234466652975,0.25842234466652886,8.881784197001252e-16,0.00891725,0.02450675
rand_spd,256,904,0.2583695828537406,0.25836958285373973,8.881784197001252e-16,0.00922275,0.024162042
rand_spd,256,905,0.2582010216679232,0.2582010216679223,8.881784197001252e-16,0.009186208,0.023688375
rand_spd,256,906,0.25847973040873606,0.2584797304087352,8.881784197001252e-16,0.008569458,0.024031375
rand_spd,256,907,0.258443464131403,0.2584434641314021,8.881784197001252e-16,0.008414334,0.02386975
rand_spd,256,908,0.2584288659147681,0.2584288659147672,8.881784197001252e-16,0.008973208,0.024915458
rand_spd,256,909,0.2583967091313903,0.2583967091313894,8.881784197001252e-16,0.009344,0.024259458
rand_spd,256,910,0.2582312374498341,0.25823123744983323,8.881784197001252e-16,0.009229292,0.025456125
rand_spd,256,911,0.2583654422062643,0.2583654422062634,8.881784197001252e-16,0.009176791,0.025146
rand_spd,256,912,0.25855695139380314,0.25855695139380225,8.881784197001252e-16,0.009303083,0.023989375
rand_spd,256,913,0.2583120758919526,0.2583120758919517,8.881784197001252e-16,0.00924525,0.02456825
rand_spd,256,914,0.2583594301325954,0.25835943013259444,9.43689570931383e-16,0.008791125,0.024686708
rand_spd,256,915,0.25825456057011564,0.2582545605701148,8.326672684688674e-16,0.009244667,0.02467925
rand_spd,256,916,0.2584928013059588,0.25849280130595786,9.43689570931383e-16,0.00874075,0.024600125
rand_spd,256,917,0.25827110594294517,0.2582711059429443,8.881784197001252e-16,0.009284875,0.024223459
rand_spd,256,918,0.25820135584915443,0.2582013558491535,9.43689570931383e-16,0.008976333,0.024568625
rand_spd,256,919,0.2583353770434228,0.25833537704342185,9.43689570931383e-16,0.008691541,0.024877292
rand_spd,256,920,0.2583628581622014,0.2583628581622005,8.881784197001252e-16,0.008537084,0.024399916
rand_spd,256,921,0.25829911613327783,0.2582991161332769,9.43689570931383e-16,0.008580125,0.02414
rand_spd,256,922,0.25852622149429355,0.25852622149429266,8.881784197001252e-16,0.009870791,0.024625542
rand_spd,256,923,0.2586245931506658,0.25862459315066494,8.881784197001252e-16,0.009629375,0.025134791
rand_spd,256,924,0.25858426601566703,0.25858426601566614,8.881784197001252e-16,0.009230208,0.024615125
rand_spd,256,925,0.25858779258678205,0.25858779258678116,8.881784197001252e-16,0.009441833,0.024833
rand_spd,256,926,0.25839015626570594,0.2583901562657051,8.326672684688674e-16,0.009271083,0.024216333
rand_spd,256,927,0.258523678732464,0.2585236787324631,8.881784197001252e-16,0.009221791,0.024910542
rand_spd,256,928,0.2585840920133756,0.25858409201337473,8.881784197001252e-16,0.009203833,0.024157542
rand_spd,256,929,0.2584379078756955,0.2584379078756946,8.881784197001252e-16,0.010158208,0.0252425
rand_spd,256,930,0.2583701660374726,0.25837016603747165,9.43689570931383e-16,0.008415083,0.024607708
rand_spd,256,931,0.25847671186933513,0.25847671186933413,9.992007221626409e-16,0.008437542,0.024200334
rand_spd,256,932,0.2584001506953263,0.25840015069532546,8.326672684688674e-16,0.009215083,0.025146292
rand_spd,256,933,0.258271906545015,0.25827190654501403,9.43689570931383e-16,0.00902775,0.025165375
rand_spd,256,934,0.2586169516827578,0.2586169516827569,8.881784197001252e-16,0.009081041,0.024970209
rand_spd,256,935,0.2586542107756612,0.2586542107756603,8.881784197001252e-16,0.009102042,0.024696375
rand_spd,256,936,0.2582800585329156,0.2582800585329147,8.881784197001252e-16,0.00913,0.024806208
rand_spd,256,937,0.2585627792081758,0.2585627792081749,8.881784197001252e-16,0.009139417,0.024920583
rand_spd,256,938,0.2581534930294548,0.25815349302945384,9.43689570931383e-16,0.008598959,0.024505333
rand_spd,256,939,0.25846883429638345,0.2584688342963825,9.43689570931383e-16,0.009091459,0.02484025
rand_spd,256,940,0.2584896424408119,0.25848964244081096,9.43689570931383e-16,0.009196291,0.024427542
rand_spd,256,941,0.258606290121817,0.25860629012181613,8.881784197001252e-16,0.009276375,0.024847
rand_spd,256,942,0.2583304287636505,0.2583304287636496,8.881784197001252e-16,0.009151292,0.024515291
rand_spd,256,943,0.2583347334369532,0.2583347334369523,8.881784197001252e-16,0.008535792,0.024431083
rand_spd,256,944,0.2583641937242023,0.2583641937242014,8.881784197001252e-16,0.009045458,0.025095459
rand_spd,256,945,0.25859614868811936,0.2585961486881184,9.43689570931383e-16,0.009046083,0.025072083
rand_spd,256,946,0.2584111574137079,0.258411157413707,8.881784197001252e-16,0.009187292,0.024839916
rand_spd,256,947,0.2584848076406842,0.25848480764068327,9.43689570931383e-16,0.009218834,0.025002166
rand_spd,256,948,0.2583114653595086,0.2583114653595077,8.881784197001252e-16,0.009169667,0.024741208
rand_spd,256,949,0.2585585664108397,0.2585585664108388,8.881784197001252e-16,0.008916833,0.025369667
rand_spd,256,950,0.2583939355072952,0.25839393550729434,8.881784197001252e-16,0.009162958,0.025885167
rand_spd,256,951,0.25847786110040255,0.25847786110040166,8.881784197001252e-16,0.009101958,0.025370417
rand_spd,256,952,0.258665515607823,0.2586655156078222,8.326672684688674e-16,0.008942542,0.025255166
rand_spd,256,953,0.2585274676769676,0.2585274676769667,8.881784197001252e-16,0.011439,0.02527225
rand_spd,256,954,0.25851461173895735,0.25851461173895646,8.881784197001252e-16,0.009014583,0.025343292
rand_spd,256,955,0.2585047159111315,0.2585047159111306,8.881784197001252e-16,0.00993875,0.025809625
rand_spd,256,956,0.2583687186061283,0.2583687186061274,8.881784197001252e-16,0.009501542,0.025645583
rand_spd,256,957,0.2584364576773656,0.25843645767736473,8.881784197001252e-16,0.009112541,0.024049667
rand_spd,256,958,0.2579955437558574,0.25799554375585665,7.771561172376096e-16,0.00889375,0.024623417
rand_spd,256,959,0.2585324252417432,0.2585324252417423,8.881784197001252e-16,0.0094745,0.024216292
rand_spd,256,960,0.25850097203344446,0.2585009720334436,8.881784197001252e-16,0.008994541,0.024777875
rand_spd,256,961,0.2585979469325566,0.2585979469325557,8.881784197001252e-16,0.0088825,0.025197333
rand_spd,256,962,0.25848908109421187,0.258489081094211,8.881784197001252e-16,0.009041,0.027314541
rand_spd,256,963,0.2584609876936667,0.2584609876936658,8.881784197001252e-16,0.008350459,0.024170916
rand_spd,256,964,0.25852271676150307,0.2585227167615022,8.881784197001252e-16,0.008631708,0.025071125
rand_spd,256,965,0.25831356654987453,0.25831356654987364,8.881784197001252e-16,0.008628416,0.02439375
rand_spd,256,966,0.2583894764302303,0.2583894764302293,9.992007221626409e-16,0.009361458,0.027000542
rand_spd,256,967,0.25835111482190426,0.25835111482190337,8.881784197001252e-16,0.0091895,0.024653083
rand_spd,256,968,0.2582135304912401,0.2582135304912392,8.881784197001252e-16,0.009625667,0.024715166
rand_spd,256,969,0.25847693371223485,0.25847693371223396,8.881784197001252e-16,0.009595167,0.025071458
rand_spd,256,970,0.2584065897403014,0.2584065897403005,8.881784197001252e-16,0.009033584,0.025435167
rand_spd,256,971,0.2584159336293959,0.25841593362939497,9.43689570931383e-16,0.008889958,0.024853667
rand_spd,256,972,0.25841840766308194,0.25841840766308105,8.881784197001252e-16,0.009252958,0.02449725
rand_spd,256,973,0.25846829137733035,0.25846829137732946,8.881784197001252e-16,0.008737959,0.025909083
rand_spd,256,974,0.2583942491035642,0.25839424910356323,9.43689570931383e-16,0.008431542,0.024649666
rand_spd,256,975,0.25860555103158966,0.2586055510315888,8.881784197001252e-16,0.009247,0.02466575
rand_spd,256,976,0.2582731981027972,0.2582731981027963,8.881784197001252e-16,0.008849,0.024971666
rand_spd,256,977,0.2587472068811338,0.2587472068811328,9.992007221626409e-16,0.009266208,0.025084625
rand_spd,256,978,0.2583319584201229,0.25833195842012197,9.43689570931383e-16,0.008843708,0.024608959
rand_spd,256,979,0.25815702372961163,0.25815702372961075,8.881784197001252e-16,0.009494541,0.024601417
rand_spd,256,980,0.2585882731106914,0.2585882731106905,8.881784197001252e-16,0.00874375,0.027441584
rand_spd,256,981,0.25848237155680354,0.2584823715568026,9.43689570931383e-16,0.008885625,0.024911625
rand_spd,256,982,0.2582821800333506,0.2582821800333497,8.881784197001252e-16,0.009017083,0.024762667
rand_spd,256,983,0.2583365472263652,0.2583365472263643,8.881784197001252e-16,0.009119583,0.026587042
rand_spd,256,984,0.2585735204290739,0.25857352042907306,8.326672684688674e-16,0.009085916,0.024736042
rand_spd,256,985,0.2585715256667971,0.2585715256667962,8.881784197001252e-16,0.009067667,0.024725333
rand_spd,256,986,0.25852570284727333,0.25852570284727244,8.881784197001252e-16,0.009,0.024961834
rand_spd,256,987,0.2581114497069872,0.2581114497069863,8.881784197001252e-16,0.009141459,0.024910541
rand_spd,256,988,0.25857244418564035,0.25857244418563946,8.881784197001252e-16,0.008780542,0.024708625
rand_spd,256,989,0.2585379263513882,0.25853792635138734,8.881784197001252e-16,0.009377792,0.026941041
rand_spd,256,990,0.25864140769036204,0.25864140769036115,8.881784197001252e-16,0.008786625,0.026876958
rand_spd,256,991,0.2586103501842759,0.25861035018427503,8.881784197001252e-16,0.009150291,0.024395
rand_spd,256,992,0.2586959144968211,0.2586959144968202,8.881784197001252e-16,0.008973291,0.025131959
rand_spd,256,993,0.25816047132984404,0.25816047132984316,8.881784197001252e-16,0.008945834,0.024672708
rand_spd,256,994,0.25842939615225385,0.258429396152253,8.326672684688674e-16,0.008774708,0.025032709
rand_spd,256,995,0.2583401323215311,0.2583401323215302,8.881784197001252e-16,0.008958542,0.025043125
rand_spd,256,996,0.2584907704510643,0.2584907704510634,8.881784197001252e-16,0.008918709,0.025606208
rand_spd,256,997,0.25868859117106763,0.25868859117106663,9.992007221626409e-16,0.009113375,0.024843959
rand_spd,256,998,0.258358558606201,0.2583585586062001,8.881784197001252e-16,0.008641834,0.024060375
rand_spd,256,999,0.2582645608216871,0.2582645608216862,8.881784197001252e-16,0.008843833,0.024935292
rand_spd,256,1000,0.2586788061553328,0.2586788061553319,8.881784197001252e-16,0.008744792,0.026795625
rand_spd,1024,1,0.25373129143612716,0.2537312914361189,8.271161533457416e-15,0.049598292,0.110449416
rand_spd,1024,2,0.2537257764854901,0.25372577648548184,8.271161533457416e-15,0.049511042,0.110028208
rand_spd,1024,3,0.2536819700820865,0.2536819700820781,8.382183835919932e-15,0.048905917,0.11066425
rand_spd,1024,4,0.2535442527314426,0.25354425273143427,8.326672684688674e-15,0.051075084,0.108997042
rand_spd,1024,5,0.25359508101048805,0.2535950810104798,8.271161533457416e-15,0.061113541,0.110145792
rand_spd,1024,6,0.25371985372743544,0.2537198537274273,8.1601392309949e-15,0.050950583,0.109688875
rand_spd,1024,7,0.2537189845187931,0.2537189845187848,8.326672684688674e-15,0.047949542,0.109694333
rand_spd,1024,8,0.2535607102049836,0.25356071020497534,8.271161533457416e-15,0.050712709,0.109337083
rand_spd,1024,9,0.2538112473820448,0.2538112473820366,8.215650382226158e-15,0.049506875,0.109798417
rand_spd,1024,10,0.2536837676370143,0.25368376763700595,8.326672684688674e-15,0.049868208,0.109585292
rand_spd,1024,11,0.25381923245302024,0.25381923245301197,8.271161533457416e-15,0.050196125,0.109346167
rand_spd,1024,12,0.25342984573230526,0.25342984573229693,8.326672684688674e-15,0.050016292,0.109957667
rand_spd,1024,13,0.25352092203930515,0.2535209220392969,8.271161533457416e-15,0.049606583,0.113854
rand_spd,1024,14,0.25366902738962854,0.2536690273896202,8.326672684688674e-15,0.04893775,0.108159459
rand_spd,1024,15,0.2535472533404686,0.2535472533404604,8.215650382226158e-15,0.052473917,0.108405
rand_spd,1024,16,0.2535899780331343,0.25358997803312605,8.271161533457416e-15,0.0539895,0.108605166
rand_spd,1024,17,0.2536776321588725,0.25367763215886424,8.271161533457416e-15,0.050794583,0.109246292
rand_spd,1024,18,0.2536943740478686,0.2536943740478604,8.215650382226158e-15,0.049855791,0.108847625
rand_spd,1024,19,0.25381688794525764,0.2538168879452494,8.215650382226158e-15,0.051211416,0.113170375
rand_spd,1024,20,0.25373743900229123,0.253737439002283,8.215650382226158e-15,0.048990084,0.109126167
rand_spd,1024,21,0.2536460781319234,0.2536460781319152,8.215650382226158e-15,0.0488345,0.109231584
rand_spd,1024,22,0.25362902175613095,0.2536290217561226,8.326672684688674e-15,0.048962833,0.109221958
rand_spd,1024,23,0.25346713206442395,0.25346713206441573,8.215650382226158e-15,0.049709958,0.110076083
rand_spd,1024,24,0.25358576122556514,0.2535857612255568,8.326672684688674e-15,0.052739958,0.108791375
rand_spd,1024,25,0.25352998841284563,0.2535299884128373,8.326672684688674e-15,0.050338042,0.108992416
rand_spd,1024,26,0.253538641031625,0.25353864103161666,8.326672684688674e-15,0.052724667,0.109572792
rand_spd,1024,27,0.25341493409173704,0.25341493409172866,8.382183835919932e-15,0.049590083,0.109724917
rand_spd,1024,28,0.2536222974970674,0.25362229749705906,8.326672684688674e-15,0.050886541,0.108294209
rand_spd,1024,29,0.25373909028772207,0.25373909028771374,8.326672684688674e-15,0.049859083,0.110848833
rand_spd,1024,30,0.2535048604037678,0.25350486040375947,8.326672684688674e-15,0.04900875,0.108796417
rand_spd,1024,31,0.25342099334599283,0.25342099334598456,8.271161533457416e-15,0.048595333,0.108547042
rand_spd,1024,32,0.2535900059771519,0.25359000597714365,8.271161533457416e-15,0.04719675,0.108951875
rand_spd,1024,33,0.25369661828161855,0.2536966182816102,8.326672684688674e-15,0.050895,0.108762667
rand_spd,1024,34,0.253553081578413,0.2535530815784047,8.271161533457416e-15,0.050218917,0.109574291
rand_spd,1024,35,0.25362965412040067,0.25362965412039246,8.215650382226158e-15,0.050541917,0.108403375
rand_spd,1024,36,0.2536686157266043,0.253668615726596,8.326672684688674e-15,0.04872875,0.109085208
rand_spd,1024,37,0.2534779758473185,0.2534779758473102,8.326672684688674e-15,0.04959125,0.108766625
rand_spd,1024,38,0.25345187740325703,0.2534518774032488,8.215650382226158e-15,0.049981958,0.109461875
rand_spd,1024,39,0.2534617347422531,0.2534617347422449,8.1601392309949e-15,0.050327,0.109489375
rand_spd,1024,40,0.25360156129430206,0.2536015612942937,8.382183835919932e-15,0.049755125,0.108176125
rand_spd,1024,41,0.2534955445431965,0.2534955445431882,8.326672684688674e-15,0.052533208,0.108834125
rand_spd,1024,42,0.25355493883132496,0.2535549388313167,8.271161533457416e-15,0.049346375,0.111616875
rand_spd,1024,43,0.25361997062171443,0.25361997062170616,8.271161533457416e-15,0.048782416,0.108220459
rand_spd,1024,44,0.25357986778920377,0.2535798677891955,8.271161533457416e-15,0.050490667,0.109022542
rand_spd,1024,45,0.2534888742911057,0.25348887429109745,8.271161533457416e-15,0.049557166,0.115330542
rand_spd,1024,46,0.2536044806506029,0.25360448065059465,8.271161533457416e-15,0.049469375,0.107728875
rand_spd,1024,47,0.25362050803431585,0.2536205080343076,8.271161533457416e-15,0.048901333,0.109276166
rand_spd,1024,48,0.25351041232092886,0.2535104123209206,8.271161533457416e-15,0.049946458,0.108666334
rand_spd,1024,49,0.25367515676064667,0.2536751567606384,8.271161533457416e-15,0.048376625,0.1084665
rand_spd,1024,50,0.2533871917502764,0.25338719175026814,8.271161533457416e-15,0.049370083,0.107887042
rand_spd,1024,51,0.2537927843290407,0.25379278432903235,8.326672684688674e-15,0.052148625,0.110994417
rand_spd,1024,52,0.2537577228788667,0.25375772287885845,8.271161533457416e-15,0.049545375,0.106726625
rand_spd,1024,53,0.2539009670256072,0.2539009670255989,8.326672684688674e-15,0.050209416,0.108009917
rand_spd,1024,54,0.25361020120869837,0.2536102012086901,8.271161533457416e-15,0.050031292,0.108324208
rand_spd,1024,55,0.2535379399553268,0.25353793995531854,8.271161533457416e-15,0.048062709,0.107757041
rand_spd,1024,56,0.2536762919500966,0.25367629195008834,8.271161533457416e-15,0.049184833,0.108919792
rand_spd,1024,57,0.25367483724513135,0.2536748372451231,8.271161533457416e-15,0.049434125,0.107828834
rand_spd,1024,58,0.25353565795384164,0.2535356579538334,8.215650382226158e-15,0.049940458,0.108082417
rand_spd,1024,59,0.2534045364209791,0.2534045364209709,8.215650382226158e-15,0.049804792,0.10878775
rand_spd,1024,60,0.2537121004917246,0.2537121004917163,8.326672684688674e-15,0.048664041,0.107328292
rand_spd,1024,61,0.2534700784506915,0.2534700784506833,8.215650382226158e-15,0.047830667,0.10849525
rand_spd,1024,62,0.25361019819170644,0.2536101981916981,8.326672684688674e-15,0.048895125,0.10833525
rand_spd,1024,63,0.2535378258804644,0.2535378258804561,8.326672684688674e-15,0.048669542,0.107388458
rand_spd,1024,64,0.25357702146799355,0.2535770214679853,8.271161533457416e-15,0.048786417,0.108316167
rand_spd,1024,65,0.2535577077466861,0.2535577077466779,8.215650382226158e-15,0.0492395,0.108246542
rand_spd,1024,66,0.25347366789683196,0.25347366789682363,8.326672684688674e-15,0.04917525,0.108093125
rand_spd,1024,67,0.253637242909569,0.2536372429095607,8.326672684688674e-15,0.048990667,0.1090385
rand_spd,1024,68,0.25367366735605534,0.2536736673560471,8.271161533457416e-15,0.048433834,0.1087285
rand_spd,1024,69,0.25362832183084416,0.25362832183083583,8.326672684688674e-15,0.049848209,0.107803
rand_spd,1024,70,0.2537193829140711,0.2537193829140628,8.271161533457416e-15,0.052021916,0.108564167
rand_spd,1024,71,0.2535887920448702,0.25358879204486195,8.271161533457416e-15,0.049222125,0.109952375
rand_spd,1024,72,0.2535734888267931,0.2535734888267848,8.271161533457416e-15,0.050367375,0.108718042
rand_spd,1024,73,0.25355608205195024,0.25355608205194197,8.271161533457416e-15,0.048782708,0.108424042
rand_spd,1024,74,0.25368790116256057,0.2536879011625522,8.382183835919932e-15,0.049477542,0.108859583
rand_spd,1024,75,0.2534590623817739,0.2534590623817657,8.215650382226158e-15,0.048774458,0.108397791
rand_spd,1024,76,0.25360406692390036,0.2536040669238921,8.271161533457416e-15,0.048569292,0.10770975
rand_spd,1024,77,0.2538122258868724,0.2538122258868641,8.326672684688674e-15,0.04693075,0.108472208
rand_spd,1024,78,0.25335987357522166,0.2533598735752134,8.271161533457416e-15,0.048337375,0.107510541
rand_spd,1024,79,0.2536067213263697,0.25360672132636136,8.326672684688674e-15,0.049298416,0.107945042
rand_spd,1024,80,0.2537000377683924,0.253700037768384,8.382183835919932e-15,0.048122958,0.108201667
rand_spd,1024,81,0.25368622897951837,0.2536862289795101,8.271161533457416e-15,0.049835458,0.107818083
rand_spd,1024,82,0.25373193303244307,0.25373193303243485,8.215650382226158e-15,0.048368875,0.107640416
rand_spd,1024,83,0.25354516142778083,0.25354516142777256,8.271161533457416e-15,0.049825625,0.108433083
rand_spd,1024,84,0.2535816787776071,0.25358167877759885,8.271161533457416e-15,0.050716875,0.107260625
rand_spd,1024,85,0.25366605186071417,0.2536660518607059,8.271161533457416e-15,0.049172459,0.107719708
rand_spd,1024,86,0.2534648360885216,0.2534648360885133,8.326672684688674e-15,0.048677291,0.108145667
rand_spd,1024,87,0.2535106768854447,0.25351067688543644,8.271161533457416e-15,0.041462042,0.099828375
rand_spd,1024,88,0.2535290365274684,0.2535290365274602,8.1601392309949e-15,0.042510208,0.100528709
rand_spd,1024,89,0.25367435327103655,0.2536743532710282,8.326672684688674e-15,0.041866333,0.099436875
rand_spd,1024,90,0.253343572793503,0.25334357279349473,8.271161533457416e-15,0.042295041,0.100202834
rand_spd,1024,91,0.2535695181976249,0.2535695181976166,8.326672684688674e-15,0.041522708,0.099988042
rand_spd,1024,92,0.2534842394986096,0.25348423949860127,8.326672684688674e-15,0.042130166,0.100430834
rand_spd,1024,93,0.25357997746937594,0.2535799774693676,8.326672684688674e-15,0.041582,0.100097375
rand_spd,1024,94,0.2537174069854044,0.2537174069853961,8.326672684688674e-15,0.0420385,0.100009417
rand_spd,1024,95,0.2535322813156606,0.2535322813156523,8.271161533457416e-15,0.0417275,0.100130334
rand_spd,1024,96,0.2534275573855569,0.25342755738554856,8.326672684688674e-15,0.04187925,0.10019675
rand_spd,1024,97,0.25353612116813756,0.2535361211681293,8.271161533457416e-15,0.042359583,0.099809
rand_spd,1024,98,0.253558602915446,0.2535586029154377,8.326672684688674e-15,0.041867791,0.099562084
rand_spd,1024,99,0.2536290592978064,0.25362905929779805,8.326672684688674e-15,0.042092,0.10028475
rand_spd,1024,100,0.25375899852182754,0.25375899852181927,8.271161533457416e-15,0.041771542,0.100066833
rand_spd,1024,101,0.2535689147889348,0.2535689147889265,8.271161533457416e-15,0.042529958,0.100252917
rand_spd,1024,102,0.25344456298344026,0.253444562983432,8.271161533457416e-15,0.041702,0.099829875
rand_spd,1024,103,0.2536917067176409,0.2536917067176327,8.215650382226158e-15,0.042043083,0.100319791
rand_spd,1024,104,0.25341298968555087,0.25341298968554266,8.215650382226158e-15,0.041930041,0.099904417
rand_spd,1024,105,0.2536717461248549,0.2536717461248466,8.271161533457416e-15,0.044780667,0.101573708
rand_spd,1024,106,0.25348494125522264,0.25348494125521437,8.271161533457416e-15,0.043650542,0.100545833
rand_spd,1024,107,0.253492721607774,0.2534927216077657,8.271161533457416e-15,0.044200875,0.100290791
rand_spd,1024,108,0.25362492208063064,0.2536249220806223,8.326672684688674e-15,0.042601208,0.100141625
rand_spd,1024,109,0.25348253517239844,0.2534825351723901,8.326672684688674e-15,0.043030875,0.100697041
rand_spd,1024,110,0.25351996751062056,0.25351996751061234,8.215650382226158e-15,0.042695125,0.100306459
rand_spd,1024,111,0.2536604233263584,0.25366042332635,8.382183835919932e-15,0.042140833,0.100424875
rand_spd,1024,112,0.25370378083636225,0.253703780836354,8.271161533457416e-15,0.041576667,0.100258666
rand_spd,1024,113,0.25361046040606544,0.2536104604060572,8.215650382226158e-15,0.0429405,0.100133125
rand_spd,1024,114,0.2535649056539172,0.253564905653909,8.215650382226158e-15,0.043793625,0.100118833
rand_spd,1024,115,0.2535814990458766,0.2535814990458683,8.326672684688674e-15,0.043630333,0.101589583
rand_spd,1024,116,0.2535285681961092,0.253528568196101,8.215650382226158e-15,0.042441792,0.098867875
rand_spd,1024,117,0.25359298842817724,0.25359298842816896,8.271161533457416e-15,0.041746333,0.09955575
rand_spd,1024,118,0.2535770949668516,0.2535770949668432,8.382183835919932e-15,0.041676125,0.099108042
rand_spd,1024,119,0.2535085295908793,0.253508529590871,8.271161533457416e-15,0.042395792,0.099860916
rand_spd,1024,120,0.25365847132671965,0.2536584713267113,8.326672684688674e-15,0.042442792,0.100582083
rand_spd,1024,121,0.25377125712213494,0.2537712571221266,8.326672684688674e-15,0.042326917,0.099606
rand_spd,1024,122,0.25357588873149833,0.2535758887314901,8.215650382226158e-15,0.041959625,0.10031875
rand_spd,1024,123,0.25342097861735186,0.25342097861734364,8.215650382226158e-15,0.042532083,0.099540625
rand_spd,1024,124,0.25358794459685097,0.25358794459684264,8.326672684688674e-15,0.042121958,0.099061959
rand_spd,1024,125,0.25350592296588537,0.25350592296587715,8.215650382226158e-15,0.041921875,0.100702917
rand_spd,1024,126,0.253597852075691,0.25359785207568275,8.271161533457416e-15,0.042095334,0.099387125
rand_spd,1024,127,0.25349967494162784,0.25349967494161957,8.271161533457416e-15,0.042301125,0.100352625
rand_spd,1024,128,0.25357569203077235,0.25357569203076413,8.215650382226158e-15,0.041481625,0.099893167
rand_spd,1024,129,0.25350658692456834,0.2535065869245601,8.271161533457416e-15,0.042025708,0.100128959
rand_spd,1024,130,0.2537097445302338,0.2537097445302255,8.326672684688674e-15,0.042391042,0.099282083
rand_spd,1024,131,0.25356871132236664,0.2535687113223584,8.215650382226158e-15,0.041746833,0.100194583
rand_spd,1024,132,0.25350713416438914,0.25350713416438075,8.382183835919932e-15,0.0414235,0.099846417
rand_spd,1024,133,0.2535206530112507,0.2535206530112424,8.326672684688674e-15,0.04172925,0.100340292
rand_spd,1024,134,0.25359297514590823,0.2535929751458999,8.326672684688674e-15,0.042289792,0.09991275
rand_spd,1024,135,0.25357528622387226,0.25357528622386394,8.326672684688674e-15,0.041810875,0.099941416
rand_spd,1024,136,0.2533248358231925,0.25332483582318416,8.326672684688674e-15,0.042221958,0.099548
rand_spd,1024,137,0.25359005719887756,0.25359005719886935,8.215650382226158e-15,0.042407458,0.099621666
rand_spd,1024,138,0.25357762257129596,0.25357762257128763,8.326672684688674e-15,0.0419865,0.100448
rand_spd,1024,139,0.253623502066028,0.25362350206601963,8.382183835919932e-15,0.042905791,0.100195209
rand_spd,1024,140,0.25356762774576885,0.2535676277457605,8.326672684688674e-15,0.0419505,0.099574292
rand_spd,1024,141,0.2535318965296691,0.25353189652966085,8.271161533457416e-15,0.042024416,0.099655834
rand_spd,1024,142,0.25347411997635566,0.25347411997634733,8.326672684688674e-15,0.042021166,0.101137084
rand_spd,1024,143,0.2536076194737853,0.253607619473777,8.271161533457416e-15,0.042444542,0.0997995
rand_spd,1024,144,0.253580621178382,0.25358062117837377,8.215650382226158e-15,0.042802417,0.100422916
rand_spd,1024,145,0.2535810368319576,0.2535810368319494,8.215650382226158e-15,0.042424583,0.10039425
rand_spd,1024,146,0.2535724389218145,0.2535724389218063,8.215650382226158e-15,0.042604667,0.099909083
rand_spd,1024,147,0.2534877450599088,0.2534877450599006,8.1601392309949e-15,0.042406875,0.10043675
rand_spd,1024,148,0.25362066427701424,0.253620664277006,8.215650382226158e-15,0.04369175,0.100733375
rand_spd,1024,149,0.2535695056605773,0.2535695056605691,8.215650382226158e-15,0.04247825,0.101061
rand_spd,1024,150,0.2534738819549633,0.25347388195495496,8.326672684688674e-15,0.042065208,0.09956825
rand_spd,1024,151,0.25370104028470003,0.25370104028469176,8.271161533457416e-15,0.043053667,0.100302666
rand_spd,1024,152,0.2535455060198387,0.2535455060198304,8.326672684688674e-15,0.04314525,0.100696875
rand_spd,1024,153,0.25365277608671305,0.2536527760867047,8.326672684688674e-15,0.043714833,0.102147708
rand_spd,1024,154,0.25358559725829066,0.2535855972582825,8.1601392309949e-15,0.042214875,0.099481875
rand_spd,1024,155,0.2535453157393601,0.2535453157393519,8.215650382226158e-15,0.043474042,0.100948291
rand_spd,1024,156,0.2536117230735113,0.25361172307350294,8.382183835919932e-15,0.042958292,0.099276916
rand_spd,1024,157,0.25349978610998974,0.2534997861099814,8.326672684688674e-15,0.044346291,0.102505292
rand_spd,1024,158,0.25356472930014734,0.2535647293001391,8.215650382226158e-15,0.042123458,0.100339167
rand_spd,1024,159,0.25366078768017436,0.25366078768016614,8.215650382226158e-15,0.04283175,0.100320792
rand_spd,1024,160,0.25351066404201206,0.2535106640420038,8.271161533457416e-15,0.042069333,0.099273125
rand_spd,1024,161,0.25344922821115295,0.25344922821114463,8.326672684688674e-15,0.042520792,0.099959
rand_spd,1024,162,0.2535945711804581,0.25359457118044987,8.215650382226158e-15,0.041964041,0.099773292
rand_spd,1024,163,0.25349130758893185,0.2534913075889235,8.326672684688674e-15,0.041894834,0.09924225
rand_spd,1024,164,0.25367025187844455,0.25367025187843634,8.215650382226158e-15,0.041700042,0.099479875
rand_spd,1024,165,0.25370508496499533,0.253705084964987,8.326672684688674e-15,0.04218875,0.101895125
rand_spd,1024,166,0.25356623706681874,0.2535662370668104,8.326672684688674e-15,0.042733208,0.10183525
rand_spd,1024,167,0.2536439599787024,0.25364395997869416,8.271161533457416e-15,0.042650791,0.101707875
rand_spd,1024,168,0.25356409901585547,0.2535640990158472,8.271161533457416e-15,0.042768709,0.1032575
rand_spd,1024,169,0.25357168659502466,0.25357168659501644,8.215650382226158e-15,0.042192084,0.100688875
rand_spd,1024,170,0.253833580057998,0.25383358005798967,8.326672684688674e-15,0.041611458,0.099146959
rand_spd,1024,171,0.253616878281868,0.2536168782818598,8.215650382226158e-15,0.042063125,0.099292666
rand_spd,1024,172,0.253507222528907,0.25350722252889873,8.271161533457416e-15,0.04247525,0.100516959
rand_spd,1024,173,0.25357581097218496,0.2535758109721767,8.271161533457416e-15,0.041949958,0.10053375
rand_spd,1024,174,0.2537182403924632,0.253718240392455,8.215650382226158e-15,0.042538375,0.099665833
rand_spd,1024,175,0.25361579748813834,0.25361579748813007,8.271161533457416e-15,0.042287167,0.099988125
rand_spd,1024,176,0.2534844501935708,0.2534844501935625,8.271161533457416e-15,0.042051083,0.10027125
rand_spd,1024,177,0.25368233873736956,0.2536823387373613,8.271161533457416e-15,0.048685375,0.099774792
rand_spd,1024,178,0.25372694085032443,0.2537269408503162,8.215650382226158e-15,0.042219625,0.099738
rand_spd,1024,179,0.2537286662570731,0.2537286662570648,8.271161533457416e-15,0.0418255,0.099869584
rand_spd,1024,180,0.2535155703970511,0.2535155703970428,8.271161533457416e-15,0.041660625,0.100142542
rand_spd,1024,181,0.253693319295414,0.2536933192954057,8.326672684688674e-15,0.042620333,0.100428708
rand_spd,1024,182,0.25351930667726263,0.2535193066772543,8.326672684688674e-15,0.041965875,0.099383209
rand_spd,1024,183,0.25350309786187647,0.25350309786186814,8.326672684688674e-15,0.042090375,0.100287333
rand_spd,1024,184,0.25357498530475125,0.25357498530474293,8.326672684688674e-15,0.04309075,0.10012775
rand_spd,1024,185,0.2534403999887516,0.25344039998874335,8.271161533457416e-15,0.042393333,0.100366584
rand_spd,1024,186,0.25370962221558896,0.2537096222155807,8.271161533457416e-15,0.041662542,0.100101333
rand_spd,1024,187,0.25345741112703574,0.2534574111270274,8.326672684688674e-15,0.042281459,0.099848541
rand_spd,1024,188,0.25348532174662525,0.2534853217466169,8.326672684688674e-15,0.043105875,0.100591667
rand_spd,1024,189,0.25359508123760405,0.2535950812375958,8.271161533457416e-15,0.041790084,0.099116875
rand_spd,1024,190,0.2535384700833157,0.2535384700833075,8.215650382226158e-15,0.042326875,0.099543875
rand_spd,1024,191,0.25368133636580376,0.2536813363657955,8.271161533457416e-15,0.042797166,0.100894209
rand_spd,1024,192,0.253644058114422,0.25364405811441365,8.326672684688674e-15,0.044796792,0.100200458
rand_spd,1024,193,0.2533113695383566,0.2533113695383483,8.271161533457416e-15,0.042438625,0.099223792
rand_spd,1024,194,0.25350615367127327,0.253506153671265,8.271161533457416e-15,0.042841,0.10069925
rand_spd,1024,195,0.2537523700993034,0.25375237009929513,8.271161533457416e-15,0.043211208,0.100998375
rand_spd,1024,196,0.25364241221491696,0.25364241221490863,8.326672684688674e-15,0.044538,0.100133125
rand_spd,1024,197,0.2536992271721787,0.2536992271721704,8.271161533457416e-15,0.042651,0.100174958
rand_spd,1024,198,0.2535861320055024,0.2535861320054941,8.271161533457416e-15,0.043249458,0.100312334
rand_spd,1024,199,0.2536052298493139,0.2536052298493056,8.271161533457416e-15,0.043522292,0.101215083
rand_spd,1024,200,0.25350022622977225,0.25350022622976404,8.215650382226158e-15,0.043483208,0.10112425
rand_spd,1024,201,0.25359822887113814,0.25359822887112987,8.271161533457416e-15,0.041890709,0.099539833
rand_spd,1024,202,0.25354945617923524,0.25354945617922703,8.215650382226158e-15,0.042318375,0.099954042
rand_spd,1024,203,0.253540399164818,0.25354039916480975,8.271161533457416e-15,0.041811834,0.099464792
rand_spd,1024,204,0.25348258142452396,0.2534825814245156,8.382183835919932e-15,0.042246292,0.100259875
rand_spd,1024,205,0.25372719091894336,0.2537271909189351,8.271161533457416e-15,0.041546334,0.100411166
rand_spd,1024,206,0.2535976731683423,0.253597673168334,8.326672684688674e-15,0.041627333,0.100138375
rand_spd,1024,207,0.2535953627544478,0.25359536275443945,8.326672684688674e-15,0.042584125,0.1004025
rand_spd,1024,208,0.2537858382970339,0.2537858382970257,8.1601392309949e-15,0.041976458,0.099554042
rand_spd,1024,209,0.2537019928339595,0.2537019928339513,8.215650382226158e-15,0.042551208,0.099430417
rand_spd,1024,210,0.253576062838095,0.25357606283808676,8.215650382226158e-15,0.042413541,0.100187959
rand_spd,1024,211,0.25362512671467036,0.2536251267146621,8.271161533457416e-15,0.05028075,0.099260708
rand_spd,1024,212,0.253557159151335,0.25355715915132665,8.326672684688674e-15,0.043125709,0.100500541
rand_spd,1024,213,0.25358324010076605,0.2535832401007578,8.271161533457416e-15,0.041577792,0.0993675
rand_spd,1024,214,0.25361470039978845,0.25361470039978,8.43769498715119e-15,0.041724833,0.100139125
rand_spd,1024,215,0.25366698408094057,0.2536669840809323,8.271161533457416e-15,0.042525583,0.100265084
rand_spd,1024,216,0.25363739964308235,0.253637399643074,8.326672684688674e-15,0.0425995,0.100755875
rand_spd,1024,217,0.25366510966812095,0.2536651096681126,8.326672684688674e-15,0.042650042,0.1000225
rand_spd,1024,218,0.25371777768112597,0.2537177776811177,8.271161533457416e-15,0.042442584,0.09943875
rand_spd,1024,219,0.2536880699512397,0.2536880699512314,8.326672684688674e-15,0.042256667,0.100217625
rand_spd,1024,220,0.2536971878551893,0.25369718785518103,8.271161533457416e-15,0.042182708,0.099861083
rand_spd,1024,221,0.25369227227329194,0.25369227227328367,8.271161533457416e-15,0.042495167,0.100225167
rand_spd,1024,222,0.25364634178571477,0.2536463417857065,8.271161533457416e-15,0.041982542,0.100362875
rand_spd,1024,223,0.2536760050614113,0.253676005061403,8.326672684688674e-15,0.042092833,0.099465542
rand_spd,1024,224,0.25375501444659004,0.2537550144465818,8.271161533457416e-15,0.042291583,0.099947833
rand_spd,1024,225,0.2536771566421829,0.25367715664217455,8.326672684688674e-15,0.045107042,0.103888833
rand_spd,1024,226,0.2536536303749922,0.25365363037498395,8.271161533457416e-15,0.044885875,0.100284375
rand_spd,1024,227,0.2535441034831197,0.25354410348311146,8.215650382226158e-15,0.042272083,0.103121
rand_spd,1024,228,0.25360664734045313,0.2536066473404448,8.326672684688674e-15,0.053667459,0.103418084
rand_spd,1024,229,0.25357333078183714,0.25357333078182887,8.271161533457416e-15,0.042771917,0.103160208
rand_spd,1024,230,0.2535458307195239,0.2535458307195157,8.215650382226158e-15,0.046607083,0.103119667
rand_spd,1024,231,0.2535708984476379,0.25357089844762964,8.271161533457416e-15,0.044449917,0.101805625
rand_spd,1024,232,0.2536422173068064,0.2536422173067981,8.326672684688674e-15,0.043360583,0.100437125
rand_spd,1024,233,0.2535641960043361,0.2535641960043278,8.326672684688674e-15,0.043860583,0.10127325
rand_spd,1024,234,0.2535622217804245,0.2535622217804162,8.271161533457416e-15,0.043091583,0.100887333
rand_spd,1024,235,0.2536820019653611,0.2536820019653528,8.326672684688674e-15,0.042417875,0.099312125
rand_spd,1024,236,0.2536483016851407,0.25364830168513236,8.326672684688674e-15,0.043444875,0.100220167
rand_spd,1024,237,0.2536578909912279,0.25365789099121966,8.215650382226158e-15,0.043246583,0.100971417
rand_spd,1024,238,0.253526901602741,0.2535269016027328,8.215650382226158e-15,0.0419135,0.099975167
rand_spd,1024,239,0.25353256612142433,0.253532566121416,8.326672684688674e-15,0.043589375,0.099803666
rand_spd,1024,240,0.253528143009468,0.25352814300945975,8.271161533457416e-15,0.049030125,0.100316542
rand_spd,1024,241,0.25361591035207576,0.25361591035206754,8.215650382226158e-15,0.041798542,0.100178667
rand_spd,1024,242,0.2534474835122914,0.25344748351228313,8.271161533457416e-15,0.042422083,0.099218625
rand_spd,1024,243,0.25369643048114937,0.2536964304811411,8.271161533457416e-15,0.047920042,0.100197166
rand_spd,1024,244,0.2537723239216176,0.25377232392160926,8.326672684688674e-15,0.041689709,0.100874125
rand_spd,1024,245,0.25347648957675667,0.25347648957674845,8.215650382226158e-15,0.042157208,0.100120625
rand_spd,1024,246,0.25375332568499337,0.25375332568498515,8.215650382226158e-15,0.042267792,0.099484666
rand_spd,1024,247,0.2535033525599314,0.25350335255992307,8.326672684688674e-15,0.042226416,0.099583625
rand_spd,1024,248,0.25349644455550446,0.2534964445554962,8.271161533457416e-15,0.041686625,0.100121916
rand_spd,1024,249,0.25363377358283345,0.25363377358282524,8.215650382226158e-15,0.041656209,0.10009
rand_spd,1024,250,0.25361597699228794,0.2536159769922796,8.326672684688674e-15,0.042366833,0.100125208
rand_spd,1024,251,0.25355084209730056,0.2535508420972923,8.271161533457416e-15,0.041577959,0.099964292
rand_spd,1024,252,0.25362617482540967,0.25362617482540134,8.326672684688674e-15,0.042131833,0.099998792
rand_spd,1024,253,0.25367448715832336,0.25367448715831503,8.326672684688674e-15,0.041820292,0.100118583
rand_spd,1024,254,0.2535096747724274,0.2535096747724191,8.326672684688674e-15,0.042191041,0.099837458
rand_spd,1024,255,0.2535409624339793,0.25354096243397095,8.326672684688674e-15,0.042692916,0.100542459
rand_spd,1024,256,0.2537847480312532,0.25378474803124496,8.271161533457416e-15,0.042957625,0.100138375
rand_spd,1024,257,0.25354260234814824,0.2535426023481401,8.1601392309949e-15,0.042173792,0.099836125
rand_spd,1024,258,0.25370190867005227,0.253701908670044,8.271161533457416e-15,0.042711791,0.100078542
rand_spd,1024,259,0.2536158793993671,0.2536158793993587,8.382183835919932e-15,0.041498375,0.09984375
rand_spd,1024,260,0.253536939098396,0.25353693909838776,8.215650382226158e-15,0.041920291,0.100976417
rand_spd,1024,261,0.2536093524428042,0.2536093524427959,8.271161533457416e-15,0.04316825,0.100945958
rand_spd,1024,262,0.25358233150530457,0.25358233150529635,8.215650382226158e-15,0.04266625,0.103059459
rand_spd,1024,263,0.25353701987287597,0.2535370198728677,8.271161533457416e-15,0.0430475,0.1031115
rand_spd,1024,264,0.2537132426546943,0.25371324265468603,8.271161533457416e-15,0.042364834,0.099941833
rand_spd,1024,265,0.25356694425709164,0.2535669442570833,8.326672684688674e-15,0.042765417,0.099054959
rand_spd,1024,266,0.25358713301208824,0.25358713301207997,8.271161533457416e-15,0.042037542,0.09944875
rand_spd,1024,267,0.25372155586789463,0.2537215558678863,8.326672684688674e-15,0.042135042,0.099763125
rand_spd,1024,268,0.2536273594983219,0.25362735949831355,8.326672684688674e-15,0.041988667,0.100286833
rand_spd,1024,269,0.2536012318767584,0.25360123187675015,8.271161533457416e-15,0.042544459,0.100331125
rand_spd,1024,270,0.2534760232528552,0.2534760232528469,8.271161533457416e-15,0.04189225,0.099821542
rand_spd,1024,271,0.25351121000932764,0.25351121000931937,8.271161533457416e-15,0.042301666,0.100468417
rand_spd,1024,272,0.2535056078058026,0.2535056078057944,8.215650382226158e-15,0.041766459,0.100869458
rand_spd,1024,273,0.2537110493240186,0.2537110493240103,8.326672684688674e-15,0.043076208,0.099856375
rand_spd,1024,274,0.25363172815823615,0.25363172815822793,8.215650382226158e-15,0.044755417,0.100913791
rand_spd,1024,275,0.2533326849111238,0.25333268491111566,8.1601392309949e-15,0.043373125,0.099373417
rand_spd,1024,276,0.2535781823953854,0.25357818239537716,8.215650382226158e-15,0.044570125,0.099584125
rand_spd,1024,277,0.2536601751992209,0.25366017519921263,8.271161533457416e-15,0.042419292,0.099639625
rand_spd,1024,278,0.25352250300906704,0.2535225030090587,8.326672684688674e-15,0.044145375,0.101173708
rand_spd,1024,279,0.25353766563167035,0.2535376656316621,8.271161533457416e-15,0.041757417,0.099600166
rand_spd,1024,280,0.25348472373137354,0.25348472373136527,8.271161533457416e-15,0.044975708,0.100285792
rand_spd,1024,281,0.2535958485700191,0.2535958485700109,8.215650382226158e-15,0.041289417,0.101395042
rand_spd,1024,282,0.2535424845323682,0.25354248453236,8.215650382226158e-15,0.042776458,0.144677708
rand_spd,1024,283,0.2536733579417932,0.25367335794178497,8.215650382226158e-15,0.044187333,0.100820458
rand_spd,1024,284,0.25347055359854603,0.2534705535985377,8.326672684688674e-15,0.041903958,0.100902208
rand_spd,1024,285,0.2535020545254904,0.2535020545254821,8.326672684688674e-15,0.041994333,0.100290458
rand_spd,1024,286,0.2535522404295414,0.2535522404295331,8.271161533457416e-15,0.042003583,0.0990245
rand_spd,1024,287,0.25349755995379425,0.25349755995378603,8.215650382226158e-15,0.041694583,0.099863
rand_spd,1024,288,0.253613968725839,0.2536139687258307,8.326672684688674e-15,0.042463833,0.099036417
rand_spd,1024,289,0.2538200274129336,0.25382002741292525,8.326672684688674e-15,0.041694917,0.100887166
rand_spd,1024,290,0.25359072306058533,0.25359072306057695,8.382183835919932e-15,0.0419805,0.100357583
rand_spd,1024,291,0.2537486613624191,0.2537486613624108,8.271161533457416e-15,0.042167917,0.099654375
rand_spd,1024,292,0.25371241252716265,0.25371241252715443,8.215650382226158e-15,0.041811709,0.099921667
rand_spd,1024,293,0.2536219355886265,0.2536219355886183,8.215650382226158e-15,0.042376083,0.100278291
rand_spd,1024,294,0.2538456162318741,0.2538456162318659,8.215650382226158e-15,0.041501125,0.099588334
rand_spd,1024,295,0.2536289306701935,0.25362893067018527,8.215650382226158e-15,0.042448041,0.099925167
rand_spd,1024,296,0.2534996074211056,0.2534996074210974,8.215650382226158e-15,0.042991292,0.100158833
rand_spd,1024,297,0.2536575951031809,0.25365759510317265,8.271161533457416e-15,0.041736459,0.100166416
rand_spd,1024,298,0.2537478934257639,0.2537478934257556,8.326672684688674e-15,0.042170875,0.099853583
rand_spd,1024,299,0.25374774570368835,0.2537477457036801,8.271161533457416e-15,0.041363917,0.099835625
rand_spd,1024,300,0.2535357563992923,0.2535357563992841,8.215650382226158e-15,0.04217325,0.100785084
rand_spd,1024,301,0.25373978222027915,0.25373978222027077,8.382183835919932e-15,0.05026125,0.100043208
rand_spd,1024,302,0.25364190017668115,0.2536419001766729,8.271161533457416e-15,0.042377292,0.099767458
rand_spd,1024,303,0.25364695411778754,0.25364695411777927,8.271161533457416e-15,0.04178425,0.09947325
rand_spd,1024,304,0.2536698824157757,0.25366988241576743,8.271161533457416e-15,0.041673916,0.099607209
rand_spd,1024,305,0.2534490963421276,0.2534490963421194,8.215650382226158e-15,0.041715,0.100883125
rand_spd,1024,306,0.2537591760992714,0.2537591760992631,8.326672684688674e-15,0.042100916,0.100137375
rand_spd,1024,307,0.2536717268075548,0.2536717268075465,8.271161533457416e-15,0.042517125,0.099949125
rand_spd,1024,308,0.2536618065725105,0.2536618065725022,8.271161533457416e-15,0.042477,0.099931
rand_spd,1024,309,0.2536535189794758,0.2536535189794675,8.326672684688674e-15,0.0424375,0.100144209
rand_spd,1024,310,0.25360573018450455,0.25360573018449634,8.215650382226158e-15,0.042066666,0.099649125
rand_spd,1024,311,0.25361008240333277,0.2536100824033245,8.271161533457416e-15,0.042143458,0.10009475
rand_spd,1024,312,0.2536896267342386,0.25368962673423034,8.271161533457416e-15,0.04179875,0.099766583
rand_spd,1024,313,0.25364552874617513,0.2536455287461669,8.215650382226158e-15,0.042119459,0.100472041
rand_spd,1024,314,0.2536689208384055,0.25366892083839715,8.326672684688674e-15,0.042612417,0.09875675
rand_spd,1024,315,0.25355141447177504,0.2535514144717667,8.326672684688674e-15,0.043218166,0.0990565
rand_spd,1024,316,0.2535601115706449,0.2535601115706366,8.271161533457416e-15,0.042776791,0.100924042
rand_spd,1024,317,0.2536350151491178,0.2536350151491096,8.215650382226158e-15,0.043464667,0.100301083
rand_spd,1024,318,0.2537507215682008,0.2537507215681924,8.382183835919932e-15,0.042598084,0.100481916
rand_spd,1024,319,0.25367226159387896,0.2536722615938708,8.1601392309949e-15,0.042504833,0.101669583
rand_spd,1024,320,0.2534936971855259,0.25349369718551756,8.326672684688674e-15,0.044515167,0.100150875
rand_spd,1024,321,0.2536476887242662,0.25364768872425797,8.215650382226158e-15,0.043277708,0.100883917
rand_spd,1024,322,0.25352428044105807,0.2535242804410499,8.1601392309949e-15,0.043377125,0.101303041
rand_spd,1024,323,0.253583293958828,0.2535832939588196,8.382183835919932e-15,0.042596417,0.100872583
rand_spd,1024,324,0.25373224902602215,0.2537322490260138,8.326672684688674e-15,0.043912,0.100625292
rand_spd,1024,325,0.25379668081327594,0.25379668081326767,8.271161533457416e-15,0.044611458,0.100845666
rand_spd,1024,326,0.2536793486812966,0.2536793486812884,8.215650382226158e-15,0.042724208,0.100339
rand_spd,1024,327,0.2537061103468542,0.2537061103468459,8.271161533457416e-15,0.043339,0.099886083
rand_spd,1024,328,0.2535894094903751,0.2535894094903669,8.215650382226158e-15,0.042217208,0.099844834
rand_spd,1024,329,0.2537539151052448,0.25375391510523654,8.271161533457416e-15,0.042446375,0.100116417
rand_spd,1024,330,0.25362670804526516,0.25362670804525683,8.326672684688674e-15,0.041769583,0.09949275
rand_spd,1024,331,0.25353368915857244,0.2535336891585642,8.215650382226158e-15,0.042723292,0.099714708
rand_spd,1024,332,0.2537023852097787,0.25370238520977045,8.271161533457416e-15,0.041851417,0.100148375
rand_spd,1024,333,0.25370488037528877,0.2537048803752805,8.271161533457416e-15,0.042271458,0.099830667
rand_spd,1024,334,0.2535746503096019,0.25357465030959364,8.271161533457416e-15,0.042144792,0.099614917
rand_spd,1024,335,0.2537260640413851,0.25372606404137676,8.326672684688674e-15,0.042171542,0.100117542
rand_spd,1024,336,0.2535110733077855,0.25351107330777717,8.326672684688674e-15,0.04877125,0.099908958
rand_spd,1024,337,0.25337357154534296,0.25337357154533474,8.215650382226158e-15,0.042328042,0.099493375
rand_spd,1024,338,0.2537052460340976,0.25370524603408934,8.271161533457416e-15,0.041830625,0.100456125
rand_spd,1024,339,0.25354795984425915,0.2535479598442509,8.271161533457416e-15,0.041558417,0.100500041
rand_spd,1024,340,0.25368859875400346,0.25368859875399524,8.215650382226158e-15,0.041814042,0.09971525
rand_spd,1024,341,0.25372499145095545,0.2537249914509472,8.271161533457416e-15,0.042484791,0.100128125
rand_spd,1024,342,0.2535915333686655,0.25359153336865725,8.271161533457416e-15,0.042116208,0.100541375
rand_spd,1024,343,0.25367447366164014,0.2536744736616319,8.215650382226158e-15,0.042154041,0.099664
rand_spd,1024,344,0.2536426776217097,0.2536426776217014,8.326672684688674e-15,0.041943708,0.099504833
rand_spd,1024,345,0.2535243398391122,0.253524339839104,8.215650382226158e-15,0.041764416,0.100105959
rand_spd,1024,346,0.25357937076791903,0.25357937076791076,8.271161533457416e-15,0.042530083,0.100131584
rand_spd,1024,347,0.25367523609551534,0.253675236095507,8.326672684688674e-15,0.042135083,0.100019875
rand_spd,1024,348,0.25357652279910364,0.25357652279909537,8.271161533457416e-15,0.042050708,0.099189875
rand_spd,1024,349,0.2536640135412305,0.2536640135412223,8.215650382226158e-15,0.042378791,0.100372958
rand_spd,1024,350,0.25362202521900723,0.25362202521899896,8.271161533457416e-15,0.042146542,0.099517583
rand_spd,1024,351,0.2536651977732243,0.253665197773216,8.326672684688674e-15,0.0425495,0.100046292
rand_spd,1024,352,0.25373982479147045,0.2537398247914621,8.326672684688674e-15,0.042062708,0.100254417
rand_spd,1024,353,0.2536047783539648,0.2536047783539565,8.271161533457416e-15,0.042098083,0.100441583
rand_spd,1024,354,0.2535589065510487,0.2535589065510404,8.271161533457416e-15,0.044648084,0.101549375
rand_spd,1024,355,0.25355328955133016,0.2535532895513219,8.271161533457416e-15,0.042669458,0.102490875
rand_spd,1024,356,0.25338724958728304,0.2533872495872748,8.215650382226158e-15,0.042155709,0.103130375
rand_spd,1024,357,0.2536022564939258,0.25360225649391754,8.271161533457416e-15,0.043329083,0.103436833
rand_spd,1024,358,0.2536915801813411,0.25369158018133287,8.215650382226158e-15,0.043365833,0.100038417
rand_spd,1024,359,0.2537734275524753,0.25377342755246696,8.326672684688674e-15,0.041862334,0.100471875
rand_spd,1024,360,0.25372477615243466,0.25372477615242645,8.215650382226158e-15,0.043566042,0.103089958
rand_spd,1024,361,0.2536754919342417,0.25367549193423344,8.271161533457416e-15,0.043412583,0.100457959
rand_spd,1024,362,0.25348594730260277,0.2534859473025945,8.271161533457416e-15,0.044151292,0.10074125
rand_spd,1024,363,0.25338307894398354,0.2533830789439752,8.326672684688674e-15,0.041738041,0.100463875
rand_spd,1024,364,0.2534324339556592,0.2534324339556509,8.271161533457416e-15,0.04354775,0.100731541
rand_spd,1024,365,0.253550193538354,0.25355019353834574,8.271161533457416e-15,0.044622875,0.100960333
rand_spd,1024,366,0.25381775411742996,0.2538177541174217,8.271161533457416e-15,0.043451458,0.099739
rand_spd,1024,367,0.25346797522345876,0.2534679752234506,8.1601392309949e-15,0.042257083,0.100047542
rand_spd,1024,368,0.25360599053586996,0.25360599053586175,8.215650382226158e-15,0.043639084,0.1004925
rand_spd,1024,369,0.2537910245484668,0.25379102454845853,8.271161533457416e-15,0.042239667,0.101033792
rand_spd,1024,370,0.2537067614289434,0.2537067614289351,8.271161533457416e-15,0.042276709,0.100629583
rand_spd,1024,371,0.2534679930135304,0.25346799301352213,8.271161533457416e-15,0.041429542,0.100378333
rand_spd,1024,372,0.25351314033707284,0.25351314033706457,8.271161533457416e-15,0.04264275,0.09930275
rand_spd,1024,373,0.2536412415818953,0.253641241581887,8.326672684688674e-15,0.041726792,0.100217667
rand_spd,1024,374,0.25355698193261333,0.25355698193260506,8.271161533457416e-15,0.042321458,0.100335167
rand_spd,1024,375,0.2535182861742976,0.2535182861742893,8.326672684688674e-15,0.041888458,0.099354917
rand_spd,1024,376,0.2534736786473509,0.2534736786473426,8.271161533457416e-15,0.041293875,0.100144208
rand_spd,1024,377,0.2536139359437601,0.2536139359437518,8.271161533457416e-15,0.042372041,0.10083875
rand_spd,1024,378,0.2537115668487099,0.2537115668487016,8.271161533457416e-15,0.041948416,0.101095583
rand_spd,1024,379,0.2537180355754982,0.25371803557549,8.215650382226158e-15,0.041945125,0.099607375
rand_spd,1024,380,0.2534848098307801,0.25348480983077176,8.326672684688674e-15,0.042155083,0.099774541
rand_spd,1024,381,0.25340320857147497,0.25340320857146664,8.326672684688674e-15,0.042293792,0.100102125
rand_spd,1024,382,0.25362402456729,0.25362402456728167,8.326672684688674e-15,0.042441417,0.100316375
rand_spd,1024,383,0.253547142822154,0.2535471428221457,8.326672684688674e-15,0.042400917,0.100367333
rand_spd,1024,384,0.25370586475547635,0.2537058647554681,8.271161533457416e-15,0.042451959,0.09969375
rand_spd,1024,385,0.2536141619236095,0.25361416192360126,8.271161533457416e-15,0.042282416,0.100012542
rand_spd,1024,386,0.253757632890175,0.2537576328901667,8.326672684688674e-15,0.042379209,0.099399709
rand_spd,1024,387,0.253494360280937,0.25349436028092875,8.271161533457416e-15,0.042371541,0.099933
rand_spd,1024,388,0.2536297433688062,0.25362974336879796,8.271161533457416e-15,0.042618625,0.09973275
rand_spd,1024,389,0.25348139733260766,0.25348139733259933,8.326672684688674e-15,0.042317584,0.099265958
rand_spd,1024,390,0.2536735474715622,0.25367354747155385,8.326672684688674e-15,0.04220625,0.099571959
rand_spd,1024,391,0.2534984085438286,0.2534984085438203,8.326672684688674e-15,0.041873834,0.099950625
rand_spd,1024,392,0.25349550337278537,0.25349550337277704,8.326672684688674e-15,0.04252825,0.099740833
rand_spd,1024,393,0.25364115261861697,0.2536411526186087,8.271161533457416e-15,0.042091792,0.100291208
rand_spd,1024,394,0.2535548233346958,0.25355482333468765,8.1601392309949e-15,0.042363875,0.100168542
rand_spd,1024,395,0.2534903824498456,0.2534903824498374,8.215650382226158e-15,0.042513584,0.099896875
rand_spd,1024,396,0.25349672588952205,0.2534967258895137,8.326672684688674e-15,0.041824542,0.100341208
rand_spd,1024,397,0.25354305027335894,0.2535430502733507,8.215650382226158e-15,0.042505458,0.100418208
rand_spd,1024,398,0.25349147347430867,0.25349147347430034,8.326672684688674e-15,0.042067916,0.100611834
rand_spd,1024,399,0.2536061732330552,0.25360617323304685,8.326672684688674e-15,0.041877917,0.099934792
rand_spd,1024,400,0.2537480086945296,0.25374800869452135,8.271161533457416e-15,0.042419834,0.099780958
rand_spd,1024,401,0.2536931159861316,0.2536931159861234,8.215650382226158e-15,0.043476958,0.102436625
rand_spd,1024,402,0.25369639522854176,0.2536963952285335,8.271161533457416e-15,0.043178375,0.101795833
rand_spd,1024,403,0.2536152607786535,0.2536152607786451,8.382183835919932e-15,0.044671833,0.099829542
rand_spd,1024,404,0.2534870733996972,0.253487073399689,8.215650382226158e-15,0.043783875,0.099911875
rand_spd,1024,405,0.2536274549999814,0.25362745499997313,8.271161533457416e-15,0.042479917,0.100021083
rand_spd,1024,406,0.2536804814881505,0.25368048148814215,8.326672684688674e-15,0.041858208,0.100344917
rand_spd,1024,407,0.25359885304710195,0.2535988530470936,8.326672684688674e-15,0.042521584,0.100065958
rand_spd,1024,408,0.25362935300390027,0.25362935300389194,8.326672684688674e-15,0.043226334,0.100110792
rand_spd,1024,409,0.25349170540768223,0.2534917054076739,8.326672684688674e-15,0.042118292,0.099774125
rand_spd,1024,410,0.2536381522849771,0.25363815228496883,8.271161533457416e-15,0.043916,0.100834708
rand_spd,1024,411,0.25372376030364846,0.25372376030364013,8.326672684688674e-15,0.044155667,0.100899833
rand_spd,1024,412,0.25361209920093936,0.2536120992009311,8.271161533457416e-15,0.050847208,0.09923225
rand_spd,1024,413,0.2536400097544159,0.2536400097544076,8.326672684688674e-15,0.042677042,0.101221708
rand_spd,1024,414,0.2537512378345418,0.2537512378345336,8.1601392309949e-15,0.042944375,0.099692708
rand_spd,1024,415,0.2534470059095236,0.25344700590951535,8.271161533457416e-15,0.044702292,0.101810375
rand_spd,1024,416,0.2537641620870175,0.25376416208700925,8.271161533457416e-15,0.042824833,0.100359292
rand_spd,1024,417,0.25354941615408044,0.25354941615407217,8.271161533457416e-15,0.04167125,0.099370125
rand_spd,1024,418,0.25356417255199465,0.2535641725519864,8.271161533457416e-15,0.042699167,0.100000625
rand_spd,1024,419,0.25360661361736964,0.25360661361736136,8.271161533457416e-15,0.042173708,0.100363
rand_spd,1024,420,0.25366809038520166,0.2536680903851934,8.271161533457416e-15,0.042248209,0.100372875
rand_spd,1024,421,0.25355289794525415,0.2535528979452459,8.271161533457416e-15,0.041463292,0.100092375
rand_spd,1024,422,0.2536013278856905,0.2536013278856823,8.215650382226158e-15,0.041754625,0.099999416
rand_spd,1024,423,0.2536614380967659,0.2536614380967575,8.382183835919932e-15,0.042023375,0.09962025
rand_spd,1024,424,0.25371319782425195,0.2537131978242437,8.271161533457416e-15,0.042124667,0.100284083
rand_spd,1024,425,0.2535699581322903,0.253569958132282,8.271161533457416e-15,0.041498125,0.099766084
rand_spd,1024,426,0.25352924043227515,0.25352924043226693,8.215650382226158e-15,0.042024292,0.099616084
rand_spd,1024,427,0.25368489358466434,0.253684893584656,8.326672684688674e-15,0.041690292,0.100452916
rand_spd,1024,428,0.25347421238174056,0.25347421238173223,8.326672684688674e-15,0.041957167,0.099004292
rand_spd,1024,429,0.253778984877928,0.2537789848779198,8.215650382226158e-15,0.042208875,0.10031375
rand_spd,1024,430,0.2534573435516773,0.2534573435516691,8.215650382226158e-15,0.042160042,0.100228333
rand_spd,1024,431,0.2535571911776188,0.2535571911776106,8.215650382226158e-15,0.042199667,0.100530875
rand_spd,1024,432,0.2535005266330423,0.2535005266330341,8.215650382226158e-15,0.042548416,0.10028925
rand_spd,1024,433,0.25355044562774204,0.25355044562773366,8.382183835919932e-15,0.041688583,0.10003775
rand_spd,1024,434,0.2536975350799093,0.25369753507990095,8.326672684688674e-15,0.04179225,0.100342417
rand_spd,1024,435,0.25382412178512165,0.2538241217851133,8.326672684688674e-15,0.0484965,0.100500416
rand_spd,1024,436,0.25373859302771257,0.2537385930277043,8.271161533457416e-15,0.041967042,0.099424458
rand_spd,1024,437,0.2537882056907636,0.2537882056907553,8.326672684688674e-15,0.042023666,0.09989775
rand_spd,1024,438,0.25358330551442104,0.2535833055144128,8.215650382226158e-15,0.042651833,0.100220625
rand_spd,1024,439,0.2537040461414803,0.25370404614147196,8.326672684688674e-15,0.042232166,0.099716667
rand_spd,1024,440,0.25376026207028657,0.25376026207027824,8.326672684688674e-15,0.041791042,0.10051075
rand_spd,1024,441,0.2535759219275589,0.2535759219275507,8.215650382226158e-15,0.041496625,0.099478
rand_spd,1024,442,0.2534531381216865,0.2534531381216782,8.326672684688674e-15,0.042433833,0.099767625
rand_spd,1024,443,0.25365181378530655,0.2536518137852983,8.271161533457416e-15,0.042367583,0.100020917
rand_spd,1024,444,0.2536758532958862,0.25367585329587783,8.382183835919932e-15,0.044740542,0.102379292
rand_spd,1024,445,0.25365941761763744,0.25365941761762917,8.271161533457416e-15,0.042107,0.10136325
rand_spd,1024,446,0.2536826417416435,0.2536826417416353,8.215650382226158e-15,0.042808583,0.101186625
rand_spd,1024,447,0.2536481429881804,0.2536481429881721,8.271161533457416e-15,0.042465708,0.100191292
rand_spd,1024,448,0.25370907769621087,0.25370907769620255,8.326672684688674e-15,0.043087708,0.10180025
rand_spd,1024,449,0.2537558157580683,0.2537558157580601,8.215650382226158e-15,0.043108958,0.104164208
rand_spd,1024,450,0.25363447490596397,0.2536344749059558,8.1601392309949e-15,0.043701875,0.102308333
rand_spd,1024,451,0.25360288969395905,0.2536028896939508,8.271161533457416e-15,0.043543208,0.103669042
rand_spd,1024,452,0.25346749825155324,0.25346749825154496,8.271161533457416e-15,0.042515417,0.100606083
rand_spd,1024,453,0.25377784510887574,0.2537778451088674,8.326672684688674e-15,0.043440917,0.100682291
rand_spd,1024,454,0.25351228185199415,0.2535122818519859,8.271161533457416e-15,0.042395,0.100005791
rand_spd,1024,455,0.25359962862547286,0.25359962862546453,8.326672684688674e-15,0.042176541,0.09944425
rand_spd,1024,456,0.2535011486012542,0.253501148601246,8.215650382226158e-15,0.042444958,0.09999275
rand_spd,1024,457,0.25365925429481495,0.2536592542948066,8.326672684688674e-15,0.041685959,0.099423625
rand_spd,1024,458,0.25367097147874945,0.2536709714787411,8.326672684688674e-15,0.042364084,0.099835791
rand_spd,1024,459,0.25359635089872495,0.2535963508987167,8.271161533457416e-15,0.041934875,0.100428166
rand_spd,1024,460,0.253686922215681,0.25368692221567274,8.271161533457416e-15,0.042235042,0.099423917
rand_spd,1024,461,0.2535229368707392,0.25352293687073085,8.326672684688674e-15,0.050869084,0.099236666
rand_spd,1024,462,0.2536591327887122,0.25365913278870394,8.271161533457416e-15,0.042766709,0.099984083
rand_spd,1024,463,0.2535028018328616,0.2535028018328534,8.215650382226158e-15,0.042001667,0.099616583
rand_spd,1024,464,0.2537034161992566,0.25370341619924835,8.271161533457416e-15,0.041843834,0.099561666
rand_spd,1024,465,0.2537034473972323,0.253703447397224,8.271161533457416e-15,0.04244925,0.100416666
rand_spd,1024,466,0.2535003439903853,0.25350034399037696,8.326672684688674e-15,0.041989916,0.099869625
rand_spd,1024,467,0.2534202726949744,0.2534202726949661,8.326672684688674e-15,0.042323167,0.099956875
rand_spd,1024,468,0.2536419843883266,0.2536419843883183,8.271161533457416e-15,0.041854542,0.100043833
rand_spd,1024,469,0.253762213609804,0.25376221360979573,8.271161533457416e-15,0.04209,0.100278041
rand_spd,1024,470,0.2534941073169945,0.25349410731698624,8.271161533457416e-15,0.041532375,0.09981025
rand_spd,1024,471,0.253741871491393,0.25374187149138466,8.326672684688674e-15,0.042200042,0.099755833
rand_spd,1024,472,0.2537278274207692,0.2537278274207609,8.326672684688674e-15,0.042160167,0.099297209
rand_spd,1024,473,0.25362418773596457,0.25362418773595624,8.326672684688674e-15,0.043292125,0.09930275
rand_spd,1024,474,0.253611348345943,0.25361134834593474,8.271161533457416e-15,0.042005125,0.099957375
rand_spd,1024,475,0.25381746854738724,0.25381746854737897,8.271161533457416e-15,0.041903,0.099830583
rand_spd,1024,476,0.2536272586731758,0.25362725867316754,8.271161533457416e-15,0.042589708,0.100337542
rand_spd,1024,477,0.25372610869228374,0.25372610869227546,8.271161533457416e-15,0.041911917,0.099722958
rand_spd,1024,478,0.25351369248068034,0.253513692480672,8.326672684688674e-15,0.041667375,0.09991175
rand_spd,1024,479,0.2535594696207005,0.25355946962069226,8.215650382226158e-15,0.042368083,0.100662708
rand_spd,1024,480,0.25364311642404136,0.25364311642403303,8.326672684688674e-15,0.042059792,0.100876292
rand_spd,1024,481,0.25365868854515866,0.25365868854515033,8.326672684688674e-15,0.042484833,0.099391708
rand_spd,1024,482,0.2535980713689992,0.25359807136899104,8.1601392309949e-15,0.04193825,0.100006917
rand_spd,1024,483,0.2536129581839739,0.2536129581839655,8.382183835919932e-15,0.042359458,0.1000245
rand_spd,1024,484,0.253708922749811,0.25370892274980267,8.326672684688674e-15,0.049087667,0.099690834
rand_spd,1024,485,0.2536418540178785,0.25364185401787015,8.326672684688674e-15,0.042277542,0.100737917
rand_spd,1024,486,0.25353554682558765,0.2535355468255794,8.271161533457416e-15,0.041926084,0.099483875
rand_spd,1024,487,0.2537434813338842,0.253743481333876,8.215650382226158e-15,0.0429475,0.100563417
rand_spd,1024,488,0.2536155035613971,0.25361550356138884,8.271161533457416e-15,0.044034459,0.101432083
rand_spd,1024,489,0.2535933600091107,0.25359336000910243,8.271161533457416e-15,0.042882792,0.100777292
rand_spd,1024,490,0.253694718249872,0.25369471824986367,8.326672684688674e-15,0.0421295,0.09938225
rand_spd,1024,491,0.2536297446805144,0.25362974468050614,8.271161533457416e-15,0.042751875,0.101267667
rand_spd,1024,492,0.2536374572582372,0.25363745725822895,8.271161533457416e-15,0.043750709,0.099535834
rand_spd,1024,493,0.25350387520534295,0.25350387520533474,8.215650382226158e-15,0.043085708,0.100428917
rand_spd,1024,494,0.25352410398833514,0.25352410398832687,8.271161533457416e-15,0.043860916,0.100259584
rand_spd,1024,495,0.2536316663834138,0.25363166638340545,8.326672684688674e-15,0.041753167,0.09974075
rand_spd,1024,496,0.2535197341292692,0.25351973412926093,8.271161533457416e-15,0.043021792,0.10142325
rand_spd,1024,497,0.25351913922008523,0.2535191392200769,8.326672684688674e-15,0.044494125,0.1008155
rand_spd,1024,498,0.25352476665805485,0.2535247666580465,8.326672684688674e-15,0.042144916,0.099248958
rand_spd,1024,499,0.2535678130515885,0.2535678130515802,8.271161533457416e-15,0.041322458,0.108026042
rand_spd,1024,500,0.25377011374561226,0.25377011374560404,8.215650382226158e-15,0.04312,0.100360875
rand_spd,1024,501,0.25359775425689174,0.25359775425688347,8.271161533457416e-15,0.041909917,0.10020025
rand_spd,1024,502,0.2535231692302589,0.2535231692302506,8.326672684688674e-15,0.042068792,0.099576542
rand_spd,1024,503,0.2536694058743834,0.25366940587437514,8.271161533457416e-15,0.046323375,0.100909166
rand_spd,1024,504,0.2536273336416918,0.2536273336416836,8.215650382226158e-15,0.044009209,0.10123125
rand_spd,1024,505,0.25353971729472596,0.2535397172947177,8.271161533457416e-15,0.045797709,0.100784666
rand_spd,1024,506,0.25362538453082983,0.25362538453082156,8.271161533457416e-15,0.041804667,0.100530042
rand_spd,1024,507,0.25366823889809803,0.25366823889808976,8.271161533457416e-15,0.044355917,0.101015625
rand_spd,1024,508,0.25359983514817536,0.25359983514816714,8.215650382226158e-15,0.044136416,0.10077925
rand_spd,1024,509,0.2538076373035202,0.25380763730351186,8.326672684688674e-15,0.041985583,0.105764958
rand_spd,1024,510,0.2536591530718399,0.25365915307183157,8.326672684688674e-15,0.042557542,0.102211042
rand_spd,1024,511,0.2536321133986698,0.25363211339866143,8.382183835919932e-15,0.042871583,0.102243209
rand_spd,1024,512,0.25371069651632816,0.25371069651631983,8.326672684688674e-15,0.050132625,0.102802
rand_spd,1024,513,0.2535259515696999,0.25352595156969165,8.271161533457416e-15,0.042074333,0.103288125
rand_spd,1024,514,0.2536770834266066,0.2536770834265984,8.215650382226158e-15,0.042379791,0.10340475
rand_spd,1024,515,0.25338803953208416,0.2533880395320759,8.271161533457416e-15,0.042918958,0.1004
rand_spd,1024,516,0.2536636998319035,0.25366369983189524,8.271161533457416e-15,0.042218958,0.100835125
rand_spd,1024,517,0.2535795495869683,0.2535795495869601,8.215650382226158e-15,0.042165459,0.099607125
rand_spd,1024,518,0.2534403637503542,0.25344036375034595,8.271161533457416e-15,0.042047458,0.100224542
rand_spd,1024,519,0.25364730384912654,0.25364730384911827,8.271161533457416e-15,0.042719292,0.100221958
rand_spd,1024,520,0.253580962656863,0.25358096265685465,8.326672684688674e-15,0.042496417,0.100055417
rand_spd,1024,521,0.25343951970774686,0.2534395197077386,8.271161533457416e-15,0.04199925,0.099704125
rand_spd,1024,522,0.25376588429375707,0.2537658842937488,8.271161533457416e-15,0.042425917,0.101043416
rand_spd,1024,523,0.25351506931182843,0.2535150693118203,8.1601392309949e-15,0.042337583,0.100631208
rand_spd,1024,524,0.2536672616060483,0.2536672616060399,8.382183835919932e-15,0.04251175,0.100324292
rand_spd,1024,525,0.2538119286515749,0.25381192865156665,8.271161533457416e-15,0.041604542,0.099991208
rand_spd,1024,526,0.25346649305066477,0.2534664930506565,8.271161533457416e-15,0.0421275,0.100174875
rand_spd,1024,527,0.2535264062959452,0.25352640629593687,8.326672684688674e-15,0.042276375,0.10044425
rand_spd,1024,528,0.25361112121130913,0.25361112121130086,8.271161533457416e-15,0.041667334,0.10153675
rand_spd,1024,529,0.2534361140689861,0.25343611406897776,8.326672684688674e-15,0.043623291,0.099813125
rand_spd,1024,530,0.2537306186757981,0.2537306186757898,8.326672684688674e-15,0.04424575,0.102119125
rand_spd,1024,531,0.25359246279424513,0.2535924627942369,8.215650382226158e-15,0.042911625,0.100489334
rand_spd,1024,532,0.25368042084265136,0.2536804208426431,8.271161533457416e-15,0.04365325,0.100891834
rand_spd,1024,533,0.25356928431424125,0.253569284314233,8.271161533457416e-15,0.047443,0.111700291
rand_spd,1024,534,0.25375686262579705,0.2537568626257887,8.326672684688674e-15,0.043635291,0.109140042
rand_spd,1024,535,0.2535765756964958,0.25357657569648745,8.326672684688674e-15,0.046183125,0.11161475
rand_spd,1024,536,0.25352611092147276,0.25352611092146443,8.326672684688674e-15,0.042072125,0.099988041
rand_spd,1024,537,0.25369412832581545,0.25369412832580707,8.382183835919932e-15,0.042547959,0.100196583
rand_spd,1024,538,0.25339943391507663,0.2533994339150684,8.215650382226158e-15,0.04198775,0.100459583
rand_spd,1024,539,0.25356900978587477,0.2535690097858665,8.271161533457416e-15,0.042220834,0.101276792
rand_spd,1024,540,0.2535093090305986,0.25350930903059027,8.326672684688674e-15,0.043624292,0.104197666
rand_spd,1024,541,0.25353512765482095,0.25353512765481273,8.215650382226158e-15,0.04316925,0.099326916
rand_spd,1024,542,0.25368076977847825,0.25368076977847,8.271161533457416e-15,0.048631625,0.100154958
rand_spd,1024,543,0.2535129347070779,0.2535129347070697,8.215650382226158e-15,0.041799916,0.100522667
rand_spd,1024,544,0.253579209281192,0.2535792092811837,8.271161533457416e-15,0.042796084,0.103432416
rand_spd,1024,545,0.2535244538621708,0.25352445386216255,8.271161533457416e-15,0.042698125,0.10150775
rand_spd,1024,546,0.2537759412421026,0.2537759412420944,8.215650382226158e-15,0.042142875,0.101338084
rand_spd,1024,547,0.2536077247623892,0.25360772476238097,8.215650382226158e-15,0.043011333,0.101030166
rand_spd,1024,548,0.25355181339616323,0.253551813396155,8.215650382226158e-15,0.042419791,0.101161834
rand_spd,1024,549,0.25367542405569105,0.2536754240556828,8.271161533457416e-15,0.042248459,0.101347291
rand_spd,1024,550,0.25358567715903996,0.2535856771590317,8.271161533457416e-15,0.042533667,0.10137125
rand_spd,1024,551,0.25368497367943105,0.2536849736794227,8.326672684688674e-15,0.047257583,0.104335917
rand_spd,1024,552,0.25356237083494054,0.2535623708349323,8.215650382226158e-15,0.042978875,0.101165625
rand_spd,1024,553,0.253807597108171,0.25380759710816264,8.382183835919932e-15,0.042780792,0.100588
rand_spd,1024,554,0.25367533083591054,0.2536753308359023,8.215650382226158e-15,0.042613417,0.101384875
rand_spd,1024,555,0.2536704458131384,0.2536704458131302,8.215650382226158e-15,0.041985375,0.10291875
rand_spd,1024,556,0.2532896041035179,0.25328960410350965,8.271161533457416e-15,0.042431917,0.100735
rand_spd,1024,557,0.2534968954174362,0.253496895417428,8.215650382226158e-15,0.042822833,0.100899042
rand_spd,1024,558,0.2537045921606261,0.25370459216061786,8.215650382226158e-15,0.041824667,0.100363208
rand_spd,1024,559,0.2535581128117459,0.2535581128117376,8.271161533457416e-15,0.041463,0.101427208
rand_spd,1024,560,0.2535690623807469,0.25356906238073856,8.326672684688674e-15,0.04281925,0.100434666
rand_spd,1024,561,0.2537035280445156,0.2537035280445073,8.326672684688674e-15,0.041645916,0.100560292
rand_spd,1024,562,0.2535622540861755,0.2535622540861673,8.215650382226158e-15,0.042283292,0.102317
rand_spd,1024,563,0.25346896670606417,0.25346896670605595,8.215650382226158e-15,0.045826083,0.100616
rand_spd,1024,564,0.25358178688885813,0.25358178688884997,8.1601392309949e-15,0.048601166,0.101265334
rand_spd,1024,565,0.2536013965366048,0.25360139653659647,8.326672684688674e-15,0.042623125,0.100091833
rand_spd,1024,566,0.25362397582743307,0.2536239758274248,8.271161533457416e-15,0.042440209,0.100911959
rand_spd,1024,567,0.2535451147245988,0.25354511472459046,8.326672684688674e-15,0.042555959,0.100562125
rand_spd,1024,568,0.2534497842871229,0.2534497842871146,8.271161533457416e-15,0.042190584,0.099960791
rand_spd,1024,569,0.2535238702607662,0.25352387026075796,8.271161533457416e-15,0.044644334,0.105268791
rand_spd,1024,570,0.2536888309776167,0.2536888309776084,8.271161533457416e-15,0.042236833,0.1008195
rand_spd,1024,571,0.25351387508882667,0.2535138750888184,8.271161533457416e-15,0.043022625,0.102037833
rand_spd,1024,572,0.2535492896844562,0.25354928968444795,8.271161533457416e-15,0.0430945,0.101401292
rand_spd,1024,573,0.2536147434446709,0.25361474344466256,8.326672684688674e-15,0.042552417,0.103209833
rand_spd,1024,574,0.25362215596865995,0.2536221559686517,8.271161533457416e-15,0.044225375,0.101310542
rand_spd,1024,575,0.25358154893492924,0.25358154893492096,8.271161533457416e-15,0.042432792,0.099274667
rand_spd,1024,576,0.2534351612359749,0.25343516123596666,8.271161533457416e-15,0.044769292,0.101487375
rand_spd,1024,577,0.25360019899416514,0.2536001989941569,8.215650382226158e-15,0.043265875,0.10095525
rand_spd,1024,578,0.25376481850776184,0.2537648185077536,8.215650382226158e-15,0.042038166,0.101563459
rand_spd,1024,579,0.2535489129783125,0.25354891297830434,8.1601392309949e-15,0.043072125,0.101359792
rand_spd,1024,580,0.25353234492541415,0.25353234492540583,8.326672684688674e-15,0.051093375,0.102023833
rand_spd,1024,581,0.2536458965204032,0.253645896520395,8.215650382226158e-15,0.043271458,0.100957416
rand_spd,1024,582,0.25373510123718446,0.2537351012371762,8.271161533457416e-15,0.04164725,0.09970175
rand_spd,1024,583,0.2537554659919917,0.25375546599198345,8.271161533457416e-15,0.04238325,0.100861584
rand_spd,1024,584,0.25340581174799065,0.2534058117479824,8.271161533457416e-15,0.041794208,0.099567458
rand_spd,1024,585,0.2533998187735493,0.25339981877354095,8.326672684688674e-15,0.041974542,0.101858833
rand_spd,1024,586,0.2535464071161083,0.25354640711610005,8.271161533457416e-15,0.043943458,0.101549167
rand_spd,1024,587,0.25348505393182025,0.2534850539318119,8.326672684688674e-15,0.042017,0.101158584
rand_spd,1024,588,0.25368755035355195,0.25368755035354373,8.215650382226158e-15,0.042402708,0.099509667
rand_spd,1024,589,0.2534803462281056,0.2534803462280974,8.215650382226158e-15,0.043219333,0.100333625
rand_spd,1024,590,0.25358432412845927,0.25358432412845106,8.215650382226158e-15,0.042246625,0.099812792
rand_spd,1024,591,0.25377479957179905,0.2537747995717908,8.271161533457416e-15,0.041938708,0.100169333
rand_spd,1024,592,0.25351873545357867,0.25351873545357045,8.215650382226158e-15,0.042811416,0.101793542
rand_spd,1024,593,0.2535170945772845,0.2535170945772763,8.215650382226158e-15,0.042341458,0.10051125
rand_spd,1024,594,0.2535966779997547,0.2535966779997465,8.215650382226158e-15,0.042294375,0.100721208
rand_spd,1024,595,0.25373954831029033,0.25373954831028206,8.271161533457416e-15,0.041799959,0.101259584
rand_spd,1024,596,0.25372785897299693,0.2537278589729886,8.326672684688674e-15,0.042138375,0.1002625
rand_spd,1024,597,0.25350904324646034,0.253509043246452,8.326672684688674e-15,0.041767333,0.100200958
rand_spd,1024,598,0.25360421848800424,0.25360421848799597,8.271161533457416e-15,0.04233075,0.100608834
rand_spd,1024,599,0.253589527072322,0.2535895270723138,8.215650382226158e-15,0.042807792,0.100917041
rand_spd,1024,600,0.25348917011736266,0.25348917011735445,8.215650382226158e-15,0.042973125,0.100192417
rand_spd,1024,601,0.25345880118776537,0.2534588011877571,8.271161533457416e-15,0.041869416,0.100050167
rand_spd,1024,602,0.2535420682369083,0.2535420682369,8.271161533457416e-15,0.041835958,0.100314458
rand_spd,1024,603,0.2536210234368412,0.25362102343683285,8.326672684688674e-15,0.042452708,0.100099583
rand_spd,1024,604,0.2536358707018736,0.2536358707018653,8.326672684688674e-15,0.042292292,0.100750458
rand_spd,1024,605,0.25357668378576187,0.2535766837857536,8.271161533457416e-15,0.042155,0.10106725
rand_spd,1024,606,0.2535963375698525,0.2535963375698442,8.326672684688674e-15,0.042814625,0.101223625
rand_spd,1024,607,0.2535408459391591,0.2535408459391509,8.215650382226158e-15,0.041577292,0.099725292
rand_spd,1024,608,0.25346659380962117,0.25346659380961306,8.104628079763643e-15,0.042657916,0.101899042
rand_spd,1024,609,0.2535719348158675,0.2535719348158592,8.271161533457416e-15,0.042485167,0.100868208
rand_spd,1024,610,0.253535600573888,0.2535356005738797,8.326672684688674e-15,0.041706292,0.100434333
rand_spd,1024,611,0.25364030942670646,0.2536403094266982,8.271161533457416e-15,0.043905542,0.10068225
rand_spd,1024,612,0.2536532392990129,0.2536532392990046,8.326672684688674e-15,0.0431745,0.100790083
rand_spd,1024,613,0.253536558649949,0.2535365586499407,8.326672684688674e-15,0.043801042,0.10173725
rand_spd,1024,614,0.25355100502331124,0.253551005023303,8.215650382226158e-15,0.042197709,0.099796167
rand_spd,1024,615,0.2537007423476905,0.2537007423476822,8.326672684688674e-15,0.042249709,0.10025075
rand_spd,1024,616,0.2536487033037928,0.2536487033037846,8.215650382226158e-15,0.043266666,0.100189375
rand_spd,1024,617,0.2534512553759954,0.25345125537598706,8.326672684688674e-15,0.042566959,0.101741958
rand_spd,1024,618,0.2533772873307497,0.25337728733074155,8.1601392309949e-15,0.042862834,0.101950583
rand_spd,1024,619,0.25364015005136853,0.2536401500513603,8.215650382226158e-15,0.044061166,0.101383584
rand_spd,1024,620,0.2535231766979568,0.2535231766979485,8.326672684688674e-15,0.043404708,0.101765333
rand_spd,1024,621,0.2535438075693635,0.2535438075693553,8.215650382226158e-15,0.042036666,0.099586125
rand_spd,1024,622,0.25363876781008915,0.25363876781008104,8.104628079763643e-15,0.041939917,0.101714125
rand_spd,1024,623,0.25373968410377484,0.25373968410376657,8.271161533457416e-15,0.042109708,0.101248375
rand_spd,1024,624,0.25339756666491625,0.2533975666649079,8.326672684688674e-15,0.043655083,0.103639166
rand_spd,1024,625,0.25363402880542757,0.25363402880541924,8.326672684688674e-15,0.042716833,0.101394709
rand_spd,1024,626,0.2535820155778706,0.2535820155778623,8.271161533457416e-15,0.042206375,0.101740333
rand_spd,1024,627,0.2533833580572098,0.2533833580572015,8.271161533457416e-15,0.042832125,0.099823792
rand_spd,1024,628,0.2535640811575736,0.25356408115756535,8.271161533457416e-15,0.042048208,0.099714583
rand_spd,1024,629,0.25373004401155885,0.2537300440115506,8.271161533457416e-15,0.04288075,0.102099208
rand_spd,1024,630,0.2536394484576819,0.2536394484576736,8.271161533457416e-15,0.0424805,0.10543975
rand_spd,1024,631,0.2535149840658268,0.25351498406581857,8.215650382226158e-15,0.046914209,0.119922708
rand_spd,1024,632,0.25357817276796457,0.25357817276795647,8.104628079763643e-15,0.044774708,0.103754375
rand_spd,1024,633,0.25355297840240326,0.25355297840239505,8.215650382226158e-15,0.056343125,0.104851042
rand_spd,1024,634,0.2536522432584111,0.2536522432584029,8.215650382226158e-15,0.044208625,0.10423575
rand_spd,1024,635,0.25370241532245436,0.25370241532244614,8.215650382226158e-15,0.044845167,0.104178916
rand_spd,1024,636,0.253548283959068,0.2535482839590597,8.271161533457416e-15,0.043934375,0.103440625
rand_spd,1024,637,0.2536495375053685,0.2536495375053602,8.326672684688674e-15,0.043522625,0.103266084
rand_spd,1024,638,0.2535368304241821,0.253536830424174,8.104628079763643e-15,0.045056167,0.10499125
rand_spd,1024,639,0.2535481010686759,0.25354810106866754,8.382183835919932e-15,0.044804625,0.105511
rand_spd,1024,640,0.2536256968934114,0.2536256968934032,8.215650382226158e-15,0.044034916,0.105286208
rand_spd,1024,641,0.2536822787942014,0.2536822787941932,8.215650382226158e-15,0.044240291,0.104929959
rand_spd,1024,642,0.2535880561318083,0.2535880561318,8.271161533457416e-15,0.04471925,0.104728916
rand_spd,1024,643,0.25357274267362423,0.25357274267361596,8.271161533457416e-15,0.0442035,0.104385584
rand_spd,1024,644,0.2536800666999328,0.25368006669992454,8.271161533457416e-15,0.046132917,0.109677667
rand_spd,1024,645,0.25372935791185747,0.2537293579118492,8.271161533457416e-15,0.044935208,0.102484792
rand_spd,1024,646,0.2535631811385812,0.25356318113857285,8.326672684688674e-15,0.041688334,0.100912458
rand_spd,1024,647,0.2536687042549898,0.25366870425498145,8.326672684688674e-15,0.042418083,0.101013375
rand_spd,1024,648,0.2535912516504361,0.25359125165042784,8.271161533457416e-15,0.043579625,0.103258791
rand_spd,1024,649,0.2537377253570949,0.25373772535708655,8.326672684688674e-15,0.043919459,0.10387925
rand_spd,1024,650,0.25358738841907236,0.25358738841906403,8.326672684688674e-15,0.043451292,0.10459125
rand_spd,1024,651,0.25375748687174693,0.25375748687173866,8.271161533457416e-15,0.043643875,0.103969375
rand_spd,1024,652,0.2535456901690332,0.2535456901690249,8.326672684688674e-15,0.043804917,0.103735458
rand_spd,1024,653,0.2535426884830983,0.2535426884830901,8.215650382226158e-15,0.043456833,0.101192333
rand_spd,1024,654,0.25356793765315727,0.253567937653149,8.271161533457416e-15,0.042105167,0.101966791
rand_spd,1024,655,0.2534603065620304,0.25346030656202206,8.326672684688674e-15,0.0452935,0.10635825
rand_spd,1024,656,0.25374729578700245,0.2537472957869942,8.271161533457416e-15,0.044151791,0.1043935
rand_spd,1024,657,0.2537626786201961,0.2537626786201878,8.271161533457416e-15,0.045702,0.10579225
rand_spd,1024,658,0.2534479035338378,0.2534479035338295,8.271161533457416e-15,0.043476,0.102622125
rand_spd,1024,659,0.2536279547532961,0.25362795475328787,8.215650382226158e-15,0.041629417,0.100023708
rand_spd,1024,660,0.25367621024520165,0.2536762102451933,8.326672684688674e-15,0.042517667,0.100445416
rand_spd,1024,661,0.2537067986383369,0.2537067986383286,8.271161533457416e-15,0.042424542,0.09986325
rand_spd,1024,662,0.25355489557816074,0.25355489557815253,8.215650382226158e-15,0.043595209,0.102399916
rand_spd,1024,663,0.2535774323272546,0.25357743232724633,8.271161533457416e-15,0.043141208,0.102334542
rand_spd,1024,664,0.25343441465650074,0.25343441465649247,8.271161533457416e-15,0.042963667,0.1025405
rand_spd,1024,665,0.253611256792129,0.25361125679212077,8.215650382226158e-15,0.043516708,0.10269575
rand_spd,1024,666,0.25355616548598,0.2535561654859718,8.1601392309949e-15,0.042493958,0.101537667
rand_spd,1024,667,0.2536671119186284,0.25366711191862007,8.326672684688674e-15,0.044088375,0.1048245
rand_spd,1024,668,0.2535489865484858,0.2535489865484775,8.271161533457416e-15,0.043012875,0.102307583
rand_spd,1024,669,0.253687063408004,0.25368706340799574,8.271161533457416e-15,0.043275542,0.102587667
rand_spd,1024,670,0.25391398843566787,0.2539139884356596,8.271161533457416e-15,0.043035959,0.103483417
rand_spd,1024,671,0.253600346080925,0.2536003460809167,8.326672684688674e-15,0.043352583,0.102072958
rand_spd,1024,672,0.2536707731487631,0.2536707731487547,8.382183835919932e-15,0.04310475,0.101475583
rand_spd,1024,673,0.2536601914963174,0.25366019149630914,8.271161533457416e-15,0.042392459,0.102690209
rand_spd,1024,674,0.2535902928061185,0.2535902928061102,8.326672684688674e-15,0.042511709,0.10153625
rand_spd,1024,675,0.2535232289524798,0.25352322895247154,8.271161533457416e-15,0.043234958,0.101155667
rand_spd,1024,676,0.25348360484503213,0.2534836048450239,8.215650382226158e-15,0.041865459,0.100097459
rand_spd,1024,677,0.2535971905671217,0.25359719056711344,8.271161533457416e-15,0.043067167,0.101438958
rand_spd,1024,678,0.25372833519645394,0.2537283351964458,8.1601392309949e-15,0.043100458,0.100668917
rand_spd,1024,679,0.2535394923254059,0.2535394923253977,8.215650382226158e-15,0.043049625,0.103985958
rand_spd,1024,680,0.2534782700011781,0.25347827000116996,8.1601392309949e-15,0.046130375,0.104824834
rand_spd,1024,681,0.253590983442751,0.2535909834427427,8.271161533457416e-15,0.045614208,0.102853459
rand_spd,1024,682,0.2536792014443208,0.2536792014443125,8.326672684688674e-15,0.043074,0.139321333
rand_spd,1024,683,0.2537380085755814,0.2537380085755731,8.271161533457416e-15,0.043315167,0.101899916
rand_spd,1024,684,0.25345678497688845,0.2534567849768801,8.326672684688674e-15,0.044478041,0.101395875
rand_spd,1024,685,0.2534636674760529,0.2534636674760447,8.215650382226158e-15,0.042314417,0.102208791
rand_spd,1024,686,0.253561126817809,0.25356112681780074,8.271161533457416e-15,0.041785,0.1018205
rand_spd,1024,687,0.25379849055718007,0.2537984905571718,8.271161533457416e-15,0.045179834,0.103508583
rand_spd,1024,688,0.2537139337523357,0.25371393375232737,8.326672684688674e-15,0.043123,0.102221083
rand_spd,1024,689,0.2535017994219347,0.25350179942192647,8.215650382226158e-15,0.043733209,0.103418042
rand_spd,1024,690,0.25359792332314673,0.25359792332313846,8.271161533457416e-15,0.046158125,0.110017041
rand_spd,1024,691,0.2535442062035451,0.25354420620353685,8.271161533457416e-15,0.047485875,0.103083375
rand_spd,1024,692,0.25356335381984524,0.2535633538198369,8.326672684688674e-15,0.045173125,0.10449325
rand_spd,1024,693,0.2535594508745312,0.2535594508745229,8.271161533457416e-15,0.042426709,0.10265425
rand_spd,1024,694,0.25363090254922,0.2536309025492116,8.382183835919932e-15,0.043751,0.103303958
rand_spd,1024,695,0.2535694173628585,0.25356941736285027,8.215650382226158e-15,0.043962792,0.103335333
rand_spd,1024,696,0.25346930619085345,0.2534693061908451,8.326672684688674e-15,0.043233708,0.105549666
rand_spd,1024,697,0.25354148442865027,0.25354148442864194,8.326672684688674e-15,0.044444167,0.104825542
rand_spd,1024,698,0.2535295678316114,0.25352956783160313,8.271161533457416e-15,0.043431333,0.103878792
rand_spd,1024,699,0.25364416051779465,0.2536441605177864,8.271161533457416e-15,0.043658208,0.103128083
rand_spd,1024,700,0.25373621887156866,0.2537362188715604,8.271161533457416e-15,0.041871083,0.10071075
rand_spd,1024,701,0.2534356809407108,0.2534356809407025,8.271161533457416e-15,0.042201625,0.101526333
rand_spd,1024,702,0.2535613659016932,0.25356136590168493,8.271161533457416e-15,0.0419865,0.099485542
rand_spd,1024,703,0.25367726306942817,0.2536772630694199,8.271161533457416e-15,0.042012833,0.100483417
rand_spd,1024,704,0.2536620434238364,0.25366204342382814,8.271161533457416e-15,0.041952791,0.1003895
rand_spd,1024,705,0.2536359439709581,0.2536359439709498,8.326672684688674e-15,0.041880875,0.104454667
rand_spd,1024,706,0.2535907974489446,0.25359079744893637,8.215650382226158e-15,0.042453459,0.101221166
rand_spd,1024,707,0.2535623827502949,0.2535623827502867,8.215650382226158e-15,0.048414792,0.100157917
rand_spd,1024,708,0.25363570249638984,0.25363570249638157,8.271161533457416e-15,0.042377583,0.100704833
rand_spd,1024,709,0.2536096980864199,0.25360969808641165,8.271161533457416e-15,0.042634625,0.100225667
rand_spd,1024,710,0.25358858039801513,0.25358858039800686,8.271161533457416e-15,0.041697958,0.099276208
rand_spd,1024,711,0.2534834062508187,0.2534834062508105,8.215650382226158e-15,0.042009208,0.101735583
rand_spd,1024,712,0.2535004709698195,0.25350047096981126,8.215650382226158e-15,0.043437875,0.102720083
rand_spd,1024,713,0.25360398850278454,0.2536039885027762,8.326672684688674e-15,0.045695667,0.103297542
rand_spd,1024,714,0.25371994203633186,0.2537199420363236,8.271161533457416e-15,0.042017708,0.103494834
rand_spd,1024,715,0.2536352466180471,0.25363524661803877,8.326672684688674e-15,0.043920958,0.101956208
rand_spd,1024,716,0.25370286433466865,0.25370286433466044,8.215650382226158e-15,0.04253475,0.102858042
rand_spd,1024,717,0.25365510959973653,0.2536551095997283,8.215650382226158e-15,0.0425145,0.102654042
rand_spd,1024,718,0.25365771143342697,0.2536577114334187,8.271161533457416e-15,0.042330833,0.101507792
rand_spd,1024,719,0.2536206113339349,0.2536206113339266,8.271161533457416e-15,0.043963333,0.101994
rand_spd,1024,720,0.2535508381181269,0.25355083811811874,8.1601392309949e-15,0.04290475,0.101907625
rand_spd,1024,721,0.25355034348173494,0.2535503434817267,8.215650382226158e-15,0.043409625,0.102753084
rand_spd,1024,722,0.2536925566836466,0.25369255668363827,8.326672684688674e-15,0.042873209,0.101366583
rand_spd,1024,723,0.25374926753675725,0.25374926753674903,8.215650382226158e-15,0.042626209,0.100862583
rand_spd,1024,724,0.25366018755406233,0.2536601875540541,8.215650382226158e-15,0.041726583,0.101694875
rand_spd,1024,725,0.2536911629735956,0.2536911629735874,8.215650382226158e-15,0.042765708,0.1001805
rand_spd,1024,726,0.25351222855514366,0.2535122285551354,8.271161533457416e-15,0.042409959,0.108700375
rand_spd,1024,727,0.25329361094152414,0.25329361094151587,8.271161533457416e-15,0.042229375,0.100608084
rand_spd,1024,728,0.25353290831196523,0.2535329083119569,8.326672684688674e-15,0.041470541,0.101029
rand_spd,1024,729,0.25348918047762553,0.2534891804776172,8.326672684688674e-15,0.047114333,0.099884833
rand_spd,1024,730,0.25357204457684396,0.2535720445768357,8.271161533457416e-15,0.0422415,0.100415542
rand_spd,1024,731,0.25348645027733846,0.25348645027733024,8.215650382226158e-15,0.042547666,0.100505917
rand_spd,1024,732,0.2536699988533258,0.25366999885331754,8.271161533457416e-15,0.042575709,0.100909125
rand_spd,1024,733,0.25356295741207385,0.25356295741206564,8.215650382226158e-15,0.044873125,0.106413458
rand_spd,1024,734,0.25363325765748534,0.25363325765747696,8.382183835919932e-15,0.044276167,0.107133334
rand_spd,1024,735,0.25378994093397156,0.25378994093396323,8.326672684688674e-15,0.044709458,0.101677
rand_spd,1024,736,0.2536040955991607,0.2536040955991524,8.271161533457416e-15,0.043178042,0.1005085
rand_spd,1024,737,0.2537353573667786,0.2537353573667703,8.326672684688674e-15,0.043980166,0.102323625
rand_spd,1024,738,0.2535781250679937,0.25357812506798544,8.271161533457416e-15,0.04180225,0.09885025
rand_spd,1024,739,0.2534176515825849,0.2534176515825767,8.215650382226158e-15,0.043581292,0.102151083
rand_spd,1024,740,0.25356278377214786,0.2535627837721396,8.271161533457416e-15,0.043020667,0.100855125
rand_spd,1024,741,0.2536536726470084,0.253653672647,8.382183835919932e-15,0.044469625,0.101078625
rand_spd,1024,742,0.25333373862670744,0.2533337386266991,8.326672684688674e-15,0.04390025,0.102721917
rand_spd,1024,743,0.25347636591060985,0.2534763659106016,8.271161533457416e-15,0.043016333,0.100198542
rand_spd,1024,744,0.25346714856304703,0.25346714856303876,8.271161533457416e-15,0.042236833,0.101402458
rand_spd,1024,745,0.25357364420664724,0.25357364420663897,8.271161533457416e-15,0.042204625,0.102862583
rand_spd,1024,746,0.2535348888723484,0.2535348888723401,8.271161533457416e-15,0.044576917,0.101298541
rand_spd,1024,747,0.25376091518043103,0.2537609151804227,8.326672684688674e-15,0.042547291,0.09997525
rand_spd,1024,748,0.25341079903387304,0.2534107990338648,8.215650382226158e-15,0.042902167,0.10250075
rand_spd,1024,749,0.2535661943589865,0.25356619435897815,8.326672684688674e-15,0.042836666,0.102236667
rand_spd,1024,750,0.25359238029113945,0.2535923802911311,8.326672684688674e-15,0.04343525,0.102981291
rand_spd,1024,751,0.25376300736918994,0.25376300736918167,8.271161533457416e-15,0.04448875,0.103821291
rand_spd,1024,752,0.2536711534609036,0.2536711534608953,8.271161533457416e-15,0.042387125,0.101162167
rand_spd,1024,753,0.25371306946656086,0.25371306946655253,8.326672684688674e-15,0.043055125,0.101593041
rand_spd,1024,754,0.2536369558495372,0.2536369558495289,8.326672684688674e-15,0.042636083,0.102008417
rand_spd,1024,755,0.2536101485563919,0.25361014855638353,8.382183835919932e-15,0.041921792,0.100675
rand_spd,1024,756,0.25367278226474005,0.2536727822647318,8.271161533457416e-15,0.042106833,0.1003155
rand_spd,1024,757,0.2536185153063908,0.25361851530638246,8.326672684688674e-15,0.042578875,0.102383459
rand_spd,1024,758,0.2537287325613851,0.2537287325613769,8.215650382226158e-15,0.043305042,0.102437791
rand_spd,1024,759,0.25366677824460393,0.25366677824459555,8.382183835919932e-15,0.051336583,0.10178475
rand_spd,1024,760,0.2536273821297239,0.2536273821297157,8.215650382226158e-15,0.042161,0.101823625
rand_spd,1024,761,0.2535826603442001,0.2535826603441918,8.271161533457416e-15,0.041732708,0.100791417
rand_spd,1024,762,0.2534729317583588,0.25347293175835056,8.215650382226158e-15,0.042664709,0.10113925
rand_spd,1024,763,0.25356146655954404,0.2535614665595357,8.326672684688674e-15,0.042395916,0.099974542
rand_spd,1024,764,0.25357160026341746,0.25357160026340914,8.326672684688674e-15,0.043721625,0.101576542
rand_spd,1024,765,0.25351328845067106,0.2535132884506628,8.271161533457416e-15,0.049254542,0.101956
rand_spd,1024,766,0.2535880387153342,0.2535880387153259,8.271161533457416e-15,0.042732625,0.101811625
rand_spd,1024,767,0.2535899409264193,0.253589940926411,8.271161533457416e-15,0.042331958,0.101973125
rand_spd,1024,768,0.2535647470325311,0.2535647470325228,8.326672684688674e-15,0.043143333,0.102404875
rand_spd,1024,769,0.25364872826576706,0.25364872826575874,8.326672684688674e-15,0.042948,0.101130375
rand_spd,1024,770,0.25356111342576176,0.25356111342575355,8.215650382226158e-15,0.05010775,0.100944
rand_spd,1024,771,0.2537060198747099,0.2537060198747016,8.326672684688674e-15,0.042584666,0.101361042
rand_spd,1024,772,0.25362601047587185,0.2536260104758636,8.271161533457416e-15,0.042413625,0.099668875
rand_spd,1024,773,0.25340206361980155,0.2534020636197932,8.326672684688674e-15,0.042502833,0.101018834
rand_spd,1024,774,0.25361415968147333,0.2536141596814651,8.215650382226158e-15,0.043227125,0.101261042
rand_spd,1024,775,0.253646642114889,0.25364664211488075,8.271161533457416e-15,0.04404175,0.100713292
rand_spd,1024,776,0.2535652338541792,0.2535652338541709,8.271161533457416e-15,0.043238292,0.102028792
rand_spd,1024,777,0.2534729194320478,0.2534729194320396,8.215650382226158e-15,0.043213875,0.099566083
rand_spd,1024,778,0.2537790368477018,0.2537790368476935,8.326672684688674e-15,0.044441792,0.103156375
rand_spd,1024,779,0.25354985279921155,0.25354985279920333,8.215650382226158e-15,0.043885458,0.100799667
rand_spd,1024,780,0.25360967022870373,0.25360967022869546,8.271161533457416e-15,0.042936916,0.102003334
rand_spd,1024,781,0.25341137404273517,0.2534113740427269,8.271161533457416e-15,0.044314791,0.104324334
rand_spd,1024,782,0.2535899000504342,0.2535899000504258,8.382183835919932e-15,0.043355958,0.103702458
rand_spd,1024,783,0.2535206465093871,0.25352064650937883,8.271161533457416e-15,0.042217791,0.102463917
rand_spd,1024,784,0.2537245035317394,0.2537245035317312,8.215650382226158e-15,0.043848709,0.104923791
rand_spd,1024,785,0.25353634493864574,0.2535363449386374,8.326672684688674e-15,0.043877959,0.10328575
rand_spd,1024,786,0.25380874184685565,0.2538087418468473,8.326672684688674e-15,0.051297666,0.10142625
rand_spd,1024,787,0.25371670401975677,0.2537167040197485,8.271161533457416e-15,0.042521875,0.101861541
rand_spd,1024,788,0.25345402624097196,0.2534540262409637,8.271161533457416e-15,0.043225334,0.102596958
rand_spd,1024,789,0.25359435087174215,0.2535943508717338,8.326672684688674e-15,0.042696084,0.102515958
rand_spd,1024,790,0.2536041051155565,0.25360410511554815,8.326672684688674e-15,0.042778375,0.101280791
rand_spd,1024,791,0.2536358476145848,0.2536358476145765,8.271161533457416e-15,0.042747834,0.101404166
rand_spd,1024,792,0.25367030494336107,0.2536703049433528,8.271161533457416e-15,0.042114625,0.101158541
rand_spd,1024,793,0.25359103301507474,0.2535910330150666,8.1601392309949e-15,0.04335025,0.102803834
rand_spd,1024,794,0.25355810751491215,0.2535581075149039,8.271161533457416e-15,0.043046041,0.1023775
rand_spd,1024,795,0.2534916842198433,0.2534916842198351,8.215650382226158e-15,0.043405584,0.102613208
rand_spd,1024,796,0.25357465669292245,0.2535746566929141,8.326672684688674e-15,0.042327875,0.102162208
rand_spd,1024,797,0.2535049414233899,0.2535049414233816,8.326672684688674e-15,0.042929375,0.102568042
rand_spd,1024,798,0.25371862239063114,0.25371862239062287,8.271161533457416e-15,0.042365875,0.100949333
rand_spd,1024,799,0.2535264694415523,0.25352646944154406,8.271161533457416e-15,0.04281975,0.101754458
rand_spd,1024,800,0.25363017531775345,0.2536301753177453,8.1601392309949e-15,0.042530208,0.099936625
rand_spd,1024,801,0.2536151679974576,0.2536151679974493,8.271161533457416e-15,0.042399959,0.105955166
rand_spd,1024,802,0.2537865443359301,0.2537865443359219,8.215650382226158e-15,0.042395208,0.099859292
rand_spd,1024,803,0.2536064103364621,0.2536064103364538,8.271161533457416e-15,0.0420715,0.100286208
rand_spd,1024,804,0.25368278329977406,0.25368278329976574,8.326672684688674e-15,0.042530333,0.100979
rand_spd,1024,805,0.25359309427096677,0.2535930942709585,8.271161533457416e-15,0.04208575,0.102385125
rand_spd,1024,806,0.2535697517154105,0.2535697517154022,8.326672684688674e-15,0.042119083,0.101662959
rand_spd,1024,807,0.253485068209785,0.2534850682097768,8.215650382226158e-15,0.046933792,0.101567
rand_spd,1024,808,0.25366231161008396,0.25366231161007563,8.326672684688674e-15,0.042287375,0.100602
rand_spd,1024,809,0.2537581103713669,0.2537581103713586,8.326672684688674e-15,0.041592166,0.099727125
rand_spd,1024,810,0.2536616538249556,0.2536616538249473,8.271161533457416e-15,0.042881792,0.100546
rand_spd,1024,811,0.2537644524869323,0.25376445248692414,8.1601392309949e-15,0.042171166,0.100924334
rand_spd,1024,812,0.25352553652958687,0.25352553652957854,8.326672684688674e-15,0.041883083,0.100050208
rand_spd,1024,813,0.2537117368398922,0.25371173683988396,8.215650382226158e-15,0.042218833,0.101257667
rand_spd,1024,814,0.2536402462402015,0.2536402462401932,8.271161533457416e-15,0.042426584,0.100450584
rand_spd,1024,815,0.25360288906327205,0.25360288906326384,8.215650382226158e-15,0.041777542,0.100141
rand_spd,1024,816,0.25367885208330593,0.25367885208329766,8.271161533457416e-15,0.041879,0.100621375
rand_spd,1024,817,0.25353864168468526,0.25353864168467705,8.215650382226158e-15,0.041131625,0.099442708
rand_spd,1024,818,0.2538248681911095,0.2538248681911011,8.382183835919932e-15,0.042232792,0.101150083
rand_spd,1024,819,0.2535465444823834,0.2535465444823752,8.215650382226158e-15,0.042434959,0.100588583
rand_spd,1024,820,0.253461568799676,0.2534615687996678,8.215650382226158e-15,0.042207375,0.099203625
rand_spd,1024,821,0.2537266787303175,0.25372667873030924,8.271161533457416e-15,0.0435575,0.099230583
rand_spd,1024,822,0.253633021215437,0.2536330212154287,8.326672684688674e-15,0.041605458,0.099402417
rand_spd,1024,823,0.2535764582534366,0.25357645825342834,8.271161533457416e-15,0.0436435,0.100666166
rand_spd,1024,824,0.2535100952454506,0.2535100952454423,8.271161533457416e-15,0.042078,0.099921916
rand_spd,1024,825,0.2535249466533251,0.2535249466533169,8.215650382226158e-15,0.042880875,0.102112417
rand_spd,1024,826,0.2535220246943545,0.2535220246943462,8.271161533457416e-15,0.043440333,0.101698667
rand_spd,1024,827,0.2536221003590386,0.25362210035903027,8.326672684688674e-15,0.042184334,0.101032375
rand_spd,1024,828,0.2536074592877279,0.25360745928771966,8.215650382226158e-15,0.042734208,0.101523417
rand_spd,1024,829,0.2536930372272276,0.25369303722721936,8.215650382226158e-15,0.041709541,0.100071834
rand_spd,1024,830,0.2536455024203769,0.2536455024203686,8.326672684688674e-15,0.042923875,0.100461125
rand_spd,1024,831,0.2535152747188349,0.25351527471882657,8.326672684688674e-15,0.042111584,0.100525625
rand_spd,1024,832,0.253774338832876,0.25377433883286776,8.215650382226158e-15,0.042136666,0.101381667
rand_spd,1024,833,0.2534546644164389,0.25345466441643066,8.215650382226158e-15,0.042232833,0.100923
rand_spd,1024,834,0.2536674813114645,0.2536674813114561,8.382183835919932e-15,0.042224458,0.100830917
rand_spd,1024,835,0.2535973713467016,0.2535973713466934,8.215650382226158e-15,0.041904417,0.103073667
rand_spd,1024,836,0.25348449388009164,0.2534844938800834,8.271161533457416e-15,0.0417105,0.0993445
rand_spd,1024,837,0.2536494501323077,0.25364945013229945,8.271161533457416e-15,0.042130209,0.100306708
rand_spd,1024,838,0.25354252067010985,0.2535425206701016,8.271161533457416e-15,0.041696792,0.099252708
rand_spd,1024,839,0.2536115939301815,0.2536115939301733,8.215650382226158e-15,0.04226375,0.099965625
rand_spd,1024,840,0.2535246706643077,0.25352467066429935,8.382183835919932e-15,0.041821875,0.100240166
rand_spd,1024,841,0.25357854763344406,0.2535785476334358,8.271161533457416e-15,0.042141625,0.101221958
rand_spd,1024,842,0.25352601959915616,0.25352601959914783,8.326672684688674e-15,0.042263541,0.101236833
rand_spd,1024,843,0.2536439624478853,0.25364396244787707,8.215650382226158e-15,0.042472584,0.101348
rand_spd,1024,844,0.25353371147036285,0.25353371147035453,8.326672684688674e-15,0.04244375,0.099915083
rand_spd,1024,845,0.25377480077639536,0.25377480077638714,8.215650382226158e-15,0.042123,0.099360583
rand_spd,1024,846,0.2535786943032069,0.2535786943031986,8.271161533457416e-15,0.042448041,0.100092417
rand_spd,1024,847,0.25371055197782627,0.253710551977818,8.271161533457416e-15,0.042377125,0.099920417
rand_spd,1024,848,0.25367998479056,0.2536799847905517,8.271161533457416e-15,0.042359709,0.101573875
rand_spd,1024,849,0.2537544239500928,0.25375442395008446,8.326672684688674e-15,0.041652958,0.099740042
rand_spd,1024,850,0.25362782611931806,0.25362782611930973,8.326672684688674e-15,0.042094083,0.101409375
rand_spd,1024,851,0.2534764800737608,0.2534764800737525,8.271161533457416e-15,0.042051834,0.100542625
rand_spd,1024,852,0.2537420581492083,0.25374205814920003,8.271161533457416e-15,0.042421667,0.101026333
rand_spd,1024,853,0.25361679864501635,0.2536167986450081,8.271161533457416e-15,0.042012709,0.099612709
rand_spd,1024,854,0.253608160524816,0.2536081605248077,8.271161533457416e-15,0.042123791,0.099258125
rand_spd,1024,855,0.2535305738762765,0.25353057387626815,8.326672684688674e-15,0.042372875,0.100685292
rand_spd,1024,856,0.2534437432629327,0.25344374326292435,8.326672684688674e-15,0.04201325,0.101677375
rand_spd,1024,857,0.25363622396866825,0.2536362239686599,8.326672684688674e-15,0.043059,0.100945375
rand_spd,1024,858,0.25356822422602776,0.25356822422601943,8.326672684688674e-15,0.042184542,0.104317292
rand_spd,1024,859,0.25370313520150806,0.2537031352014997,8.382183835919932e-15,0.041598916,0.100653584
rand_spd,1024,860,0.25363966468346394,0.2536396646834556,8.326672684688674e-15,0.0423445,0.101974042
rand_spd,1024,861,0.2535706129336822,0.25357061293367394,8.271161533457416e-15,0.04333,0.100329125
rand_spd,1024,862,0.253599928454787,0.2535999284547788,8.215650382226158e-15,0.043989,0.100372292
rand_spd,1024,863,0.2533588330408316,0.25335883304082335,8.271161533457416e-15,0.043488709,0.102159458
rand_spd,1024,864,0.2536724874920325,0.2536724874920243,8.1601392309949e-15,0.044325833,0.10157
rand_spd,1024,865,0.25362870422682127,0.253628704226813,8.271161533457416e-15,0.043428167,0.102174625
rand_spd,1024,866,0.2535222150007274,0.2535222150007191,8.326672684688674e-15,0.04272375,0.101283458
rand_spd,1024,867,0.25368390420987114,0.25368390420986286,8.271161533457416e-15,0.043601291,0.10109625
rand_spd,1024,868,0.2536417925721321,0.25364179257212377,8.326672684688674e-15,0.04560725,0.120765
rand_spd,1024,869,0.2534374741491477,0.2534374741491394,8.271161533457416e-15,0.042133125,0.100127125
rand_spd,1024,870,0.25372328127819077,0.2537232812781825,8.271161533457416e-15,0.041800917,0.100000833
rand_spd,1024,871,0.25370489513352645,0.2537048951335181,8.326672684688674e-15,0.045652083,0.100563917
rand_spd,1024,872,0.25363077686478874,0.2536307768647804,8.326672684688674e-15,0.042323833,0.100388083
rand_spd,1024,873,0.25362239433142847,0.2536223943314202,8.271161533457416e-15,0.041999833,0.101566959
rand_spd,1024,874,0.2538764594844973,0.25387645948448884,8.43769498715119e-15,0.041854,0.101967583
rand_spd,1024,875,0.2535212648194474,0.25352126481943915,8.271161533457416e-15,0.041888417,0.101142208
rand_spd,1024,876,0.25347697215980397,0.25347697215979564,8.326672684688674e-15,0.0419065,0.099590917
rand_spd,1024,877,0.2535909570495853,0.25359095704957707,8.215650382226158e-15,0.042539875,0.100077291
rand_spd,1024,878,0.25345540536474154,0.25345540536473327,8.271161533457416e-15,0.050048,0.099965708
rand_spd,1024,879,0.25358281885286355,0.2535828188528553,8.271161533457416e-15,0.042199459,0.100587208
rand_spd,1024,880,0.2535855538078808,0.25358555380787245,8.326672684688674e-15,0.042197417,0.10097825
rand_spd,1024,881,0.25364126460751807,0.25364126460750974,8.326672684688674e-15,0.041714,0.099711167
rand_spd,1024,882,0.25358834718470225,0.25358834718469386,8.382183835919932e-15,0.042051208,0.099713667
rand_spd,1024,883,0.2535663956673346,0.25356639566732625,8.326672684688674e-15,0.041942458,0.100221667
rand_spd,1024,884,0.2535775730875521,0.2535775730875438,8.271161533457416e-15,0.042568167,0.099420042
rand_spd,1024,885,0.25354855502061335,0.2535485550206051,8.271161533457416e-15,0.049702958,0.09965525
rand_spd,1024,886,0.2537314210379978,0.2537314210379895,8.271161533457416e-15,0.04204625,0.100083958
rand_spd,1024,887,0.2534193268744709,0.2534193268744626,8.271161533457416e-15,0.042001583,0.101557459
rand_spd,1024,888,0.25338144820575187,0.2533814482057436,8.271161533457416e-15,0.042192208,0.101413
rand_spd,1024,889,0.2535817228039026,0.2535817228038943,8.326672684688674e-15,0.042648,0.100410166
rand_spd,1024,890,0.25345554109261287,0.25345554109260465,8.215650382226158e-15,0.04215125,0.099426083
rand_spd,1024,891,0.2536336024230099,0.25363360242300154,8.382183835919932e-15,0.042224083,0.100551417
rand_spd,1024,892,0.2536121876312894,0.2536121876312811,8.271161533457416e-15,0.041967375,0.100126708
rand_spd,1024,893,0.253645751137157,0.25364575113714866,8.326672684688674e-15,0.042515875,0.100174375
rand_spd,1024,894,0.2535778684491787,0.25357786844917035,8.326672684688674e-15,0.042475,0.100689542
rand_spd,1024,895,0.25348685119952846,0.25348685119952014,8.326672684688674e-15,0.042599667,0.099926583
rand_spd,1024,896,0.2536376383490917,0.2536376383490834,8.271161533457416e-15,0.046883042,0.101280208
rand_spd,1024,897,0.25350416329095377,0.25350416329094544,8.326672684688674e-15,0.042344125,0.100229709
rand_spd,1024,898,0.25367199929718426,0.253671999297176,8.271161533457416e-15,0.04255625,0.100933792
rand_spd,1024,899,0.25358870453881793,0.2535887045388096,8.326672684688674e-15,0.042755792,0.101622041
rand_spd,1024,900,0.2537027460114906,0.2537027460114824,8.215650382226158e-15,0.042469542,0.101991958
rand_spd,1024,901,0.25376296371613555,0.2537629637161272,8.326672684688674e-15,0.0423885,0.102693167
rand_spd,1024,902,0.253520368454564,0.25352036845455567,8.326672684688674e-15,0.043114167,0.099837417
rand_spd,1024,903,0.25360426353083626,0.253604263530828,8.271161533457416e-15,0.042410417,0.100146334
rand_spd,1024,904,0.25357910360814456,0.25357910360813635,8.215650382226158e-15,0.043236916,0.101338292
rand_spd,1024,905,0.2535780771882259,0.2535780771882176,8.271161533457416e-15,0.041746416,0.100506417
rand_spd,1024,906,0.2535328137430758,0.2535328137430675,8.271161533457416e-15,0.042241833,0.100341417
rand_spd,1024,907,0.25370973762532234,0.25370973762531407,8.271161533457416e-15,0.043478375,0.100678042
rand_spd,1024,908,0.2535817375151359,0.25358173751512764,8.271161533457416e-15,0.0440055,0.104095083
rand_spd,1024,909,0.25366784591598457,0.2536678459159763,8.271161533457416e-15,0.051077584,0.108942083
rand_spd,1024,910,0.25368947495739297,0.25368947495738464,8.326672684688674e-15,0.051923417,0.109563459
rand_spd,1024,911,0.253746563346934,0.25374656334692575,8.271161533457416e-15,0.051803041,0.109326667
rand_spd,1024,912,0.25353241120799563,0.2535324112079874,8.215650382226158e-15,0.052147583,0.109366583
rand_spd,1024,913,0.253688230730265,0.2536882307302566,8.382183835919932e-15,0.05332075,0.10904625
rand_spd,1024,914,0.25346825866769934,0.2534682586676911,8.215650382226158e-15,0.052192542,0.109628333
rand_spd,1024,915,0.25380799754866046,0.2538079975486522,8.271161533457416e-15,0.051098792,0.109642083
rand_spd,1024,916,0.25371296455115133,0.25371296455114306,8.271161533457416e-15,0.05031775,0.110026791
rand_spd,1024,917,0.25364588452102266,0.25364588452101444,8.215650382226158e-15,0.052320958,0.109145083
rand_spd,1024,918,0.2535820862678038,0.2535820862677955,8.326672684688674e-15,0.051341625,0.109602209
rand_spd,1024,919,0.2535294117660405,0.2535294117660322,8.271161533457416e-15,0.04914125,0.113426292
rand_spd,1024,920,0.2535324779830064,0.2535324779829981,8.271161533457416e-15,0.051439333,0.108951417
rand_spd,1024,921,0.2535158977304192,0.253515897730411,8.215650382226158e-15,0.051074416,0.110493334
rand_spd,1024,922,0.25359196649069354,0.2535919664906853,8.215650382226158e-15,0.0550405,0.109362834
rand_spd,1024,923,0.253666652506815,0.25366665250680676,8.271161533457416e-15,0.050719959,0.111288625
rand_spd,1024,924,0.2537594493857904,0.25375944938578215,8.271161533457416e-15,0.049879875,0.112155291
rand_spd,1024,925,0.2535739462293875,0.2535739462293792,8.326672684688674e-15,0.049476041,0.109516542
rand_spd,1024,926,0.2537029733745808,0.25370297337457254,8.271161533457416e-15,0.050430375,0.108301084
rand_spd,1024,927,0.253513770847861,0.2535137708478528,8.1601392309949e-15,0.051813791,0.109937917
rand_spd,1024,928,0.25344664704241,0.2534466470424017,8.271161533457416e-15,0.049768167,0.108839125
rand_spd,1024,929,0.2534265601823206,0.25342656018231235,8.271161533457416e-15,0.051307833,0.112204
rand_spd,1024,930,0.2535858776667245,0.2535858776667162,8.326672684688674e-15,0.050570916,0.109029333
rand_spd,1024,931,0.2535681956059588,0.25356819560595056,8.215650382226158e-15,0.050833583,0.109017208
rand_spd,1024,932,0.25352396163352325,0.253523961633515,8.271161533457416e-15,0.053301625,0.115868542
rand_spd,1024,933,0.2534902466770329,0.2534902466770246,8.326672684688674e-15,0.051333375,0.109193209
rand_spd,1024,934,0.2537913386244012,0.25379133862439285,8.326672684688674e-15,0.050709333,0.109154042
rand_spd,1024,935,0.25359794462122737,0.25359794462121904,8.326672684688674e-15,0.052496917,0.109483459
rand_spd,1024,936,0.2536884354191573,0.25368843541914904,8.271161533457416e-15,0.05015375,0.110357916
rand_spd,1024,937,0.2535792432362712,0.25357924323626285,8.326672684688674e-15,0.051834875,0.10974775
rand_spd,1024,938,0.2535765648547233,0.2535765648547151,8.215650382226158e-15,0.049564208,0.109170208
rand_spd,1024,939,0.2537125340397239,0.25371253403971555,8.326672684688674e-15,0.051318834,0.109142125
rand_spd,1024,940,0.253747711763798,0.2537477117637897,8.326672684688674e-15,0.055491625,0.109583625
rand_spd,1024,941,0.25365147200050026,0.25365147200049193,8.326672684688674e-15,0.053629583,0.109768125
rand_spd,1024,942,0.2535670266952977,0.2535670266952894,8.271161533457416e-15,0.050129917,0.112801875
rand_spd,1024,943,0.2536463500266402,0.2536463500266319,8.326672684688674e-15,0.050337625,0.110041084
rand_spd,1024,944,0.25360761478989097,0.2536076147898827,8.271161533457416e-15,0.0581695,0.109432125
rand_spd,1024,945,0.25363129899940456,0.25363129899939624,8.326672684688674e-15,0.050831917,0.108589792
rand_spd,1024,946,0.2537942988807201,0.2537942988807118,8.271161533457416e-15,0.050131792,0.113712875
rand_spd,1024,947,0.25351279400384535,0.25351279400383714,8.215650382226158e-15,0.0509295,0.1085195
rand_spd,1024,948,0.2536831943388367,0.2536831943388284,8.271161533457416e-15,0.058531792,0.109404583
rand_spd,1024,949,0.25363125896062283,0.2536312589606145,8.326672684688674e-15,0.048194958,0.109537542
rand_spd,1024,950,0.25373990199665125,0.2537399019966429,8.326672684688674e-15,0.050961458,0.109775667
rand_spd,1024,951,0.2535211635037202,0.253521163503712,8.215650382226158e-15,0.050742792,0.109898208
rand_spd,1024,952,0.2539564246543514,0.25395642465434315,8.271161533457416e-15,0.051374958,0.11008975
rand_spd,1024,953,0.2534635972290395,0.2534635972290312,8.271161533457416e-15,0.051330459,0.108826916
rand_spd,1024,954,0.25359860096631587,0.2535986009663076,8.271161533457416e-15,0.052043959,0.109530125
rand_spd,1024,955,0.2535426445909845,0.2535426445909762,8.326672684688674e-15,0.050613375,0.109337333
rand_spd,1024,956,0.2535849965477744,0.25358499654776606,8.326672684688674e-15,0.050376791,0.111543084
rand_spd,1024,957,0.25361603279539907,0.25361603279539086,8.215650382226158e-15,0.049974875,0.110204667
rand_spd,1024,958,0.25362317667479783,0.25362317667478956,8.271161533457416e-15,0.051187333,0.108795125
rand_spd,1024,959,0.253552148610909,0.25355214861090075,8.271161533457416e-15,0.050894375,0.109825625
rand_spd,1024,960,0.2535446144870315,0.2535446144870233,8.215650382226158e-15,0.051730625,0.111760042
rand_spd,1024,961,0.25379774027878493,0.25379774027877666,8.271161533457416e-15,0.050829625,0.109379708
rand_spd,1024,962,0.2537983406234091,0.2537983406234008,8.326672684688674e-15,0.051000375,0.112255709
rand_spd,1024,963,0.2535852632468383,0.25358526324683006,8.215650382226158e-15,0.051022709,0.112197541
rand_spd,1024,964,0.25356100639726054,0.25356100639725226,8.271161533457416e-15,0.049897834,0.110276208
rand_spd,1024,965,0.2536027433698947,0.25360274336988653,8.1601392309949e-15,0.051727333,0.109800167
rand_spd,1024,966,0.2536052266391817,0.25360522663917345,8.271161533457416e-15,0.049928625,0.110687417
rand_spd,1024,967,0.25361436197697923,0.2536143619769709,8.326672684688674e-15,0.050778666,0.11217475
rand_spd,1024,968,0.2535311051710796,0.25353110517107136,8.215650382226158e-15,0.051283625,0.110527166
rand_spd,1024,969,0.25370123692830615,0.2537012369282979,8.271161533457416e-15,0.049046708,0.109562625
rand_spd,1024,970,0.2536598982030223,0.253659898203014,8.326672684688674e-15,0.050502084,0.109463
rand_spd,1024,971,0.2538036307922173,0.2538036307922091,8.215650382226158e-15,0.054328667,0.109894625
rand_spd,1024,972,0.25365219847346915,0.25365219847346093,8.215650382226158e-15,0.050267208,0.109913125
rand_spd,1024,973,0.25342393431836746,0.2534239343183592,8.271161533457416e-15,0.051344416,0.110720875
rand_spd,1024,974,0.2535467801646954,0.25354678016468707,8.326672684688674e-15,0.051066875,0.108475667
rand_spd,1024,975,0.2535935220403265,0.2535935220403182,8.271161533457416e-15,0.050438542,0.13838325
rand_spd,1024,976,0.2535173400109441,0.25351734001093584,8.271161533457416e-15,0.05074975,0.110061625
rand_spd,1024,977,0.2535778045538776,0.2535778045538693,8.271161533457416e-15,0.051092542,0.111755166
rand_spd,1024,978,0.2535605800500595,0.2535605800500512,8.271161533457416e-15,0.050075333,0.113274667
rand_spd,1024,979,0.25358888322764117,0.2535888832276329,8.271161533457416e-15,0.050401833,0.111111417
rand_spd,1024,980,0.2534272778133635,0.2534272778133551,8.382183835919932e-15,0.050155541,0.109250792
rand_spd,1024,981,0.2536133299969152,0.2536133299969069,8.326672684688674e-15,0.051256625,0.11002675
rand_spd,1024,982,0.25368357839302486,0.25368357839301653,8.326672684688674e-15,0.049765625,0.114830875
rand_spd,1024,983,0.2536068758774484,0.2536068758774402,8.215650382226158e-15,0.051575625,0.110879333
rand_spd,1024,984,0.25342652464619303,0.25342652464618476,8.271161533457416e-15,0.052155,0.112112917
rand_spd,1024,985,0.25356437969423623,0.253564379694228,8.215650382226158e-15,0.050358583,0.111402542
rand_spd,1024,986,0.25376250086651336,0.25376250086650504,8.326672684688674e-15,0.05084175,0.111227875
rand_spd,1024,987,0.253627959037858,0.2536279590378498,8.215650382226158e-15,0.050389375,0.1079375
rand_spd,1024,988,0.25375745145412426,0.25375745145411605,8.215650382226158e-15,0.051446125,0.10989025
rand_spd,1024,989,0.2537221254528488,0.2537221254528406,8.1601392309949e-15,0.050846917,0.112513625
rand_spd,1024,990,0.25354277165588973,0.2535427716558814,8.326672684688674e-15,0.051391959,0.108746625
rand_spd,1024,991,0.25366464619887513,0.2536646461988669,8.215650382226158e-15,0.050154208,0.109294541
rand_spd,1024,992,0.25352548509152745,0.25352548509151923,8.215650382226158e-15,0.051178875,0.10971375
rand_spd,1024,993,0.253687818046023,0.25368781804601476,8.215650382226158e-15,0.053008459,0.10971075
rand_spd,1024,994,0.2536661576623294,0.2536661576623212,8.215650382226158e-15,0.050487708,0.110641417
rand_spd,1024,995,0.2538421518057952,0.253842151805787,8.215650382226158e-15,0.053922833,0.109657833
rand_spd,1024,996,0.2535823890184958,0.25358238901848745,8.326672684688674e-15,0.050499,0.113565167
rand_spd,1024,997,0.2534566300398184,0.25345663003981017,8.215650382226158e-15,0.050059625,0.109305458
rand_spd,1024,998,0.25381886631046807,0.25381886631045975,8.326672684688674e-15,0.051781792,0.113003
rand_spd,1024,999,0.2536158044087166,0.2536158044087084,8.215650382226158e-15,0.0534525,0.109467041
rand_spd,1024,1000,0.2536978305162802,0.253697830516272,8.215650382226158e-15,0.050249,0.109675333
rand_spd,4096,1,0.25145652162450566,0.2514565216244687,3.697042672001771e-14,0.353256875,0.582595167
rand_spd,4096,2,0.2514542136619767,0.2514542136619397,3.697042672001771e-14,0.343967042,0.580814833
rand_spd,4096,3,0.2514433422643265,0.2514433422642896,3.6914915568786455e-14,0.34570775,0.576969458
rand_spd,4096,4,0.2514415708034317,0.25144157080339485,3.68594044175552e-14,0.343287125,0.57798025
rand_spd,4096,5,0.2513295474312755,0.25132954743123864,3.68594044175552e-14,0.363690667,0.575378375
rand_spd,4096,6,0.2513050140279593,0.25130501402792244,3.68594044175552e-14,0.342989792,0.575399
rand_spd,4096,7,0.25136974714080507,0.25136974714076815,3.6914915568786455e-14,0.345299667,0.576056666
rand_spd,4096,8,0.25133771107294917,0.2513377110729123,3.68594044175552e-14,0.348966041,0.579379375
rand_spd,4096,9,0.25149792736719373,0.25149792736715676,3.697042672001771e-14,0.350507208,0.582351041
rand_spd,4096,10,0.25126943902537685,0.25126943902534005,3.680389326632394e-14,0.348874083,0.569614958
rand_spd,4096,11,0.2513875159495369,0.2513875159494999,3.702593787124897e-14,0.353231083,0.579285459
rand_spd,4096,12,0.25142185860422944,0.2514218586041926,3.68594044175552e-14,0.351685959,0.584584875
rand_spd,4096,13,0.2512635639589327,0.2512635639588958,3.68594044175552e-14,0.343820625,0.575293792
rand_spd,4096,14,0.251314823351284,0.2513148233512471,3.6914915568786455e-14,0.355082792,0.573476583
rand_spd,4096,15,0.25153000500689465,0.25153000500685774,3.6914915568786455e-14,0.347890791,0.575617042
rand_spd,4096,16,0.2513133472607672,0.2513133472607303,3.6914915568786455e-14,0.356495917,0.566897167
rand_spd,4096,17,0.25134812053944317,0.2513481205394063,3.68594044175552e-14,0.340874334,0.576957916
rand_spd,4096,18,0.25138147304119185,0.25138147304115493,3.6914915568786455e-14,0.345536167,0.587259333
rand_spd,4096,19,0.2513190951553898,0.25131909515535295,3.68594044175552e-14,0.341561542,0.576699333
rand_spd,4096,20,0.2513313375198976,0.25133133751986064,3.697042672001771e-14,0.355449208,0.579122666
rand_spd,4096,21,0.25133117470062233,0.2513311747005855,3.680389326632394e-14,0.354080833,0.576921625
rand_spd,4096,22,0.2513926987675669,0.25139269876753007,3.68594044175552e-14,0.351927667,0.573107708
rand_spd,4096,23,0.25142259528697086,0.2514225952869339,3.697042672001771e-14,0.346134334,0.575523667
rand_spd,4096,24,0.2513071357194406,0.2513071357194037,3.68594044175552e-14,0.345001167,0.586726083
rand_spd,4096,25,0.25142328024756155,0.25142328024752464,3.6914915568786455e-14,0.350373666,0.576092708
rand_spd,4096,26,0.2512425929401683,0.25124259294013146,3.68594044175552e-14,0.350932833,0.585139667
rand_spd,4096,27,0.2514205755571009,0.251420575557064,3.6914915568786455e-14,0.344044584,0.570308917
rand_spd,4096,28,0.251368660792894,0.251368660792857,3.697042672001771e-14,0.345422375,0.568574541
rand_spd,4096,29,0.25124307621741826,0.25124307621738134,3.6914915568786455e-14,0.345750042,0.570120125
rand_spd,4096,30,0.2514911231210601,0.2514911231210231,3.697042672001771e-14,0.346069333,0.585794542
rand_spd,4096,31,0.2514947806571102,0.25149478065707315,3.702593787124897e-14,0.346058584,0.575000542
rand_spd,4096,32,0.2513673378977354,0.25136733789769844,3.697042672001771e-14,0.343163208,0.578289917
rand_spd,4096,33,0.2512875618552733,0.2512875618552363,3.697042672001771e-14,0.346675416,0.571871708
rand_spd,4096,34,0.2513943010915251,0.2513943010914883,3.680389326632394e-14,0.34585625,0.576988875
rand_spd,4096,35,0.25142949237462003,0.2514294923745831,3.6914915568786455e-14,0.341216208,0.565639791
rand_spd,4096,36,0.2513165027058398,0.251316502705803,3.674838211509268e-14,0.34490425,0.579078167
rand_spd,4096,37,0.25142861327359195,0.25142861327355503,3.6914915568786455e-14,0.347329667,0.573967833
rand_spd,4096,38,0.25137824899898736,0.2513782489989504,3.697042672001771e-14,0.346853083,0.578974167
rand_spd,4096,39,0.25138455985240604,0.2513845598523692,3.68594044175552e-14,0.348635667,0.572462167
rand_spd,4096,40,0.251378135364118,0.2513781353640811,3.6914915568786455e-14,0.345571167,0.588933792
rand_spd,4096,41,0.251429607383886,0.25142960738384906,3.6914915568786455e-14,0.3448965,0.571461625
rand_spd,4096,42,0.2514503888679356,0.2514503888678987,3.68594044175552e-14,0.343217625,0.566428625
rand_spd,4096,43,0.2513323465565132,0.25133234655647635,3.68594044175552e-14,0.344550334,0.570654958
rand_spd,4096,44,0.25132409823329577,0.25132409823325885,3.6914915568786455e-14,0.343523917,0.569374583
rand_spd,4096,45,0.25136977908620395,0.25136977908616703,3.6914915568786455e-14,0.346025958,0.584349042
rand_spd,4096,46,0.25141691904290003,0.25141691904286306,3.697042672001771e-14,0.349301292,0.567824666
rand_spd,4096,47,0.25142305510249835,0.25142305510246143,3.6914915568786455e-14,0.347972542,0.574931209
rand_spd,4096,48,0.2512589815661458,0.2512589815661089,3.6914915568786455e-14,0.342557792,0.573533792
rand_spd,4096,49,0.2513703868404101,0.2513703868403732,3.68594044175552e-14,0.34944575,0.600797208
rand_spd,4096,50,0.2514279380459932,0.25142793804595626,3.697042672001771e-14,0.343053542,0.570532583
rand_spd,4096,51,0.25130770206755226,0.25130770206751535,3.6914915568786455e-14,0.339924959,0.578222333
rand_spd,4096,52,0.2513652031384263,0.25136520313838934,3.697042672001771e-14,0.348113916,0.581916792
rand_spd,4096,53,0.25145402195134453,0.25145402195130756,3.697042672001771e-14,0.343318625,0.573693958
rand_spd,4096,54,0.2513841170865893,0.25138411708655245,3.68594044175552e-14,0.346870708,0.580955667
rand_spd,4096,55,0.25145265616284224,0.2514526561628053,3.6914915568786455e-14,0.345223875,0.59831275
rand_spd,4096,56,0.2514126820807103,0.2514126820806735,3.680389326632394e-14,0.355849292,0.578509166
rand_spd,4096,57,0.25139846298736035,0.25139846298732343,3.6914915568786455e-14,0.362113625,0.577753333
rand_spd,4096,58,0.2513680688090647,0.2513680688090279,3.680389326632394e-14,0.34535125,0.573838792
rand_spd,4096,59,0.2515887882766486,0.2515887882766117,3.6914915568786455e-14,0.351626959,0.574382459
rand_spd,4096,60,0.25137672582732834,0.2513767258272914,3.6914915568786455e-14,0.354572083,0.578784542
rand_spd,4096,61,0.25130710517932914,0.2513071051792923,3.68594044175552e-14,0.34370025,0.5677475
rand_spd,4096,62,0.25146445835214576,0.2514644583521088,3.697042672001771e-14,0.349533958,0.581474083
rand_spd,4096,63,0.25126351334264263,0.2512635133426057,3.6914915568786455e-14,0.345533041,0.574621584
rand_spd,4096,64,0.2514456170243697,0.2514456170243328,3.68594044175552e-14,0.344919459,0.568330791
rand_spd,4096,65,0.2513292851465803,0.2513292851465435,3.680389326632394e-14,0.345054583,0.5769985
rand_spd,4096,66,0.25136667632098586,0.2513666763209489,3.697042672001771e-14,0.3464435,0.575607667
rand_spd,4096,67,0.25140037653072483,0.25140037653068786,3.697042672001771e-14,0.34558225,0.578098792
rand_spd,4096,68,0.2514705209817765,0.25147052098173944,3.708144902248023e-14,0.342767,0.574924208
rand_spd,4096,69,0.2513206256847546,0.25132062568471775,3.68594044175552e-14,0.3501625,0.572477625
rand_spd,4096,70,0.25134085865878575,0.25134085865874883,3.6914915568786455e-14,0.345510667,0.577843042
rand_spd,4096,71,0.2513305863207341,0.25133058632069716,3.6914915568786455e-14,0.343755334,0.569522417
rand_spd,4096,72,0.25144759959578905,0.25144759959575214,3.6914915568786455e-14,0.345392917,0.583152375
rand_spd,4096,73,0.25126368889558026,0.25126368889554335,3.6914915568786455e-14,0.350057708,0.569892875
rand_spd,4096,74,0.25143218787817223,0.25143218787813537,3.68594044175552e-14,0.3443905,0.57001975
rand_spd,4096,75,0.2514098831741052,0.2514098831740683,3.68594044175552e-14,0.338072875,0.564807583
rand_spd,4096,76,0.25130680477273337,0.25130680477269646,3.6914915568786455e-14,0.342376833,0.57492075
rand_spd,4096,77,0.2513166744568704,0.2513166744568335,3.6914915568786455e-14,0.351465833,0.573372291
rand_spd,4096,78,0.2514837374037307,0.25148373740369373,3.697042672001771e-14,0.344152292,0.580306875
rand_spd,4096,79,0.25141841783192315,0.2514184178318863,3.68594044175552e-14,0.349619125,0.570956625
rand_spd,4096,80,0.2514054943910046,0.25140549439096777,3.68594044175552e-14,0.3446395,0.5838005
rand_spd,4096,81,0.25145863957828724,0.2514586395782504,3.68594044175552e-14,0.346102166,0.57377975
rand_spd,4096,82,0.2513097704203728,0.2513097704203358,3.697042672001771e-14,0.345500917,0.571482
rand_spd,4096,83,0.25145497605891726,0.25145497605888034,3.6914915568786455e-14,0.340786708,0.568591833
rand_spd,4096,84,0.2514954582689272,0.2514954582688902,3.702593787124897e-14,0.347492542,0.574198
rand_spd,4096,85,0.25134522726595604,0.25134522726591907,3.697042672001771e-14,0.343543125,0.575626125
rand_spd,4096,86,0.25150066197961585,0.25150066197957893,3.6914915568786455e-14,0.344627083,0.573170167
rand_spd,4096,87,0.25135360625070996,0.2513536062506731,3.68594044175552e-14,0.34950925,0.574084709
rand_spd,4096,88,0.251341854751664,0.25134185475162707,3.6914915568786455e-14,0.349826417,0.572047458
rand_spd,4096,89,0.25127331208438036,0.2512733120843435,3.68594044175552e-14,0.346547541,0.567960458
rand_spd,4096,90,0.2515086783674487,0.2515086783674118,3.6914915568786455e-14,0.349274542,0.573927083
rand_spd,4096,91,0.2512795498394034,0.2512795498393666,3.680389326632394e-14,0.35453325,0.576066875
rand_spd,4096,92,0.25135549579199645,0.2513554957919596,3.68594044175552e-14,0.342646542,0.570471958
rand_spd,4096,93,0.25146901432071583,0.25146901432067886,3.697042672001771e-14,0.343745459,0.577668541
rand_spd,4096,94,0.2514731289879672,0.2514731289879303,3.6914915568786455e-14,0.345989417,0.577929333
rand_spd,4096,95,0.2514009909402212,0.2514009909401843,3.6914915568786455e-14,0.352337292,0.576334458
rand_spd,4096,96,0.25136172495591813,0.2513617249558812,3.6914915568786455e-14,0.347343958,0.570214791
rand_spd,4096,97,0.2512553086993836,0.2512553086993468,3.680389326632394e-14,0.343398875,0.577625417
rand_spd,4096,98,0.2513006779510257,0.2513006779509888,3.68594044175552e-14,0.344374416,0.57023025
rand_spd,4096,99,0.25135331643988484,0.25135331643984793,3.6914915568786455e-14,0.351617667,0.5718245
rand_spd,4096,100,0.25133976384639417,0.25133976384635726,3.6914915568786455e-14,0.353032666,0.578210375
rand_spd,4096,101,0.25142051777997737,0.25142051777994046,3.6914915568786455e-14,0.350585917,0.56601775
rand_spd,4096,102,0.25135296387861145,0.2513529638785745,3.697042672001771e-14,0.35568125,0.583560125
rand_spd,4096,103,0.25148038324987493,0.251480383249838,3.6914915568786455e-14,0.3480065,0.569541917
rand_spd,4096,104,0.25130404203903745,0.25130404203900053,3.6914915568786455e-14,0.346348417,0.571247583
rand_spd,4096,105,0.2512916534915344,0.2512916534914975,3.68594044175552e-14,0.348359208,0.563901375
rand_spd,4096,106,0.2513537071328343,0.2513537071327974,3.68594044175552e-14,0.34396925,0.570100208
rand_spd,4096,107,0.25143185654025185,0.2514318565402148,3.702593787124897e-14,0.344926333,0.568653834
rand_spd,4096,108,0.2513011190328174,0.2513011190327805,3.68594044175552e-14,0.344915292,0.574913333
rand_spd,4096,109,0.2513200103386837,0.25132001033864676,3.6914915568786455e-14,0.344979417,0.574827709
rand_spd,4096,110,0.2514121624936024,0.2514121624935655,3.68594044175552e-14,0.345754042,0.576077375
rand_spd,4096,111,0.2513591076042861,0.2513591076042492,3.6914915568786455e-14,0.349180834,0.57154675
rand_spd,4096,112,0.2513575621824703,0.25135756218243327,3.702593787124897e-14,0.341478833,0.559046334
rand_spd,4096,113,0.25143451791120214,0.25143451791116517,3.697042672001771e-14,0.345324792,0.566544875
rand_spd,4096,114,0.2512780951803491,0.2512780951803122,3.6914915568786455e-14,0.344528417,0.576959875
rand_spd,4096,115,0.2514859249657981,0.2514859249657611,3.697042672001771e-14,0.344270167,0.574831833
rand_spd,4096,116,0.2513460046689158,0.25134600466887885,3.697042672001771e-14,0.34783275,0.587436083
rand_spd,4096,117,0.2513967724124721,0.2513967724124352,3.6914915568786455e-14,0.342260917,0.568243666
rand_spd,4096,118,0.25132207626515546,0.2513220762651185,3.697042672001771e-14,0.345108458,0.571869875
rand_spd,4096,119,0.25145360812343664,0.25145360812339973,3.6914915568786455e-14,0.345998875,0.583066209
rand_spd,4096,120,0.25139191912221287,0.25139191912217596,3.6914915568786455e-14,0.344559792,0.571551416
rand_spd,4096,121,0.25138371891897177,0.25138371891893496,3.680389326632394e-14,0.342715375,0.577317083
rand_spd,4096,122,0.25135184295057145,0.25135184295053453,3.6914915568786455e-14,0.343594917,0.575654333
rand_spd,4096,123,0.2513852363951266,0.2513852363950897,3.6914915568786455e-14,0.340625209,0.576986541
rand_spd,4096,124,0.2514716119912983,0.25147161199126133,3.697042672001771e-14,0.3484205,0.571487083
rand_spd,4096,125,0.25140379039683475,0.2514037903967979,3.68594044175552e-14,0.344586583,0.577572125
rand_spd,4096,126,0.25145928842271537,0.2514592884226785,3.68594044175552e-14,0.351381208,0.577409833
rand_spd,4096,127,0.25139909031356417,0.25139909031352725,3.6914915568786455e-14,0.345343834,0.582060209
rand_spd,4096,128,0.2513753949844379,0.2513753949844011,3.680389326632394e-14,0.346671209,0.571609541
rand_spd,4096,129,0.2514871727845293,0.2514871727844924,3.6914915568786455e-14,0.345631375,0.572582708
rand_spd,4096,130,0.2513969408251426,0.25139694082510555,3.702593787124897e-14,0.347430667,0.563461
rand_spd,4096,131,0.2513649872213856,0.2513649872213487,3.6914915568786455e-14,0.345356125,0.572342667
rand_spd,4096,132,0.2513669121308375,0.2513669121308006,3.6914915568786455e-14,0.341621042,0.574719291
rand_spd,4096,133,0.25139873096898363,0.2513987309689468,3.680389326632394e-14,0.346895084,0.579088208
rand_spd,4096,134,0.25127276953233174,0.2512727695322948,3.6914915568786455e-14,0.349566084,0.564496791
rand_spd,4096,135,0.25126317420342525,0.2512631742033884,3.68594044175552e-14,0.346923,0.571993917
rand_spd,4096,136,0.25139335108596594,0.25139335108592903,3.6914915568786455e-14,0.349149375,0.567832125
rand_spd,4096,137,0.2514939299684689,0.25149392996843195,3.697042672001771e-14,0.343924041,0.57746675
rand_spd,4096,138,0.2512951102381327,0.251295110238096,3.674838211509268e-14,0.35103475,0.574694709
rand_spd,4096,139,0.2513847211479985,0.25138472114796157,3.6914915568786455e-14,0.342355917,0.5677295
rand_spd,4096,140,0.25145406492674405,0.25145406492670713,3.6914915568786455e-14,0.345664042,0.583343958
rand_spd,4096,141,0.2513943290794583,0.2513943290794214,3.6914915568786455e-14,0.352822375,0.568503041
rand_spd,4096,142,0.25137513124038174,0.2513751312403448,3.697042672001771e-14,0.349019583,0.561771958
rand_spd,4096,143,0.2513468246602301,0.25134682466019315,3.697042672001771e-14,0.349342834,0.568566125
rand_spd,4096,144,0.2514963503729268,0.2514963503728897,3.708144902248023e-14,0.351088458,0.572885958
rand_spd,4096,145,0.2513280402455109,0.25132804024547395,3.697042672001771e-14,0.350550292,0.578269375
rand_spd,4096,146,0.2512320619597455,0.2512320619597087,3.680389326632394e-14,0.350553,0.568604916
rand_spd,4096,147,0.25145728329225786,0.251457283292221,3.68594044175552e-14,0.353706208,0.571698917
rand_spd,4096,148,0.2513708824280833,0.25137088242804645,3.68594044175552e-14,0.348845375,0.571252667
rand_spd,4096,149,0.2514439140968438,0.25144391409680694,3.68594044175552e-14,0.354137917,0.586965375
rand_spd,4096,150,0.25151611237525245,0.25151611237521543,3.702593787124897e-14,0.343007541,0.569611208
rand_spd,4096,151,0.2513465864614602,0.2513465864614233,3.68594044175552e-14,0.349912041,0.57714675
rand_spd,4096,152,0.2513809688282856,0.2513809688282487,3.6914915568786455e-14,0.345061084,0.582765458
rand_spd,4096,153,0.25141741151646824,0.25141741151643127,3.697042672001771e-14,0.346092792,0.576142291
rand_spd,4096,154,0.2514678425068892,0.25146784250685233,3.68594044175552e-14,0.348148,0.57298
rand_spd,4096,155,0.2514352829364644,0.25143528293642753,3.68594044175552e-14,0.351587292,0.578024541
rand_spd,4096,156,0.25134997672408455,0.25134997672404763,3.6914915568786455e-14,0.34909975,0.573655
rand_spd,4096,157,0.25139984269726434,0.2513998426972275,3.68594044175552e-14,0.354194208,0.574280042
rand_spd,4096,158,0.25130994151109237,0.25130994151105557,3.680389326632394e-14,0.349582167,0.567745458
rand_spd,4096,159,0.25128898972122904,0.25128898972119207,3.697042672001771e-14,0.348466792,0.575029833
rand_spd,4096,160,0.2513027820076546,0.25130278200761774,3.68594044175552e-14,0.344090917,0.574122833
rand_spd,4096,161,0.251338537712607,0.25133853771257014,3.68594044175552e-14,0.34412425,0.573700375
rand_spd,4096,162,0.2513629495932072,0.2513629495931703,3.6914915568786455e-14,0.349270667,0.579252333
rand_spd,4096,163,0.25129813694739817,0.25129813694736125,3.6914915568786455e-14,0.351064791,0.575768875
rand_spd,4096,164,0.25127993509867974,0.25127993509864294,3.680389326632394e-14,0.341649792,0.5832545
rand_spd,4096,165,0.25140469437119645,0.25140469437115953,3.6914915568786455e-14,0.344147916,0.574769625
rand_spd,4096,166,0.2513428339134463,0.25134283391340945,3.68594044175552e-14,0.352126125,0.576997125
rand_spd,4096,167,0.25132385224464737,0.25132385224461057,3.680389326632394e-14,0.346290917,0.580051125
rand_spd,4096,168,0.25141800312173357,0.25141800312169665,3.6914915568786455e-14,0.354303375,0.595458667
rand_spd,4096,169,0.2513976948807434,0.25139769488070646,3.697042672001771e-14,0.350727791,0.577495667
rand_spd,4096,170,0.25142465058132535,0.25142465058128843,3.6914915568786455e-14,0.339845917,0.569841041
rand_spd,4096,171,0.2512725864618148,0.25127258646177797,3.680389326632394e-14,0.346163334,0.572678709
rand_spd,4096,172,0.25124598419811367,0.2512459841980768,3.68594044175552e-14,0.347162042,0.571949667
rand_spd,4096,173,0.25142474007755694,0.2514247400775201,3.68594044175552e-14,0.360960833,0.5898785
rand_spd,4096,174,0.2513141825113105,0.2513141825112736,3.6914915568786455e-14,0.345442084,0.578666167
rand_spd,4096,175,0.25132083789535764,0.2513208378953206,3.702593787124897e-14,0.425383333,0.609615209
rand_spd,4096,176,0.2512416902052046,0.2512416902051677,3.6914915568786455e-14,0.352013333,0.589215375
rand_spd,4096,177,0.2514066834322059,0.25140668343216904,3.68594044175552e-14,0.357012667,0.576058792
rand_spd,4096,178,0.25125933319941457,0.2512593331993777,3.68594044175552e-14,0.355126709,0.579648875
rand_spd,4096,179,0.2512532279511454,0.25125322795110855,3.68594044175552e-14,0.35475775,0.584314042
rand_spd,4096,180,0.2515560500250993,0.25155605002506237,3.6914915568786455e-14,0.353779042,0.588994833
rand_spd,4096,181,0.2514585204110099,0.25145852041097294,3.697042672001771e-14,0.347956583,0.579742416
rand_spd,4096,182,0.2514074299317839,0.251407429931747,3.6914915568786455e-14,0.351578958,0.585979375
rand_spd,4096,183,0.25140494342628705,0.25140494342625014,3.6914915568786455e-14,0.349033917,0.587025708
rand_spd,4096,184,0.25134674334403473,0.2513467433439978,3.6914915568786455e-14,0.351517042,0.580610583
rand_spd,4096,185,0.2513349095684492,0.25133490956841237,3.68594044175552e-14,0.353347458,0.579759792
rand_spd,4096,186,0.2514004562608922,0.25140045626085533,3.68594044175552e-14,0.352593667,0.579301458
rand_spd,4096,187,0.2513911399423014,0.2513911399422644,3.697042672001771e-14,0.3545045,0.578719333
rand_spd,4096,188,0.2514520375019657,0.25145203750192885,3.68594044175552e-14,0.352741875,0.573777417
rand_spd,4096,189,0.25144584077821874,0.2514458407781819,3.68594044175552e-14,0.34718,0.57549475
rand_spd,4096,190,0.2514767444941197,0.2514767444940828,3.6914915568786455e-14,0.346329125,0.57960675
rand_spd,4096,191,0.25121384691297866,0.25121384691294174,3.6914915568786455e-14,0.349946167,0.583421083
rand_spd,4096,192,0.25153832536247783,0.2515383253624409,3.6914915568786455e-14,0.350074209,0.58403525
rand_spd,4096,193,0.25149637543030307,0.2514963754302661,3.697042672001771e-14,0.350674042,0.584639166
rand_spd,4096,194,0.25140491316887964,0.2514049131688427,3.6914915568786455e-14,0.349236458,0.576518708
rand_spd,4096,195,0.25131530144410913,0.25131530144407227,3.68594044175552e-14,0.355937292,0.582704166
rand_spd,4096,196,0.2513317652238651,0.2513317652238282,3.68594044175552e-14,0.352462041,0.577145125
rand_spd,4096,197,0.25127354377465977,0.25127354377462285,3.6914915568786455e-14,0.355117958,0.584747667
rand_spd,4096,198,0.25138832239187686,0.25138832239184,3.68594044175552e-14,0.350569583,0.580758625
rand_spd,4096,199,0.25140178547238784,0.25140178547235087,3.697042672001771e-14,0.350247042,0.575520917
rand_spd,4096,200,0.2514076203182967,0.2514076203182598,3.6914915568786455e-14,0.351886834,0.585723166
rand_spd,4096,201,0.25146981706693095,0.2514698170668939,3.702593787124897e-14,0.354305875,0.581424041
rand_spd,4096,202,0.25135854384200995,0.251358543841973,3.697042672001771e-14,0.349941625,0.582345667
rand_spd,4096,203,0.2513830248967004,0.25138302489666353,3.68594044175552e-14,0.354413375,0.583423583
rand_spd,4096,204,0.251255009474282,0.2512550094742451,3.68594044175552e-14,0.352848458,0.580785459
rand_spd,4096,205,0.2513546941427816,0.25135469414274475,3.68594044175552e-14,0.356148167,0.579745208
rand_spd,4096,206,0.25139370809541944,0.25139370809538253,3.6914915568786455e-14,0.347205542,0.585256458
rand_spd,4096,207,0.2513041997447375,0.2513041997447007,3.680389326632394e-14,0.353866792,0.578429208
rand_spd,4096,208,0.25143256517841733,0.25143256517838036,3.697042672001771e-14,0.351965708,0.573897708
rand_spd,4096,209,0.2514725229151714,0.2514725229151345,3.6914915568786455e-14,0.349268333,0.586039125
rand_spd,4096,210,0.25146772968918324,0.2514677296891464,3.68594044175552e-14,0.353634333,0.578603375
rand_spd,4096,211,0.2514115937906811,0.2514115937906441,3.702593787124897e-14,0.349818,0.58233
rand_spd,4096,212,0.2514556552024538,0.2514556552024168,3.697042672001771e-14,0.36104875,0.581690834
rand_spd,4096,213,0.25129372017179413,0.25129372017175716,3.697042672001771e-14,0.354161208,0.5841705
rand_spd,4096,214,0.25126645222819094,0.25126645222815414,3.680389326632394e-14,0.351633542,0.582336
rand_spd,4096,215,0.2512762845400922,0.2512762845400553,3.6914915568786455e-14,0.355335375,0.580370417
rand_spd,4096,216,0.2514232710895337,0.25142327108949675,3.697042672001771e-14,0.352661,0.579005167
rand_spd,4096,217,0.25150122612588005,0.2515012261258431,3.697042672001771e-14,0.354021833,0.57312225
rand_spd,4096,218,0.25132841105933096,0.2513284110592941,3.68594044175552e-14,0.348885041,0.575628375
rand_spd,4096,219,0.25145864024358106,0.2514586402435442,3.68594044175552e-14,0.352435667,0.579201125
rand_spd,4096,220,0.2514038242303872,0.25140382423035035,3.68594044175552e-14,0.3579265,0.587261834
rand_spd,4096,221,0.2514656515996693,0.25146565159963236,3.697042672001771e-14,0.357591708,0.584429042
rand_spd,4096,222,0.2512545109028288,0.2512545109027919,3.6914915568786455e-14,0.375099708,0.590303792
rand_spd,4096,223,0.2514011201432173,0.25140112014318045,3.68594044175552e-14,0.349161125,0.58115125
rand_spd,4096,224,0.25147692528103344,0.2514769252809966,3.68594044175552e-14,0.352011584,0.58232075
rand_spd,4096,225,0.25140270405461035,0.25140270405457343,3.6914915568786455e-14,0.351964459,0.579732
rand_spd,4096,226,0.25142764765675796,0.25142764765672104,3.6914915568786455e-14,0.355436042,0.59159725
rand_spd,4096,227,0.25148245578092604,0.25148245578088907,3.697042672001771e-14,0.3585455,0.584014166
rand_spd,4096,228,0.25130617856419074,0.2513061785641539,3.68594044175552e-14,0.352688708,0.580431416
rand_spd,4096,229,0.2513085649453292,0.25130856494529225,3.697042672001771e-14,0.349809084,0.576965666
rand_spd,4096,230,0.251369091018335,0.251369091018298,3.697042672001771e-14,0.351398292,0.580814833
rand_spd,4096,231,0.2513966991287326,0.25139669912869567,3.6914915568786455e-14,0.349499875,0.584189
rand_spd,4096,232,0.2513733620560868,0.2513733620560498,3.697042672001771e-14,0.351519125,0.5859385
rand_spd,4096,233,0.25133857724495406,0.25133857724491715,3.6914915568786455e-14,0.356457667,0.587665041
rand_spd,4096,234,0.25147497585515294,0.25147497585511597,3.697042672001771e-14,0.344952833,0.586344542
rand_spd,4096,235,0.25136419024888573,0.2513641902488489,3.68594044175552e-14,0.352263291,0.580931834
rand_spd,4096,236,0.2512453200861758,0.25124532008613887,3.6914915568786455e-14,0.353233458,0.580856125
rand_spd,4096,237,0.25140002666486627,0.2514000266648294,3.68594044175552e-14,0.354551292,0.582314292
rand_spd,4096,238,0.2513170949520162,0.25131709495197935,3.68594044175552e-14,0.3522915,0.586154
rand_spd,4096,239,0.2513628504639155,0.2513628504638785,3.697042672001771e-14,0.358800417,0.586066625
rand_spd,4096,240,0.25137770780324403,0.2513777078032071,3.6914915568786455e-14,0.356396208,0.57260125
rand_spd,4096,241,0.2513728138706055,0.2513728138705686,3.6914915568786455e-14,0.3862585,0.592662666
rand_spd,4096,242,0.2513986753677076,0.25139867536767074,3.68594044175552e-14,0.361332166,0.584547
rand_spd,4096,243,0.25138566250389677,0.2513856625038599,3.68594044175552e-14,0.358373,0.600898
rand_spd,4096,244,0.25119837163069664,0.2511983716306597,3.6914915568786455e-14,0.35053825,0.584403708
rand_spd,4096,245,0.25132263573529806,0.2513226357352611,3.697042672001771e-14,0.348540292,0.586338958
rand_spd,4096,246,0.2512919627772035,0.2512919627771666,3.6914915568786455e-14,0.360714958,0.580331542
rand_spd,4096,247,0.2514401771453546,0.2514401771453177,3.6914915568786455e-14,0.351603042,0.583601625
rand_spd,4096,248,0.25126872252876403,0.2512687225287272,3.68594044175552e-14,0.355745291,0.580844042
rand_spd,4096,249,0.2513531614024164,0.25135316140237945,3.697042672001771e-14,0.349905125,0.577455875
rand_spd,4096,250,0.25143282165846903,0.25143282165843217,3.68594044175552e-14,0.349763792,0.578918917
rand_spd,4096,251,0.2513893282776666,0.25138932827762966,3.6914915568786455e-14,0.357874,0.579319917
rand_spd,4096,252,0.25140617339817806,0.2514061733981411,3.697042672001771e-14,0.35029325,0.580101417
rand_spd,4096,253,0.25130803441462474,0.2513080344145878,3.6914915568786455e-14,0.355925375,0.576057917
rand_spd,4096,254,0.2515068652961325,0.2515068652960955,3.697042672001771e-14,0.350246792,0.575621
rand_spd,4096,255,0.251427983054122,0.2514279830540851,3.6914915568786455e-14,0.35285975,0.576706625
rand_spd,4096,256,0.2513232442505194,0.2513232442504824,3.697042672001771e-14,0.3521125,0.578601292
rand_spd,4096,257,0.2513436772857086,0.25134367728567175,3.68594044175552e-14,0.348962708,0.573791917
rand_spd,4096,258,0.25129250482446136,0.2512925048244245,3.68594044175552e-14,0.351933834,0.5773235
rand_spd,4096,259,0.2512846631918378,0.2512846631918008,3.697042672001771e-14,0.346636541,0.580574084
rand_spd,4096,260,0.25138978694808206,0.2513897869480452,3.68594044175552e-14,0.352828666,0.579030959
rand_spd,4096,261,0.25126995137175895,0.2512699513717221,3.68594044175552e-14,0.349555667,0.586961041
rand_spd,4096,262,0.25129233900507736,0.2512923390050405,3.68594044175552e-14,0.350742417,0.583602334
rand_spd,4096,263,0.2513057091011889,0.2513057091011519,3.697042672001771e-14,0.349141375,0.5816835
rand_spd,4096,264,0.2514394429325107,0.2514394429324738,3.6914915568786455e-14,0.350848167,0.58138425
rand_spd,4096,265,0.2513226120446396,0.25132261204460277,3.68594044175552e-14,0.347609542,0.574127625
rand_spd,4096,266,0.25137945196890854,0.2513794519688717,3.68594044175552e-14,0.349326917,0.580016667
rand_spd,4096,267,0.25127132150892456,0.25127132150888776,3.680389326632394e-14,0.35550575,0.580707625
rand_spd,4096,268,0.2513460013800294,0.25134600137999247,3.6914915568786455e-14,0.349993542,0.577523709
rand_spd,4096,269,0.2513792320203405,0.2513792320203036,3.6914915568786455e-14,0.348677291,0.580027792
rand_spd,4096,270,0.2514108700373087,0.25141087003727186,3.68594044175552e-14,0.35701225,0.568581875
rand_spd,4096,271,0.25126770280796756,0.25126770280793054,3.702593787124897e-14,0.348566083,0.588693792
rand_spd,4096,272,0.2514955903627047,0.25149559036266783,3.68594044175552e-14,0.347677458,0.580295083
rand_spd,4096,273,0.2513976228538764,0.25139762285383954,3.68594044175552e-14,0.353992375,0.574456583
rand_spd,4096,274,0.2513059605136912,0.25130596051365434,3.68594044175552e-14,0.353167667,0.573217583
rand_spd,4096,275,0.25128858218931055,0.2512885821892737,3.68594044175552e-14,0.351213041,0.580767459
rand_spd,4096,276,0.2513610187227065,0.2513610187226696,3.6914915568786455e-14,0.353991959,0.574115458
rand_spd,4096,277,0.2514603478434324,0.2514603478433955,3.6914915568786455e-14,0.352031458,0.581773333
rand_spd,4096,278,0.2512500898496473,0.25125008984961056,3.674838211509268e-14,0.350309416,0.575061042
rand_spd,4096,279,0.25129624545445767,0.2512962454544207,3.697042672001771e-14,0.352908,0.58380525
rand_spd,4096,280,0.25138085109437924,0.2513808510943424,3.68594044175552e-14,0.349302584,0.588057083
rand_spd,4096,281,0.251331507994693,0.25133150799465614,3.68594044175552e-14,0.349648167,0.577184791
rand_spd,4096,282,0.25141009677006987,0.25141009677003295,3.6914915568786455e-14,0.350156875,0.58172425
rand_spd,4096,283,0.2512819153443619,0.25128191534432504,3.68594044175552e-14,0.352642708,0.597764625
rand_spd,4096,284,0.2514173064966088,0.25141730649657196,3.68594044175552e-14,0.35159725,0.579942541
rand_spd,4096,285,0.2515133597702145,0.2515133597701776,3.6914915568786455e-14,0.356267458,0.589694042
rand_spd,4096,286,0.2512352008447379,0.2512352008447009,3.697042672001771e-14,0.348166541,0.573853458
rand_spd,4096,287,0.2514125130179588,0.25141251301792195,3.68594044175552e-14,0.354938708,0.588877667
rand_spd,4096,288,0.25138080234957055,0.2513808023495336,3.697042672001771e-14,0.352064167,0.578045333
rand_spd,4096,289,0.2514140004747778,0.25141400047474083,3.697042672001771e-14,0.35743875,0.578342292
rand_spd,4096,290,0.2513123825692798,0.2513123825692429,3.6914915568786455e-14,0.353570167,0.58239925
rand_spd,4096,291,0.2513739570892302,0.25137395708919336,3.68594044175552e-14,0.350367208,0.578758708
rand_spd,4096,292,0.251335846448214,0.25133584644817697,3.702593787124897e-14,0.386275125,0.599667792
rand_spd,4096,293,0.2513122041762775,0.25131220417624067,3.680389326632394e-14,0.349319,0.578089875
rand_spd,4096,294,0.2514359286864188,0.2514359286863819,3.68594044175552e-14,0.370346541,0.584448167
rand_spd,4096,295,0.2513651532852684,0.25136515328523146,3.6914915568786455e-14,0.353034792,0.574824125
rand_spd,4096,296,0.25140598171167233,0.25140598171163536,3.697042672001771e-14,0.354084,0.58092625
rand_spd,4096,297,0.2514604696837222,0.25146046968368535,3.68594044175552e-14,0.355239292,0.579191958
rand_spd,4096,298,0.2513287127676254,0.25132871276758856,3.68594044175552e-14,0.352096708,0.581523
rand_spd,4096,299,0.25151213720181237,0.2515121372017754,3.697042672001771e-14,0.352254833,0.575251292
rand_spd,4096,300,0.25133039598782125,0.25133039598778434,3.6914915568786455e-14,0.345816542,0.598885041
rand_spd,4096,301,0.25133499019670485,0.251334990196668,3.68594044175552e-14,0.35299475,0.583711916
rand_spd,4096,302,0.25141575371359065,0.2514157537135538,3.68594044175552e-14,0.352433959,0.580269333
rand_spd,4096,303,0.25132876812222565,0.2513287681221887,3.697042672001771e-14,0.348278,0.581106125
rand_spd,4096,304,0.2513416796783896,0.2513416796783528,3.680389326632394e-14,0.352218416,0.585289125
rand_spd,4096,305,0.25117599814794045,0.25117599814790365,3.680389326632394e-14,0.350346583,0.579023708
rand_spd,4096,306,0.25139843714191074,0.25139843714187377,3.697042672001771e-14,0.352430834,0.591056041
rand_spd,4096,307,0.25135964957150675,0.2513596495714699,3.68594044175552e-14,0.351609166,0.592480625
rand_spd,4096,308,0.2514359525682517,0.25143595256821466,3.702593787124897e-14,0.352333917,0.580157417
rand_spd,4096,309,0.25140489102707253,0.25140489102703567,3.68594044175552e-14,0.350604459,0.581794875
rand_spd,4096,310,0.2513326486723703,0.25133264867233346,3.68594044175552e-14,0.353197375,0.579831083
rand_spd,4096,311,0.2513209168740849,0.25132091687404806,3.68594044175552e-14,0.351991541,0.584194834
rand_spd,4096,312,0.25126941492015137,0.2512694149201144,3.697042672001771e-14,0.351843375,0.574792416
rand_spd,4096,313,0.2513972448793955,0.25139724487935855,3.697042672001771e-14,0.351131458,0.585596
rand_spd,4096,314,0.2514581589023059,0.25145815890226897,3.6914915568786455e-14,0.348830083,0.583999459
rand_spd,4096,315,0.25134694414778996,0.251346944147753,3.697042672001771e-14,0.349911667,0.574636584
rand_spd,4096,316,0.25139617892349814,0.2513961789234613,3.68594044175552e-14,0.350576708,0.576363
rand_spd,4096,317,0.25133088538182524,0.2513308853817883,3.6914915568786455e-14,0.350236708,0.584878
rand_spd,4096,318,0.2512258825674529,0.2512258825674159,3.697042672001771e-14,0.348321917,0.582611167
rand_spd,4096,319,0.25125989216894445,0.25125989216890754,3.6914915568786455e-14,0.350506542,0.585781292
rand_spd,4096,320,0.25142427099568787,0.25142427099565096,3.6914915568786455e-14,0.3525525,0.573525375
rand_spd,4096,321,0.2514067820754548,0.25140678207541794,3.68594044175552e-14,0.352725166,0.577921959
rand_spd,4096,322,0.2514576368392976,0.25145763683926065,3.697042672001771e-14,0.350767,0.567612083
rand_spd,4096,323,0.2513691549515053,0.25136915495146844,3.68594044175552e-14,0.356745458,0.585512292
rand_spd,4096,324,0.2512918859256353,0.2512918859255983,3.697042672001771e-14,0.348474209,0.582371041
rand_spd,4096,325,0.25130150831703485,0.2513015083169981,3.674838211509268e-14,0.349136042,0.58448025
rand_spd,4096,326,0.2514111364210399,0.25141113642100293,3.697042672001771e-14,0.350068834,0.584836875
rand_spd,4096,327,0.25134596607011533,0.2513459660700785,3.68594044175552e-14,0.387457083,0.659677209
rand_spd,4096,328,0.251340760465749,0.25134076046571213,3.68594044175552e-14,0.378685958,0.586774167
rand_spd,4096,329,0.2513766930690056,0.25137669306896865,3.697042672001771e-14,0.353825333,0.596929291
rand_spd,4096,330,0.2513305359283264,0.2513305359282895,3.68594044175552e-14,0.353443291,0.5871335
rand_spd,4096,331,0.25137194902989624,0.25137194902985943,3.680389326632394e-14,0.350900458,0.582540375
rand_spd,4096,332,0.2513046576053601,0.25130465760532317,3.6914915568786455e-14,0.359530541,0.582479083
rand_spd,4096,333,0.25141517546931985,0.2514151754692829,3.697042672001771e-14,0.352533125,0.585923583
rand_spd,4096,334,0.25126909795164104,0.2512690979516041,3.6914915568786455e-14,0.363815708,0.592864584
rand_spd,4096,335,0.25146507701371473,0.25146507701367776,3.697042672001771e-14,0.353668375,0.5753205
rand_spd,4096,336,0.2515442866878666,0.2515442866878298,3.680389326632394e-14,0.349101417,0.583168541
rand_spd,4096,337,0.25144570912585135,0.25144570912581443,3.6914915568786455e-14,0.355588791,0.582972375
rand_spd,4096,338,0.2515357609571134,0.25153576095707647,3.6914915568786455e-14,0.350774667,0.588759
rand_spd,4096,339,0.2513526165966771,0.2513526165966403,3.680389326632394e-14,0.353189292,0.579514833
rand_spd,4096,340,0.2514378772832036,0.25143787728316663,3.697042672001771e-14,0.350726917,0.579662541
rand_spd,4096,341,0.2514649213567748,0.2514649213567378,3.697042672001771e-14,0.350704083,0.579385333
rand_spd,4096,342,0.25141042412265674,0.2514104241226199,3.68594044175552e-14,0.353543583,0.577895625
rand_spd,4096,343,0.2513674114218117,0.2513674114217748,3.68594044175552e-14,0.3498005,0.579364125
rand_spd,4096,344,0.25135251352487525,0.2513525135248383,3.697042672001771e-14,0.369314833,0.581407042
rand_spd,4096,345,0.2513371561988483,0.2513371561988114,3.68594044175552e-14,0.349267,0.573636917
rand_spd,4096,346,0.2513382529478552,0.25133825294781825,3.697042672001771e-14,0.360254416,0.590314875
rand_spd,4096,347,0.251355337396287,0.2513553373962502,3.680389326632394e-14,0.365758708,0.577232417
rand_spd,4096,348,0.25132312895362635,0.2513231289535895,3.68594044175552e-14,0.358353083,0.580956709
rand_spd,4096,349,0.2514016804847308,0.2514016804846939,3.6914915568786455e-14,0.350631334,0.570602458
rand_spd,4096,350,0.25126657145809234,0.2512665714580555,3.68594044175552e-14,0.343055541,0.571093625
rand_spd,4096,351,0.25134198203501673,0.25134198203497987,3.68594044175552e-14,0.354908666,0.574081209
rand_spd,4096,352,0.2514854298449995,0.2514854298449625,3.697042672001771e-14,0.345973917,0.579844791
rand_spd,4096,353,0.2513591254312811,0.2513591254312442,3.68594044175552e-14,0.345551917,0.576870416
rand_spd,4096,354,0.2513170696054359,0.2513170696053992,3.674838211509268e-14,0.344939375,0.575760292
rand_spd,4096,355,0.2514956113693923,0.2514956113693554,3.6914915568786455e-14,0.357067667,0.58255225
rand_spd,4096,356,0.25141575436723806,0.25141575436720115,3.6914915568786455e-14,0.341043583,0.57430925
rand_spd,4096,357,0.25129983645539966,0.25129983645536275,3.6914915568786455e-14,0.348331916,0.578807709
rand_spd,4096,358,0.2513668733029035,0.2513668733028666,3.6914915568786455e-14,0.349087791,0.579205
rand_spd,4096,359,0.25141750188110296,0.2514175018810661,3.68594044175552e-14,0.347487541,0.579027834
rand_spd,4096,360,0.25127250345035607,0.2512725034503192,3.68594044175552e-14,0.353210875,0.584023
rand_spd,4096,361,0.25138437343534586,0.251384373435309,3.68594044175552e-14,0.34488725,0.586693375
rand_spd,4096,362,0.25125307102501493,0.251253071024978,3.6914915568786455e-14,0.344011583,0.583154042
rand_spd,4096,363,0.2514009186132191,0.2514009186131822,3.6914915568786455e-14,0.350957708,0.57558575
rand_spd,4096,364,0.2513232197771048,0.2513232197770679,3.6914915568786455e-14,0.343395542,0.573311625
rand_spd,4096,365,0.2513834639096484,0.2513834639096115,3.68594044175552e-14,0.340780541,0.580543708
rand_spd,4096,366,0.2512425084547185,0.2512425084546816,3.6914915568786455e-14,0.344959625,0.575725917
rand_spd,4096,367,0.25140583058497945,0.25140583058494254,3.6914915568786455e-14,0.347966167,0.576046958
rand_spd,4096,368,0.2512968201106391,0.2512968201106022,3.68594044175552e-14,0.352402416,0.583587542
rand_spd,4096,369,0.2513437659748549,0.25134376597481806,3.68594044175552e-14,0.35613475,0.584225375
rand_spd,4096,370,0.2512589602582846,0.25125896025824773,3.68594044175552e-14,0.354475208,0.583232042
rand_spd,4096,371,0.25137886843761875,0.2513788684375818,3.697042672001771e-14,0.392083541,0.578708792
rand_spd,4096,372,0.25137523815646473,0.25137523815642787,3.68594044175552e-14,0.349887958,0.57661925
rand_spd,4096,373,0.2514621522486177,0.2514621522485807,3.697042672001771e-14,0.343872125,0.57525675
rand_spd,4096,374,0.25130508773765364,0.2513050877376167,3.697042672001771e-14,0.348156959,0.57659325
rand_spd,4096,375,0.25137761429850863,0.2513776142984717,3.6914915568786455e-14,0.345257042,0.574004083
rand_spd,4096,376,0.251438254120442,0.2514382541204051,3.6914915568786455e-14,0.34833,0.573305459
rand_spd,4096,377,0.25143620526754323,0.2514362052675064,3.68594044175552e-14,0.360169917,0.586702625
rand_spd,4096,378,0.25155411017672863,0.2515541101766917,3.6914915568786455e-14,0.35932925,0.584958208
rand_spd,4096,379,0.2513802854971602,0.2513802854971234,3.680389326632394e-14,0.358170875,0.584865083
rand_spd,4096,380,0.2513822323169397,0.2513822323169029,3.680389326632394e-14,0.346116958,0.573778625
rand_spd,4096,381,0.25141919039303884,0.2514191903930019,3.6914915568786455e-14,0.3397825,0.577766
rand_spd,4096,382,0.25136909309643757,0.2513690930964007,3.68594044175552e-14,0.352035333,0.579850334
rand_spd,4096,383,0.25135206739610566,0.2513520673960687,3.697042672001771e-14,0.343332,0.583335042
rand_spd,4096,384,0.25150094255454236,0.25150094255450545,3.6914915568786455e-14,0.352641458,0.579051042
rand_spd,4096,385,0.2514170982476189,0.25141709824758196,3.6914915568786455e-14,0.3435015,0.573448667
rand_spd,4096,386,0.25131836075514674,0.2513183607551097,3.702593787124897e-14,0.346501833,0.573116334
rand_spd,4096,387,0.25135142456371057,0.2513514245636736,3.697042672001771e-14,0.3448495,0.581719125
rand_spd,4096,388,0.25125622211804916,0.2512562221180123,3.68594044175552e-14,0.345638458,0.600657792
rand_spd,4096,389,0.25141294376309137,0.25141294376305445,3.6914915568786455e-14,0.350911,0.580569458
rand_spd,4096,390,0.2514126109818759,0.25141261098183904,3.68594044175552e-14,0.349660792,0.578725375
rand_spd,4096,391,0.25137923074713037,0.2513792307470935,3.68594044175552e-14,0.349873042,0.571881708
rand_spd,4096,392,0.2513677782483596,0.25136777824832274,3.68594044175552e-14,0.354255417,0.577892208
rand_spd,4096,393,0.25143787049782307,0.25143787049778626,3.680389326632394e-14,0.351812041,0.582788084
rand_spd,4096,394,0.2514358945104217,0.2514358945103847,3.697042672001771e-14,0.35114575,0.58330325
rand_spd,4096,395,0.251259167634983,0.2512591676349462,3.680389326632394e-14,0.352246167,0.580243875
rand_spd,4096,396,0.25153364220061103,0.2515336422005741,3.6914915568786455e-14,0.355361291,0.594849792
rand_spd,4096,397,0.2514786554911816,0.2514786554911446,3.697042672001771e-14,0.348667708,0.572681084
rand_spd,4096,398,0.2513589471965917,0.25135894719655477,3.6914915568786455e-14,0.359654,0.570189333
rand_spd,4096,399,0.25142790908691554,0.25142790908687856,3.697042672001771e-14,0.343590541,0.573361
rand_spd,4096,400,0.2514104722371168,0.2514104722370799,3.6914915568786455e-14,0.355074292,0.585082
rand_spd,4096,401,0.2514024743556603,0.25140247435562335,3.697042672001771e-14,0.357079417,0.584752125
rand_spd,4096,402,0.2514622850750085,0.25146228507497165,3.68594044175552e-14,0.348083,0.575161333
rand_spd,4096,403,0.2513420257931475,0.25134202579311066,3.68594044175552e-14,0.350511375,0.568018667
rand_spd,4096,404,0.2513764928577589,0.25137649285772207,3.68594044175552e-14,0.350518458,0.569867041
rand_spd,4096,405,0.2514221607900467,0.2514221607900098,3.6914915568786455e-14,0.340790167,0.5777185
rand_spd,4096,406,0.2513265913162848,0.2513265913162479,3.6914915568786455e-14,0.345128875,0.5813375
rand_spd,4096,407,0.2514109063399546,0.25141090633991775,3.68594044175552e-14,0.345276459,0.579446666
rand_spd,4096,408,0.2513363512361138,0.2513363512360769,3.6914915568786455e-14,0.345310166,0.577089834
rand_spd,4096,409,0.2513583541756141,0.2513583541755772,3.68594044175552e-14,0.345801208,0.57439325
rand_spd,4096,410,0.251479944061571,0.251479944061534,3.697042672001771e-14,0.343412916,0.578687042
rand_spd,4096,411,0.25129178497529175,0.2512917849752549,3.68594044175552e-14,0.342839084,0.574873041
rand_spd,4096,412,0.2514885133315186,0.25148851333148153,3.708144902248023e-14,0.351290792,0.579289291
rand_spd,4096,413,0.2514798139828372,0.2514798139828002,3.697042672001771e-14,0.351036333,0.577817458
rand_spd,4096,414,0.2514539735628714,0.25145397356283444,3.697042672001771e-14,0.349499958,0.567333208
rand_spd,4096,415,0.2514173650690175,0.25141736506898077,3.674838211509268e-14,0.354274583,0.583708541
rand_spd,4096,416,0.25145597242729467,0.25145597242725776,3.6914915568786455e-14,0.354058208,0.582332208
rand_spd,4096,417,0.251568500533142,0.2515685005331051,3.6914915568786455e-14,0.355788959,0.579973833
rand_spd,4096,418,0.25120406328189415,0.25120406328185724,3.6914915568786455e-14,0.342090958,0.575441708
rand_spd,4096,419,0.25140792645832294,0.251407926458286,3.6914915568786455e-14,0.345820958,0.592176375
rand_spd,4096,420,0.25133434141594246,0.2513343414159057,3.674838211509268e-14,0.352125833,0.5815425
rand_spd,4096,421,0.2514364541783651,0.25143645417832816,3.6914915568786455e-14,0.357546917,0.580009667
rand_spd,4096,422,0.2514056047899962,0.25140560478995916,3.702593787124897e-14,0.342686708,0.585369625
rand_spd,4096,423,0.2514906335276354,0.2514906335275985,3.6914915568786455e-14,0.344295375,0.575826667
rand_spd,4096,424,0.2514153050622061,0.2514153050621692,3.6914915568786455e-14,0.353134625,0.579886375
rand_spd,4096,425,0.2513731265156252,0.2513731265155883,3.6914915568786455e-14,0.353199917,0.5874645
rand_spd,4096,426,0.2512309921821536,0.2512309921821167,3.6914915568786455e-14,0.354891875,0.584056542
rand_spd,4096,427,0.2513395421100743,0.25133954211003734,3.697042672001771e-14,0.346778458,0.579012833
rand_spd,4096,428,0.2513536400485126,0.2513536400484759,3.674838211509268e-14,0.359233375,0.578839916
rand_spd,4096,429,0.25133817458823954,0.25133817458820273,3.680389326632394e-14,0.354661417,0.595442041
rand_spd,4096,430,0.251359965012595,0.25135996501255814,3.68594044175552e-14,0.358323,0.580769584
rand_spd,4096,431,0.2512748026159601,0.2512748026159232,3.68594044175552e-14,0.360461666,0.590602042
rand_spd,4096,432,0.25144519057938136,0.25144519057934445,3.6914915568786455e-14,0.353269334,0.609420166
rand_spd,4096,433,0.25137333979358206,0.2513733397935452,3.68594044175552e-14,0.354380833,0.577285167
rand_spd,4096,434,0.25126075426981404,0.2512607542697772,3.68594044175552e-14,0.341113625,0.574341208
rand_spd,4096,435,0.25123346830275545,0.2512334683027185,3.697042672001771e-14,0.344957958,0.584842375
rand_spd,4096,436,0.2514222113365177,0.25142221133648085,3.68594044175552e-14,0.3514825,0.588147
rand_spd,4096,437,0.2513536034188033,0.2513536034187664,3.6914915568786455e-14,0.3518835,0.581102
rand_spd,4096,438,0.2513552307462144,0.25135523074617744,3.697042672001771e-14,0.341522917,0.573422125
rand_spd,4096,439,0.25143593827881605,0.25143593827877914,3.6914915568786455e-14,0.350575916,0.577158583
rand_spd,4096,440,0.2514263760513205,0.25142637605128354,3.697042672001771e-14,0.345756667,0.571450416
rand_spd,4096,441,0.25143570721158043,0.25143570721154346,3.697042672001771e-14,0.350727916,0.588086334
rand_spd,4096,442,0.25136322409132983,0.25136322409129297,3.68594044175552e-14,0.348146292,0.573815458
rand_spd,4096,443,0.2514281950598402,0.25142819505980335,3.68594044175552e-14,0.34675,0.573543042
rand_spd,4096,444,0.2513903044405542,0.25139030444051746,3.674838211509268e-14,0.343661042,0.573846416
rand_spd,4096,445,0.2513398829338174,0.2513398829337805,3.6914915568786455e-14,0.344091833,0.606883875
rand_spd,4096,446,0.2513494608280916,0.2513494608280547,3.6914915568786455e-14,0.35147375,0.585185708
rand_spd,4096,447,0.2513030856566865,0.25130308565664966,3.68594044175552e-14,0.353996375,0.583802583
rand_spd,4096,448,0.25143602277174876,0.2514360227717118,3.697042672001771e-14,0.356457875,0.583647917
rand_spd,4096,449,0.2514025064659879,0.2514025064659509,3.697042672001771e-14,0.356038542,0.588701709
rand_spd,4096,450,0.2513585493971581,0.25135854939712116,3.697042672001771e-14,0.359775833,0.604256583
rand_spd,4096,451,0.2514442478614766,0.2514442478614397,3.6914915568786455e-14,0.364012417,0.578885417
rand_spd,4096,452,0.251286775083053,0.25128677508301617,3.68594044175552e-14,0.3561325,0.587583375
rand_spd,4096,453,0.25140158135773877,0.2514015813577019,3.68594044175552e-14,0.355534458,0.59034525
rand_spd,4096,454,0.25137750308585144,0.25137750308581447,3.697042672001771e-14,0.357273417,0.586418833
rand_spd,4096,455,0.25141088148005014,0.25141088148001334,3.680389326632394e-14,0.356382917,0.585691958
rand_spd,4096,456,0.2514187673037668,0.2514187673037299,3.68594044175552e-14,0.350954375,0.583627458
rand_spd,4096,457,0.2513500253782865,0.25135002537824963,3.68594044175552e-14,0.354045708,0.584428917
rand_spd,4096,458,0.25135475572207455,0.25135475572203764,3.6914915568786455e-14,0.354157917,0.580866916
rand_spd,4096,459,0.25126855316050634,0.2512685531604694,3.6914915568786455e-14,0.352487,0.585253375
rand_spd,4096,460,0.2512287376205236,0.2512287376204868,3.680389326632394e-14,0.37248375,0.588007834
rand_spd,4096,461,0.25140356184401974,0.2514035618439829,3.68594044175552e-14,0.353301833,0.580070458
rand_spd,4096,462,0.251265364069389,0.2512653640693522,3.680389326632394e-14,0.353622708,0.601717792
rand_spd,4096,463,0.251327345371338,0.251327345371301,3.697042672001771e-14,0.354833583,0.587798083
rand_spd,4096,464,0.25143634684399846,0.2514363468439615,3.697042672001771e-14,0.356521709,0.591284583
rand_spd,4096,465,0.2513402023534395,0.25134020235340265,3.68594044175552e-14,0.355723542,0.589270833
rand_spd,4096,466,0.2512798187788428,0.25127981877880595,3.68594044175552e-14,0.348839792,0.596503208
rand_spd,4096,467,0.25136434678050973,0.2513643467804728,3.6914915568786455e-14,0.349974375,0.582142709
rand_spd,4096,468,0.2512933307484576,0.25129333074842075,3.68594044175552e-14,0.350238584,0.57902
rand_spd,4096,469,0.2512791230692461,0.25127912306920924,3.68594044175552e-14,0.3464295,0.573432333
rand_spd,4096,470,0.25149738329227445,0.2514973832922374,3.702593787124897e-14,0.349749041,0.576573292
rand_spd,4096,471,0.25136510629298864,0.2513651062929517,3.6914915568786455e-14,0.347879542,0.583279875
rand_spd,4096,472,0.2514367839865777,0.25143678398654074,3.697042672001771e-14,0.353168792,0.585761875
rand_spd,4096,473,0.25140370813758156,0.25140370813754453,3.702593787124897e-14,0.352589584,0.579920208
rand_spd,4096,474,0.2513648565076611,0.25136485650762425,3.68594044175552e-14,0.349525208,0.582746
rand_spd,4096,475,0.25138261618763186,0.251382616187595,3.68594044175552e-14,0.3525605,0.581833625
rand_spd,4096,476,0.25137441178468123,0.2513744117846444,3.680389326632394e-14,0.348007792,0.577874208
rand_spd,4096,477,0.25127049524177775,0.25127049524174083,3.6914915568786455e-14,0.346441875,0.570201542
rand_spd,4096,478,0.2513544580254597,0.25135445802542283,3.68594044175552e-14,0.347591833,0.58176475
rand_spd,4096,479,0.25137701979373667,0.25137701979369975,3.6914915568786455e-14,0.341668917,0.576091042
rand_spd,4096,480,0.2514617381771425,0.2514617381771056,3.6914915568786455e-14,0.348766667,0.577040875
rand_spd,4096,481,0.2513654367741049,0.2513654367740679,3.697042672001771e-14,0.3519305,0.588517834
rand_spd,4096,482,0.25128929915702186,0.251289299156985,3.68594044175552e-14,0.350061334,0.582102291
rand_spd,4096,483,0.25135361230995606,0.25135361230991915,3.6914915568786455e-14,0.345827583,0.579002709
rand_spd,4096,484,0.251388380216323,0.2513883802162861,3.68594044175552e-14,0.345255792,0.570267125
rand_spd,4096,485,0.25139339452841725,0.25139339452838033,3.6914915568786455e-14,0.346157917,0.571918292
rand_spd,4096,486,0.25137387914110826,0.25137387914107134,3.6914915568786455e-14,0.345580875,0.573808125
rand_spd,4096,487,0.25142188586184694,0.2514218858618101,3.68594044175552e-14,0.346682792,0.5767205
rand_spd,4096,488,0.2513680417795764,0.25136804177953953,3.68594044175552e-14,0.3454405,0.574334542
rand_spd,4096,489,0.2514426885616486,0.2514426885616116,3.697042672001771e-14,0.347874416,0.581331083
rand_spd,4096,490,0.25141340830438874,0.2514134083043518,3.6914915568786455e-14,0.352383083,0.574509083
rand_spd,4096,491,0.2513420833635269,0.25134208336349,3.6914915568786455e-14,0.345267542,0.575813916
rand_spd,4096,492,0.2513866475619165,0.2513866475618796,3.68594044175552e-14,0.350331042,0.577004125
rand_spd,4096,493,0.2513839194306943,0.25138391943065735,3.697042672001771e-14,0.350654375,0.582033625
rand_spd,4096,494,0.251504113751335,0.2515041137512981,3.6914915568786455e-14,0.353820209,0.579945416
rand_spd,4096,495,0.2513098126493204,0.2513098126492836,3.680389326632394e-14,0.345888708,0.57222625
rand_spd,4096,496,0.25140154771240447,0.2514015477123675,3.697042672001771e-14,0.344797667,0.575345708
rand_spd,4096,497,0.25129331172034725,0.25129331172031044,3.680389326632394e-14,0.346353583,0.572638
rand_spd,4096,498,0.251373662896161,0.251373662896124,3.697042672001771e-14,0.347639667,0.576183042
rand_spd,4096,499,0.25142426411393026,0.25142426411389335,3.6914915568786455e-14,0.361400583,0.570122125
rand_spd,4096,500,0.25138816866997127,0.25138816866993435,3.6914915568786455e-14,0.35506075,0.584777459
rand_spd,4096,501,0.25147353914554055,0.2514735391455037,3.68594044175552e-14,0.350952292,0.582372208
rand_spd,4096,502,0.2512236403028411,0.2512236403028043,3.680389326632394e-14,0.349413167,0.575489625
rand_spd,4096,503,0.2514220089108726,0.2514220089108357,3.68594044175552e-14,0.34948325,0.57012875
rand_spd,4096,504,0.25141348744693565,0.25141348744689884,3.680389326632394e-14,0.34170375,0.569297458
rand_spd,4096,505,0.2512419274651185,0.2512419274650816,3.68594044175552e-14,0.342190167,0.578050125
rand_spd,4096,506,0.25143702585095257,0.2514370258509157,3.68594044175552e-14,0.344322,0.575060584
rand_spd,4096,507,0.2513842097770074,0.25138420977697046,3.6914915568786455e-14,0.347743125,0.575296125
rand_spd,4096,508,0.2513427203056624,0.25134272030562554,3.68594044175552e-14,0.345476,0.581168042
rand_spd,4096,509,0.2513572508068807,0.2513572508068438,3.6914915568786455e-14,0.342880084,0.572323375
rand_spd,4096,510,0.2513005119875113,0.25130051198747444,3.68594044175552e-14,0.342085125,0.570187167
rand_spd,4096,511,0.25132163878902286,0.25132163878898595,3.6914915568786455e-14,0.348471416,0.584920084
rand_spd,4096,512,0.25135268828570123,0.25135268828566437,3.68594044175552e-14,0.341405666,0.577681834
rand_spd,4096,513,0.2513393169335926,0.2513393169335557,3.6914915568786455e-14,0.344844542,0.57511575
rand_spd,4096,514,0.251348148352425,0.25134814835238806,3.697042672001771e-14,0.344617834,0.571081166
rand_spd,4096,515,0.25120668447937095,0.25120668447933403,3.6914915568786455e-14,0.344439833,0.572820458
rand_spd,4096,516,0.25146198992939023,0.25146198992935337,3.68594044175552e-14,0.342116833,0.569660584
rand_spd,4096,517,0.25138933261590257,0.25138933261586566,3.6914915568786455e-14,0.345610917,0.578142541
rand_spd,4096,518,0.25136025683569546,0.2513602568356585,3.697042672001771e-14,0.347867334,0.579364958
rand_spd,4096,519,0.2513830677686731,0.2513830677686361,3.697042672001771e-14,0.357390708,0.586277
rand_spd,4096,520,0.25138019225758906,0.2513801922575521,3.697042672001771e-14,0.351512125,0.579059
rand_spd,4096,521,0.2514617353968756,0.25146173539683875,3.68594044175552e-14,0.353300792,0.582114125
rand_spd,4096,522,0.2513759398601852,0.25137593986014833,3.68594044175552e-14,0.351884,0.577515125
rand_spd,4096,523,0.25129142616005307,0.25129142616001615,3.6914915568786455e-14,0.3463235,0.57793325
rand_spd,4096,524,0.25146595247277886,0.2514659524727419,3.697042672001771e-14,0.348939041,0.573416417
rand_spd,4096,525,0.2512895111927848,0.25128951119274784,3.697042672001771e-14,0.343154333,0.571546
rand_spd,4096,526,0.2513886527698682,0.2513886527698313,3.6914915568786455e-14,0.346668375,0.57286275
rand_spd,4096,527,0.2514137989640482,0.2514137989640112,3.697042672001771e-14,0.343702167,0.575553375
rand_spd,4096,528,0.25141703771106255,0.2514170377110256,3.697042672001771e-14,0.346444792,0.568393167
rand_spd,4096,529,0.25141386231076707,0.2514138623107301,3.697042672001771e-14,0.352973084,0.579994541
rand_spd,4096,530,0.25143802823292577,0.25143802823288885,3.6914915568786455e-14,0.351217625,0.576419125
rand_spd,4096,531,0.2513337029138771,0.2513337029138402,3.68594044175552e-14,0.355457791,0.582674875
rand_spd,4096,532,0.25135116618483533,0.2513511661847985,3.680389326632394e-14,0.355334417,0.579697916
rand_spd,4096,533,0.2513996306420387,0.2513996306420018,3.68594044175552e-14,0.34993,0.585662125
rand_spd,4096,534,0.251352666245011,0.25135266624497404,3.697042672001771e-14,0.347745959,0.579146166
rand_spd,4096,535,0.251414042531602,0.2514140425315651,3.6914915568786455e-14,0.344562042,0.585811167
rand_spd,4096,536,0.25143953183148443,0.25143953183144757,3.68594044175552e-14,0.34867025,0.576762375
rand_spd,4096,537,0.2514472619186297,0.25144726191859273,3.697042672001771e-14,0.347862792,0.5733055
rand_spd,4096,538,0.25134525696808757,0.25134525696805066,3.6914915568786455e-14,0.349559375,0.585364375
rand_spd,4096,539,0.25137809502142766,0.25137809502139075,3.6914915568786455e-14,0.358557959,0.580533667
rand_spd,4096,540,0.25138356006772744,0.2513835600676905,3.6914915568786455e-14,0.35193325,0.576886625
rand_spd,4096,541,0.25143850501732784,0.25143850501729087,3.697042672001771e-14,0.356067833,0.582338375
rand_spd,4096,542,0.2514078082413712,0.2514078082413343,3.6914915568786455e-14,0.350272875,0.575969958
rand_spd,4096,543,0.2514230937780521,0.25142309377801514,3.697042672001771e-14,0.341747959,0.578310666
rand_spd,4096,544,0.2513832498644098,0.25138324986437294,3.68594044175552e-14,0.346688917,0.569924916
rand_spd,4096,545,0.25151896920577643,0.2515189692057394,3.702593787124897e-14,0.343898584,0.574540375
rand_spd,4096,546,0.251515661949409,0.251515661949372,3.697042672001771e-14,0.344545667,0.574178916
rand_spd,4096,547,0.2512409631303035,0.2512409631302665,3.697042672001771e-14,0.347622333,0.579080458
rand_spd,4096,548,0.2513889169954545,0.2513889169954176,3.6914915568786455e-14,0.350182958,0.575702
rand_spd,4096,549,0.2514557881563746,0.2514557881563377,3.6914915568786455e-14,0.350927291,0.577407208
rand_spd,4096,550,0.25139172887343647,0.25139172887339956,3.6914915568786455e-14,0.347457875,0.570769833
rand_spd,4096,551,0.2513482290246508,0.2513482290246139,3.6914915568786455e-14,0.34767125,0.574129083
rand_spd,4096,552,0.2515254810866163,0.2515254810865794,3.6914915568786455e-14,0.362499416,0.576357209
rand_spd,4096,553,0.251412412462243,0.251412412462206,3.697042672001771e-14,0.345521666,0.575611
rand_spd,4096,554,0.2513379049687825,0.25133790496874564,3.68594044175552e-14,0.344622542,0.581205083
rand_spd,4096,555,0.251358546179752,0.2513585461797151,3.6914915568786455e-14,0.348373334,0.577184041
rand_spd,4096,556,0.2514448671017059,0.25144486710166897,3.6914915568786455e-14,0.342425041,0.577398167
rand_spd,4096,557,0.2514066521034925,0.25140665210345553,3.697042672001771e-14,0.351867291,0.583106334
rand_spd,4096,558,0.2513946054770659,0.2513946054770291,3.680389326632394e-14,0.349407416,0.584056917
rand_spd,4096,559,0.2514073297083876,0.2514073297083506,3.697042672001771e-14,0.346119875,0.572883208
rand_spd,4096,560,0.2513645751341076,0.2513645751340707,3.6914915568786455e-14,0.351544417,0.578361958
rand_spd,4096,561,0.25145969717993194,0.251459697179895,3.6914915568786455e-14,0.346035875,0.5743925
rand_spd,4096,562,0.2514777425772335,0.25147774257719663,3.68594044175552e-14,0.343221666,0.581502834
rand_spd,4096,563,0.25144968643758786,0.251449686437551,3.68594044175552e-14,0.344240958,0.571186459
rand_spd,4096,564,0.2513158570079069,0.25131585700787,3.68594044175552e-14,0.345721291,0.580075584
rand_spd,4096,565,0.25150528290454327,0.2515052829045064,3.68594044175552e-14,0.347991708,0.584128875
rand_spd,4096,566,0.2513412906152378,0.2513412906152009,3.6914915568786455e-14,0.347450417,0.578339958
rand_spd,4096,567,0.251287597200621,0.2512875972005841,3.6914915568786455e-14,0.350943541,0.5744295
rand_spd,4096,568,0.2514683479749313,0.2514683479748944,3.68594044175552e-14,0.345802583,0.57464
rand_spd,4096,569,0.25150420146140845,0.2515042014613715,3.697042672001771e-14,0.3490295,0.575623834
rand_spd,4096,570,0.2514295224533432,0.2514295224533063,3.6914915568786455e-14,0.342968791,0.575677208
rand_spd,4096,571,0.2514578515972157,0.25145785159717876,3.6914915568786455e-14,0.354447292,0.581489167
rand_spd,4096,572,0.25140380468952017,0.25140380468948326,3.6914915568786455e-14,0.343358917,0.581893875
rand_spd,4096,573,0.25130572994338585,0.25130572994334893,3.6914915568786455e-14,0.349492542,0.578704041
rand_spd,4096,574,0.2514643834268298,0.25146438342679284,3.697042672001771e-14,0.350131291,0.584809584
rand_spd,4096,575,0.2513604737273129,0.25136047372727605,3.68594044175552e-14,0.342176208,0.575577042
rand_spd,4096,576,0.2513296419503244,0.25132964195028745,3.697042672001771e-14,0.347278375,0.574969541
rand_spd,4096,577,0.25133313954915665,0.2513331395491198,3.68594044175552e-14,0.346608583,0.573929708
rand_spd,4096,578,0.2513583536870414,0.25135835368700443,3.697042672001771e-14,0.35869525,0.577217875
rand_spd,4096,579,0.2514375992879441,0.2514375992879072,3.6914915568786455e-14,0.34787325,0.571800375
rand_spd,4096,580,0.2512756737977315,0.2512756737976946,3.6914915568786455e-14,0.34513575,0.574771959
rand_spd,4096,581,0.2513376483655748,0.2513376483655379,3.6914915568786455e-14,0.342240292,0.572833375
rand_spd,4096,582,0.25144397104166527,0.25144397104162836,3.6914915568786455e-14,0.347383458,0.577512875
rand_spd,4096,583,0.2513274598278391,0.2513274598278022,3.6914915568786455e-14,0.34521375,0.583060708
rand_spd,4096,584,0.2514618723581959,0.25146187235815903,3.68594044175552e-14,0.342779375,0.571747541
rand_spd,4096,585,0.25130210425785954,0.2513021042578226,3.6914915568786455e-14,0.346166792,0.575388166
rand_spd,4096,586,0.251399960254019,0.2513999602539821,3.6914915568786455e-14,0.346810333,0.578265833
rand_spd,4096,587,0.25134347882278063,0.2513434788227437,3.6914915568786455e-14,0.348667333,0.581065083
rand_spd,4096,588,0.2514246670770147,0.2514246670769778,3.6914915568786455e-14,0.349909375,0.57724175
rand_spd,4096,589,0.2513684892992199,0.25136848929918304,3.68594044175552e-14,0.348189458,0.577953917
rand_spd,4096,590,0.25143789524215215,0.2514378952421152,3.697042672001771e-14,0.345415666,0.579581042
rand_spd,4096,591,0.2513251189641196,0.25132511896408266,3.6914915568786455e-14,0.357076084,0.585958583
rand_spd,4096,592,0.2513074366897827,0.2513074366897459,3.680389326632394e-14,0.3554055,0.587434916
rand_spd,4096,593,0.2512469288579448,0.25124692885790795,3.68594044175552e-14,0.362352375,0.587630958
rand_spd,4096,594,0.25136206544477385,0.251362065444737,3.68594044175552e-14,0.352089084,0.585516083
rand_spd,4096,595,0.2513217775313619,0.251321777531325,3.6914915568786455e-14,0.357468084,0.582372167
rand_spd,4096,596,0.2513379551796343,0.25133795517959745,3.68594044175552e-14,0.35123025,0.592846
rand_spd,4096,597,0.25137270537948003,0.25137270537944306,3.697042672001771e-14,0.355334833,0.580632917
rand_spd,4096,598,0.25139663644095206,0.2513966364409152,3.68594044175552e-14,0.351788458,0.585805292
rand_spd,4096,599,0.25135016820512557,0.25135016820508865,3.6914915568786455e-14,0.3551945,0.594189834
rand_spd,4096,600,0.2513064224326064,0.25130642243256957,3.68594044175552e-14,0.355988083,0.586772542
rand_spd,4096,601,0.25128675768198594,0.251286757681949,3.6914915568786455e-14,0.35259425,0.585157208
rand_spd,4096,602,0.2515233755995954,0.25152337559955856,3.68594044175552e-14,0.353963833,0.578342667
rand_spd,4096,603,0.2513985447863831,0.2513985447863462,3.6914915568786455e-14,0.355966167,0.592703708
rand_spd,4096,604,0.2514187911983545,0.2514187911983177,3.674838211509268e-14,0.359198959,0.577807541
rand_spd,4096,605,0.25136585791402666,0.25136585791398974,3.6914915568786455e-14,0.36267575,0.590495291
rand_spd,4096,606,0.25153011294975386,0.2515301129497169,3.697042672001771e-14,0.359553834,0.58883025
rand_spd,4096,607,0.2514473932272465,0.2514473932272097,3.680389326632394e-14,0.354498583,0.588019666
rand_spd,4096,608,0.25145026083901867,0.2514502608389817,3.697042672001771e-14,0.355860291,0.581132292
rand_spd,4096,609,0.2514194247475298,0.2514194247474929,3.6914915568786455e-14,0.356560375,0.582728875
rand_spd,4096,610,0.25133679508464835,0.25133679508461143,3.6914915568786455e-14,0.35684025,0.581510083
rand_spd,4096,611,0.25147663289628225,0.2514766328962453,3.697042672001771e-14,0.372658625,0.595033125
rand_spd,4096,612,0.25149976638148425,0.2514997663814474,3.68594044175552e-14,0.363851959,0.592447958
rand_spd,4096,613,0.2513231166107001,0.2513231166106632,3.6914915568786455e-14,0.362833667,0.594063833
rand_spd,4096,614,0.25134116156374214,0.2513411615637052,3.697042672001771e-14,0.359217166,0.59025375
rand_spd,4096,615,0.2513257620332895,0.2513257620332526,3.6914915568786455e-14,0.369750834,0.592193958
rand_spd,4096,616,0.25135447725282817,0.25135447725279136,3.680389326632394e-14,0.367013209,0.600582666
rand_spd,4096,617,0.251382428638808,0.2513824286387711,3.6914915568786455e-14,0.361333459,0.590480791
rand_spd,4096,618,0.2514478011283788,0.2514478011283418,3.697042672001771e-14,0.364844792,0.592383333
rand_spd,4096,619,0.2514223384471095,0.25142233844707257,3.6914915568786455e-14,0.355021666,0.586203959
rand_spd,4096,620,0.2512457704780111,0.25124577047797425,3.68594044175552e-14,0.353049042,0.579710625
rand_spd,4096,621,0.25124303440303614,0.2512430344029992,3.6914915568786455e-14,0.355229166,0.587483084
rand_spd,4096,622,0.25138238646774763,0.2513823864677107,3.6914915568786455e-14,0.358180125,0.594440375
rand_spd,4096,623,0.2514628049387699,0.2514628049387329,3.697042672001771e-14,0.356656584,0.592205834
rand_spd,4096,624,0.2513946603986964,0.2513946603986595,3.6914915568786455e-14,0.355827709,0.586796291
rand_spd,4096,625,0.2514476634447659,0.251447663444729,3.68594044175552e-14,0.354727417,0.588453
rand_spd,4096,626,0.25138957631950687,0.25138957631946995,3.6914915568786455e-14,0.361785333,0.586867375
rand_spd,4096,627,0.251490930314101,0.25149093031406405,3.697042672001771e-14,0.353938833,0.589062834
rand_spd,4096,628,0.25132626856125745,0.2513262685612206,3.68594044175552e-14,0.357391167,0.594621167
rand_spd,4096,629,0.251375162156151,0.25137516215611405,3.697042672001771e-14,0.354267833,0.581066792
rand_spd,4096,630,0.25136008303719076,0.2513600830371539,3.68594044175552e-14,0.360174083,0.585139375
rand_spd,4096,631,0.25130496176398937,0.2513049617639525,3.68594044175552e-14,0.352188416,0.584422792
rand_spd,4096,632,0.25129839237903967,0.2512983923790027,3.697042672001771e-14,0.357407666,0.588633709
rand_spd,4096,633,0.2513710704579229,0.251371070457886,3.6914915568786455e-14,0.359686125,0.586133042
rand_spd,4096,634,0.2514047719755892,0.2514047719755523,3.6914915568786455e-14,0.352519042,0.582134667
rand_spd,4096,635,0.2512873065747238,0.2512873065746869,3.6914915568786455e-14,0.358062958,0.589952792
rand_spd,4096,636,0.251340928947326,0.25134092894728916,3.68594044175552e-14,0.353811375,0.587113083
rand_spd,4096,637,0.25134176755952703,0.2513417675594901,3.6914915568786455e-14,0.353633709,0.58293875
rand_spd,4096,638,0.2513101644598952,0.25131016445985827,3.6914915568786455e-14,0.363224791,0.591386334
rand_spd,4096,639,0.2514349250830747,0.25143492508303783,3.68594044175552e-14,0.355019208,0.581385958
rand_spd,4096,640,0.2513783056142625,0.25137830561422564,3.68594044175552e-14,0.356296417,0.590749416
rand_spd,4096,641,0.25124491552184697,0.25124491552181,3.697042672001771e-14,0.352382125,0.586491125
rand_spd,4096,642,0.25139032018258295,0.2513903201825461,3.68594044175552e-14,0.360232167,0.580346833
rand_spd,4096,643,0.25143586065927187,0.2514358606592349,3.697042672001771e-14,0.354829,0.58110175
rand_spd,4096,644,0.25137620200166116,0.2513762020016242,3.697042672001771e-14,0.354873667,0.5870535
rand_spd,4096,645,0.25128318798899846,0.25128318798896165,3.680389326632394e-14,0.361359083,0.588143917
rand_spd,4096,646,0.2514313327580659,0.25143133275802904,3.68594044175552e-14,0.354820833,0.582257333
rand_spd,4096,647,0.2514627917982179,0.2514627917981809,3.702593787124897e-14,0.355296209,0.5885595
rand_spd,4096,648,0.2514518248056458,0.2514518248056089,3.6914915568786455e-14,0.355938,0.587532833
rand_spd,4096,649,0.2514466607735936,0.2514466607735566,3.702593787124897e-14,0.386591959,0.580648166
rand_spd,4096,650,0.25131848900717807,0.2513184890071411,3.697042672001771e-14,0.356859834,0.586454834
rand_spd,4096,651,0.2513418562356555,0.25134185623561867,3.68594044175552e-14,0.356723167,0.582695667
rand_spd,4096,652,0.2513295912586152,0.2513295912585783,3.6914915568786455e-14,0.354702292,0.584088042
rand_spd,4096,653,0.2512958633331228,0.25129586333308596,3.68594044175552e-14,0.356983041,0.584963125
rand_spd,4096,654,0.2514014463493597,0.25140144634932277,3.6914915568786455e-14,0.357400541,0.580359125
rand_spd,4096,655,0.25150116142138607,0.25150116142134915,3.6914915568786455e-14,0.355264833,0.588945375
rand_spd,4096,656,0.2513784396245477,0.25137843962451084,3.68594044175552e-14,0.357916125,0.578991375
rand_spd,4096,657,0.2513679369582586,0.25136793695822174,3.68594044175552e-14,0.355358666,0.588618917
rand_spd,4096,658,0.2514629281748077,0.25146292817477073,3.697042672001771e-14,0.36052925,0.587562666
rand_spd,4096,659,0.25137393647275225,0.2513739364727154,3.68594044175552e-14,0.355423125,0.581622083
rand_spd,4096,660,0.2513594101204711,0.2513594101204342,3.68594044175552e-14,0.355532958,0.58393325
rand_spd,4096,661,0.25155366919021005,0.2515536691901732,3.68594044175552e-14,0.354430458,0.598845916
rand_spd,4096,662,0.25139097628451584,0.251390976284479,3.68594044175552e-14,0.350693875,0.581916791
rand_spd,4096,663,0.2513287805307027,0.2513287805306658,3.68594044175552e-14,0.353391333,0.594300833
rand_spd,4096,664,0.25139176839598415,0.25139176839594723,3.6914915568786455e-14,0.353886667,0.580445583
rand_spd,4096,665,0.25129336247706807,0.2512933624770311,3.697042672001771e-14,0.357739584,0.587061083
rand_spd,4096,666,0.2514012180873988,0.25140121808736177,3.702593787124897e-14,0.35002925,0.585816208
rand_spd,4096,667,0.25139873596484646,0.25139873596480955,3.6914915568786455e-14,0.360204792,0.584109834
rand_spd,4096,668,0.2512295171528256,0.2512295171527888,3.680389326632394e-14,0.353787083,0.585214292
rand_spd,4096,669,0.25139998728764346,0.25139998728760654,3.6914915568786455e-14,0.359731708,0.587146833
rand_spd,4096,670,0.25137947330162835,0.25137947330159144,3.6914915568786455e-14,0.352373542,0.582902208
rand_spd,4096,671,0.25141848278541185,0.2514184827853749,3.697042672001771e-14,0.355286375,0.578799666
rand_spd,4096,672,0.2513872502555956,0.2513872502555586,3.702593787124897e-14,0.35552375,0.582253541
rand_spd,4096,673,0.2513375324692099,0.25133753246917306,3.68594044175552e-14,0.358130916,0.585731
rand_spd,4096,674,0.2514237282318872,0.2514237282318502,3.697042672001771e-14,0.358404875,0.581847709
rand_spd,4096,675,0.2513789069233732,0.25137890692333636,3.68594044175552e-14,0.357808208,0.586463167
rand_spd,4096,676,0.2514164078844556,0.25141640788441866,3.6914915568786455e-14,0.350077958,0.582467667
rand_spd,4096,677,0.25135018248540414,0.25135018248536717,3.697042672001771e-14,0.357148625,0.585780125
rand_spd,4096,678,0.2514610333808542,0.2514610333808173,3.68594044175552e-14,0.356335125,0.584725833
rand_spd,4096,679,0.25144982451506437,0.25144982451502745,3.6914915568786455e-14,0.356980958,0.584410083
rand_spd,4096,680,0.2513484453010937,0.25134844530105677,3.6914915568786455e-14,0.355164166,0.592291875
rand_spd,4096,681,0.2514102595269893,0.2514102595269524,3.6914915568786455e-14,0.35020125,0.589979792
rand_spd,4096,682,0.2513596453562883,0.2513596453562514,3.6914915568786455e-14,0.354048625,0.585833333
rand_spd,4096,683,0.25141280991063086,0.25141280991059384,3.702593787124897e-14,0.354144625,0.580673833
rand_spd,4096,684,0.25142922516511623,0.2514292251650794,3.68594044175552e-14,0.3566675,0.592878708
rand_spd,4096,685,0.2513685131944717,0.2513685131944347,3.697042672001771e-14,0.354574042,0.585047041
rand_spd,4096,686,0.251261434887468,0.2512614348874312,3.680389326632394e-14,0.359236542,0.583129
rand_spd,4096,687,0.25145967883981024,0.2514596788397733,3.6914915568786455e-14,0.358569917,0.592753042
rand_spd,4096,688,0.25137182770763716,0.25137182770760025,3.6914915568786455e-14,0.355863667,0.585482125
rand_spd,4096,689,0.2515674832851472,0.2515674832851103,3.6914915568786455e-14,0.35386275,0.585117208
rand_spd,4096,690,0.25143480010629765,0.2514348001062608,3.68594044175552e-14,0.35733525,0.584347875
rand_spd,4096,691,0.25133737875632806,0.2513373787562911,3.697042672001771e-14,0.355082291,0.593614375
rand_spd,4096,692,0.25136214570173404,0.2513621457016971,3.6914915568786455e-14,0.354763666,0.59668575
rand_spd,4096,693,0.25136076938852586,0.25136076938848895,3.6914915568786455e-14,0.352982792,0.586713375
rand_spd,4096,694,0.25138263316663567,0.25138263316659876,3.6914915568786455e-14,0.353637167,0.584977375
rand_spd,4096,695,0.25141424215853864,0.2514142421585018,3.68594044175552e-14,0.371344083,0.594683625
rand_spd,4096,696,0.25143513443941845,0.25143513443938154,3.6914915568786455e-14,0.361645459,0.58627075
rand_spd,4096,697,0.25142391264161584,0.2514239126415789,3.697042672001771e-14,0.352197334,0.591077041
rand_spd,4096,698,0.25137500726976536,0.2513750072697285,3.68594044175552e-14,0.358060875,0.587011709
rand_spd,4096,699,0.25131461227410107,0.2513146122740641,3.697042672001771e-14,0.356883333,0.583341292
rand_spd,4096,700,0.25130602330119856,0.25130602330116164,3.6914915568786455e-14,0.3562175,0.590182375
rand_spd,4096,701,0.2513592784531643,0.2513592784531274,3.6914915568786455e-14,0.36035675,0.63697725
rand_spd,4096,702,0.25140448233157836,0.25140448233154133,3.702593787124897e-14,0.355908292,0.58593275
rand_spd,4096,703,0.25127893438660914,0.25127893438657223,3.6914915568786455e-14,0.360810167,0.589641958
rand_spd,4096,704,0.2512836512672214,0.2512836512671844,3.702593787124897e-14,0.35597425,0.582012292
rand_spd,4096,705,0.2512961521338345,0.2512961521337976,3.6914915568786455e-14,0.355379208,0.596901875
rand_spd,4096,706,0.25138463087216106,0.25138463087212415,3.6914915568786455e-14,0.355084375,0.5817555
rand_spd,4096,707,0.2513383999191339,0.2513383999190971,3.680389326632394e-14,0.359779958,0.594148667
rand_spd,4096,708,0.2513745439970238,0.25137454399698694,3.68594044175552e-14,0.35606775,0.580965166
rand_spd,4096,709,0.25135660071922683,0.2513566007191899,3.6914915568786455e-14,0.358273,0.588004333
rand_spd,4096,710,0.25134656380880294,0.251346563808766,3.6914915568786455e-14,0.356370583,0.588804792
rand_spd,4096,711,0.25135730828508746,0.2513573082850507,3.674838211509268e-14,0.352240708,0.586853125
rand_spd,4096,712,0.2513108262383679,0.25131082623833106,3.68594044175552e-14,0.355130375,0.587938042
rand_spd,4096,713,0.2513133059113757,0.2513133059113388,3.68594044175552e-14,0.355414583,0.581390042
rand_spd,4096,714,0.2514521359839691,0.25145213598393207,3.702593787124897e-14,0.363990583,0.586148084
rand_spd,4096,715,0.251482903547885,0.251482903547848,3.697042672001771e-14,0.359287583,0.5833335
rand_spd,4096,716,0.25132614676526494,0.2513261467652281,3.68594044175552e-14,0.358028625,0.578621041
rand_spd,4096,717,0.2514041709242023,0.25140417092416545,3.68594044175552e-14,0.354684417,0.58050775
rand_spd,4096,718,0.2513266435214793,0.25132664352144246,3.68594044175552e-14,0.354193,0.584596208
rand_spd,4096,719,0.25140235839952246,0.25140235839948555,3.6914915568786455e-14,0.350805416,0.584341917
rand_spd,4096,720,0.25141659478012485,0.25141659478008793,3.6914915568786455e-14,0.351935167,0.58764625
rand_spd,4096,721,0.25138019659571326,0.25138019659567634,3.6914915568786455e-14,0.357543,0.586260333
rand_spd,4096,722,0.25146118979645277,0.2514611897964159,3.68594044175552e-14,0.360595458,0.5799945
rand_spd,4096,723,0.25135411722074646,0.2513541172207094,3.708144902248023e-14,0.357022667,0.588746334
rand_spd,4096,724,0.2514548017653757,0.2514548017653388,3.6914915568786455e-14,0.351621042,0.584684583
rand_spd,4096,725,0.2514071635021143,0.25140716350207737,3.6914915568786455e-14,0.355483083,0.594389875
rand_spd,4096,726,0.2513607533255117,0.25136075332547486,3.68594044175552e-14,0.354644334,0.58453975
rand_spd,4096,727,0.25131739883804755,0.2513173988380107,3.68594044175552e-14,0.352650583,0.590025959
rand_spd,4096,728,0.251286122939882,0.25128612293984515,3.68594044175552e-14,0.352616834,0.591155667
rand_spd,4096,729,0.2514578271297871,0.25145782712975023,3.68594044175552e-14,0.3559095,0.583143208
rand_spd,4096,730,0.2515195137851419,0.25151951378510495,3.697042672001771e-14,0.35189525,0.58940225
rand_spd,4096,731,0.25135380877244845,0.2513538087724116,3.68594044175552e-14,0.353800375,0.585034416
rand_spd,4096,732,0.25134971079441354,0.2513497107943766,3.6914915568786455e-14,0.352925,0.5805305
rand_spd,4096,733,0.25136296638294164,0.2513629663829048,3.68594044175552e-14,0.352280333,0.600378125
rand_spd,4096,734,0.25135185025377776,0.2513518502537408,3.697042672001771e-14,0.355045458,0.592021208
rand_spd,4096,735,0.25131136348763916,0.25131136348760225,3.6914915568786455e-14,0.358240125,0.585299459
rand_spd,4096,736,0.25140193662957283,0.2514019366295359,3.6914915568786455e-14,0.356092791,0.59329225
rand_spd,4096,737,0.2513543157798383,0.2513543157798013,3.702593787124897e-14,0.360183541,0.585515042
rand_spd,4096,738,0.2514105495143392,0.2514105495143024,3.680389326632394e-14,0.36134125,0.581781625
rand_spd,4096,739,0.2512874571042392,0.25128745710420236,3.68594044175552e-14,0.352467959,0.59240725
rand_spd,4096,740,0.25142771368098715,0.2514277136809501,3.702593787124897e-14,0.3503315,0.585713667
rand_spd,4096,741,0.25145378901449433,0.2514537890144574,3.6914915568786455e-14,0.3489915,0.584090458
rand_spd,4096,742,0.25148606156723635,0.25148606156719944,3.6914915568786455e-14,0.351231125,0.589372
rand_spd,4096,743,0.2513493038453191,0.25134930384528226,3.68594044175552e-14,0.351717459,0.597264209
rand_spd,4096,744,0.2513176367342444,0.25131763673420743,3.697042672001771e-14,0.355418125,0.580044417
rand_spd,4096,745,0.25138719818658806,0.2513871981865512,3.68594044175552e-14,0.353584541,0.581532959
rand_spd,4096,746,0.25135245237332193,0.25135245237328513,3.680389326632394e-14,0.35576325,0.583825375
rand_spd,4096,747,0.2514606204240945,0.25146062042405753,3.697042672001771e-14,0.3512125,0.581501208
rand_spd,4096,748,0.2514168072127184,0.2514168072126815,3.6914915568786455e-14,0.35374025,0.585504958
rand_spd,4096,749,0.2513067142018651,0.2513067142018282,3.6914915568786455e-14,0.352979125,0.587541209
rand_spd,4096,750,0.25135827828672413,0.2513582782866873,3.68594044175552e-14,0.350867459,0.581906875
rand_spd,4096,751,0.25132273236104646,0.2513227323610096,3.68594044175552e-14,0.351274417,0.581094125
rand_spd,4096,752,0.2514328798403714,0.2514328798403345,3.68594044175552e-14,0.353678625,0.578543917
rand_spd,4096,753,0.2513231931166992,0.2513231931166623,3.6914915568786455e-14,0.349965834,0.58474925
rand_spd,4096,754,0.25140661915235624,0.2514066191523194,3.68594044175552e-14,0.35327125,0.58702775
rand_spd,4096,755,0.25142379503227746,0.2514237950322405,3.697042672001771e-14,0.352725042,0.610661125
rand_spd,4096,756,0.25136868922488115,0.25136868922484423,3.6914915568786455e-14,0.352343708,0.581181
rand_spd,4096,757,0.2513858779260946,0.2513858779260577,3.6914915568786455e-14,0.349104042,0.5806595
rand_spd,4096,758,0.2512922831483105,0.25129228314827357,3.6914915568786455e-14,0.352699708,0.587184875
rand_spd,4096,759,0.25143814480729804,0.2514381448072611,3.6914915568786455e-14,0.351180125,0.584132
rand_spd,4096,760,0.25142698304056565,0.25142698304052874,3.6914915568786455e-14,0.357473209,0.582157875
rand_spd,4096,761,0.25147965357052937,0.2514796535704924,3.697042672001771e-14,0.354162083,0.58725975
rand_spd,4096,762,0.2514371250964916,0.2514371250964546,3.697042672001771e-14,0.359736084,0.581227709
rand_spd,4096,763,0.25135862050436153,0.2513586205043246,3.6914915568786455e-14,0.359640333,0.578572375
rand_spd,4096,764,0.25146222186889183,0.251462221868855,3.68594044175552e-14,0.354746833,0.581975875
rand_spd,4096,765,0.25131143595700095,0.2513114359569641,3.68594044175552e-14,0.356146083,0.587139792
rand_spd,4096,766,0.2514760408369866,0.2514760408369497,3.6914915568786455e-14,0.349628334,0.58221325
rand_spd,4096,767,0.25132704452833377,0.25132704452829674,3.702593787124897e-14,0.347634917,0.596189542
rand_spd,4096,768,0.2513164281257182,0.2513164281256813,3.6914915568786455e-14,0.359686083,0.584955875
rand_spd,4096,769,0.2513843747049674,0.2513843747049305,3.68594044175552e-14,0.353328625,0.589101041
rand_spd,4096,770,0.25144788981013205,0.2514478898100951,3.697042672001771e-14,0.35504975,0.583408583
rand_spd,4096,771,0.2513057824707506,0.25130578247071367,3.6914915568786455e-14,0.35298225,0.589826375
rand_spd,4096,772,0.25135319305522946,0.25135319305519255,3.6914915568786455e-14,0.352071958,0.590919625
rand_spd,4096,773,0.25138985342904924,0.2513898534290123,3.6914915568786455e-14,0.355830708,0.580668791
rand_spd,4096,774,0.2514603113896652,0.25146031138962827,3.6914915568786455e-14,0.352034916,0.583399292
rand_spd,4096,775,0.2513291493021814,0.2513291493021445,3.6914915568786455e-14,0.35563125,0.588600125
rand_spd,4096,776,0.25128744597206404,0.25128744597202707,3.697042672001771e-14,0.354339625,0.590131709
rand_spd,4096,777,0.2513833898396335,0.25138338983959657,3.6914915568786455e-14,0.353430583,0.582834
rand_spd,4096,778,0.2513828064402051,0.2513828064401682,3.6914915568786455e-14,0.353590916,0.5817685
rand_spd,4096,779,0.25123318976493797,0.2512331897649011,3.68594044175552e-14,0.364625583,0.586227625
rand_spd,4096,780,0.25148246603035473,0.2514824660303178,3.6914915568786455e-14,0.350180541,0.594337542
rand_spd,4096,781,0.2514255274427076,0.2514255274426707,3.68594044175552e-14,0.360459334,0.5859575
rand_spd,4096,782,0.25143849983327077,0.25143849983323385,3.6914915568786455e-14,0.350292125,0.582334208
rand_spd,4096,783,0.2513338254463537,0.25133382544631677,3.6914915568786455e-14,0.355685708,0.587679916
rand_spd,4096,784,0.2513347937162249,0.251334793716188,3.6914915568786455e-14,0.351133959,0.58169775
rand_spd,4096,785,0.2512992062013594,0.25129920620132246,3.697042672001771e-14,0.355392125,0.585856958
rand_spd,4096,786,0.2513340460334131,0.25133404603337617,3.6914915568786455e-14,0.358903167,0.588970833
rand_spd,4096,787,0.25132460724703837,0.2513246072470015,3.68594044175552e-14,0.354118709,0.586021041
rand_spd,4096,788,0.2514601916673455,0.25146019166730865,3.68594044175552e-14,0.36259,0.597818834
rand_spd,4096,789,0.25130004710344905,0.2513000471034122,3.68594044175552e-14,0.363262875,0.5971855
rand_spd,4096,790,0.2514117574591441,0.2514117574591071,3.702593787124897e-14,0.364529792,0.592295541
rand_spd,4096,791,0.2513363111557898,0.25133631115575295,3.68594044175552e-14,0.363548875,0.582021875
rand_spd,4096,792,0.2513762662580688,0.25137626625803183,3.697042672001771e-14,0.354387875,0.584368291
rand_spd,4096,793,0.2513763036429135,0.2513763036428766,3.6914915568786455e-14,0.355727875,0.585339917
rand_spd,4096,794,0.25142169075865656,0.2514216907586197,3.68594044175552e-14,0.347609083,0.58977025
rand_spd,4096,795,0.2513358892113417,0.25133588921130473,3.697042672001771e-14,0.352389917,0.587599417
rand_spd,4096,796,0.2513172796381271,0.25131727963809025,3.68594044175552e-14,0.35974725,0.588053166
rand_spd,4096,797,0.25142437476116075,0.2514243747611238,3.697042672001771e-14,0.353983209,0.58315175
rand_spd,4096,798,0.2513859077975631,0.2513859077975261,3.697042672001771e-14,0.354482041,0.584692
rand_spd,4096,799,0.2513760816389526,0.25137608163891567,3.6914915568786455e-14,0.3530225,0.57925175
rand_spd,4096,800,0.2513393583933379,0.251339358393301,3.68594044175552e-14,0.355285167,0.584236791
rand_spd,4096,801,0.25130921205935103,0.2513092120593141,3.6914915568786455e-14,0.35985025,0.584027291
rand_spd,4096,802,0.2513495264466421,0.2513495264466052,3.6914915568786455e-14,0.356158333,0.58516925
rand_spd,4096,803,0.25136974187426886,0.2513697418742319,3.697042672001771e-14,0.362684875,0.576801542
rand_spd,4096,804,0.25137712144975155,0.25137712144971464,3.6914915568786455e-14,0.355322625,0.586718708
rand_spd,4096,805,0.25146856654336497,0.251468566543328,3.697042672001771e-14,0.383863625,0.597634208
rand_spd,4096,806,0.2513580417718561,0.25135804177181914,3.697042672001771e-14,0.359911417,0.580755083
rand_spd,4096,807,0.2513581377167665,0.2513581377167297,3.680389326632394e-14,0.348797625,0.584800125
rand_spd,4096,808,0.2514627846761915,0.2514627846761545,3.697042672001771e-14,0.359087,0.588308333
rand_spd,4096,809,0.2512866330372306,0.25128663303719373,3.68594044175552e-14,0.353125875,0.576519
rand_spd,4096,810,0.25143621178242653,0.2514362117823896,3.6914915568786455e-14,0.351870917,0.579168916
rand_spd,4096,811,0.2513993298690617,0.25139932986902475,3.697042672001771e-14,0.34985925,0.579654834
rand_spd,4096,812,0.25142266006863034,0.2514226600685935,3.68594044175552e-14,0.352890667,0.582468833
rand_spd,4096,813,0.2513319187190142,0.2513319187189773,3.6914915568786455e-14,0.355378708,0.584790042
rand_spd,4096,814,0.2514148998346759,0.2514148998346391,3.680389326632394e-14,0.352433583,0.578314209
rand_spd,4096,815,0.25126780273727023,0.25126780273723337,3.68594044175552e-14,0.375454667,0.600899667
rand_spd,4096,816,0.25142892006052603,0.25142892006048906,3.697042672001771e-14,0.34831125,0.580778875
rand_spd,4096,817,0.25137265618188265,0.2513726561818457,3.697042672001771e-14,0.34494125,0.585336166
rand_spd,4096,818,0.25136077655585154,0.25136077655581457,3.697042672001771e-14,0.351609625,0.576826625
rand_spd,4096,819,0.2514553140713537,0.25145531407131666,3.702593787124897e-14,0.354002083,0.580419708
rand_spd,4096,820,0.2514755850089727,0.25147558500893585,3.68594044175552e-14,0.350401375,0.583640209
rand_spd,4096,821,0.2514152570809707,0.25141525708093376,3.6914915568786455e-14,0.34996825,0.588181208
rand_spd,4096,822,0.25146594728932375,0.25146594728928673,3.702593787124897e-14,0.350834,0.581917958
rand_spd,4096,823,0.25126406204744806,0.2512640620474111,3.697042672001771e-14,0.351949541,0.577845708
rand_spd,4096,824,0.2512671576784126,0.25126715767837576,3.68594044175552e-14,0.352768917,0.592752333
rand_spd,4096,825,0.2512896245046928,0.2512896245046559,3.68594044175552e-14,0.353839416,0.583450084
rand_spd,4096,826,0.2514061458671646,0.2514061458671277,3.6914915568786455e-14,0.354134625,0.577392292
rand_spd,4096,827,0.25142495405322923,0.25142495405319226,3.697042672001771e-14,0.351357916,0.580476459
rand_spd,4096,828,0.25135649367150886,0.25135649367147195,3.6914915568786455e-14,0.352994167,0.581551125
rand_spd,4096,829,0.25140180777362636,0.2514018077735894,3.697042672001771e-14,0.347815708,0.574265708
rand_spd,4096,830,0.2513987462160065,0.25139874621596964,3.68594044175552e-14,0.354447209,0.581826916
rand_spd,4096,831,0.25143896870794386,0.2514389687079069,3.697042672001771e-14,0.350326,0.584704625
rand_spd,4096,832,0.25139521390098657,0.25139521390094965,3.6914915568786455e-14,0.34736725,0.584374375
rand_spd,4096,833,0.25150138790252935,0.2515013879024924,3.697042672001771e-14,0.347884167,0.583331875
rand_spd,4096,834,0.25132231215230955,0.25132231215227263,3.6914915568786455e-14,0.353289209,0.577658667
rand_spd,4096,835,0.2513516661791586,0.2513516661791217,3.6914915568786455e-14,0.346733792,0.586822916
rand_spd,4096,836,0.251252578584301,0.25125257858426414,3.68594044175552e-14,0.346990709,0.572336333
rand_spd,4096,837,0.2513310904420492,0.2513310904420123,3.6914915568786455e-14,0.349497084,0.577478459
rand_spd,4096,838,0.25140674942851854,0.2514067494284816,3.6914915568786455e-14,0.346742208,0.575368875
rand_spd,4096,839,0.2513330685741741,0.25133306857413723,3.68594044175552e-14,0.348569916,0.575975917
rand_spd,4096,840,0.2513966300229456,0.2513966300229087,3.6914915568786455e-14,0.363474458,0.586955375
rand_spd,4096,841,0.2515017916887532,0.2515017916887164,3.680389326632394e-14,0.350782792,0.576193708
rand_spd,4096,842,0.25142287295336846,0.25142287295333154,3.6914915568786455e-14,0.344615917,0.582956542
rand_spd,4096,843,0.25137927916204544,0.25137927916200853,3.6914915568786455e-14,0.354171167,0.594580333
rand_spd,4096,844,0.2513679389440747,0.2513679389440378,3.6914915568786455e-14,0.345213042,0.584317333
rand_spd,4096,845,0.2513550596972863,0.25135505969724936,3.6914915568786455e-14,0.351524416,0.575205834
rand_spd,4096,846,0.25141482230170303,0.2514148223016662,3.68594044175552e-14,0.351935167,0.580769542
rand_spd,4096,847,0.2513284236933366,0.2513284236932996,3.697042672001771e-14,0.348280708,0.583773417
rand_spd,4096,848,0.25134031144110097,0.25134031144106406,3.6914915568786455e-14,0.348297333,0.571846542
rand_spd,4096,849,0.25138621371487957,0.2513862137148427,3.68594044175552e-14,0.347998584,0.577489416
rand_spd,4096,850,0.25135793497570763,0.25135793497567066,3.697042672001771e-14,0.348995958,0.58099075
rand_spd,4096,851,0.25136034098937515,0.2513603409893383,3.68594044175552e-14,0.352509875,0.580691917
rand_spd,4096,852,0.2514202894583028,0.2514202894582659,3.6914915568786455e-14,0.358866416,0.575885959
rand_spd,4096,853,0.25143140451234064,0.2514314045123038,3.68594044175552e-14,0.347987875,0.571359333
rand_spd,4096,854,0.25135390845030375,0.2513539084502668,3.697042672001771e-14,0.348862166,0.579176417
rand_spd,4096,855,0.2513595928755647,0.2513595928755277,3.697042672001771e-14,0.348822291,0.577226834
rand_spd,4096,856,0.25138473669402966,0.25138473669399275,3.6914915568786455e-14,0.346245,0.577376875
rand_spd,4096,857,0.25139842409982904,0.25139842409979213,3.6914915568786455e-14,0.345999708,0.579089667
rand_spd,4096,858,0.2513918978505371,0.25139189785050026,3.68594044175552e-14,0.345378042,0.571827708
rand_spd,4096,859,0.251452402679147,0.25145240267911007,3.6914915568786455e-14,0.353464916,0.582914459
rand_spd,4096,860,0.25139911901862,0.25139911901858314,3.68594044175552e-14,0.349922125,0.588320083
rand_spd,4096,861,0.25140800602205265,0.2514080060220158,3.68594044175552e-14,0.347108625,0.575066458
rand_spd,4096,862,0.2513169792465725,0.25131697924653545,3.702593787124897e-14,0.349962916,0.581022917
rand_spd,4096,863,0.2513727300748912,0.25137273007485433,3.68594044175552e-14,0.353466292,0.576844375
rand_spd,4096,864,0.25143113957420554,0.2514311395741686,3.6914915568786455e-14,0.35242175,0.58151975
rand_spd,4096,865,0.25137519566984645,0.25137519566980954,3.6914915568786455e-14,0.348848458,0.581635042
rand_spd,4096,866,0.251439483910541,0.2514394839105041,3.6914915568786455e-14,0.349254458,0.581066958
rand_spd,4096,867,0.2513174859299731,0.2513174859299362,3.6914915568786455e-14,0.3482855,0.582479666
rand_spd,4096,868,0.2514297380229195,0.25142973802288265,3.68594044175552e-14,0.351067916,0.577888875
rand_spd,4096,869,0.2513465031997029,0.25134650319966606,3.68594044175552e-14,0.347184542,0.581116541
rand_spd,4096,870,0.25145337443272825,0.2514533744326914,3.68594044175552e-14,0.348289125,0.581839625
rand_spd,4096,871,0.25130889996638656,0.25130889996634953,3.702593787124897e-14,0.35220425,0.587399791
rand_spd,4096,872,0.2514927780820647,0.2514927780820278,3.6914915568786455e-14,0.350971417,0.578975041
rand_spd,4096,873,0.25141014080262736,0.2514101408025904,3.697042672001771e-14,0.3492975,0.583413917
rand_spd,4096,874,0.2512485049943443,0.25124850499430745,3.68594044175552e-14,0.355901042,0.578204166
rand_spd,4096,875,0.25142781932478836,0.25142781932475144,3.6914915568786455e-14,0.344857625,0.581630542
rand_spd,4096,876,0.2513924155892418,0.25139241558920483,3.697042672001771e-14,0.349853625,0.584971625
rand_spd,4096,877,0.25137394807766317,0.25137394807762625,3.6914915568786455e-14,0.35061325,0.578875625
rand_spd,4096,878,0.2514202402864137,0.2514202402863769,3.680389326632394e-14,0.351835625,0.582238
rand_spd,4096,879,0.251443380762877,0.25144338076284006,3.6914915568786455e-14,0.348924709,0.581357208
rand_spd,4096,880,0.2514672307127997,0.25146723071276283,3.68594044175552e-14,0.349702125,0.577075958
rand_spd,4096,881,0.2513212345152999,0.251321234515263,3.6914915568786455e-14,0.347195667,0.579084
rand_spd,4096,882,0.25149027312498734,0.2514902731249504,3.6914915568786455e-14,0.354325042,0.576338416
rand_spd,4096,883,0.2513188347942524,0.2513188347942154,3.697042672001771e-14,0.364248875,0.574794834
rand_spd,4096,884,0.25135143739233545,0.25135143739229854,3.6914915568786455e-14,0.351612958,0.575604792
rand_spd,4096,885,0.2513929343248991,0.25139293432486215,3.697042672001771e-14,0.350195166,0.575062542
rand_spd,4096,886,0.2512544878556066,0.25125448785556975,3.68594044175552e-14,0.347080333,0.579695084
rand_spd,4096,887,0.2513452065893344,0.25134520658929743,3.697042672001771e-14,0.349317375,0.571937542
rand_spd,4096,888,0.25152266150150376,0.25152266150146685,3.6914915568786455e-14,0.348789208,0.583421833
rand_spd,4096,889,0.25149598889777325,0.25149598889773633,3.6914915568786455e-14,0.350242834,0.579578083
rand_spd,4096,890,0.2514425736565974,0.2514425736565605,3.6914915568786455e-14,0.347168208,0.577015416
rand_spd,4096,891,0.25132010945783656,0.2513201094577997,3.68594044175552e-14,0.347120667,0.582826292
rand_spd,4096,892,0.2513751780307152,0.25137517803067827,3.6914915568786455e-14,0.351197917,0.581066167
rand_spd,4096,893,0.2513685270086912,0.25136852700865425,3.697042672001771e-14,0.352702334,0.590480834
rand_spd,4096,894,0.25132853765432706,0.25132853765429014,3.6914915568786455e-14,0.347962875,0.578470958
rand_spd,4096,895,0.2513935354436662,0.2513935354436293,3.6914915568786455e-14,0.344824417,0.575421708
rand_spd,4096,896,0.25137236980039485,0.251372369800358,3.68594044175552e-14,0.34641125,0.576052541
rand_spd,4096,897,0.2513932224530086,0.25139322245297163,3.697042672001771e-14,0.353010958,0.578846583
rand_spd,4096,898,0.2514487464961663,0.2514487464961293,3.697042672001771e-14,0.3533275,0.585814625
rand_spd,4096,899,0.25131954077416646,0.2513195407741296,3.68594044175552e-14,0.353098042,0.581113625
rand_spd,4096,900,0.2512457183035249,0.251245718303488,3.68594044175552e-14,0.3506415,0.581008333
rand_spd,4096,901,0.2512767956821752,0.2512767956821383,3.6914915568786455e-14,0.354378,0.581605042
rand_spd,4096,902,0.25134072979382527,0.25134072979378835,3.6914915568786455e-14,0.347353541,0.583113
rand_spd,4096,903,0.25135786548871203,0.25135786548867506,3.697042672001771e-14,0.359962583,0.578242875
rand_spd,4096,904,0.2513220119920417,0.2513220119920047,3.697042672001771e-14,0.347202208,0.5795935
rand_spd,4096,905,0.251365678654987,0.25136567865495013,3.68594044175552e-14,0.35050475,0.582756334
rand_spd,4096,906,0.25152290062360155,0.2515229006235646,3.697042672001771e-14,0.352351209,0.585930417
rand_spd,4096,907,0.251383408661264,0.25138340866122705,3.697042672001771e-14,0.352457916,0.602602625
rand_spd,4096,908,0.2513878191217267,0.25138781912168984,3.68594044175552e-14,0.350308125,0.580953625
rand_spd,4096,909,0.25137713644967313,0.2513771364496363,3.68594044175552e-14,0.345726875,0.58530425
rand_spd,4096,910,0.2513514987026056,0.2513514987025687,3.6914915568786455e-14,0.354930833,0.576050958
rand_spd,4096,911,0.2513042100123833,0.2513042100123465,3.680389326632394e-14,0.345453166,0.574854542
rand_spd,4096,912,0.2514618533872642,0.25146185338722726,3.6914915568786455e-14,0.35156225,0.584801791
rand_spd,4096,913,0.2512724572983538,0.2512724572983169,3.6914915568786455e-14,0.348436542,0.58186175
rand_spd,4096,914,0.251352825588301,0.25135282558826416,3.68594044175552e-14,0.349175875,0.589513291
rand_spd,4096,915,0.25136495083283966,0.2513649508328027,3.697042672001771e-14,0.347322583,0.582720917
rand_spd,4096,916,0.2515083746346274,0.25150837463459047,3.6914915568786455e-14,0.3514235,0.574044875
rand_spd,4096,917,0.2513882243194522,0.25138822431941527,3.6914915568786455e-14,0.350749334,0.57625125
rand_spd,4096,918,0.25147642046381247,0.2514764204637755,3.697042672001771e-14,0.348797167,0.577478292
rand_spd,4096,919,0.25147003886621894,0.2514700388661821,3.68594044175552e-14,0.348499125,0.578529875
rand_spd,4096,920,0.25132216383011713,0.2513221638300801,3.702593787124897e-14,0.351376208,0.585273666
rand_spd,4096,921,0.2514787486405237,0.25147874864048675,3.697042672001771e-14,0.346898125,0.578054958
rand_spd,4096,922,0.25145157145487174,0.2514515714548349,3.68594044175552e-14,0.348566417,0.586583208
rand_spd,4096,923,0.2514001807490882,0.2514001807490513,3.6914915568786455e-14,0.355831125,0.578874916
rand_spd,4096,924,0.2514459213476485,0.25144592134761157,3.6914915568786455e-14,0.3440955,0.576924
rand_spd,4096,925,0.25139178153110514,0.2513917815310683,3.68594044175552e-14,0.348897291,0.58471575
rand_spd,4096,926,0.25134853698578247,0.2513485369857456,3.68594044175552e-14,0.348154,0.587024
rand_spd,4096,927,0.25134418753238896,0.25134418753235205,3.6914915568786455e-14,0.352309417,0.576908583
rand_spd,4096,928,0.2514685364089309,0.251468536408894,3.6914915568786455e-14,0.354071458,0.575015708
rand_spd,4096,929,0.2512815023496664,0.25128150234962954,3.68594044175552e-14,0.353343792,0.582235416
rand_spd,4096,930,0.2513813666421031,0.25138136664206606,3.702593787124897e-14,0.351336541,0.578304709
rand_spd,4096,931,0.25134080022060495,0.2513408002205681,3.68594044175552e-14,0.353048708,0.57474525
rand_spd,4096,932,0.2514462696467239,0.2514462696466871,3.680389326632394e-14,0.350343458,0.579873709
rand_spd,4096,933,0.2513280210296699,0.25132802102963303,3.68594044175552e-14,0.355095917,0.587494833
rand_spd,4096,934,0.2515772421003147,0.25157724210027776,3.6914915568786455e-14,0.352146125,0.582952542
rand_spd,4096,935,0.251316189104853,0.2513161891048161,3.68594044175552e-14,0.3495285,0.580075541
rand_spd,4096,936,0.2514329674879403,0.2514329674879034,3.6914915568786455e-14,0.35035925,0.577963125
rand_spd,4096,937,0.2513626898258694,0.2513626898258325,3.6914915568786455e-14,0.347620625,0.578100167
rand_spd,4096,938,0.25141080006436767,0.25141080006433086,3.680389326632394e-14,0.348477917,0.577777083
rand_spd,4096,939,0.25128536997248196,0.2512853699724451,3.68594044175552e-14,0.351682792,0.586387458
rand_spd,4096,940,0.2513570069888857,0.25135700698884883,3.68594044175552e-14,0.349344041,0.583023625
rand_spd,4096,941,0.25132161908798606,0.2513216190879492,3.68594044175552e-14,0.348364917,0.579951208
rand_spd,4096,942,0.25142941702347305,0.2514294170234361,3.697042672001771e-14,0.350055958,0.583717917
rand_spd,4096,943,0.2514496980773813,0.25144969807734446,3.68594044175552e-14,0.351192333,0.609365042
rand_spd,4096,944,0.2513918147389958,0.2513918147389589,3.6914915568786455e-14,0.350231416,0.575654375
rand_spd,4096,945,0.2513507055142485,0.2513507055142116,3.68594044175552e-14,0.345776417,0.579155958
rand_spd,4096,946,0.25145161525267196,0.251451615252635,3.697042672001771e-14,0.354438333,0.578678334
rand_spd,4096,947,0.25133993672715355,0.25133993672711674,3.680389326632394e-14,0.351742208,0.577080167
rand_spd,4096,948,0.2513709104873462,0.25137091048730936,3.68594044175552e-14,0.351223125,0.58079175
rand_spd,4096,949,0.2513482998575253,0.25134829985748836,3.697042672001771e-14,0.356437459,0.567705042
rand_spd,4096,950,0.2513573318967173,0.25135733189668036,3.6914915568786455e-14,0.349313042,0.581835916
rand_spd,4096,951,0.2513923177348105,0.25139231773477355,3.697042672001771e-14,0.351720458,0.575386292
rand_spd,4096,952,0.25132281165179915,0.25132281165176223,3.6914915568786455e-14,0.355675,0.583589709
rand_spd,4096,953,0.25140848671061966,0.25140848671058275,3.6914915568786455e-14,0.349288208,0.57613975
rand_spd,4096,954,0.25138573603712056,0.2513857360370837,3.68594044175552e-14,0.351217375,0.582055917
rand_spd,4096,955,0.25127139542638544,0.2512713954263486,3.68594044175552e-14,0.347086125,0.59256525
rand_spd,4096,956,0.2513192743887773,0.2513192743887405,3.680389326632394e-14,0.351353625,0.590807333
rand_spd,4096,957,0.25121298175888357,0.25121298175884665,3.6914915568786455e-14,0.34969325,0.577512541
rand_spd,4096,958,0.2513258686402154,0.2513258686401785,3.6914915568786455e-14,0.345354459,0.578614459
rand_spd,4096,959,0.2513481078648639,0.2513481078648269,3.697042672001771e-14,0.350185375,0.574752583
rand_spd,4096,960,0.2514096730822692,0.2514096730822322,3.697042672001771e-14,0.346008541,0.580940417
rand_spd,4096,961,0.25138136006149786,0.2513813600614609,3.697042672001771e-14,0.351260792,0.5773725
rand_spd,4096,962,0.2513582215002382,0.2513582215002012,3.697042672001771e-14,0.346742958,0.575008625
rand_spd,4096,963,0.25132304694819435,0.2513230469481575,3.68594044175552e-14,0.352505417,0.583607958
rand_spd,4096,964,0.2514356160612004,0.25143561606116366,3.674838211509268e-14,0.353606708,0.574598708
rand_spd,4096,965,0.251243713956171,0.25124371395613415,3.68594044175552e-14,0.348791291,0.573788334
rand_spd,4096,966,0.2513953696602958,0.2513953696602589,3.6914915568786455e-14,0.347411792,0.583759125
rand_spd,4096,967,0.2512736243290511,0.2512736243290142,3.6914915568786455e-14,0.353048917,0.58242075
rand_spd,4096,968,0.25137818264516104,0.25137818264512407,3.697042672001771e-14,0.348682542,0.576985833
rand_spd,4096,969,0.2514522203313053,0.25145222033126835,3.697042672001771e-14,0.34734975,0.571724292
rand_spd,4096,970,0.2513829963204571,0.25138299632042005,3.702593787124897e-14,0.3488945,0.571385
rand_spd,4096,971,0.25141289448911397,0.251412894489077,3.697042672001771e-14,0.34746125,0.581344667
rand_spd,4096,972,0.25148677613786735,0.2514867761378304,3.697042672001771e-14,0.352179833,0.585477125
rand_spd,4096,973,0.2513630284462,0.2513630284461632,3.680389326632394e-14,0.354301042,0.57679275
rand_spd,4096,974,0.25141241278049503,0.2514124127804581,3.6914915568786455e-14,0.348670208,0.586002417
rand_spd,4096,975,0.25126044182504054,0.2512604418250036,3.6914915568786455e-14,0.346996125,0.576570625
rand_spd,4096,976,0.25140546858636775,0.25140546858633084,3.6914915568786455e-14,0.352608625,0.582723875
rand_spd,4096,977,0.25141070279226063,0.2514107027922238,3.68594044175552e-14,0.350036292,0.582571792
rand_spd,4096,978,0.251335890148994,0.25133589014895713,3.68594044175552e-14,0.353260333,0.581630292
rand_spd,4096,979,0.2512710116136297,0.2512710116135928,3.6914915568786455e-14,0.353662833,0.5776545
rand_spd,4096,980,0.2513727253940506,0.25137272539401373,3.68594044175552e-14,0.35690175,0.579809375
rand_spd,4096,981,0.25135856489649455,0.25135856489645764,3.6914915568786455e-14,0.350259667,0.573765583
rand_spd,4096,982,0.25116832158441893,0.25116832158438207,3.68594044175552e-14,0.346521833,0.56723
rand_spd,4096,983,0.25135475008678,0.2513547500867431,3.6914915568786455e-14,0.353490709,0.5711395
rand_spd,4096,984,0.2513901273744897,0.25139012737445277,3.6914915568786455e-14,0.355488625,0.580865
rand_spd,4096,985,0.251371069079815,0.25137106907977813,3.68594044175552e-14,0.34542925,0.582340959
rand_spd,4096,986,0.2512871641328009,0.251287164132764,3.6914915568786455e-14,0.352752,0.578636916
rand_spd,4096,987,0.25136926450223834,0.25136926450220143,3.6914915568786455e-14,0.356528375,0.579333708
rand_spd,4096,988,0.25150396072346387,0.251503960723427,3.68594044175552e-14,0.352216291,0.582385958
rand_spd,4096,989,0.2514702312985723,0.25147023129853546,3.68594044175552e-14,0.348631917,0.581759667
rand_spd,4096,990,0.2513704666303691,0.25137046663033213,3.697042672001771e-14,0.349210875,0.57590075
rand_spd,4096,991,0.2513717261740931,0.2513717261740562,3.6914915568786455e-14,0.345526833,0.580522917
rand_spd,4096,992,0.2514469842782931,0.25144698427825624,3.68594044175552e-14,0.349150417,0.575365958
rand_spd,4096,993,0.25149448444499173,0.2514944844449548,3.6914915568786455e-14,0.348458541,0.5742165
rand_spd,4096,994,0.2514595983508575,0.25145959835082066,3.68594044175552e-14,0.352192083,0.578402542
rand_spd,4096,995,0.2514545481092064,0.2514545481091695,3.6914915568786455e-14,0.34817725,0.580768959
rand_spd,4096,996,0.25133160718695224,0.25133160718691533,3.6914915568786455e-14,0.348086167,0.5765705
rand_spd,4096,997,0.25145026581147883,0.251450265811442,3.68594044175552e-14,0.349205375,0.583592917
rand_spd,4096,998,0.25136969860587405,0.2513696986058371,3.697042672001771e-14,0.348431083,0.58081225
rand_spd,4096,999,0.2514717712310251,0.2514717712309883,3.680389326632394e-14,0.352009958,0.580581333
rand_spd,4096,1000,0.25139591839816305,0.25139591839812614,3.6914915568786455e-14,0.346168792,0.574817416
mattern_cov1,64,1,0.25000000000000355,0.25000000000000355,0.0,0.002131333,0.005951208
mattern_cov1,64,2,0.25000000000000355,0.25000000000000355,0.0,0.002136875,0.005846667
mattern_cov1,64,3,0.25000000000000355,0.25000000000000355,0.0,0.0020825,0.00593225
mattern_cov1,64,4,0.25000000000000355,0.25000000000000355,0.0,0.00206725,0.005942791
mattern_cov1,64,5,0.25000000000000355,0.25000000000000355,0.0,0.002129208,0.005886208
mattern_cov1,64,6,0.25000000000000355,0.25000000000000355,0.0,0.002146542,0.00590575
mattern_cov1,64,7,0.25000000000000355,0.25000000000000355,0.0,0.002083625,0.0058625
mattern_cov1,64,8,0.25000000000000355,0.25000000000000355,0.0,0.001958416,0.005804958
mattern_cov1,64,9,0.25000000000000355,0.25000000000000355,0.0,0.002148667,0.005810459
mattern_cov1,64,10,0.25000000000000355,0.25000000000000355,0.0,0.002030708,0.005758958
mattern_cov1,64,11,0.25000000000000355,0.25000000000000355,0.0,0.002104625,0.005893708
mattern_cov1,64,12,0.25000000000000355,0.25000000000000355,0.0,0.002142958,0.005744875
mattern_cov1,64,13,0.25000000000000355,0.25000000000000355,0.0,0.002122792,0.005799166
mattern_cov1,64,14,0.25000000000000355,0.25000000000000355,0.0,0.002151792,0.005795416
mattern_cov1,64,15,0.25000000000000355,0.25000000000000355,0.0,0.002166208,0.005936708
mattern_cov1,64,16,0.25000000000000355,0.25000000000000355,0.0,0.00209425,0.005917917
mattern_cov1,64,17,0.25000000000000355,0.25000000000000355,0.0,0.002086208,0.005836958
mattern_cov1,64,18,0.25000000000000355,0.25000000000000355,0.0,0.002184459,0.005883125
mattern_cov1,64,19,0.25000000000000355,0.25000000000000355,0.0,0.002109667,0.005981291
mattern_cov1,64,20,0.25000000000000355,0.25000000000000355,0.0,0.002058875,0.005920917
mattern_cov1,64,21,0.25000000000000355,0.25000000000000355,0.0,0.002129375,0.005911167
mattern_cov1,64,22,0.25000000000000355,0.25000000000000355,0.0,0.002030083,0.005797542
mattern_cov1,64,23,0.25000000000000355,0.25000000000000355,0.0,0.002201625,0.007099458
mattern_cov1,64,24,0.25000000000000355,0.25000000000000355,0.0,0.002196667,0.005908292
mattern_cov1,64,25,0.25000000000000355,0.25000000000000355,0.0,0.001967708,0.005681375
mattern_cov1,64,26,0.25000000000000355,0.25000000000000355,0.0,0.002064334,0.005864625
mattern_cov1,64,27,0.25000000000000355,0.25000000000000355,0.0,0.0021475,0.00582625
mattern_cov1,64,28,0.25000000000000355,0.25000000000000355,0.0,0.001979459,0.005902083
mattern_cov1,64,29,0.25000000000000355,0.25000000000000355,0.0,0.002173875,0.005783791
mattern_cov1,64,30,0.25000000000000355,0.25000000000000355,0.0,0.002175792,0.0059315
mattern_cov1,64,31,0.25000000000000355,0.25000000000000355,0.0,0.002154375,0.005844083
mattern_cov1,64,32,0.25000000000000355,0.25000000000000355,0.0,0.0021995,0.005818875
mattern_cov1,64,33,0.25000000000000355,0.25000000000000355,0.0,0.002175542,0.005906041
mattern_cov1,64,34,0.25000000000000355,0.25000000000000355,0.0,0.002204416,0.005831917
mattern_cov1,64,35,0.25000000000000355,0.25000000000000355,0.0,0.003417375,0.006223084
mattern_cov1,64,36,0.25000000000000355,0.25000000000000355,0.0,0.002173458,0.005898334
mattern_cov1,64,37,0.25000000000000355,0.25000000000000355,0.0,0.002067584,0.005728583
mattern_cov1,64,38,0.25000000000000355,0.25000000000000355,0.0,0.001881208,0.005682917
mattern_cov1,64,39,0.25000000000000355,0.25000000000000355,0.0,0.002171042,0.005714375
mattern_cov1,64,40,0.25000000000000355,0.25000000000000355,0.0,0.0030535,0.005917209
mattern_cov1,64,41,0.25000000000000355,0.25000000000000355,0.0,0.002151584,0.005875708
mattern_cov1,64,42,0.25000000000000355,0.25000000000000355,0.0,0.001988166,0.005733834
mattern_cov1,64,43,0.25000000000000355,0.25000000000000355,0.0,0.002063375,0.005829375
mattern_cov1,64,44,0.25000000000000355,0.25000000000000355,0.0,0.002096667,0.00579975
mattern_cov1,64,45,0.25000000000000355,0.25000000000000355,0.0,0.0021195,0.005768625
mattern_cov1,64,46,0.25000000000000355,0.25000000000000355,0.0,0.002167166,0.005814
mattern_cov1,64,47,0.25000000000000355,0.25000000000000355,0.0,0.002139167,0.00588525
mattern_cov1,64,48,0.25000000000000355,0.25000000000000355,0.0,0.002137375,0.005938959
mattern_cov1,64,49,0.25000000000000355,0.25000000000000355,0.0,0.002110208,0.005855583
mattern_cov1,64,50,0.25000000000000355,0.25000000000000355,0.0,0.002056334,0.005659167
mattern_cov1,64,51,0.25000000000000355,0.25000000000000355,0.0,0.002004541,0.00615375
mattern_cov1,64,52,0.25000000000000355,0.25000000000000355,0.0,0.002179667,0.00613225
mattern_cov1,64,53,0.25000000000000355,0.25000000000000355,0.0,0.001993125,0.005949875
mattern_cov1,64,54,0.25000000000000355,0.25000000000000355,0.0,0.001991125,0.005768417
mattern_cov1,64,55,0.25000000000000355,0.25000000000000355,0.0,0.002119833,0.005785167
mattern_cov1,64,56,0.25000000000000355,0.25000000000000355,0.0,0.00212575,0.005856375
mattern_cov1,64,57,0.25000000000000355,0.25000000000000355,0.0,0.0022015,0.005947125
mattern_cov1,64,58,0.25000000000000355,0.25000000000000355,0.0,0.002126292,0.005848458
mattern_cov1,64,59,0.25000000000000355,0.25000000000000355,0.0,0.001994125,0.005830958
mattern_cov1,64,60,0.25000000000000355,0.25000000000000355,0.0,0.002083792,0.005912333
mattern_cov1,64,61,0.25000000000000355,0.25000000000000355,0.0,0.002104584,0.005738416
mattern_cov1,64,62,0.25000000000000355,0.25000000000000355,0.0,0.002123708,0.006101375
mattern_cov1,64,63,0.25000000000000355,0.25000000000000355,0.0,0.002172458,0.005939833
mattern_cov1,64,64,0.25000000000000355,0.25000000000000355,0.0,0.002135167,0.005920417
mattern_cov1,64,65,0.25000000000000355,0.25000000000000355,0.0,0.002155375,0.005731459
mattern_cov1,64,66,0.25000000000000355,0.25000000000000355,0.0,0.002122,0.005995916
mattern_cov1,64,67,0.25000000000000355,0.25000000000000355,0.0,0.002147917,0.005730083
mattern_cov1,64,68,0.25000000000000355,0.25000000000000355,0.0,0.002166459,0.005908125
mattern_cov1,64,69,0.25000000000000355,0.25000000000000355,0.0,0.002109625,0.005900542
mattern_cov1,64,70,0.25000000000000355,0.25000000000000355,0.0,0.002115292,0.005901041
mattern_cov1,64,71,0.25000000000000355,0.25000000000000355,0.0,0.002135834,0.005720959
mattern_cov1,64,72,0.25000000000000355,0.25000000000000355,0.0,0.002144416,0.005840708
mattern_cov1,64,73,0.25000000000000355,0.25000000000000355,0.0,0.002131834,0.005913125
mattern_cov1,64,74,0.25000000000000355,0.25000000000000355,0.0,0.002200333,0.005944709
mattern_cov1,64,75,0.25000000000000355,0.25000000000000355,0.0,0.002121667,0.005867542
mattern_cov1,64,76,0.25000000000000355,0.25000000000000355,0.0,0.002112333,0.005923833
mattern_cov1,64,77,0.25000000000000355,0.25000000000000355,0.0,0.002073916,0.005707542
mattern_cov1,64,78,0.25000000000000355,0.25000000000000355,0.0,0.002076083,0.005852167
mattern_cov1,64,79,0.25000000000000355,0.25000000000000355,0.0,0.002127292,0.00580225
mattern_cov1,64,80,0.25000000000000355,0.25000000000000355,0.0,0.001978625,0.005818209
mattern_cov1,64,81,0.25000000000000355,0.25000000000000355,0.0,0.002155875,0.005766708
mattern_cov1,64,82,0.25000000000000355,0.25000000000000355,0.0,0.002108458,0.005830792
mattern_cov1,64,83,0.25000000000000355,0.25000000000000355,0.0,0.002144208,0.005858958
mattern_cov1,64,84,0.25000000000000355,0.25000000000000355,0.0,0.002155042,0.006026916
mattern_cov1,64,85,0.25000000000000355,0.25000000000000355,0.0,0.002125583,0.005767292
mattern_cov1,64,86,0.25000000000000355,0.25000000000000355,0.0,0.002086541,0.00595525
mattern_cov1,64,87,0.25000000000000355,0.25000000000000355,0.0,0.002094041,0.005686292
mattern_cov1,64,88,0.25000000000000355,0.25000000000000355,0.0,0.002018125,0.005571
mattern_cov1,64,89,0.25000000000000355,0.25000000000000355,0.0,0.0020395,0.00598725
mattern_cov1,64,90,0.25000000000000355,0.25000000000000355,0.0,0.002084917,0.006136959
mattern_cov1,64,91,0.25000000000000355,0.25000000000000355,0.0,0.002116959,0.005868417
mattern_cov1,64,92,0.25000000000000355,0.25000000000000355,0.0,0.00212425,0.005901125
mattern_cov1,64,93,0.25000000000000355,0.25000000000000355,0.0,0.001959917,0.00585075
mattern_cov1,64,94,0.25000000000000355,0.25000000000000355,0.0,0.002139125,0.005757292
mattern_cov1,64,95,0.25000000000000355,0.25000000000000355,0.0,0.001979708,0.005836958
mattern_cov1,64,96,0.25000000000000355,0.25000000000000355,0.0,0.002722583,0.005902209
mattern_cov1,64,97,0.25000000000000355,0.25000000000000355,0.0,0.001950583,0.005905833
mattern_cov1,64,98,0.25000000000000355,0.25000000000000355,0.0,0.002027583,0.005899375
mattern_cov1,64,99,0.25000000000000355,0.25000000000000355,0.0,0.00208025,0.005903417
mattern_cov1,64,100,0.25000000000000355,0.25000000000000355,0.0,0.002164792,0.005925833
mattern_cov1,64,101,0.25000000000000355,0.25000000000000355,0.0,0.002064958,0.005941
mattern_cov1,64,102,0.25000000000000355,0.25000000000000355,0.0,0.002136084,0.005833208
mattern_cov1,64,103,0.25000000000000355,0.25000000000000355,0.0,0.002217292,0.00569725
mattern_cov1,64,104,0.25000000000000355,0.25000000000000355,0.0,0.002136375,0.005918042
mattern_cov1,64,105,0.25000000000000355,0.25000000000000355,0.0,0.00205525,0.005829042
mattern_cov1,64,106,0.25000000000000355,0.25000000000000355,0.0,0.002180708,0.006033334
mattern_cov1,64,107,0.25000000000000355,0.25000000000000355,0.0,0.002049125,0.005727541
mattern_cov1,64,108,0.25000000000000355,0.25000000000000355,0.0,0.002345792,0.006706666
mattern_cov1,64,109,0.25000000000000355,0.25000000000000355,0.0,0.001983375,0.006992
mattern_cov1,64,110,0.25000000000000355,0.25000000000000355,0.0,0.001995708,0.005767291
mattern_cov1,64,111,0.25000000000000355,0.25000000000000355,0.0,0.002123334,0.005862541
mattern_cov1,64,112,0.25000000000000355,0.25000000000000355,0.0,0.001953125,0.005745125
mattern_cov1,64,113,0.25000000000000355,0.25000000000000355,0.0,0.001971333,0.005851959
mattern_cov1,64,114,0.25000000000000355,0.25000000000000355,0.0,0.002019166,0.005751375
mattern_cov1,64,115,0.25000000000000355,0.25000000000000355,0.0,0.002141791,0.005883625
mattern_cov1,64,116,0.25000000000000355,0.25000000000000355,0.0,0.001928792,0.005801375
mattern_cov1,64,117,0.25000000000000355,0.25000000000000355,0.0,0.0021245,0.005724667
mattern_cov1,64,118,0.25000000000000355,0.25000000000000355,0.0,0.002704792,0.005722541
mattern_cov1,64,119,0.25000000000000355,0.25000000000000355,0.0,0.002095792,0.005991041
mattern_cov1,64,120,0.25000000000000355,0.25000000000000355,0.0,0.002115458,0.005711042
mattern_cov1,64,121,0.25000000000000355,0.25000000000000355,0.0,0.002103416,0.005795042
mattern_cov1,64,122,0.25000000000000355,0.25000000000000355,0.0,0.001939125,0.005746542
mattern_cov1,64,123,0.25000000000000355,0.25000000000000355,0.0,0.002106459,0.005831833
mattern_cov1,64,124,0.25000000000000355,0.25000000000000355,0.0,0.002175,0.005643417
mattern_cov1,64,125,0.25000000000000355,0.25000000000000355,0.0,0.002126666,0.005917959
mattern_cov1,64,126,0.25000000000000355,0.25000000000000355,0.0,0.002010125,0.005872416
mattern_cov1,64,127,0.25000000000000355,0.25000000000000355,0.0,0.002018667,0.00590725
mattern_cov1,64,128,0.25000000000000355,0.25000000000000355,0.0,0.002181791,0.005838209
mattern_cov1,64,129,0.25000000000000355,0.25000000000000355,0.0,0.001909417,0.005824583
mattern_cov1,64,130,0.25000000000000355,0.25000000000000355,0.0,0.002173292,0.00583575
mattern_cov1,64,131,0.25000000000000355,0.25000000000000355,0.0,0.002088208,0.005933875
mattern_cov1,64,132,0.25000000000000355,0.25000000000000355,0.0,0.002007333,0.005757417
mattern_cov1,64,133,0.25000000000000355,0.25000000000000355,0.0,0.002065458,0.005736875
mattern_cov1,64,134,0.25000000000000355,0.25000000000000355,0.0,0.001996167,0.005876791
mattern_cov1,64,135,0.25000000000000355,0.25000000000000355,0.0,0.002171166,0.005885042
mattern_cov1,64,136,0.25000000000000355,0.25000000000000355,0.0,0.002137083,0.005922583
mattern_cov1,64,137,0.25000000000000355,0.25000000000000355,0.0,0.002145083,0.005893666
mattern_cov1,64,138,0.25000000000000355,0.25000000000000355,0.0,0.0021245,0.005905125
mattern_cov1,64,139,0.25000000000000355,0.25000000000000355,0.0,0.002149,0.005828541
mattern_cov1,64,140,0.25000000000000355,0.25000000000000355,0.0,0.001960833,0.005888417
mattern_cov1,64,141,0.25000000000000355,0.25000000000000355,0.0,0.002068375,0.00587925
mattern_cov1,64,142,0.25000000000000355,0.25000000000000355,0.0,0.002021834,0.005680541
mattern_cov1,64,143,0.25000000000000355,0.25000000000000355,0.0,0.002136833,0.005824167
mattern_cov1,64,144,0.25000000000000355,0.25000000000000355,0.0,0.001960292,0.005869708
mattern_cov1,64,145,0.25000000000000355,0.25000000000000355,0.0,0.002112709,0.005823583
mattern_cov1,64,146,0.25000000000000355,0.25000000000000355,0.0,0.002126875,0.005687917
mattern_cov1,64,147,0.25000000000000355,0.25000000000000355,0.0,0.002077625,0.005898958
mattern_cov1,64,148,0.25000000000000355,0.25000000000000355,0.0,0.002990208,0.005934541
mattern_cov1,64,149,0.25000000000000355,0.25000000000000355,0.0,0.002132708,0.005769667
mattern_cov1,64,150,0.25000000000000355,0.25000000000000355,0.0,0.002104125,0.0057515
mattern_cov1,64,151,0.25000000000000355,0.25000000000000355,0.0,0.002024333,0.0058325
mattern_cov1,64,152,0.25000000000000355,0.25000000000000355,0.0,0.002050292,0.00571175
mattern_cov1,64,153,0.25000000000000355,0.25000000000000355,0.0,0.003391875,0.005781458
mattern_cov1,64,154,0.25000000000000355,0.25000000000000355,0.0,0.00311875,0.005937125
mattern_cov1,64,155,0.25000000000000355,0.25000000000000355,0.0,0.002617875,0.005696292
mattern_cov1,64,156,0.25000000000000355,0.25000000000000355,0.0,0.002103958,0.0056965
mattern_cov1,64,157,0.25000000000000355,0.25000000000000355,0.0,0.002139916,0.005742792
mattern_cov1,64,158,0.25000000000000355,0.25000000000000355,0.0,0.00205575,0.005597375
mattern_cov1,64,159,0.25000000000000355,0.25000000000000355,0.0,0.002062917,0.005865041
mattern_cov1,64,160,0.25000000000000355,0.25000000000000355,0.0,0.001950208,0.005736708
mattern_cov1,64,161,0.25000000000000355,0.25000000000000355,0.0,0.001931375,0.005880208
mattern_cov1,64,162,0.25000000000000355,0.25000000000000355,0.0,0.001978667,0.005925125
mattern_cov1,64,163,0.25000000000000355,0.25000000000000355,0.0,0.00219,0.005770333
mattern_cov1,64,164,0.25000000000000355,0.25000000000000355,0.0,0.002153209,0.005962375
mattern_cov1,64,165,0.25000000000000355,0.25000000000000355,0.0,0.00201025,0.005968125
mattern_cov1,64,166,0.25000000000000355,0.25000000000000355,0.0,0.002124875,0.005834542
mattern_cov1,64,167,0.25000000000000355,0.25000000000000355,0.0,0.002062917,0.00574925
mattern_cov1,64,168,0.25000000000000355,0.25000000000000355,0.0,0.002125125,0.00586525
mattern_cov1,64,169,0.25000000000000355,0.25000000000000355,0.0,0.002144833,0.005802584
mattern_cov1,64,170,0.25000000000000355,0.25000000000000355,0.0,0.0020935,0.005895542
mattern_cov1,64,171,0.25000000000000355,0.25000000000000355,0.0,0.002082667,0.005734458
mattern_cov1,64,172,0.25000000000000355,0.25000000000000355,0.0,0.002145292,0.005698666
mattern_cov1,64,173,0.25000000000000355,0.25000000000000355,0.0,0.002063375,0.005762417
mattern_cov1,64,174,0.25000000000000355,0.25000000000000355,0.0,0.002129083,0.005845
mattern_cov1,64,175,0.25000000000000355,0.25000000000000355,0.0,0.002124292,0.0058605
mattern_cov1,64,176,0.25000000000000355,0.25000000000000355,0.0,0.00198575,0.005749125
mattern_cov1,64,177,0.25000000000000355,0.25000000000000355,0.0,0.002116583,0.00583275
mattern_cov1,64,178,0.25000000000000355,0.25000000000000355,0.0,0.002104458,0.005687959
mattern_cov1,64,179,0.25000000000000355,0.25000000000000355,0.0,0.001983958,0.005761667
mattern_cov1,64,180,0.25000000000000355,0.25000000000000355,0.0,0.002172458,0.005798125
mattern_cov1,64,181,0.25000000000000355,0.25000000000000355,0.0,0.003067167,0.005971333
mattern_cov1,64,182,0.25000000000000355,0.25000000000000355,0.0,0.002107292,0.005754166
mattern_cov1,64,183,0.25000000000000355,0.25000000000000355,0.0,0.002070083,0.006613042
mattern_cov1,64,184,0.25000000000000355,0.25000000000000355,0.0,0.0021275,0.005764125
mattern_cov1,64,185,0.25000000000000355,0.25000000000000355,0.0,0.001934625,0.005759959
mattern_cov1,64,186,0.25000000000000355,0.25000000000000355,0.0,0.00210025,0.005738666
mattern_cov1,64,187,0.25000000000000355,0.25000000000000355,0.0,0.002015125,0.005821833
mattern_cov1,64,188,0.25000000000000355,0.25000000000000355,0.0,0.002150875,0.00583875
mattern_cov1,64,189,0.25000000000000355,0.25000000000000355,0.0,0.002082875,0.005882084
mattern_cov1,64,190,0.25000000000000355,0.25000000000000355,0.0,0.001992334,0.00584725
mattern_cov1,64,191,0.25000000000000355,0.25000000000000355,0.0,0.002196792,0.005767958
mattern_cov1,64,192,0.25000000000000355,0.25000000000000355,0.0,0.002112791,0.005877875
mattern_cov1,64,193,0.25000000000000355,0.25000000000000355,0.0,0.002025417,0.005762667
mattern_cov1,64,194,0.25000000000000355,0.25000000000000355,0.0,0.002079791,0.00568775
mattern_cov1,64,195,0.25000000000000355,0.25000000000000355,0.0,0.001902041,0.00714875
mattern_cov1,64,196,0.25000000000000355,0.25000000000000355,0.0,0.002153709,0.005746791
mattern_cov1,64,197,0.25000000000000355,0.25000000000000355,0.0,0.002171334,0.005722584
mattern_cov1,64,198,0.25000000000000355,0.25000000000000355,0.0,0.002135959,0.005878083
mattern_cov1,64,199,0.25000000000000355,0.25000000000000355,0.0,0.002173,0.007031
mattern_cov1,64,200,0.25000000000000355,0.25000000000000355,0.0,0.002137959,0.0059685
mattern_cov1,64,201,0.25000000000000355,0.25000000000000355,0.0,0.002112416,0.005817292
mattern_cov1,64,202,0.25000000000000355,0.25000000000000355,0.0,0.002123125,0.005808708
mattern_cov1,64,203,0.25000000000000355,0.25000000000000355,0.0,0.001893417,0.005700541
mattern_cov1,64,204,0.25000000000000355,0.25000000000000355,0.0,0.00214775,0.00597575
mattern_cov1,64,205,0.25000000000000355,0.25000000000000355,0.0,0.002208458,0.005887292
mattern_cov1,64,206,0.25000000000000355,0.25000000000000355,0.0,0.002117375,0.005976125
mattern_cov1,64,207,0.25000000000000355,0.25000000000000355,0.0,0.002136792,0.005896083
mattern_cov1,64,208,0.25000000000000355,0.25000000000000355,0.0,0.002004208,0.005777458
mattern_cov1,64,209,0.25000000000000355,0.25000000000000355,0.0,0.002054,0.005806125
mattern_cov1,64,210,0.25000000000000355,0.25000000000000355,0.0,0.002153375,0.005921333
mattern_cov1,64,211,0.25000000000000355,0.25000000000000355,0.0,0.002160709,0.005885958
mattern_cov1,64,212,0.25000000000000355,0.25000000000000355,0.0,0.001980417,0.005897916
mattern_cov1,64,213,0.25000000000000355,0.25000000000000355,0.0,0.001924667,0.006887541
mattern_cov1,64,214,0.25000000000000355,0.25000000000000355,0.0,0.002165125,0.005880541
mattern_cov1,64,215,0.25000000000000355,0.25000000000000355,0.0,0.002085208,0.005781125
mattern_cov1,64,216,0.25000000000000355,0.25000000000000355,0.0,0.002172291,0.005902084
mattern_cov1,64,217,0.25000000000000355,0.25000000000000355,0.0,0.002127667,0.005717916
mattern_cov1,64,218,0.25000000000000355,0.25000000000000355,0.0,0.002011625,0.005778834
mattern_cov1,64,219,0.25000000000000355,0.25000000000000355,0.0,0.002116375,0.005845875
mattern_cov1,64,220,0.25000000000000355,0.25000000000000355,0.0,0.002117291,0.005971667
mattern_cov1,64,221,0.25000000000000355,0.25000000000000355,0.0,0.001952541,0.005895584
mattern_cov1,64,222,0.25000000000000355,0.25000000000000355,0.0,0.002172959,0.005851833
mattern_cov1,64,223,0.25000000000000355,0.25000000000000355,0.0,0.002161292,0.005953292
mattern_cov1,64,224,0.25000000000000355,0.25000000000000355,0.0,0.002059,0.005866042
mattern_cov1,64,225,0.25000000000000355,0.25000000000000355,0.0,0.0020505,0.005835166
mattern_cov1,64,226,0.25000000000000355,0.25000000000000355,0.0,0.002166667,0.00578075
mattern_cov1,64,227,0.25000000000000355,0.25000000000000355,0.0,0.00202225,0.005761375
mattern_cov1,64,228,0.25000000000000355,0.25000000000000355,0.0,0.002124709,0.0057785
mattern_cov1,64,229,0.25000000000000355,0.25000000000000355,0.0,0.002108416,0.005785959
mattern_cov1,64,230,0.25000000000000355,0.25000000000000355,0.0,0.001989875,0.005820291
mattern_cov1,64,231,0.25000000000000355,0.25000000000000355,0.0,0.002040125,0.00576525
mattern_cov1,64,232,0.25000000000000355,0.25000000000000355,0.0,0.002047333,0.005679125
mattern_cov1,64,233,0.25000000000000355,0.25000000000000355,0.0,0.002767917,0.00566225
mattern_cov1,64,234,0.25000000000000355,0.25000000000000355,0.0,0.002417292,0.005822709
mattern_cov1,64,235,0.25000000000000355,0.25000000000000355,0.0,0.002112875,0.005895833
mattern_cov1,64,236,0.25000000000000355,0.25000000000000355,0.0,0.002175125,0.005747833
mattern_cov1,64,237,0.25000000000000355,0.25000000000000355,0.0,0.002172708,0.005814834
mattern_cov1,64,238,0.25000000000000355,0.25000000000000355,0.0,0.002050917,0.005753792
mattern_cov1,64,239,0.25000000000000355,0.25000000000000355,0.0,0.002203917,0.005825041
mattern_cov1,64,240,0.25000000000000355,0.25000000000000355,0.0,0.003130875,0.0059225
mattern_cov1,64,241,0.25000000000000355,0.25000000000000355,0.0,0.002178791,0.005706667
mattern_cov1,64,242,0.25000000000000355,0.25000000000000355,0.0,0.002137542,0.005876166
mattern_cov1,64,243,0.25000000000000355,0.25000000000000355,0.0,0.002004833,0.005671791
mattern_cov1,64,244,0.25000000000000355,0.25000000000000355,0.0,0.002117084,0.005825625
mattern_cov1,64,245,0.25000000000000355,0.25000000000000355,0.0,0.002084833,0.005857625
mattern_cov1,64,246,0.25000000000000355,0.25000000000000355,0.0,0.001967125,0.005859791
mattern_cov1,64,247,0.25000000000000355,0.25000000000000355,0.0,0.001986291,0.006019125
mattern_cov1,64,248,0.25000000000000355,0.25000000000000355,0.0,0.002147291,0.005915834
mattern_cov1,64,249,0.25000000000000355,0.25000000000000355,0.0,0.002051084,0.00575325
mattern_cov1,64,250,0.25000000000000355,0.25000000000000355,0.0,0.002099875,0.005803459
mattern_cov1,64,251,0.25000000000000355,0.25000000000000355,0.0,0.002070292,0.005876916
mattern_cov1,64,252,0.25000000000000355,0.25000000000000355,0.0,0.002140917,0.005982958
mattern_cov1,64,253,0.25000000000000355,0.25000000000000355,0.0,0.002066584,0.005892
mattern_cov1,64,254,0.25000000000000355,0.25000000000000355,0.0,0.002010166,0.005869167
mattern_cov1,64,255,0.25000000000000355,0.25000000000000355,0.0,0.002136833,0.00572075
mattern_cov1,64,256,0.25000000000000355,0.25000000000000355,0.0,0.002020542,0.005694458
mattern_cov1,64,257,0.25000000000000355,0.25000000000000355,0.0,0.002348708,0.005792166
mattern_cov1,64,258,0.25000000000000355,0.25000000000000355,0.0,0.002047625,0.005739
mattern_cov1,64,259,0.25000000000000355,0.25000000000000355,0.0,0.002065125,0.005738333
mattern_cov1,64,260,0.25000000000000355,0.25000000000000355,0.0,0.002168,0.005833084
mattern_cov1,64,261,0.25000000000000355,0.25000000000000355,0.0,0.002159916,0.005594167
mattern_cov1,64,262,0.25000000000000355,0.25000000000000355,0.0,0.001972,0.005794208
mattern_cov1,64,263,0.25000000000000355,0.25000000000000355,0.0,0.002098833,0.005745125
mattern_cov1,64,264,0.25000000000000355,0.25000000000000355,0.0,0.001966375,0.005850792
mattern_cov1,64,265,0.25000000000000355,0.25000000000000355,0.0,0.002167167,0.005780708
mattern_cov1,64,266,0.25000000000000355,0.25000000000000355,0.0,0.002019542,0.005955041
mattern_cov1,64,267,0.25000000000000355,0.25000000000000355,0.0,0.001971042,0.00585975
mattern_cov1,64,268,0.25000000000000355,0.25000000000000355,0.0,0.002161417,0.005773166
mattern_cov1,64,269,0.25000000000000355,0.25000000000000355,0.0,0.00211125,0.005802417
mattern_cov1,64,270,0.25000000000000355,0.25000000000000355,0.0,0.002164292,0.005800666
mattern_cov1,64,271,0.25000000000000355,0.25000000000000355,0.0,0.0021225,0.005935208
mattern_cov1,64,272,0.25000000000000355,0.25000000000000355,0.0,0.002139625,0.005910292
mattern_cov1,64,273,0.25000000000000355,0.25000000000000355,0.0,0.002157541,0.005963834
mattern_cov1,64,274,0.25000000000000355,0.25000000000000355,0.0,0.001974958,0.005872625
mattern_cov1,64,275,0.25000000000000355,0.25000000000000355,0.0,0.00217575,0.005865917
mattern_cov1,64,276,0.25000000000000355,0.25000000000000355,0.0,0.002183583,0.005834458
mattern_cov1,64,277,0.25000000000000355,0.25000000000000355,0.0,0.002147,0.005858334
mattern_cov1,64,278,0.25000000000000355,0.25000000000000355,0.0,0.002133292,0.005875666
mattern_cov1,64,279,0.25000000000000355,0.25000000000000355,0.0,0.002156125,0.005777125
mattern_cov1,64,280,0.25000000000000355,0.25000000000000355,0.0,0.001982042,0.005817041
mattern_cov1,64,281,0.25000000000000355,0.25000000000000355,0.0,0.001971792,0.005723583
mattern_cov1,64,282,0.25000000000000355,0.25000000000000355,0.0,0.001979625,0.005811833
mattern_cov1,64,283,0.25000000000000355,0.25000000000000355,0.0,0.002018708,0.006020667
mattern_cov1,64,284,0.25000000000000355,0.25000000000000355,0.0,0.001958833,0.005802625
mattern_cov1,64,285,0.25000000000000355,0.25000000000000355,0.0,0.002142458,0.005939833
mattern_cov1,64,286,0.25000000000000355,0.25000000000000355,0.0,0.002070875,0.005772292
mattern_cov1,64,287,0.25000000000000355,0.25000000000000355,0.0,0.002134709,0.005708916
mattern_cov1,64,288,0.25000000000000355,0.25000000000000355,0.0,0.001994708,0.00567975
mattern_cov1,64,289,0.25000000000000355,0.25000000000000355,0.0,0.002114792,0.005932167
mattern_cov1,64,290,0.25000000000000355,0.25000000000000355,0.0,0.002164959,0.005876125
mattern_cov1,64,291,0.25000000000000355,0.25000000000000355,0.0,0.001950958,0.005742583
mattern_cov1,64,292,0.25000000000000355,0.25000000000000355,0.0,0.002016875,0.005874417
mattern_cov1,64,293,0.25000000000000355,0.25000000000000355,0.0,0.002122709,0.005846625
mattern_cov1,64,294,0.25000000000000355,0.25000000000000355,0.0,0.001973667,0.005734209
mattern_cov1,64,295,0.25000000000000355,0.25000000000000355,0.0,0.002127583,0.005893625
mattern_cov1,64,296,0.25000000000000355,0.25000000000000355,0.0,0.002080583,0.005889708
mattern_cov1,64,297,0.25000000000000355,0.25000000000000355,0.0,0.002101125,0.005917667
mattern_cov1,64,298,0.25000000000000355,0.25000000000000355,0.0,0.002090417,0.005632125
mattern_cov1,64,299,0.25000000000000355,0.25000000000000355,0.0,0.002050375,0.005899959
mattern_cov1,64,300,0.25000000000000355,0.25000000000000355,0.0,0.001974833,0.005859667
mattern_cov1,64,301,0.25000000000000355,0.25000000000000355,0.0,0.002038125,0.005735042
mattern_cov1,64,302,0.25000000000000355,0.25000000000000355,0.0,0.002120416,0.005848
mattern_cov1,64,303,0.25000000000000355,0.25000000000000355,0.0,0.002147,0.00578825
mattern_cov1,64,304,0.25000000000000355,0.25000000000000355,0.0,0.00214925,0.005760708
mattern_cov1,64,305,0.25000000000000355,0.25000000000000355,0.0,0.002101417,0.005855958
mattern_cov1,64,306,0.25000000000000355,0.25000000000000355,0.0,0.002108542,0.005794416
mattern_cov1,64,307,0.25000000000000355,0.25000000000000355,0.0,0.001972875,0.005964042
mattern_cov1,64,308,0.25000000000000355,0.25000000000000355,0.0,0.00201575,0.005894834
mattern_cov1,64,309,0.25000000000000355,0.25000000000000355,0.0,0.0032095,0.006953083
mattern_cov1,64,310,0.25000000000000355,0.25000000000000355,0.0,0.002172042,0.005752083
mattern_cov1,64,311,0.25000000000000355,0.25000000000000355,0.0,0.002095416,0.005835084
mattern_cov1,64,312,0.25000000000000355,0.25000000000000355,0.0,0.002212958,0.00581325
mattern_cov1,64,313,0.25000000000000355,0.25000000000000355,0.0,0.0021415,0.005750666
mattern_cov1,64,314,0.25000000000000355,0.25000000000000355,0.0,0.002167958,0.005737334
mattern_cov1,64,315,0.25000000000000355,0.25000000000000355,0.0,0.001895833,0.005614916
mattern_cov1,64,316,0.25000000000000355,0.25000000000000355,0.0,0.002185625,0.005713292
mattern_cov1,64,317,0.25000000000000355,0.25000000000000355,0.0,0.002139291,0.005904084
mattern_cov1,64,318,0.25000000000000355,0.25000000000000355,0.0,0.002002792,0.005911334
mattern_cov1,64,319,0.25000000000000355,0.25000000000000355,0.0,0.0019685,0.005742583
mattern_cov1,64,320,0.25000000000000355,0.25000000000000355,0.0,0.00214075,0.005730584
mattern_cov1,64,321,0.25000000000000355,0.25000000000000355,0.0,0.00212975,0.005906666
mattern_cov1,64,322,0.25000000000000355,0.25000000000000355,0.0,0.002103917,0.005811375
mattern_cov1,64,323,0.25000000000000355,0.25000000000000355,0.0,0.003209291,0.00586
mattern_cov1,64,324,0.25000000000000355,0.25000000000000355,0.0,0.002117416,0.005639375
mattern_cov1,64,325,0.25000000000000355,0.25000000000000355,0.0,0.002048042,0.005811791
mattern_cov1,64,326,0.25000000000000355,0.25000000000000355,0.0,0.0021325,0.005887083
mattern_cov1,64,327,0.25000000000000355,0.25000000000000355,0.0,0.002130083,0.005731292
mattern_cov1,64,328,0.25000000000000355,0.25000000000000355,0.0,0.003146833,0.005849125
mattern_cov1,64,329,0.25000000000000355,0.25000000000000355,0.0,0.003952833,0.005730792
mattern_cov1,64,330,0.25000000000000355,0.25000000000000355,0.0,0.002191125,0.005930375
mattern_cov1,64,331,0.25000000000000355,0.25000000000000355,0.0,0.001980958,0.006018375
mattern_cov1,64,332,0.25000000000000355,0.25000000000000355,0.0,0.002141708,0.005932667
mattern_cov1,64,333,0.25000000000000355,0.25000000000000355,0.0,0.002023791,0.005852792
mattern_cov1,64,334,0.25000000000000355,0.25000000000000355,0.0,0.001950792,0.005822417
mattern_cov1,64,335,0.25000000000000355,0.25000000000000355,0.0,0.002068125,0.005701416
mattern_cov1,64,336,0.25000000000000355,0.25000000000000355,0.0,0.002215083,0.005736792
mattern_cov1,64,337,0.25000000000000355,0.25000000000000355,0.0,0.002113459,0.005841458
mattern_cov1,64,338,0.25000000000000355,0.25000000000000355,0.0,0.002093666,0.005842292
mattern_cov1,64,339,0.25000000000000355,0.25000000000000355,0.0,0.00217125,0.005757875
mattern_cov1,64,340,0.25000000000000355,0.25000000000000355,0.0,0.00205725,0.005900959
mattern_cov1,64,341,0.25000000000000355,0.25000000000000355,0.0,0.002007375,0.005777541
mattern_cov1,64,342,0.25000000000000355,0.25000000000000355,0.0,0.002071083,0.005878167
mattern_cov1,64,343,0.25000000000000355,0.25000000000000355,0.0,0.001969916,0.005783417
mattern_cov1,64,344,0.25000000000000355,0.25000000000000355,0.0,0.002092417,0.005770792
mattern_cov1,64,345,0.25000000000000355,0.25000000000000355,0.0,0.001986125,0.005687417
mattern_cov1,64,346,0.25000000000000355,0.25000000000000355,0.0,0.001911,0.005801875
mattern_cov1,64,347,0.25000000000000355,0.25000000000000355,0.0,0.0021735,0.009737541
mattern_cov1,64,348,0.25000000000000355,0.25000000000000355,0.0,0.002081541,0.005811708
mattern_cov1,64,349,0.25000000000000355,0.25000000000000355,0.0,0.001946792,0.005765416
mattern_cov1,64,350,0.25000000000000355,0.25000000000000355,0.0,0.002133875,0.00583625
mattern_cov1,64,351,0.25000000000000355,0.25000000000000355,0.0,0.002094708,0.005703208
mattern_cov1,64,352,0.25000000000000355,0.25000000000000355,0.0,0.001941375,0.005820459
mattern_cov1,64,353,0.25000000000000355,0.25000000000000355,0.0,0.001973,0.005884042
mattern_cov1,64,354,0.25000000000000355,0.25000000000000355,0.0,0.002138167,0.005784583
mattern_cov1,64,355,0.25000000000000355,0.25000000000000355,0.0,0.002277959,0.005896625
mattern_cov1,64,356,0.25000000000000355,0.25000000000000355,0.0,0.002166375,0.005825958
mattern_cov1,64,357,0.25000000000000355,0.25000000000000355,0.0,0.002108583,0.006599
mattern_cov1,64,358,0.25000000000000355,0.25000000000000355,0.0,0.002072459,0.005752958
mattern_cov1,64,359,0.25000000000000355,0.25000000000000355,0.0,0.002148584,0.005879416
mattern_cov1,64,360,0.25000000000000355,0.25000000000000355,0.0,0.002119042,0.005777
mattern_cov1,64,361,0.25000000000000355,0.25000000000000355,0.0,0.002028,0.0057915
mattern_cov1,64,362,0.25000000000000355,0.25000000000000355,0.0,0.001967291,0.005890459
mattern_cov1,64,363,0.25000000000000355,0.25000000000000355,0.0,0.002065792,0.005824708
mattern_cov1,64,364,0.25000000000000355,0.25000000000000355,0.0,0.002056084,0.005713166
mattern_cov1,64,365,0.25000000000000355,0.25000000000000355,0.0,0.002117875,0.005822709
mattern_cov1,64,366,0.25000000000000355,0.25000000000000355,0.0,0.002079083,0.005806708
mattern_cov1,64,367,0.25000000000000355,0.25000000000000355,0.0,0.002086125,0.005803292
mattern_cov1,64,368,0.25000000000000355,0.25000000000000355,0.0,0.002134875,0.005888708
mattern_cov1,64,369,0.25000000000000355,0.25000000000000355,0.0,0.002113334,0.005833583
mattern_cov1,64,370,0.25000000000000355,0.25000000000000355,0.0,0.002018167,0.0057275
mattern_cov1,64,371,0.25000000000000355,0.25000000000000355,0.0,0.003146167,0.005801208
mattern_cov1,64,372,0.25000000000000355,0.25000000000000355,0.0,0.002131333,0.005777792
mattern_cov1,64,373,0.25000000000000355,0.25000000000000355,0.0,0.002120417,0.005676916
mattern_cov1,64,374,0.25000000000000355,0.25000000000000355,0.0,0.002009083,0.005772291
mattern_cov1,64,375,0.25000000000000355,0.25000000000000355,0.0,0.002160791,0.005724583
mattern_cov1,64,376,0.25000000000000355,0.25000000000000355,0.0,0.002031375,0.005761583
mattern_cov1,64,377,0.25000000000000355,0.25000000000000355,0.0,0.002183375,0.005901208
mattern_cov1,64,378,0.25000000000000355,0.25000000000000355,0.0,0.002124041,0.005818042
mattern_cov1,64,379,0.25000000000000355,0.25000000000000355,0.0,0.002134542,0.005790208
mattern_cov1,64,380,0.25000000000000355,0.25000000000000355,0.0,0.002146459,0.005782417
mattern_cov1,64,381,0.25000000000000355,0.25000000000000355,0.0,0.001926875,0.005829125
mattern_cov1,64,382,0.25000000000000355,0.25000000000000355,0.0,0.002140084,0.005694333
mattern_cov1,64,383,0.25000000000000355,0.25000000000000355,0.0,0.002029167,0.005764416
mattern_cov1,64,384,0.25000000000000355,0.25000000000000355,0.0,0.002080917,0.005776333
mattern_cov1,64,385,0.25000000000000355,0.25000000000000355,0.0,0.002133333,0.005861667
mattern_cov1,64,386,0.25000000000000355,0.25000000000000355,0.0,0.002142708,0.005877416
mattern_cov1,64,387,0.25000000000000355,0.25000000000000355,0.0,0.001950458,0.00581425
mattern_cov1,64,388,0.25000000000000355,0.25000000000000355,0.0,0.001951959,0.00576275
mattern_cov1,64,389,0.25000000000000355,0.25000000000000355,0.0,0.00210125,0.005743375
mattern_cov1,64,390,0.25000000000000355,0.25000000000000355,0.0,0.002068041,0.005872875
mattern_cov1,64,391,0.25000000000000355,0.25000000000000355,0.0,0.00295675,0.005876042
mattern_cov1,64,392,0.25000000000000355,0.25000000000000355,0.0,0.002094625,0.005729792
mattern_cov1,64,393,0.25000000000000355,0.25000000000000355,0.0,0.0019535,0.005729208
mattern_cov1,64,394,0.25000000000000355,0.25000000000000355,0.0,0.002123458,0.006840792
mattern_cov1,64,395,0.25000000000000355,0.25000000000000355,0.0,0.002003958,0.005900917
mattern_cov1,64,396,0.25000000000000355,0.25000000000000355,0.0,0.002112584,0.005818834
mattern_cov1,64,397,0.25000000000000355,0.25000000000000355,0.0,0.002082292,0.005850083
mattern_cov1,64,398,0.25000000000000355,0.25000000000000355,0.0,0.002102375,0.005931125
mattern_cov1,64,399,0.25000000000000355,0.25000000000000355,0.0,0.001915125,0.005874167
mattern_cov1,64,400,0.25000000000000355,0.25000000000000355,0.0,0.002117584,0.005788417
mattern_cov1,64,401,0.25000000000000355,0.25000000000000355,0.0,0.001998167,0.005783042
mattern_cov1,64,402,0.25000000000000355,0.25000000000000355,0.0,0.002138792,0.005960292
mattern_cov1,64,403,0.25000000000000355,0.25000000000000355,0.0,0.002153542,0.005848417
mattern_cov1,64,404,0.25000000000000355,0.25000000000000355,0.0,0.002229167,0.005855416
mattern_cov1,64,405,0.25000000000000355,0.25000000000000355,0.0,0.002046667,0.005660375
mattern_cov1,64,406,0.25000000000000355,0.25000000000000355,0.0,0.002054583,0.005767416
mattern_cov1,64,407,0.25000000000000355,0.25000000000000355,0.0,0.001914041,0.005738625
mattern_cov1,64,408,0.25000000000000355,0.25000000000000355,0.0,0.002152417,0.005686333
mattern_cov1,64,409,0.25000000000000355,0.25000000000000355,0.0,0.002159416,0.0058435
mattern_cov1,64,410,0.25000000000000355,0.25000000000000355,0.0,0.001962458,0.005784083
mattern_cov1,64,411,0.25000000000000355,0.25000000000000355,0.0,0.002084458,0.005802458
mattern_cov1,64,412,0.25000000000000355,0.25000000000000355,0.0,0.0020805,0.005748833
mattern_cov1,64,413,0.25000000000000355,0.25000000000000355,0.0,0.002155791,0.005915834
mattern_cov1,64,414,0.25000000000000355,0.25000000000000355,0.0,0.002239458,0.00577675
mattern_cov1,64,415,0.25000000000000355,0.25000000000000355,0.0,0.002067416,0.00579575
mattern_cov1,64,416,0.25000000000000355,0.25000000000000355,0.0,0.002125209,0.005830791
mattern_cov1,64,417,0.25000000000000355,0.25000000000000355,0.0,0.002185875,0.005846584
mattern_cov1,64,418,0.25000000000000355,0.25000000000000355,0.0,0.001975542,0.005832542
mattern_cov1,64,419,0.25000000000000355,0.25000000000000355,0.0,0.002211791,0.005796417
mattern_cov1,64,420,0.25000000000000355,0.25000000000000355,0.0,0.002975917,0.005903167
mattern_cov1,64,421,0.25000000000000355,0.25000000000000355,0.0,0.002126875,0.005605667
mattern_cov1,64,422,0.25000000000000355,0.25000000000000355,0.0,0.001955417,0.005830208
mattern_cov1,64,423,0.25000000000000355,0.25000000000000355,0.0,0.002114083,0.00576775
mattern_cov1,64,424,0.25000000000000355,0.25000000000000355,0.0,0.002034208,0.005780959
mattern_cov1,64,425,0.25000000000000355,0.25000000000000355,0.0,0.002121042,0.005932125
mattern_cov1,64,426,0.25000000000000355,0.25000000000000355,0.0,0.002088959,0.005749791
mattern_cov1,64,427,0.25000000000000355,0.25000000000000355,0.0,0.002162,0.0057655
mattern_cov1,64,428,0.25000000000000355,0.25000000000000355,0.0,0.00211375,0.00606375
mattern_cov1,64,429,0.25000000000000355,0.25000000000000355,0.0,0.001977166,0.005822167
mattern_cov1,64,430,0.25000000000000355,0.25000000000000355,0.0,0.002197083,0.005880958
mattern_cov1,64,431,0.25000000000000355,0.25000000000000355,0.0,0.002004875,0.005919833
mattern_cov1,64,432,0.25000000000000355,0.25000000000000355,0.0,0.002100792,0.006005875
mattern_cov1,64,433,0.25000000000000355,0.25000000000000355,0.0,0.001966667,0.005780875
mattern_cov1,64,434,0.25000000000000355,0.25000000000000355,0.0,0.001993792,0.005825
mattern_cov1,64,435,0.25000000000000355,0.25000000000000355,0.0,0.002029584,0.005862291
mattern_cov1,64,436,0.25000000000000355,0.25000000000000355,0.0,0.002146084,0.005685375
mattern_cov1,64,437,0.25000000000000355,0.25000000000000355,0.0,0.002175084,0.005879958
mattern_cov1,64,438,0.25000000000000355,0.25000000000000355,0.0,0.001976042,0.005694917
mattern_cov1,64,439,0.25000000000000355,0.25000000000000355,0.0,0.00206925,0.005873
mattern_cov1,64,440,0.25000000000000355,0.25000000000000355,0.0,0.002146125,0.005882167
mattern_cov1,64,441,0.25000000000000355,0.25000000000000355,0.0,0.002106875,0.005850834
mattern_cov1,64,442,0.25000000000000355,0.25000000000000355,0.0,0.002187083,0.005958958
mattern_cov1,64,443,0.25000000000000355,0.25000000000000355,0.0,0.0021095,0.00590525
mattern_cov1,64,444,0.25000000000000355,0.25000000000000355,0.0,0.002144833,0.005811917
mattern_cov1,64,445,0.25000000000000355,0.25000000000000355,0.0,0.002126375,0.005874916
mattern_cov1,64,446,0.25000000000000355,0.25000000000000355,0.0,0.001996834,0.005733292
mattern_cov1,64,447,0.25000000000000355,0.25000000000000355,0.0,0.002111167,0.00589875
mattern_cov1,64,448,0.25000000000000355,0.25000000000000355,0.0,0.001958833,0.005867125
mattern_cov1,64,449,0.25000000000000355,0.25000000000000355,0.0,0.002128917,0.005850625
mattern_cov1,64,450,0.25000000000000355,0.25000000000000355,0.0,0.00209125,0.005896292
mattern_cov1,64,451,0.25000000000000355,0.25000000000000355,0.0,0.001968083,0.005780625
mattern_cov1,64,452,0.25000000000000355,0.25000000000000355,0.0,0.003036208,0.005701459
mattern_cov1,64,453,0.25000000000000355,0.25000000000000355,0.0,0.00211275,0.005794833
mattern_cov1,64,454,0.25000000000000355,0.25000000000000355,0.0,0.002107792,0.005708791
mattern_cov1,64,455,0.25000000000000355,0.25000000000000355,0.0,0.002163583,0.0058165
mattern_cov1,64,456,0.25000000000000355,0.25000000000000355,0.0,0.002120584,0.005660542
mattern_cov1,64,457,0.25000000000000355,0.25000000000000355,0.0,0.002049375,0.005722375
mattern_cov1,64,458,0.25000000000000355,0.25000000000000355,0.0,0.002158833,0.005698417
mattern_cov1,64,459,0.25000000000000355,0.25000000000000355,0.0,0.00211175,0.005793958
mattern_cov1,64,460,0.25000000000000355,0.25000000000000355,0.0,0.002156333,0.005720542
mattern_cov1,64,461,0.25000000000000355,0.25000000000000355,0.0,0.003094958,0.005832333
mattern_cov1,64,462,0.25000000000000355,0.25000000000000355,0.0,0.002051209,0.005676083
mattern_cov1,64,463,0.25000000000000355,0.25000000000000355,0.0,0.002045833,0.005910584
mattern_cov1,64,464,0.25000000000000355,0.25000000000000355,0.0,0.001985083,0.005818458
mattern_cov1,64,465,0.25000000000000355,0.25000000000000355,0.0,0.001966875,0.005791917
mattern_cov1,64,466,0.25000000000000355,0.25000000000000355,0.0,0.002197291,0.0057095
mattern_cov1,64,467,0.25000000000000355,0.25000000000000355,0.0,0.003108167,0.0059105
mattern_cov1,64,468,0.25000000000000355,0.25000000000000355,0.0,0.001966125,0.00671
mattern_cov1,64,469,0.25000000000000355,0.25000000000000355,0.0,0.002131625,0.005834041
mattern_cov1,64,470,0.25000000000000355,0.25000000000000355,0.0,0.001961542,0.005775708
mattern_cov1,64,471,0.25000000000000355,0.25000000000000355,0.0,0.002007209,0.005764958
mattern_cov1,64,472,0.25000000000000355,0.25000000000000355,0.0,0.00198625,0.005769542
mattern_cov1,64,473,0.25000000000000355,0.25000000000000355,0.0,0.001993375,0.005969125
mattern_cov1,64,474,0.25000000000000355,0.25000000000000355,0.0,0.002197209,0.005814541
mattern_cov1,64,475,0.25000000000000355,0.25000000000000355,0.0,0.001995042,0.005862458
mattern_cov1,64,476,0.25000000000000355,0.25000000000000355,0.0,0.002004958,0.005794209
mattern_cov1,64,477,0.25000000000000355,0.25000000000000355,0.0,0.00216,0.005871959
mattern_cov1,64,478,0.25000000000000355,0.25000000000000355,0.0,0.001988917,0.005878958
mattern_cov1,64,479,0.25000000000000355,0.25000000000000355,0.0,0.001955667,0.005874958
mattern_cov1,64,480,0.25000000000000355,0.25000000000000355,0.0,0.0020255,0.005729958
mattern_cov1,64,481,0.25000000000000355,0.25000000000000355,0.0,0.002117208,0.0059345
mattern_cov1,64,482,0.25000000000000355,0.25000000000000355,0.0,0.002187083,0.005898125
mattern_cov1,64,483,0.25000000000000355,0.25000000000000355,0.0,0.003147792,0.005797833
mattern_cov1,64,484,0.25000000000000355,0.25000000000000355,0.0,0.002162334,0.005795459
mattern_cov1,64,485,0.25000000000000355,0.25000000000000355,0.0,0.0021115,0.0057305
mattern_cov1,64,486,0.25000000000000355,0.25000000000000355,0.0,0.002168625,0.005812292
mattern_cov1,64,487,0.25000000000000355,0.25000000000000355,0.0,0.002094,0.005765542
mattern_cov1,64,488,0.25000000000000355,0.25000000000000355,0.0,0.002118459,0.005936208
mattern_cov1,64,489,0.25000000000000355,0.25000000000000355,0.0,0.002113041,0.005748167
mattern_cov1,64,490,0.25000000000000355,0.25000000000000355,0.0,0.002109,0.005866
mattern_cov1,64,491,0.25000000000000355,0.25000000000000355,0.0,0.002062875,0.005894708
mattern_cov1,64,492,0.25000000000000355,0.25000000000000355,0.0,0.002172708,0.005788875
mattern_cov1,64,493,0.25000000000000355,0.25000000000000355,0.0,0.002150583,0.005689167
mattern_cov1,64,494,0.25000000000000355,0.25000000000000355,0.0,0.0019585,0.005936125
mattern_cov1,64,495,0.25000000000000355,0.25000000000000355,0.0,0.001980709,0.005714833
mattern_cov1,64,496,0.25000000000000355,0.25000000000000355,0.0,0.002112833,0.005853042
mattern_cov1,64,497,0.25000000000000355,0.25000000000000355,0.0,0.0019645,0.005689792
mattern_cov1,64,498,0.25000000000000355,0.25000000000000355,0.0,0.002128042,0.005873833
mattern_cov1,64,499,0.25000000000000355,0.25000000000000355,0.0,0.002113542,0.005713958
mattern_cov1,64,500,0.25000000000000355,0.25000000000000355,0.0,0.001906666,0.00584625
mattern_cov1,64,501,0.25000000000000355,0.25000000000000355,0.0,0.003225833,0.005845042
mattern_cov1,64,502,0.25000000000000355,0.25000000000000355,0.0,0.002023792,0.005982084
mattern_cov1,64,503,0.25000000000000355,0.25000000000000355,0.0,0.001992334,0.005943
mattern_cov1,64,504,0.25000000000000355,0.25000000000000355,0.0,0.002195333,0.00594725
mattern_cov1,64,505,0.25000000000000355,0.25000000000000355,0.0,0.002102708,0.005797667
mattern_cov1,64,506,0.25000000000000355,0.25000000000000355,0.0,0.002133375,0.005858916
mattern_cov1,64,507,0.25000000000000355,0.25000000000000355,0.0,0.005008375,0.006712
mattern_cov1,64,508,0.25000000000000355,0.25000000000000355,0.0,0.002147959,0.005751875
mattern_cov1,64,509,0.25000000000000355,0.25000000000000355,0.0,0.002022417,0.005882917
mattern_cov1,64,510,0.25000000000000355,0.25000000000000355,0.0,0.002115208,0.006065
mattern_cov1,64,511,0.25000000000000355,0.25000000000000355,0.0,0.001898625,0.005682917
mattern_cov1,64,512,0.25000000000000355,0.25000000000000355,0.0,0.0021845,0.005780792
mattern_cov1,64,513,0.25000000000000355,0.25000000000000355,0.0,0.002071583,0.005862042
mattern_cov1,64,514,0.25000000000000355,0.25000000000000355,0.0,0.002131375,0.005951291
mattern_cov1,64,515,0.25000000000000355,0.25000000000000355,0.0,0.002152542,0.011669333
mattern_cov1,64,516,0.25000000000000355,0.25000000000000355,0.0,0.002726125,0.005694125
mattern_cov1,64,517,0.25000000000000355,0.25000000000000355,0.0,0.002164792,0.005796208
mattern_cov1,64,518,0.25000000000000355,0.25000000000000355,0.0,0.002116292,0.005738375
mattern_cov1,64,519,0.25000000000000355,0.25000000000000355,0.0,0.002033,0.005703333
mattern_cov1,64,520,0.25000000000000355,0.25000000000000355,0.0,0.001966792,0.005720875
mattern_cov1,64,521,0.25000000000000355,0.25000000000000355,0.0,0.0020575,0.005853042
mattern_cov1,64,522,0.25000000000000355,0.25000000000000355,0.0,0.002124791,0.005779709
mattern_cov1,64,523,0.25000000000000355,0.25000000000000355,0.0,0.002162333,0.005857792
mattern_cov1,64,524,0.25000000000000355,0.25000000000000355,0.0,0.001972834,0.005784541
mattern_cov1,64,525,0.25000000000000355,0.25000000000000355,0.0,0.002144958,0.0059125
mattern_cov1,64,526,0.25000000000000355,0.25000000000000355,0.0,0.002120625,0.005732417
mattern_cov1,64,527,0.25000000000000355,0.25000000000000355,0.0,0.002190167,0.005804625
mattern_cov1,64,528,0.25000000000000355,0.25000000000000355,0.0,0.001975167,0.00578275
mattern_cov1,64,529,0.25000000000000355,0.25000000000000355,0.0,0.001999959,0.005847917
mattern_cov1,64,530,0.25000000000000355,0.25000000000000355,0.0,0.00206725,0.005843833
mattern_cov1,64,531,0.25000000000000355,0.25000000000000355,0.0,0.002140417,0.005902041
mattern_cov1,64,532,0.25000000000000355,0.25000000000000355,0.0,0.002117375,0.006107167
mattern_cov1,64,533,0.25000000000000355,0.25000000000000355,0.0,0.0020575,0.005732625
mattern_cov1,64,534,0.25000000000000355,0.25000000000000355,0.0,0.002155541,0.005827125
mattern_cov1,64,535,0.25000000000000355,0.25000000000000355,0.0,0.002080666,0.005911459
mattern_cov1,64,536,0.25000000000000355,0.25000000000000355,0.0,0.002012458,0.005935542
mattern_cov1,64,537,0.25000000000000355,0.25000000000000355,0.0,0.00201,0.005735125
mattern_cov1,64,538,0.25000000000000355,0.25000000000000355,0.0,0.002228917,0.005706958
mattern_cov1,64,539,0.25000000000000355,0.25000000000000355,0.0,0.00220525,0.0059
mattern_cov1,64,540,0.25000000000000355,0.25000000000000355,0.0,0.002121875,0.005848334
mattern_cov1,64,541,0.25000000000000355,0.25000000000000355,0.0,0.002140292,0.006832584
mattern_cov1,64,542,0.25000000000000355,0.25000000000000355,0.0,0.002018959,0.005835291
mattern_cov1,64,543,0.25000000000000355,0.25000000000000355,0.0,0.002102833,0.005875125
mattern_cov1,64,544,0.25000000000000355,0.25000000000000355,0.0,0.001984958,0.005789708
mattern_cov1,64,545,0.25000000000000355,0.25000000000000355,0.0,0.002159,0.005921
mattern_cov1,64,546,0.25000000000000355,0.25000000000000355,0.0,0.002270666,0.005696125
mattern_cov1,64,547,0.25000000000000355,0.25000000000000355,0.0,0.0028975,0.005769833
mattern_cov1,64,548,0.25000000000000355,0.25000000000000355,0.0,0.00214025,0.005875583
mattern_cov1,64,549,0.25000000000000355,0.25000000000000355,0.0,0.002034375,0.005787
mattern_cov1,64,550,0.25000000000000355,0.25000000000000355,0.0,0.002130458,0.005844917
mattern_cov1,64,551,0.25000000000000355,0.25000000000000355,0.0,0.002147166,0.005697959
mattern_cov1,64,552,0.25000000000000355,0.25000000000000355,0.0,0.003096125,0.005861875
mattern_cov1,64,553,0.25000000000000355,0.25000000000000355,0.0,0.00219675,0.005891125
mattern_cov1,64,554,0.25000000000000355,0.25000000000000355,0.0,0.002043125,0.00569125
mattern_cov1,64,555,0.25000000000000355,0.25000000000000355,0.0,0.00207275,0.005786917
mattern_cov1,64,556,0.25000000000000355,0.25000000000000355,0.0,0.002190834,0.005865958
mattern_cov1,64,557,0.25000000000000355,0.25000000000000355,0.0,0.0021005,0.005952625
mattern_cov1,64,558,0.25000000000000355,0.25000000000000355,0.0,0.002144416,0.005955333
mattern_cov1,64,559,0.25000000000000355,0.25000000000000355,0.0,0.0019545,0.005795959
mattern_cov1,64,560,0.25000000000000355,0.25000000000000355,0.0,0.002120333,0.007023042
mattern_cov1,64,561,0.25000000000000355,0.25000000000000355,0.0,0.001947958,0.005838667
mattern_cov1,64,562,0.25000000000000355,0.25000000000000355,0.0,0.002070333,0.005753792
mattern_cov1,64,563,0.25000000000000355,0.25000000000000355,0.0,0.001909708,0.005848417
mattern_cov1,64,564,0.25000000000000355,0.25000000000000355,0.0,0.00217225,0.005755292
mattern_cov1,64,565,0.25000000000000355,0.25000000000000355,0.0,0.002107667,0.005831791
mattern_cov1,64,566,0.25000000000000355,0.25000000000000355,0.0,0.002115875,0.005787083
mattern_cov1,64,567,0.25000000000000355,0.25000000000000355,0.0,0.002008083,0.005922333
mattern_cov1,64,568,0.25000000000000355,0.25000000000000355,0.0,0.002330875,0.005901792
mattern_cov1,64,569,0.25000000000000355,0.25000000000000355,0.0,0.002154292,0.005937458
mattern_cov1,64,570,0.25000000000000355,0.25000000000000355,0.0,0.002138,0.005849833
mattern_cov1,64,571,0.25000000000000355,0.25000000000000355,0.0,0.001980917,0.00582125
mattern_cov1,64,572,0.25000000000000355,0.25000000000000355,0.0,0.002059917,0.005699791
mattern_cov1,64,573,0.25000000000000355,0.25000000000000355,0.0,0.002054292,0.005708458
mattern_cov1,64,574,0.25000000000000355,0.25000000000000355,0.0,0.00262525,0.006313917
mattern_cov1,64,575,0.25000000000000355,0.25000000000000355,0.0,0.002174833,0.005933042
mattern_cov1,64,576,0.25000000000000355,0.25000000000000355,0.0,0.002005292,0.005819208
mattern_cov1,64,577,0.25000000000000355,0.25000000000000355,0.0,0.00205825,0.005749333
mattern_cov1,64,578,0.25000000000000355,0.25000000000000355,0.0,0.002137,0.005811292
mattern_cov1,64,579,0.25000000000000355,0.25000000000000355,0.0,0.00196025,0.005804583
mattern_cov1,64,580,0.25000000000000355,0.25000000000000355,0.0,0.002106333,0.005774
mattern_cov1,64,581,0.25000000000000355,0.25000000000000355,0.0,0.002057917,0.005868792
mattern_cov1,64,582,0.25000000000000355,0.25000000000000355,0.0,0.002047125,0.005782542
mattern_cov1,64,583,0.25000000000000355,0.25000000000000355,0.0,0.003131958,0.005813917
mattern_cov1,64,584,0.25000000000000355,0.25000000000000355,0.0,0.002087292,0.005906916
mattern_cov1,64,585,0.25000000000000355,0.25000000000000355,0.0,0.002138583,0.007618583
mattern_cov1,64,586,0.25000000000000355,0.25000000000000355,0.0,0.002135042,0.005974833
mattern_cov1,64,587,0.25000000000000355,0.25000000000000355,0.0,0.00213175,0.005920625
mattern_cov1,64,588,0.25000000000000355,0.25000000000000355,0.0,0.002166583,0.0059125
mattern_cov1,64,589,0.25000000000000355,0.25000000000000355,0.0,0.002072292,0.00588975
mattern_cov1,64,590,0.25000000000000355,0.25000000000000355,0.0,0.002191,0.005828375
mattern_cov1,64,591,0.25000000000000355,0.25000000000000355,0.0,0.003104125,0.005940625
mattern_cov1,64,592,0.25000000000000355,0.25000000000000355,0.0,0.00196,0.005780792
mattern_cov1,64,593,0.25000000000000355,0.25000000000000355,0.0,0.002064708,0.005955458
mattern_cov1,64,594,0.25000000000000355,0.25000000000000355,0.0,0.001846958,0.005844167
mattern_cov1,64,595,0.25000000000000355,0.25000000000000355,0.0,0.00212125,0.005778708
mattern_cov1,64,596,0.25000000000000355,0.25000000000000355,0.0,0.00200375,0.005723416
mattern_cov1,64,597,0.25000000000000355,0.25000000000000355,0.0,0.00199775,0.007373375
mattern_cov1,64,598,0.25000000000000355,0.25000000000000355,0.0,0.00213725,0.005687042
mattern_cov1,64,599,0.25000000000000355,0.25000000000000355,0.0,0.002068166,0.005774875
mattern_cov1,64,600,0.25000000000000355,0.25000000000000355,0.0,0.002178166,0.005899042
mattern_cov1,64,601,0.25000000000000355,0.25000000000000355,0.0,0.002153042,0.005870708
mattern_cov1,64,602,0.25000000000000355,0.25000000000000355,0.0,0.002115625,0.005869375
mattern_cov1,64,603,0.25000000000000355,0.25000000000000355,0.0,0.002066416,0.00573925
mattern_cov1,64,604,0.25000000000000355,0.25000000000000355,0.0,0.002192375,0.005849125
mattern_cov1,64,605,0.25000000000000355,0.25000000000000355,0.0,0.002069917,0.00572025
mattern_cov1,64,606,0.25000000000000355,0.25000000000000355,0.0,0.002080167,0.005755333
mattern_cov1,64,607,0.25000000000000355,0.25000000000000355,0.0,0.002099625,0.005887667
mattern_cov1,64,608,0.25000000000000355,0.25000000000000355,0.0,0.002093417,0.005752625
mattern_cov1,64,609,0.25000000000000355,0.25000000000000355,0.0,0.002141458,0.005771958
mattern_cov1,64,610,0.25000000000000355,0.25000000000000355,0.0,0.002154917,0.0058775
mattern_cov1,64,611,0.25000000000000355,0.25000000000000355,0.0,0.002136416,0.005693292
mattern_cov1,64,612,0.25000000000000355,0.25000000000000355,0.0,0.002095125,0.005821166
mattern_cov1,64,613,0.25000000000000355,0.25000000000000355,0.0,0.002224167,0.005897416
mattern_cov1,64,614,0.25000000000000355,0.25000000000000355,0.0,0.002197833,0.005888917
mattern_cov1,64,615,0.25000000000000355,0.25000000000000355,0.0,0.002168,0.005891667
mattern_cov1,64,616,0.25000000000000355,0.25000000000000355,0.0,0.002034042,0.005993667
mattern_cov1,64,617,0.25000000000000355,0.25000000000000355,0.0,0.002070084,0.005701458
mattern_cov1,64,618,0.25000000000000355,0.25000000000000355,0.0,0.002104792,0.00595225
mattern_cov1,64,619,0.25000000000000355,0.25000000000000355,0.0,0.002106917,0.005848041
mattern_cov1,64,620,0.25000000000000355,0.25000000000000355,0.0,0.002109375,0.005967042
mattern_cov1,64,621,0.25000000000000355,0.25000000000000355,0.0,0.002129291,0.005862459
mattern_cov1,64,622,0.25000000000000355,0.25000000000000355,0.0,0.001967791,0.005814167
mattern_cov1,64,623,0.25000000000000355,0.25000000000000355,0.0,0.002160334,0.005850541
mattern_cov1,64,624,0.25000000000000355,0.25000000000000355,0.0,0.002104708,0.005887292
mattern_cov1,64,625,0.25000000000000355,0.25000000000000355,0.0,0.001969958,0.005844708
mattern_cov1,64,626,0.25000000000000355,0.25000000000000355,0.0,0.002140375,0.005936542
mattern_cov1,64,627,0.25000000000000355,0.25000000000000355,0.0,0.002147666,0.005729709
mattern_cov1,64,628,0.25000000000000355,0.25000000000000355,0.0,0.002069,0.005936708
mattern_cov1,64,629,0.25000000000000355,0.25000000000000355,0.0,0.002070625,0.005828875
mattern_cov1,64,630,0.25000000000000355,0.25000000000000355,0.0,0.002113291,0.005851667
mattern_cov1,64,631,0.25000000000000355,0.25000000000000355,0.0,0.00224375,0.006002625
mattern_cov1,64,632,0.25000000000000355,0.25000000000000355,0.0,0.002130292,0.0058255
mattern_cov1,64,633,0.25000000000000355,0.25000000000000355,0.0,0.002142542,0.005826291
mattern_cov1,64,634,0.25000000000000355,0.25000000000000355,0.0,0.002136417,0.005920333
mattern_cov1,64,635,0.25000000000000355,0.25000000000000355,0.0,0.002117416,0.005801167
mattern_cov1,64,636,0.25000000000000355,0.25000000000000355,0.0,0.002613,0.006774542
mattern_cov1,64,637,0.25000000000000355,0.25000000000000355,0.0,0.002130042,0.005866125
mattern_cov1,64,638,0.25000000000000355,0.25000000000000355,0.0,0.001977166,0.00579575
mattern_cov1,64,639,0.25000000000000355,0.25000000000000355,0.0,0.002028208,0.005873208
mattern_cov1,64,640,0.25000000000000355,0.25000000000000355,0.0,0.002050042,0.005669375
mattern_cov1,64,641,0.25000000000000355,0.25000000000000355,0.0,0.002270542,0.005900416
mattern_cov1,64,642,0.25000000000000355,0.25000000000000355,0.0,0.002490917,0.005867333
mattern_cov1,64,643,0.25000000000000355,0.25000000000000355,0.0,0.002194167,0.005900375
mattern_cov1,64,644,0.25000000000000355,0.25000000000000355,0.0,0.002120375,0.005989625
mattern_cov1,64,645,0.25000000000000355,0.25000000000000355,0.0,0.002090084,0.005915333
mattern_cov1,64,646,0.25000000000000355,0.25000000000000355,0.0,0.002179208,0.005881291
mattern_cov1,64,647,0.25000000000000355,0.25000000000000355,0.0,0.002179333,0.005876209
mattern_cov1,64,648,0.25000000000000355,0.25000000000000355,0.0,0.001982625,0.007463042
mattern_cov1,64,649,0.25000000000000355,0.25000000000000355,0.0,0.002123166,0.005829417
mattern_cov1,64,650,0.25000000000000355,0.25000000000000355,0.0,0.002103875,0.007075875
mattern_cov1,64,651,0.25000000000000355,0.25000000000000355,0.0,0.002118083,0.005772917
mattern_cov1,64,652,0.25000000000000355,0.25000000000000355,0.0,0.002055542,0.005832958
mattern_cov1,64,653,0.25000000000000355,0.25000000000000355,0.0,0.002140375,0.005762625
mattern_cov1,64,654,0.25000000000000355,0.25000000000000355,0.0,0.002125458,0.005816875
mattern_cov1,64,655,0.25000000000000355,0.25000000000000355,0.0,0.002144084,0.005927416
mattern_cov1,64,656,0.25000000000000355,0.25000000000000355,0.0,0.002122,0.005949042
mattern_cov1,64,657,0.25000000000000355,0.25000000000000355,0.0,0.00215575,0.00616075
mattern_cov1,64,658,0.25000000000000355,0.25000000000000355,0.0,0.002000083,0.005877833
mattern_cov1,64,659,0.25000000000000355,0.25000000000000355,0.0,0.00208825,0.005896708
mattern_cov1,64,660,0.25000000000000355,0.25000000000000355,0.0,0.002176708,0.005901333
mattern_cov1,64,661,0.25000000000000355,0.25000000000000355,0.0,0.002102541,0.005823667
mattern_cov1,64,662,0.25000000000000355,0.25000000000000355,0.0,0.002020166,0.005946709
mattern_cov1,64,663,0.25000000000000355,0.25000000000000355,0.0,0.002151708,0.005802875
mattern_cov1,64,664,0.25000000000000355,0.25000000000000355,0.0,0.002589208,0.005813375
mattern_cov1,64,665,0.25000000000000355,0.25000000000000355,0.0,0.00208025,0.00659775
mattern_cov1,64,666,0.25000000000000355,0.25000000000000355,0.0,0.002046916,0.005814375
mattern_cov1,64,667,0.25000000000000355,0.25000000000000355,0.0,0.002182042,0.005941167
mattern_cov1,64,668,0.25000000000000355,0.25000000000000355,0.0,0.002133709,0.005920375
mattern_cov1,64,669,0.25000000000000355,0.25000000000000355,0.0,0.002122458,0.005889083
mattern_cov1,64,670,0.25000000000000355,0.25000000000000355,0.0,0.001999833,0.005671834
mattern_cov1,64,671,0.25000000000000355,0.25000000000000355,0.0,0.001990333,0.005900625
mattern_cov1,64,672,0.25000000000000355,0.25000000000000355,0.0,0.002109083,0.00588375
mattern_cov1,64,673,0.25000000000000355,0.25000000000000355,0.0,0.002149542,0.005855458
mattern_cov1,64,674,0.25000000000000355,0.25000000000000355,0.0,0.002851084,0.006671458
mattern_cov1,64,675,0.25000000000000355,0.25000000000000355,0.0,0.002104583,0.005804417
mattern_cov1,64,676,0.25000000000000355,0.25000000000000355,0.0,0.002108625,0.005783708
mattern_cov1,64,677,0.25000000000000355,0.25000000000000355,0.0,0.002114458,0.00587125
mattern_cov1,64,678,0.25000000000000355,0.25000000000000355,0.0,0.00211475,0.005885583
mattern_cov1,64,679,0.25000000000000355,0.25000000000000355,0.0,0.001961125,0.005942959
mattern_cov1,64,680,0.25000000000000355,0.25000000000000355,0.0,0.002063208,0.005713583
mattern_cov1,64,681,0.25000000000000355,0.25000000000000355,0.0,0.002156875,0.005884333
mattern_cov1,64,682,0.25000000000000355,0.25000000000000355,0.0,0.00291675,0.006874041
mattern_cov1,64,683,0.25000000000000355,0.25000000000000355,0.0,0.002086167,0.005818667
mattern_cov1,64,684,0.25000000000000355,0.25000000000000355,0.0,0.002015792,0.005877917
mattern_cov1,64,685,0.25000000000000355,0.25000000000000355,0.0,0.002069208,0.005877083
mattern_cov1,64,686,0.25000000000000355,0.25000000000000355,0.0,0.002098916,0.005898875
mattern_cov1,64,687,0.25000000000000355,0.25000000000000355,0.0,0.002828417,0.005878458
mattern_cov1,64,688,0.25000000000000355,0.25000000000000355,0.0,0.002118583,0.005884375
mattern_cov1,64,689,0.25000000000000355,0.25000000000000355,0.0,0.001964916,0.005790459
mattern_cov1,64,690,0.25000000000000355,0.25000000000000355,0.0,0.002152291,0.005909542
mattern_cov1,64,691,0.25000000000000355,0.25000000000000355,0.0,0.002111583,0.005931083
mattern_cov1,64,692,0.25000000000000355,0.25000000000000355,0.0,0.002049292,0.00582275
mattern_cov1,64,693,0.25000000000000355,0.25000000000000355,0.0,0.002026,0.005766375
mattern_cov1,64,694,0.25000000000000355,0.25000000000000355,0.0,0.002057958,0.005824208
mattern_cov1,64,695,0.25000000000000355,0.25000000000000355,0.0,0.0021735,0.005890833
mattern_cov1,64,696,0.25000000000000355,0.25000000000000355,0.0,0.001983209,0.00595325
mattern_cov1,64,697,0.25000000000000355,0.25000000000000355,0.0,0.002091,0.005772708
mattern_cov1,64,698,0.25000000000000355,0.25000000000000355,0.0,0.002165958,0.00588125
mattern_cov1,64,699,0.25000000000000355,0.25000000000000355,0.0,0.002218583,0.005912208
mattern_cov1,64,700,0.25000000000000355,0.25000000000000355,0.0,0.00216625,0.005997167
mattern_cov1,64,701,0.25000000000000355,0.25000000000000355,0.0,0.002034833,0.00588875
mattern_cov1,64,702,0.25000000000000355,0.25000000000000355,0.0,0.001969625,0.005848125
mattern_cov1,64,703,0.25000000000000355,0.25000000000000355,0.0,0.00211225,0.005778042
mattern_cov1,64,704,0.25000000000000355,0.25000000000000355,0.0,0.002156709,0.005891791
mattern_cov1,64,705,0.25000000000000355,0.25000000000000355,0.0,0.002784292,0.00590275
mattern_cov1,64,706,0.25000000000000355,0.25000000000000355,0.0,0.002156458,0.005877083
mattern_cov1,64,707,0.25000000000000355,0.25000000000000355,0.0,0.002112834,0.005923875
mattern_cov1,64,708,0.25000000000000355,0.25000000000000355,0.0,0.002080625,0.005934667
mattern_cov1,64,709,0.25000000000000355,0.25000000000000355,0.0,0.002178667,0.005898625
mattern_cov1,64,710,0.25000000000000355,0.25000000000000355,0.0,0.002111875,0.005841875
mattern_cov1,64,711,0.25000000000000355,0.25000000000000355,0.0,0.00219825,0.005858041
mattern_cov1,64,712,0.25000000000000355,0.25000000000000355,0.0,0.002191042,0.005840334
mattern_cov1,64,713,0.25000000000000355,0.25000000000000355,0.0,0.002123875,0.005865083
mattern_cov1,64,714,0.25000000000000355,0.25000000000000355,0.0,0.002156625,0.005684458
mattern_cov1,64,715,0.25000000000000355,0.25000000000000355,0.0,0.002069708,0.005917959
mattern_cov1,64,716,0.25000000000000355,0.25000000000000355,0.0,0.002141042,0.0058225
mattern_cov1,64,717,0.25000000000000355,0.25000000000000355,0.0,0.001921417,0.005934125
mattern_cov1,64,718,0.25000000000000355,0.25000000000000355,0.0,0.002171625,0.005694958
mattern_cov1,64,719,0.25000000000000355,0.25000000000000355,0.0,0.001991084,0.005907166
mattern_cov1,64,720,0.25000000000000355,0.25000000000000355,0.0,0.002115583,0.005920708
mattern_cov1,64,721,0.25000000000000355,0.25000000000000355,0.0,0.002060125,0.005790417
mattern_cov1,64,722,0.25000000000000355,0.25000000000000355,0.0,0.002073417,0.005744958
mattern_cov1,64,723,0.25000000000000355,0.25000000000000355,0.0,0.001946375,0.005874875
mattern_cov1,64,724,0.25000000000000355,0.25000000000000355,0.0,0.0021495,0.005852667
mattern_cov1,64,725,0.25000000000000355,0.25000000000000355,0.0,0.002130667,0.005684167
mattern_cov1,64,726,0.25000000000000355,0.25000000000000355,0.0,0.002151792,0.00574375
mattern_cov1,64,727,0.25000000000000355,0.25000000000000355,0.0,0.002069959,0.005860625
mattern_cov1,64,728,0.25000000000000355,0.25000000000000355,0.0,0.002111667,0.005751791
mattern_cov1,64,729,0.25000000000000355,0.25000000000000355,0.0,0.002022541,0.005857542
mattern_cov1,64,730,0.25000000000000355,0.25000000000000355,0.0,0.002138916,0.007244334
mattern_cov1,64,731,0.25000000000000355,0.25000000000000355,0.0,0.002163834,0.005823583
mattern_cov1,64,732,0.25000000000000355,0.25000000000000355,0.0,0.00212,0.005882417
mattern_cov1,64,733,0.25000000000000355,0.25000000000000355,0.0,0.002150833,0.005916042
mattern_cov1,64,734,0.25000000000000355,0.25000000000000355,0.0,0.003318167,0.00789175
mattern_cov1,64,735,0.25000000000000355,0.25000000000000355,0.0,0.002161292,0.005827708
mattern_cov1,64,736,0.25000000000000355,0.25000000000000355,0.0,0.002420584,0.005825375
mattern_cov1,64,737,0.25000000000000355,0.25000000000000355,0.0,0.002110958,0.005851708
mattern_cov1,64,738,0.25000000000000355,0.25000000000000355,0.0,0.002048292,0.0059115
mattern_cov1,64,739,0.25000000000000355,0.25000000000000355,0.0,0.002075792,0.005931667
mattern_cov1,64,740,0.25000000000000355,0.25000000000000355,0.0,0.002037792,0.005837959
mattern_cov1,64,741,0.25000000000000355,0.25000000000000355,0.0,0.00207675,0.005759458
mattern_cov1,64,742,0.25000000000000355,0.25000000000000355,0.0,0.002095458,0.005949584
mattern_cov1,64,743,0.25000000000000355,0.25000000000000355,0.0,0.0020255,0.0058595
mattern_cov1,64,744,0.25000000000000355,0.25000000000000355,0.0,0.002051958,0.005989333
mattern_cov1,64,745,0.25000000000000355,0.25000000000000355,0.0,0.002128584,0.0058255
mattern_cov1,64,746,0.25000000000000355,0.25000000000000355,0.0,0.001971458,0.005623709
mattern_cov1,64,747,0.25000000000000355,0.25000000000000355,0.0,0.002122625,0.005814125
mattern_cov1,64,748,0.25000000000000355,0.25000000000000355,0.0,0.002083875,0.005778334
mattern_cov1,64,749,0.25000000000000355,0.25000000000000355,0.0,0.002083792,0.005981958
mattern_cov1,64,750,0.25000000000000355,0.25000000000000355,0.0,0.001947417,0.005903458
mattern_cov1,64,751,0.25000000000000355,0.25000000000000355,0.0,0.002164,0.005895334
mattern_cov1,64,752,0.25000000000000355,0.25000000000000355,0.0,0.002028708,0.0064765
mattern_cov1,64,753,0.25000000000000355,0.25000000000000355,0.0,0.002102333,0.005833625
mattern_cov1,64,754,0.25000000000000355,0.25000000000000355,0.0,0.0020645,0.005794084
mattern_cov1,64,755,0.25000000000000355,0.25000000000000355,0.0,0.002105458,0.006003875
mattern_cov1,64,756,0.25000000000000355,0.25000000000000355,0.0,0.001983916,0.005922417
mattern_cov1,64,757,0.25000000000000355,0.25000000000000355,0.0,0.002142458,0.005828125
mattern_cov1,64,758,0.25000000000000355,0.25000000000000355,0.0,0.00208675,0.005778
mattern_cov1,64,759,0.25000000000000355,0.25000000000000355,0.0,0.002112459,0.005863416
mattern_cov1,64,760,0.25000000000000355,0.25000000000000355,0.0,0.002197625,0.005913916
mattern_cov1,64,761,0.25000000000000355,0.25000000000000355,0.0,0.0020715,0.00592125
mattern_cov1,64,762,0.25000000000000355,0.25000000000000355,0.0,0.002114,0.00765625
mattern_cov1,64,763,0.25000000000000355,0.25000000000000355,0.0,0.002047334,0.005898584
mattern_cov1,64,764,0.25000000000000355,0.25000000000000355,0.0,0.002066792,0.006031708
mattern_cov1,64,765,0.25000000000000355,0.25000000000000355,0.0,0.002035375,0.005864708
mattern_cov1,64,766,0.25000000000000355,0.25000000000000355,0.0,0.002066917,0.005780458
mattern_cov1,64,767,0.25000000000000355,0.25000000000000355,0.0,0.002135708,0.005905458
mattern_cov1,64,768,0.25000000000000355,0.25000000000000355,0.0,0.002105666,0.005857584
mattern_cov1,64,769,0.25000000000000355,0.25000000000000355,0.0,0.003194375,0.005838125
mattern_cov1,64,770,0.25000000000000355,0.25000000000000355,0.0,0.002124834,0.005868375
mattern_cov1,64,771,0.25000000000000355,0.25000000000000355,0.0,0.002111167,0.005824417
mattern_cov1,64,772,0.25000000000000355,0.25000000000000355,0.0,0.002216125,0.005879708
mattern_cov1,64,773,0.25000000000000355,0.25000000000000355,0.0,0.00208125,0.005902458
mattern_cov1,64,774,0.25000000000000355,0.25000000000000355,0.0,0.002034916,0.005885042
mattern_cov1,64,775,0.25000000000000355,0.25000000000000355,0.0,0.002513667,0.006583625
mattern_cov1,64,776,0.25000000000000355,0.25000000000000355,0.0,0.002003333,0.005830459
mattern_cov1,64,777,0.25000000000000355,0.25000000000000355,0.0,0.002119416,0.005881209
mattern_cov1,64,778,0.25000000000000355,0.25000000000000355,0.0,0.002169167,0.006932041
mattern_cov1,64,779,0.25000000000000355,0.25000000000000355,0.0,0.00397,0.005895
mattern_cov1,64,780,0.25000000000000355,0.25000000000000355,0.0,0.002141375,0.005881458
mattern_cov1,64,781,0.25000000000000355,0.25000000000000355,0.0,0.002740625,0.005910458
mattern_cov1,64,782,0.25000000000000355,0.25000000000000355,0.0,0.002197625,0.005875208
mattern_cov1,64,783,0.25000000000000355,0.25000000000000355,0.0,0.00217125,0.005859833
mattern_cov1,64,784,0.25000000000000355,0.25000000000000355,0.0,0.002090625,0.005773792
mattern_cov1,64,785,0.25000000000000355,0.25000000000000355,0.0,0.002150125,0.005922084
mattern_cov1,64,786,0.25000000000000355,0.25000000000000355,0.0,0.002142084,0.005875
mattern_cov1,64,787,0.25000000000000355,0.25000000000000355,0.0,0.001965375,0.005677666
mattern_cov1,64,788,0.25000000000000355,0.25000000000000355,0.0,0.001952584,0.005804084
mattern_cov1,64,789,0.25000000000000355,0.25000000000000355,0.0,0.002099375,0.005940542
mattern_cov1,64,790,0.25000000000000355,0.25000000000000355,0.0,0.002221125,0.00586025
mattern_cov1,64,791,0.25000000000000355,0.25000000000000355,0.0,0.002097708,0.005899833
mattern_cov1,64,792,0.25000000000000355,0.25000000000000355,0.0,0.002054708,0.005895625
mattern_cov1,64,793,0.25000000000000355,0.25000000000000355,0.0,0.002151709,0.0059615
mattern_cov1,64,794,0.25000000000000355,0.25000000000000355,0.0,0.002091667,0.005875833
mattern_cov1,64,795,0.25000000000000355,0.25000000000000355,0.0,0.00214025,0.005823208
mattern_cov1,64,796,0.25000000000000355,0.25000000000000355,0.0,0.002266833,0.005871209
mattern_cov1,64,797,0.25000000000000355,0.25000000000000355,0.0,0.002126625,0.005927292
mattern_cov1,64,798,0.25000000000000355,0.25000000000000355,0.0,0.002124667,0.006778375
mattern_cov1,64,799,0.25000000000000355,0.25000000000000355,0.0,0.002193125,0.007348333
mattern_cov1,64,800,0.25000000000000355,0.25000000000000355,0.0,0.002046125,0.005877875
mattern_cov1,64,801,0.25000000000000355,0.25000000000000355,0.0,0.002175666,0.005891333
mattern_cov1,64,802,0.25000000000000355,0.25000000000000355,0.0,0.002179833,0.005859292
mattern_cov1,64,803,0.25000000000000355,0.25000000000000355,0.0,0.0021315,0.005948625
mattern_cov1,64,804,0.25000000000000355,0.25000000000000355,0.0,0.002110792,0.005778875
mattern_cov1,64,805,0.25000000000000355,0.25000000000000355,0.0,0.002055375,0.005812916
mattern_cov1,64,806,0.25000000000000355,0.25000000000000355,0.0,0.0020755,0.005926458
mattern_cov1,64,807,0.25000000000000355,0.25000000000000355,0.0,0.002077791,0.005849208
mattern_cov1,64,808,0.25000000000000355,0.25000000000000355,0.0,0.002111333,0.006010958
mattern_cov1,64,809,0.25000000000000355,0.25000000000000355,0.0,0.002170792,0.005954208
mattern_cov1,64,810,0.25000000000000355,0.25000000000000355,0.0,0.002139041,0.005889334
mattern_cov1,64,811,0.25000000000000355,0.25000000000000355,0.0,0.005002709,0.0068575
mattern_cov1,64,812,0.25000000000000355,0.25000000000000355,0.0,0.002033042,0.005951292
mattern_cov1,64,813,0.25000000000000355,0.25000000000000355,0.0,0.002110625,0.005917208
mattern_cov1,64,814,0.25000000000000355,0.25000000000000355,0.0,0.00213875,0.005935166
mattern_cov1,64,815,0.25000000000000355,0.25000000000000355,0.0,0.001980375,0.005908667
mattern_cov1,64,816,0.25000000000000355,0.25000000000000355,0.0,0.002071334,0.006830084
mattern_cov1,64,817,0.25000000000000355,0.25000000000000355,0.0,0.002090791,0.006924084
mattern_cov1,64,818,0.25000000000000355,0.25000000000000355,0.0,0.004409875,0.0058165
mattern_cov1,64,819,0.25000000000000355,0.25000000000000355,0.0,0.002185583,0.005891917
mattern_cov1,64,820,0.25000000000000355,0.25000000000000355,0.0,0.001922709,0.005845958
mattern_cov1,64,821,0.25000000000000355,0.25000000000000355,0.0,0.00214675,0.005897125
mattern_cov1,64,822,0.25000000000000355,0.25000000000000355,0.0,0.00208125,0.005918416
mattern_cov1,64,823,0.25000000000000355,0.25000000000000355,0.0,0.002172583,0.005842292
mattern_cov1,64,824,0.25000000000000355,0.25000000000000355,0.0,0.0021315,0.005782042
mattern_cov1,64,825,0.25000000000000355,0.25000000000000355,0.0,0.001951084,0.005973166
mattern_cov1,64,826,0.25000000000000355,0.25000000000000355,0.0,0.001976,0.005779208
mattern_cov1,64,827,0.25000000000000355,0.25000000000000355,0.0,0.002144542,0.005793416
mattern_cov1,64,828,0.25000000000000355,0.25000000000000355,0.0,0.002042625,0.005699583
mattern_cov1,64,829,0.25000000000000355,0.25000000000000355,0.0,0.002119041,0.005947709
mattern_cov1,64,830,0.25000000000000355,0.25000000000000355,0.0,0.002161125,0.005707291
mattern_cov1,64,831,0.25000000000000355,0.25000000000000355,0.0,0.0021125,0.005811083
mattern_cov1,64,832,0.25000000000000355,0.25000000000000355,0.0,0.002083292,0.005809958
mattern_cov1,64,833,0.25000000000000355,0.25000000000000355,0.0,0.001958875,0.005884541
mattern_cov1,64,834,0.25000000000000355,0.25000000000000355,0.0,0.002125083,0.005748625
mattern_cov1,64,835,0.25000000000000355,0.25000000000000355,0.0,0.002037375,0.005919584
mattern_cov1,64,836,0.25000000000000355,0.25000000000000355,0.0,0.002113,0.005819166
mattern_cov1,64,837,0.25000000000000355,0.25000000000000355,0.0,0.002128,0.005922916
mattern_cov1,64,838,0.25000000000000355,0.25000000000000355,0.0,0.0020695,0.005842958
mattern_cov1,64,839,0.25000000000000355,0.25000000000000355,0.0,0.003224792,0.005775792
mattern_cov1,64,840,0.25000000000000355,0.25000000000000355,0.0,0.00207275,0.005808583
mattern_cov1,64,841,0.25000000000000355,0.25000000000000355,0.0,0.002106667,0.005864458
mattern_cov1,64,842,0.25000000000000355,0.25000000000000355,0.0,0.002122834,0.005899916
mattern_cov1,64,843,0.25000000000000355,0.25000000000000355,0.0,0.002177041,0.005758833
mattern_cov1,64,844,0.25000000000000355,0.25000000000000355,0.0,0.002140375,0.005793542
mattern_cov1,64,845,0.25000000000000355,0.25000000000000355,0.0,0.002117583,0.005897375
mattern_cov1,64,846,0.25000000000000355,0.25000000000000355,0.0,0.002112709,0.005796084
mattern_cov1,64,847,0.25000000000000355,0.25000000000000355,0.0,0.002089625,0.005770667
mattern_cov1,64,848,0.25000000000000355,0.25000000000000355,0.0,0.002101625,0.005781709
mattern_cov1,64,849,0.25000000000000355,0.25000000000000355,0.0,0.002097625,0.005821375
mattern_cov1,64,850,0.25000000000000355,0.25000000000000355,0.0,0.00215675,0.0058
mattern_cov1,64,851,0.25000000000000355,0.25000000000000355,0.0,0.002134125,0.00583225
mattern_cov1,64,852,0.25000000000000355,0.25000000000000355,0.0,0.002077667,0.005847458
mattern_cov1,64,853,0.25000000000000355,0.25000000000000355,0.0,0.002192833,0.00590625
mattern_cov1,64,854,0.25000000000000355,0.25000000000000355,0.0,0.002035625,0.00579575
mattern_cov1,64,855,0.25000000000000355,0.25000000000000355,0.0,0.001958291,0.005729667
mattern_cov1,64,856,0.25000000000000355,0.25000000000000355,0.0,0.002036667,0.005826792
mattern_cov1,64,857,0.25000000000000355,0.25000000000000355,0.0,0.002103,0.005845708
mattern_cov1,64,858,0.25000000000000355,0.25000000000000355,0.0,0.001997541,0.006832458
mattern_cov1,64,859,0.25000000000000355,0.25000000000000355,0.0,0.002112625,0.005874583
mattern_cov1,64,860,0.25000000000000355,0.25000000000000355,0.0,0.00209,0.008689042
mattern_cov1,64,861,0.25000000000000355,0.25000000000000355,0.0,0.002002542,0.005744292
mattern_cov1,64,862,0.25000000000000355,0.25000000000000355,0.0,0.002188083,0.005960167
mattern_cov1,64,863,0.25000000000000355,0.25000000000000355,0.0,0.002129166,0.005886459
mattern_cov1,64,864,0.25000000000000355,0.25000000000000355,0.0,0.002135084,0.005979667
mattern_cov1,64,865,0.25000000000000355,0.25000000000000355,0.0,0.002078459,0.006942541
mattern_cov1,64,866,0.25000000000000355,0.25000000000000355,0.0,0.002124291,0.005925708
mattern_cov1,64,867,0.25000000000000355,0.25000000000000355,0.0,0.003065375,0.005972875
mattern_cov1,64,868,0.25000000000000355,0.25000000000000355,0.0,0.0020155,0.005930083
mattern_cov1,64,869,0.25000000000000355,0.25000000000000355,0.0,0.001983041,0.005855917
mattern_cov1,64,870,0.25000000000000355,0.25000000000000355,0.0,0.002117,0.005849916
mattern_cov1,64,871,0.25000000000000355,0.25000000000000355,0.0,0.00213575,0.005805583
mattern_cov1,64,872,0.25000000000000355,0.25000000000000355,0.0,0.002026625,0.005920167
mattern_cov1,64,873,0.25000000000000355,0.25000000000000355,0.0,0.002078542,0.005813375
mattern_cov1,64,874,0.25000000000000355,0.25000000000000355,0.0,0.00209775,0.005811417
mattern_cov1,64,875,0.25000000000000355,0.25000000000000355,0.0,0.002103166,0.005837042
mattern_cov1,64,876,0.25000000000000355,0.25000000000000355,0.0,0.002072917,0.005829791
mattern_cov1,64,877,0.25000000000000355,0.25000000000000355,0.0,0.002062042,0.005734
mattern_cov1,64,878,0.25000000000000355,0.25000000000000355,0.0,0.001982,0.005748458
mattern_cov1,64,879,0.25000000000000355,0.25000000000000355,0.0,0.002073792,0.005660375
mattern_cov1,64,880,0.25000000000000355,0.25000000000000355,0.0,0.002120709,0.005861875
mattern_cov1,64,881,0.25000000000000355,0.25000000000000355,0.0,0.00212925,0.005839875
mattern_cov1,64,882,0.25000000000000355,0.25000000000000355,0.0,0.002000458,0.005941209
mattern_cov1,64,883,0.25000000000000355,0.25000000000000355,0.0,0.002063666,0.005911417
mattern_cov1,64,884,0.25000000000000355,0.25000000000000355,0.0,0.002148875,0.005849667
mattern_cov1,64,885,0.25000000000000355,0.25000000000000355,0.0,0.002006666,0.006425042
mattern_cov1,64,886,0.25000000000000355,0.25000000000000355,0.0,0.002050375,0.005820042
mattern_cov1,64,887,0.25000000000000355,0.25000000000000355,0.0,0.002068292,0.005843375
mattern_cov1,64,888,0.25000000000000355,0.25000000000000355,0.0,0.00212925,0.005826541
mattern_cov1,64,889,0.25000000000000355,0.25000000000000355,0.0,0.002177833,0.0059825
mattern_cov1,64,890,0.25000000000000355,0.25000000000000355,0.0,0.002155459,0.005893416
mattern_cov1,64,891,0.25000000000000355,0.25000000000000355,0.0,0.002178417,0.005931375
mattern_cov1,64,892,0.25000000000000355,0.25000000000000355,0.0,0.002155375,0.005833791
mattern_cov1,64,893,0.25000000000000355,0.25000000000000355,0.0,0.00213525,0.005868459
mattern_cov1,64,894,0.25000000000000355,0.25000000000000355,0.0,0.002075584,0.006023791
mattern_cov1,64,895,0.25000000000000355,0.25000000000000355,0.0,0.002092625,0.005873167
mattern_cov1,64,896,0.25000000000000355,0.25000000000000355,0.0,0.002121125,0.005851042
mattern_cov1,64,897,0.25000000000000355,0.25000000000000355,0.0,0.002162084,0.0058685
mattern_cov1,64,898,0.25000000000000355,0.25000000000000355,0.0,0.002119,0.00590875
mattern_cov1,64,899,0.25000000000000355,0.25000000000000355,0.0,0.003116042,0.005886792
mattern_cov1,64,900,0.25000000000000355,0.25000000000000355,0.0,0.002022833,0.005812458
mattern_cov1,64,901,0.25000000000000355,0.25000000000000355,0.0,0.002066625,0.00574075
mattern_cov1,64,902,0.25000000000000355,0.25000000000000355,0.0,0.002104708,0.005778417
mattern_cov1,64,903,0.25000000000000355,0.25000000000000355,0.0,0.001995833,0.005821833
mattern_cov1,64,904,0.25000000000000355,0.25000000000000355,0.0,0.002103417,0.005923417
mattern_cov1,64,905,0.25000000000000355,0.25000000000000355,0.0,0.003116084,0.005645875
mattern_cov1,64,906,0.25000000000000355,0.25000000000000355,0.0,0.002091667,0.0056425
mattern_cov1,64,907,0.25000000000000355,0.25000000000000355,0.0,0.002031084,0.005812
mattern_cov1,64,908,0.25000000000000355,0.25000000000000355,0.0,0.002020291,0.0056855
mattern_cov1,64,909,0.25000000000000355,0.25000000000000355,0.0,0.002033917,0.005726708
mattern_cov1,64,910,0.25000000000000355,0.25000000000000355,0.0,0.002236167,0.005870083
mattern_cov1,64,911,0.25000000000000355,0.25000000000000355,0.0,0.001995917,0.005909041
mattern_cov1,64,912,0.25000000000000355,0.25000000000000355,0.0,0.002221084,0.006801166
mattern_cov1,64,913,0.25000000000000355,0.25000000000000355,0.0,0.002176125,0.005958875
mattern_cov1,64,914,0.25000000000000355,0.25000000000000355,0.0,0.00218225,0.005896583
mattern_cov1,64,915,0.25000000000000355,0.25000000000000355,0.0,0.002048708,0.005782083
mattern_cov1,64,916,0.25000000000000355,0.25000000000000355,0.0,0.002030167,0.005764333
mattern_cov1,64,917,0.25000000000000355,0.25000000000000355,0.0,0.002119958,0.005806
mattern_cov1,64,918,0.25000000000000355,0.25000000000000355,0.0,0.002100625,0.005886
mattern_cov1,64,919,0.25000000000000355,0.25000000000000355,0.0,0.002138791,0.0059575
mattern_cov1,64,920,0.25000000000000355,0.25000000000000355,0.0,0.002173125,0.005846208
mattern_cov1,64,921,0.25000000000000355,0.25000000000000355,0.0,0.002120042,0.005925125
mattern_cov1,64,922,0.25000000000000355,0.25000000000000355,0.0,0.002140875,0.005855625
mattern_cov1,64,923,0.25000000000000355,0.25000000000000355,0.0,0.002146292,0.005914167
mattern_cov1,64,924,0.25000000000000355,0.25000000000000355,0.0,0.002169,0.005867458
mattern_cov1,64,925,0.25000000000000355,0.25000000000000355,0.0,0.002099125,0.005954333
mattern_cov1,64,926,0.25000000000000355,0.25000000000000355,0.0,0.001984916,0.005885334
mattern_cov1,64,927,0.25000000000000355,0.25000000000000355,0.0,0.003006584,0.007882625
mattern_cov1,64,928,0.25000000000000355,0.25000000000000355,0.0,0.002166959,0.005906166
mattern_cov1,64,929,0.25000000000000355,0.25000000000000355,0.0,0.002123375,0.005743708
mattern_cov1,64,930,0.25000000000000355,0.25000000000000355,0.0,0.002055209,0.005848375
mattern_cov1,64,931,0.25000000000000355,0.25000000000000355,0.0,0.002198667,0.005790417
mattern_cov1,64,932,0.25000000000000355,0.25000000000000355,0.0,0.002114042,0.005853708
mattern_cov1,64,933,0.25000000000000355,0.25000000000000355,0.0,0.002087375,0.005766458
mattern_cov1,64,934,0.25000000000000355,0.25000000000000355,0.0,0.00211725,0.005783291
mattern_cov1,64,935,0.25000000000000355,0.25000000000000355,0.0,0.001981333,0.005741709
mattern_cov1,64,936,0.25000000000000355,0.25000000000000355,0.0,0.002054083,0.005672084
mattern_cov1,64,937,0.25000000000000355,0.25000000000000355,0.0,0.00205825,0.005814667
mattern_cov1,64,938,0.25000000000000355,0.25000000000000355,0.0,0.001983542,0.005825292
mattern_cov1,64,939,0.25000000000000355,0.25000000000000355,0.0,0.002047792,0.005692791
mattern_cov1,64,940,0.25000000000000355,0.25000000000000355,0.0,0.001988958,0.005797334
mattern_cov1,64,941,0.25000000000000355,0.25000000000000355,0.0,0.002082167,0.005871375
mattern_cov1,64,942,0.25000000000000355,0.25000000000000355,0.0,0.00217125,0.005845625
mattern_cov1,64,943,0.25000000000000355,0.25000000000000355,0.0,0.002101834,0.005941458
mattern_cov1,64,944,0.25000000000000355,0.25000000000000355,0.0,0.002107667,0.005912208
mattern_cov1,64,945,0.25000000000000355,0.25000000000000355,0.0,0.002167625,0.005977041
mattern_cov1,64,946,0.25000000000000355,0.25000000000000355,0.0,0.002091459,0.007067083
mattern_cov1,64,947,0.25000000000000355,0.25000000000000355,0.0,0.002071833,0.005891125
mattern_cov1,64,948,0.25000000000000355,0.25000000000000355,0.0,0.003302958,0.005892083
mattern_cov1,64,949,0.25000000000000355,0.25000000000000355,0.0,0.002177959,0.005912416
mattern_cov1,64,950,0.25000000000000355,0.25000000000000355,0.0,0.002144958,0.00598575
mattern_cov1,64,951,0.25000000000000355,0.25000000000000355,0.0,0.002146916,0.005842583
mattern_cov1,64,952,0.25000000000000355,0.25000000000000355,0.0,0.002095916,0.009835334
mattern_cov1,64,953,0.25000000000000355,0.25000000000000355,0.0,0.002097791,0.005750042
mattern_cov1,64,954,0.25000000000000355,0.25000000000000355,0.0,0.002133416,0.005947875
mattern_cov1,64,955,0.25000000000000355,0.25000000000000355,0.0,0.0020115,0.006802041
mattern_cov1,64,956,0.25000000000000355,0.25000000000000355,0.0,0.002122792,0.005877542
mattern_cov1,64,957,0.25000000000000355,0.25000000000000355,0.0,0.002069167,0.005737167
mattern_cov1,64,958,0.25000000000000355,0.25000000000000355,0.0,0.002132625,0.005845
mattern_cov1,64,959,0.25000000000000355,0.25000000000000355,0.0,0.002086125,0.005928208
mattern_cov1,64,960,0.25000000000000355,0.25000000000000355,0.0,0.002126708,0.005906333
mattern_cov1,64,961,0.25000000000000355,0.25000000000000355,0.0,0.002133792,0.005859083
mattern_cov1,64,962,0.25000000000000355,0.25000000000000355,0.0,0.002165292,0.005813833
mattern_cov1,64,963,0.25000000000000355,0.25000000000000355,0.0,0.001896625,0.005650084
mattern_cov1,64,964,0.25000000000000355,0.25000000000000355,0.0,0.002125458,0.005910375
mattern_cov1,64,965,0.25000000000000355,0.25000000000000355,0.0,0.001995375,0.005793542
mattern_cov1,64,966,0.25000000000000355,0.25000000000000355,0.0,0.002133333,0.0059275
mattern_cov1,64,967,0.25000000000000355,0.25000000000000355,0.0,0.002093875,0.005814208
mattern_cov1,64,968,0.25000000000000355,0.25000000000000355,0.0,0.002054833,0.005886584
mattern_cov1,64,969,0.25000000000000355,0.25000000000000355,0.0,0.001891791,0.005939083
mattern_cov1,64,970,0.25000000000000355,0.25000000000000355,0.0,0.002019167,0.00591
mattern_cov1,64,971,0.25000000000000355,0.25000000000000355,0.0,0.002137667,0.005867917
mattern_cov1,64,972,0.25000000000000355,0.25000000000000355,0.0,0.002108958,0.005899833
mattern_cov1,64,973,0.25000000000000355,0.25000000000000355,0.0,0.002103459,0.0057785
mattern_cov1,64,974,0.25000000000000355,0.25000000000000355,0.0,0.002054375,0.005921542
mattern_cov1,64,975,0.25000000000000355,0.25000000000000355,0.0,0.002019917,0.005811708
mattern_cov1,64,976,0.25000000000000355,0.25000000000000355,0.0,0.001953083,0.005904208
mattern_cov1,64,977,0.25000000000000355,0.25000000000000355,0.0,0.002170625,0.00581475
mattern_cov1,64,978,0.25000000000000355,0.25000000000000355,0.0,0.002107792,0.005944708
mattern_cov1,64,979,0.25000000000000355,0.25000000000000355,0.0,0.002162916,0.005874625
mattern_cov1,64,980,0.25000000000000355,0.25000000000000355,0.0,0.002959458,0.00574075
mattern_cov1,64,981,0.25000000000000355,0.25000000000000355,0.0,0.002163,0.005832375
mattern_cov1,64,982,0.25000000000000355,0.25000000000000355,0.0,0.00215975,0.005890958
mattern_cov1,64,983,0.25000000000000355,0.25000000000000355,0.0,0.002188041,0.005826375
mattern_cov1,64,984,0.25000000000000355,0.25000000000000355,0.0,0.002062583,0.005722083
mattern_cov1,64,985,0.25000000000000355,0.25000000000000355,0.0,0.001994834,0.005912625
mattern_cov1,64,986,0.25000000000000355,0.25000000000000355,0.0,0.002089458,0.005886875
mattern_cov1,64,987,0.25000000000000355,0.25000000000000355,0.0,0.002083208,0.005949708
mattern_cov1,64,988,0.25000000000000355,0.25000000000000355,0.0,0.002117417,0.005883625
mattern_cov1,64,989,0.25000000000000355,0.25000000000000355,0.0,0.002118834,0.005942
mattern_cov1,64,990,0.25000000000000355,0.25000000000000355,0.0,0.002116583,0.005912584
mattern_cov1,64,991,0.25000000000000355,0.25000000000000355,0.0,0.002205875,0.005912708
mattern_cov1,64,992,0.25000000000000355,0.25000000000000355,0.0,0.002143208,0.00599525
mattern_cov1,64,993,0.25000000000000355,0.25000000000000355,0.0,0.002206708,0.0057465
mattern_cov1,64,994,0.25000000000000355,0.25000000000000355,0.0,0.001988792,0.005887458
mattern_cov1,64,995,0.25000000000000355,0.25000000000000355,0.0,0.0021835,0.005869916
mattern_cov1,64,996,0.25000000000000355,0.25000000000000355,0.0,0.002177792,0.005832166
mattern_cov1,64,997,0.25000000000000355,0.25000000000000355,0.0,0.002161833,0.005891208
mattern_cov1,64,998,0.25000000000000355,0.25000000000000355,0.0,0.002118834,0.006765125
mattern_cov1,64,999,0.25000000000000355,0.25000000000000355,0.0,0.002073416,0.005879459
mattern_cov1,64,1000,0.25000000000000355,0.25000000000000355,0.0,0.00213875,0.005917042
mattern_cov1,256,1,0.25000544197777436,0.25000544197777425,1.1102230246251565e-16,0.009169333,0.024401875
mattern_cov1,256,2,0.2500056487855324,0.2500056487855322,1.6653345369377348e-16,0.008838667,0.024025125
mattern_cov1,256,3,0.2500055318356075,0.25000553183560736,1.1102230246251565e-16,0.008939958,0.02487
mattern_cov1,256,4,0.2500053858870654,0.2500053858870653,1.1102230246251565e-16,0.008955125,0.024314625
mattern_cov1,256,5,0.25000552600060816,0.25000552600060794,2.220446049250313e-16,0.009124333,0.024316208
mattern_cov1,256,6,0.2500055077706559,0.25000550777065583,5.551115123125783e-17,0.009556917,0.024317667
mattern_cov1,256,7,0.25000566913566713,0.250005669135667,1.1102230246251565e-16,0.009084334,0.024354583
mattern_cov1,256,8,0.2500054584137053,0.25000545841370514,1.6653345369377348e-16,0.008972583,0.024410792
mattern_cov1,256,9,0.25000549387272114,0.25000549387272103,1.1102230246251565e-16,0.008656709,0.024493167
mattern_cov1,256,10,0.25000546912146215,0.2500054691214621,5.551115123125783e-17,0.008741166,0.023901125
mattern_cov1,256,11,0.25000547797978495,0.2500054779797849,5.551115123125783e-17,0.009157959,0.024637875
mattern_cov1,256,12,0.25000533638987993,0.25000533638987993,0.0,0.009011,0.024632125
mattern_cov1,256,13,0.2500056452745005,0.25000564527450037,1.1102230246251565e-16,0.009204042,0.024340333
mattern_cov1,256,14,0.25000574219442057,0.2500057421944204,1.6653345369377348e-16,0.009130541,0.024521542
mattern_cov1,256,15,0.25000556342878827,0.2500055634287881,1.6653345369377348e-16,0.008967458,0.026463417
mattern_cov1,256,16,0.25000561931012405,0.2500056193101239,1.6653345369377348e-16,0.008680708,0.024082125
mattern_cov1,256,17,0.25000550619566114,0.25000550619566103,1.1102230246251565e-16,0.008706709,0.024613791
mattern_cov1,256,18,0.2500055793414978,0.25000557934149775,5.551115123125783e-17,0.009113916,0.024350084
mattern_cov1,256,19,0.25000555010388514,0.2500055501038851,5.551115123125783e-17,0.008997625,0.025018875
mattern_cov1,256,20,0.250005468502318,0.2500054685023178,1.6653345369377348e-16,0.009034292,0.024551083
mattern_cov1,256,21,0.2500055794987763,0.25000557949877616,1.1102230246251565e-16,0.009040916,0.024446459
mattern_cov1,256,22,0.2500057300256953,0.25000573002569515,1.6653345369377348e-16,0.008866916,0.023899042
mattern_cov1,256,23,0.25000550372022085,0.25000550372022073,1.1102230246251565e-16,0.00933275,0.026793459
mattern_cov1,256,24,0.25000560501015595,0.25000560501015584,1.1102230246251565e-16,0.008896166,0.024314875
mattern_cov1,256,25,0.25000559649013593,0.2500055964901359,5.551115123125783e-17,0.009472334,0.024760958
mattern_cov1,256,26,0.25000550778918,0.2500055077891799,1.1102230246251565e-16,0.00906575,0.024155583
mattern_cov1,256,27,0.2500053638819513,0.2500053638819512,1.1102230246251565e-16,0.009001208,0.024199625
mattern_cov1,256,28,0.25000560678872935,0.25000560678872913,2.220446049250313e-16,0.009023417,0.024438416
mattern_cov1,256,29,0.2500054553256847,0.2500054553256845,1.6653345369377348e-16,0.009244125,0.026113542
mattern_cov1,256,30,0.25000545296040316,0.250005452960403,1.6653345369377348e-16,0.008798375,0.024550709
mattern_cov1,256,31,0.25000566050398815,0.250005660503988,1.6653345369377348e-16,0.009013708,0.024149459
mattern_cov1,256,32,0.2500053307909538,0.2500053307909536,1.6653345369377348e-16,0.0088385,0.024029625
mattern_cov1,256,33,0.25000553483434457,0.25000553483434446,1.1102230246251565e-16,0.008965584,0.025024541
mattern_cov1,256,34,0.25000552041933555,0.25000552041933544,1.1102230246251565e-16,0.008740208,0.025705375
mattern_cov1,256,35,0.25000569839070647,0.25000569839070635,1.1102230246251565e-16,0.009055208,0.024146292
mattern_cov1,256,36,0.25000551137159405,0.25000551137159394,1.1102230246251565e-16,0.008824417,0.024458333
mattern_cov1,256,37,0.2500053703568385,0.2500053703568384,1.1102230246251565e-16,0.009082583,0.02458225
mattern_cov1,256,38,0.25000537574954546,0.2500053757495454,5.551115123125783e-17,0.008907083,0.02435525
mattern_cov1,256,39,0.25000560014774337,0.25000560014774326,1.1102230246251565e-16,0.008902875,0.026467666
mattern_cov1,256,40,0.25000553069624165,0.2500055306962415,1.6653345369377348e-16,0.00887925,0.024221334
mattern_cov1,256,41,0.2500056174747411,0.250005617474741,1.1102230246251565e-16,0.008888792,0.024223208
mattern_cov1,256,42,0.25000557872116963,0.2500055787211695,1.1102230246251565e-16,0.009322625,0.026267041
mattern_cov1,256,43,0.2500053771170276,0.2500053771170274,1.6653345369377348e-16,0.008965292,0.024095334
mattern_cov1,256,44,0.25000576757560017,0.2500057675756,1.6653345369377348e-16,0.008656125,0.024523375
mattern_cov1,256,45,0.25000557677532126,0.2500055767753211,1.6653345369377348e-16,0.00888025,0.024203875
mattern_cov1,256,46,0.250005622388479,0.25000562238847895,5.551115123125783e-17,0.008659041,0.024588417
mattern_cov1,256,47,0.2500053888943285,0.2500053888943284,1.1102230246251565e-16,0.009022125,0.024301167
mattern_cov1,256,48,0.2500055799574884,0.2500055799574883,1.1102230246251565e-16,0.009067125,0.024596917
mattern_cov1,256,49,0.25000550328676,0.25000550328675974,2.7755575615628914e-16,0.008991584,0.023965125
mattern_cov1,256,50,0.2500054365782239,0.2500054365782237,1.6653345369377348e-16,0.009121,0.025999541
mattern_cov1,256,51,0.25000571038948843,0.2500057103894883,1.1102230246251565e-16,0.008710292,0.023881958
mattern_cov1,256,52,0.2500058208680528,0.2500058208680526,1.6653345369377348e-16,0.00903725,0.024389208
mattern_cov1,256,53,0.2500054584263543,0.2500054584263542,1.1102230246251565e-16,0.008955292,0.026224542
mattern_cov1,256,54,0.2500056663811303,0.2500056663811302,1.1102230246251565e-16,0.008865292,0.023747125
mattern_cov1,256,55,0.2500056243665975,0.25000562436659735,1.6653345369377348e-16,0.009992667,0.024343583
mattern_cov1,256,56,0.2500055121612557,0.2500055121612556,1.1102230246251565e-16,0.009150917,0.025671583
mattern_cov1,256,57,0.25000558121475686,0.25000558121475674,1.1102230246251565e-16,0.008850792,0.02411075
mattern_cov1,256,58,0.25000566880746317,0.250005668807463,1.6653345369377348e-16,0.008805291,0.024909667
mattern_cov1,256,59,0.2500056489562319,0.2500056489562318,1.1102230246251565e-16,0.008884041,0.024354958
mattern_cov1,256,60,0.25000565783867823,0.2500056578386782,5.551115123125783e-17,0.0090045,0.024557542
mattern_cov1,256,61,0.25000550328430254,0.2500055032843024,1.6653345369377348e-16,0.009012625,0.024280916
mattern_cov1,256,62,0.2500054991672593,0.2500054991672591,1.6653345369377348e-16,0.008942042,0.024643583
mattern_cov1,256,63,0.25000558492153696,0.25000558492153685,1.1102230246251565e-16,0.009242042,0.024558375
mattern_cov1,256,64,0.25000549967232844,0.2500054996723284,5.551115123125783e-17,0.008928375,0.02401675
mattern_cov1,256,65,0.2500055804842036,0.25000558048420357,5.551115123125783e-17,0.008766208,0.0238855
mattern_cov1,256,66,0.2500056325036989,0.2500056325036988,1.1102230246251565e-16,0.009126292,0.024236166
mattern_cov1,256,67,0.2500055075265873,0.2500055075265872,1.1102230246251565e-16,0.008987458,0.024674042
mattern_cov1,256,68,0.2500055514011162,0.2500055514011161,1.1102230246251565e-16,0.009230292,0.024229083
mattern_cov1,256,69,0.25000557873687707,0.2500055787368769,1.6653345369377348e-16,0.009090791,0.024438084
mattern_cov1,256,70,0.2500054925722103,0.2500054925722101,1.6653345369377348e-16,0.009064375,0.0246685
mattern_cov1,256,71,0.25000546612576385,0.25000546612576374,1.1102230246251565e-16,0.009040042,0.024281375
mattern_cov1,256,72,0.25000557709952803,0.2500055770995279,1.1102230246251565e-16,0.009258417,0.024191875
mattern_cov1,256,73,0.25000554763776456,0.25000554763776445,1.1102230246251565e-16,0.008647125,0.027012959
mattern_cov1,256,74,0.2500053279126259,0.25000532791262586,5.551115123125783e-17,0.009206875,0.024449958
mattern_cov1,256,75,0.25000553138886167,0.2500055313888616,5.551115123125783e-17,0.009211041,0.024891
mattern_cov1,256,76,0.2500054868974701,0.25000548689747,1.1102230246251565e-16,0.009114917,0.024329208
mattern_cov1,256,77,0.2500055498335283,0.2500055498335282,1.1102230246251565e-16,0.008710583,0.023993083
mattern_cov1,256,78,0.25000568062745077,0.2500056806274506,1.6653345369377348e-16,0.008984916,0.024500417
mattern_cov1,256,79,0.250005642804767,0.2500056428047669,1.1102230246251565e-16,0.00929725,0.025829459
mattern_cov1,256,80,0.2500055914779964,0.2500055914779963,1.1102230246251565e-16,0.009029584,0.024513625
mattern_cov1,256,81,0.25000566559882625,0.25000566559882614,1.1102230246251565e-16,0.0092145,0.024689625
mattern_cov1,256,82,0.2500056177245457,0.25000561772454566,5.551115123125783e-17,0.009035167,0.024079875
mattern_cov1,256,83,0.2500055756568347,0.2500055756568345,1.6653345369377348e-16,0.00919025,0.024696042
mattern_cov1,256,84,0.25000530261213866,0.2500053026121385,1.6653345369377348e-16,0.009234542,0.02486275
mattern_cov1,256,85,0.2500054389941318,0.2500054389941317,1.1102230246251565e-16,0.009349917,0.024601417
mattern_cov1,256,86,0.2500055906095395,0.25000559060953936,1.1102230246251565e-16,0.008988959,0.024213125
mattern_cov1,256,87,0.2500055556714058,0.25000555567140564,1.6653345369377348e-16,0.008935209,0.024431
mattern_cov1,256,88,0.2500056293770436,0.2500056293770435,1.1102230246251565e-16,0.00932225,0.0264075
mattern_cov1,256,89,0.25000559313904813,0.2500055931390481,5.551115123125783e-17,0.009224417,0.023967959
mattern_cov1,256,90,0.25000551005762817,0.250005510057628,1.6653345369377348e-16,0.008903042,0.024482084
mattern_cov1,256,91,0.25000540634544366,0.2500054063454435,1.6653345369377348e-16,0.009129958,0.02483125
mattern_cov1,256,92,0.2500053629994008,0.2500053629994006,1.6653345369377348e-16,0.009126667,0.025971167
mattern_cov1,256,93,0.25000547814798874,0.2500054781479886,1.1102230246251565e-16,0.008782208,0.024287125
mattern_cov1,256,94,0.2500055028533792,0.25000550285337914,5.551115123125783e-17,0.009171875,0.024357041
mattern_cov1,256,95,0.25000554886336807,0.25000554886336795,1.1102230246251565e-16,0.008933375,0.024211292
mattern_cov1,256,96,0.25000557344833707,0.2500055734483369,1.6653345369377348e-16,0.009073417,0.024092666
mattern_cov1,256,97,0.2500056448685432,0.2500056448685431,1.1102230246251565e-16,0.009129584,0.024005833
mattern_cov1,256,98,0.2500054092199095,0.25000540921990944,5.551115123125783e-17,0.008987792,0.024804291
mattern_cov1,256,99,0.25000562660543213,0.2500056266054321,5.551115123125783e-17,0.009035292,0.025877542
mattern_cov1,256,100,0.2500056798659595,0.25000567986595934,1.6653345369377348e-16,0.008620167,0.024054459
mattern_cov1,256,101,0.2500056206727131,0.25000562067271287,2.220446049250313e-16,0.009101667,0.024677541
mattern_cov1,256,102,0.25000543160780503,0.2500054316078049,1.1102230246251565e-16,0.009229,0.024975958
mattern_cov1,256,103,0.2500053807125198,0.25000538071251965,1.6653345369377348e-16,0.009089,0.024852666
mattern_cov1,256,104,0.2500055272154142,0.2500055272154141,1.1102230246251565e-16,0.009028417,0.024374541
mattern_cov1,256,105,0.25000537564871156,0.25000537564871145,1.1102230246251565e-16,0.008751209,0.024257708
mattern_cov1,256,106,0.2500054887403562,0.2500054887403561,1.1102230246251565e-16,0.009084417,0.024080167
mattern_cov1,256,107,0.25000548797095196,0.25000548797095185,1.1102230246251565e-16,0.008759792,0.025132458
mattern_cov1,256,108,0.2500054851762081,0.25000548517620796,1.1102230246251565e-16,0.008761375,0.024432
mattern_cov1,256,109,0.25000557425970243,0.25000557425970227,1.6653345369377348e-16,0.009086834,0.024101958
mattern_cov1,256,110,0.2500057470095917,0.2500057470095916,1.1102230246251565e-16,0.009349083,0.024538709
mattern_cov1,256,111,0.2500056204579772,0.25000562045797703,1.6653345369377348e-16,0.008813167,0.024965208
mattern_cov1,256,112,0.25000541975740304,0.2500054197574029,1.1102230246251565e-16,0.0090795,0.023872709
mattern_cov1,256,113,0.2500054755767503,0.25000547557675024,5.551115123125783e-17,0.008803208,0.02491275
mattern_cov1,256,114,0.2500055118217153,0.25000551182171526,5.551115123125783e-17,0.009032167,0.024361833
mattern_cov1,256,115,0.250005670910997,0.2500056709109969,1.1102230246251565e-16,0.0090515,0.024307083
mattern_cov1,256,116,0.25000564337207487,0.2500056433720747,1.6653345369377348e-16,0.008991833,0.02530175
mattern_cov1,256,117,0.25000545760932824,0.25000545760932813,1.1102230246251565e-16,0.009177959,0.024633708
mattern_cov1,256,118,0.25000550475117317,0.25000550475117306,1.1102230246251565e-16,0.009232667,0.02454225
mattern_cov1,256,119,0.2500055277756677,0.2500055277756676,1.1102230246251565e-16,0.008653833,0.023944625
mattern_cov1,256,120,0.25000576936474156,0.25000576936474145,1.1102230246251565e-16,0.009074708,0.0257725
mattern_cov1,256,121,0.2500054896375953,0.2500054896375952,5.551115123125783e-17,0.008954875,0.028821833
mattern_cov1,256,122,0.25000539706393865,0.2500053970639385,1.6653345369377348e-16,0.009200084,0.024409458
mattern_cov1,256,123,0.25000566349962916,0.2500056634996291,5.551115123125783e-17,0.009002042,0.02410925
mattern_cov1,256,124,0.25000569002747397,0.2500056900274738,1.6653345369377348e-16,0.009318458,0.024511417
mattern_cov1,256,125,0.25000547818298385,0.2500054781829837,1.6653345369377348e-16,0.008957292,0.02436575
mattern_cov1,256,126,0.25000553165099776,0.25000553165099765,1.1102230246251565e-16,0.00905075,0.032086875
mattern_cov1,256,127,0.2500055251967732,0.25000552519677316,5.551115123125783e-17,0.009052459,0.02447025
mattern_cov1,256,128,0.25000566656928097,0.25000566656928086,1.1102230246251565e-16,0.00894575,0.02483325
mattern_cov1,256,129,0.2500054818286251,0.250005481828625,1.1102230246251565e-16,0.009293334,0.024174541
mattern_cov1,256,130,0.2500056037142672,0.25000560371426706,1.6653345369377348e-16,0.009123708,0.024241708
mattern_cov1,256,131,0.2500054999655374,0.2500054999655373,1.1102230246251565e-16,0.008832917,0.024704541
mattern_cov1,256,132,0.2500055710668849,0.25000557106688476,1.6653345369377348e-16,0.008911958,0.025097042
mattern_cov1,256,133,0.250005560030806,0.25000556003080576,2.220446049250313e-16,0.009031209,0.024297041
mattern_cov1,256,134,0.250005401625704,0.2500054016257039,1.1102230246251565e-16,0.016278292,0.027678334
mattern_cov1,256,135,0.2500053159476346,0.2500053159476345,1.1102230246251565e-16,0.009143083,0.024721791
mattern_cov1,256,136,0.2500055246357767,0.2500055246357766,1.1102230246251565e-16,0.009153291,0.024575
mattern_cov1,256,137,0.2500057059647125,0.25000570596471233,1.6653345369377348e-16,0.00893525,0.029032792
mattern_cov1,256,138,0.2500055263313871,0.250005526331387,1.1102230246251565e-16,0.009036375,0.024270083
mattern_cov1,256,139,0.2500056223472999,0.2500056223472997,1.6653345369377348e-16,0.008662666,0.028099584
mattern_cov1,256,140,0.25000562514417685,0.2500056251441766,2.220446049250313e-16,0.009154041,0.024400583
mattern_cov1,256,141,0.2500055823890524,0.2500055823890523,1.1102230246251565e-16,0.008995542,0.025191416
mattern_cov1,256,142,0.25000534658725543,0.2500053465872553,1.1102230246251565e-16,0.00897925,0.02447925
mattern_cov1,256,143,0.2500053739623969,0.2500053739623968,1.1102230246251565e-16,0.009208208,0.024123459
mattern_cov1,256,144,0.2500056665433989,0.25000566654339873,1.6653345369377348e-16,0.008939459,0.023859917
mattern_cov1,256,145,0.2500057548218167,0.2500057548218166,1.1102230246251565e-16,0.009237875,0.024209459
mattern_cov1,256,146,0.2500055305387172,0.25000553053871705,1.6653345369377348e-16,0.009028875,0.029518875
mattern_cov1,256,147,0.2500055041628486,0.25000550416284856,5.551115123125783e-17,0.0086525,0.025329541
mattern_cov1,256,148,0.2500053594552523,0.2500053594552522,1.1102230246251565e-16,0.009078041,0.024257125
mattern_cov1,256,149,0.25000555889418047,0.2500055588941803,1.6653345369377348e-16,0.009017291,0.024461833
mattern_cov1,256,150,0.2500053622680763,0.2500053622680762,1.1102230246251565e-16,0.009094125,0.0247165
mattern_cov1,256,151,0.25000571592227744,0.25000571592227727,1.6653345369377348e-16,0.00898275,0.024145416
mattern_cov1,256,152,0.25000539899269764,0.25000539899269747,1.6653345369377348e-16,0.00898475,0.024162083
mattern_cov1,256,153,0.25000553270004283,0.2500055327000427,1.1102230246251565e-16,0.009060375,0.024190791
mattern_cov1,256,154,0.2500057268399211,0.250005726839921,1.1102230246251565e-16,0.009096833,0.024328958
mattern_cov1,256,155,0.2500055404630583,0.2500055404630582,1.1102230246251565e-16,0.008822958,0.02445075
mattern_cov1,256,156,0.25000560024245594,0.2500056002424558,1.1102230246251565e-16,0.009020416,0.024342917
mattern_cov1,256,157,0.25000550488987994,0.2500055048898798,1.1102230246251565e-16,0.009069708,0.024493792
mattern_cov1,256,158,0.250005766036504,0.25000576603650393,5.551115123125783e-17,0.008559333,0.029944042
mattern_cov1,256,159,0.25000549480139306,0.250005494801393,5.551115123125783e-17,0.008391084,0.024885459
mattern_cov1,256,160,0.2500056686296346,0.25000566862963447,1.1102230246251565e-16,0.009403791,0.024904584
mattern_cov1,256,161,0.25000547654000443,0.2500054765400043,1.1102230246251565e-16,0.01134225,0.024626583
mattern_cov1,256,162,0.25000550278898154,0.2500055027889815,5.551115123125783e-17,0.009163708,0.024259875
mattern_cov1,256,163,0.2500054163724574,0.25000541637245727,1.1102230246251565e-16,0.008848584,0.024391292
mattern_cov1,256,164,0.25000547767281195,0.25000547767281184,1.1102230246251565e-16,0.008925875,0.024640708
mattern_cov1,256,165,0.2500056032692533,0.2500056032692532,1.1102230246251565e-16,0.009099708,0.024398458
mattern_cov1,256,166,0.2500054656290626,0.2500054656290624,2.220446049250313e-16,0.008724208,0.024621292
mattern_cov1,256,167,0.2500056287164395,0.25000562871643933,1.6653345369377348e-16,0.008930083,0.024242125
mattern_cov1,256,168,0.2500054575446831,0.250005457544683,1.1102230246251565e-16,0.008837125,0.024125291
mattern_cov1,256,169,0.2500055486981807,0.25000554869818054,1.6653345369377348e-16,0.00916725,0.026109083
mattern_cov1,256,170,0.2500056610338473,0.25000566103384714,1.6653345369377348e-16,0.009119292,0.024638041
mattern_cov1,256,171,0.25000555537923347,0.25000555537923325,2.220446049250313e-16,0.008823375,0.024318708
mattern_cov1,256,172,0.2500054641028133,0.25000546410281327,5.551115123125783e-17,0.009254125,0.024636167
mattern_cov1,256,173,0.2500055928648491,0.25000559286484897,1.1102230246251565e-16,0.008888291,0.024369334
mattern_cov1,256,174,0.2500054540765422,0.250005454076542,1.6653345369377348e-16,0.008976625,0.025632333
mattern_cov1,256,175,0.2500054856017762,0.25000548560177616,5.551115123125783e-17,0.009332167,0.024359166
mattern_cov1,256,176,0.2500053449690319,0.25000534496903176,1.1102230246251565e-16,0.00905575,0.024565
mattern_cov1,256,177,0.2500055704266852,0.2500055704266851,1.1102230246251565e-16,0.009118875,0.024312958
mattern_cov1,256,178,0.25000548690959096,0.25000548690959085,1.1102230246251565e-16,0.008880291,0.024543209
mattern_cov1,256,179,0.25000552567256445,0.25000552567256434,1.1102230246251565e-16,0.008936208,0.025141042
mattern_cov1,256,180,0.2500057752728997,0.2500057752728996,1.1102230246251565e-16,0.008875084,0.025323209
mattern_cov1,256,181,0.2500057135090649,0.2500057135090649,0.0,0.009326083,0.024291167
mattern_cov1,256,182,0.2500056662620084,0.2500056662620083,5.551115123125783e-17,0.0090295,0.024362167
mattern_cov1,256,183,0.25000560866264027,0.25000560866264016,1.1102230246251565e-16,0.008483375,0.023895167
mattern_cov1,256,184,0.25000566995439516,0.250005669954395,1.6653345369377348e-16,0.008406959,0.023671292
mattern_cov1,256,185,0.2500055226945425,0.2500055226945424,1.1102230246251565e-16,0.008307459,0.02383975
mattern_cov1,256,186,0.25000579400438105,0.250005794004381,5.551115123125783e-17,0.009299,0.030648666
mattern_cov1,256,187,0.25000559116261534,0.2500055911626153,5.551115123125783e-17,0.009332042,0.024307333
mattern_cov1,256,188,0.25000545918753814,0.2500054591875381,5.551115123125783e-17,0.009229541,0.024350542
mattern_cov1,256,189,0.2500055497586832,0.2500055497586831,1.1102230246251565e-16,0.00906075,0.024583584
mattern_cov1,256,190,0.2500054034184099,0.25000540341840977,1.1102230246251565e-16,0.008550917,0.024185666
mattern_cov1,256,191,0.25000573625848,0.2500057362584798,1.6653345369377348e-16,0.00910475,0.0255055
mattern_cov1,256,192,0.25000553192331115,0.250005531923311,1.6653345369377348e-16,0.008908458,0.024442708
mattern_cov1,256,193,0.25000558486860425,0.2500055848686041,1.6653345369377348e-16,0.009139208,0.024165625
mattern_cov1,256,194,0.2500056938896577,0.2500056938896576,1.1102230246251565e-16,0.008935041,0.024181292
mattern_cov1,256,195,0.2500055256240054,0.25000552562400524,1.6653345369377348e-16,0.009189583,0.024841125
mattern_cov1,256,196,0.25000556145976,0.2500055614597599,1.1102230246251565e-16,0.009066625,0.028736209
mattern_cov1,256,197,0.25000556878917374,0.25000556878917357,1.6653345369377348e-16,0.009287666,0.024366583
mattern_cov1,256,198,0.2500057121727615,0.25000571217276135,1.6653345369377348e-16,0.009131667,0.024796
mattern_cov1,256,199,0.2500055049162222,0.25000550491622203,1.6653345369377348e-16,0.0090125,0.024540208
mattern_cov1,256,200,0.25000555303899546,0.25000555303899535,1.1102230246251565e-16,0.008871209,0.02444625
mattern_cov1,256,201,0.2500055315491499,0.2500055315491498,1.1102230246251565e-16,0.008573125,0.025035875
mattern_cov1,256,202,0.25000552811649224,0.25000552811649207,1.6653345369377348e-16,0.008936792,0.024404333
mattern_cov1,256,203,0.25000564374811174,0.2500056437481116,1.6653345369377348e-16,0.008938375,0.024410875
mattern_cov1,256,204,0.25000558771480175,0.2500055877148016,1.6653345369377348e-16,0.009001834,0.024695708
mattern_cov1,256,205,0.2500054505059886,0.2500054505059885,1.1102230246251565e-16,0.009015167,0.024579709
mattern_cov1,256,206,0.2500055992146682,0.2500055992146681,1.1102230246251565e-16,0.00893725,0.025839375
mattern_cov1,256,207,0.25000574706393386,0.2500057470639338,5.551115123125783e-17,0.008760959,0.024186291
mattern_cov1,256,208,0.25000561410499633,0.25000561410499617,1.6653345369377348e-16,0.009048541,0.024231
mattern_cov1,256,209,0.25000546106208027,0.25000546106208016,1.1102230246251565e-16,0.008830083,0.024608042
mattern_cov1,256,210,0.25000554694648347,0.2500055469464834,5.551115123125783e-17,0.009214791,0.024855209
mattern_cov1,256,211,0.2500055541685415,0.25000555416854137,1.1102230246251565e-16,0.009126125,0.024423083
mattern_cov1,256,212,0.2500056084824961,0.2500056084824959,1.6653345369377348e-16,0.008800334,0.031227625
mattern_cov1,256,213,0.25000548969908815,0.25000548969908803,1.1102230246251565e-16,0.009077458,0.024341
mattern_cov1,256,214,0.25000549405250905,0.2500054940525089,1.6653345369377348e-16,0.009018792,0.02439075
mattern_cov1,256,215,0.2500056319615648,0.2500056319615646,1.6653345369377348e-16,0.009142333,0.024437375
mattern_cov1,256,216,0.25000564959038674,0.2500056495903867,5.551115123125783e-17,0.008825458,0.025401792
mattern_cov1,256,217,0.25000569826471547,0.2500056982647154,5.551115123125783e-17,0.009423916,0.023835292
mattern_cov1,256,218,0.25000570313797543,0.2500057031379754,5.551115123125783e-17,0.0090865,0.024479875
mattern_cov1,256,219,0.25000562350710415,0.25000562350710404,1.1102230246251565e-16,0.0088395,0.024503292
mattern_cov1,256,220,0.2500054902716665,0.2500054902716664,1.1102230246251565e-16,0.009023541,0.024703083
mattern_cov1,256,221,0.2500055648536707,0.2500055648536706,1.1102230246251565e-16,0.008801792,0.026673458
mattern_cov1,256,222,0.25000518209082195,0.25000518209082184,1.1102230246251565e-16,0.009041916,0.024250792
mattern_cov1,256,223,0.250005386845127,0.2500053868451268,2.220446049250313e-16,0.008902458,0.024734542
mattern_cov1,256,224,0.25000557532811435,0.2500055753281141,2.220446049250313e-16,0.009160875,0.024300375
mattern_cov1,256,225,0.2500053684587917,0.25000536845879157,1.1102230246251565e-16,0.009468208,0.024918416
mattern_cov1,256,226,0.2500056271165379,0.25000562711653784,5.551115123125783e-17,0.009166208,0.024216417
mattern_cov1,256,227,0.2500054816108627,0.2500054816108626,1.1102230246251565e-16,0.008958125,0.024014292
mattern_cov1,256,228,0.25000563906452494,0.25000563906452483,1.1102230246251565e-16,0.0088035,0.023936208
mattern_cov1,256,229,0.2500054113828616,0.25000541138286153,5.551115123125783e-17,0.009368416,0.024732209
mattern_cov1,256,230,0.25000555209349146,0.25000555209349135,1.1102230246251565e-16,0.008752417,0.024624542
mattern_cov1,256,231,0.25000556811004304,0.2500055681100429,1.6653345369377348e-16,0.008510541,0.02439575
mattern_cov1,256,232,0.25000539113251546,0.25000539113251535,1.1102230246251565e-16,0.008968375,0.024398709
mattern_cov1,256,233,0.25000542521191144,0.2500054252119113,1.1102230246251565e-16,0.009295041,0.024464209
mattern_cov1,256,234,0.2500053668748284,0.25000536687482827,1.1102230246251565e-16,0.009038708,0.024480791
mattern_cov1,256,235,0.25000555952082665,0.2500055595208266,5.551115123125783e-17,0.008859,0.024550333
mattern_cov1,256,236,0.25000564297546596,0.2500056429754658,1.6653345369377348e-16,0.008969292,0.024438375
mattern_cov1,256,237,0.2500055884229097,0.2500055884229096,1.1102230246251565e-16,0.009188083,0.024339125
mattern_cov1,256,238,0.25000563533313397,0.2500056353331339,5.551115123125783e-17,0.008574708,0.026980417
mattern_cov1,256,239,0.25000558014984975,0.25000558014984964,1.1102230246251565e-16,0.009367291,0.024664625
mattern_cov1,256,240,0.2500056595339966,0.2500056595339965,1.1102230246251565e-16,0.008954375,0.024777333
mattern_cov1,256,241,0.25000543273551445,0.2500054327355143,1.6653345369377348e-16,0.008696833,0.024247584
mattern_cov1,256,242,0.25000538672320755,0.2500053867232073,2.220446049250313e-16,0.009183583,0.024492709
mattern_cov1,256,243,0.2500056008498958,0.2500056008498956,2.220446049250313e-16,0.00868675,0.029982583
mattern_cov1,256,244,0.2500055817488975,0.25000558174889725,2.220446049250313e-16,0.008854625,0.024266667
mattern_cov1,256,245,0.2500055094131646,0.25000550941316446,1.1102230246251565e-16,0.009071041,0.024398209
mattern_cov1,256,246,0.2500054965377633,0.25000549653776327,5.551115123125783e-17,0.009168,0.024329917
mattern_cov1,256,247,0.25000565674895553,0.2500056567489554,1.1102230246251565e-16,0.008982333,0.02446275
mattern_cov1,256,248,0.2500053745479132,0.2500053745479131,1.1102230246251565e-16,0.009266166,0.024378
mattern_cov1,256,249,0.2500056026237428,0.2500056026237427,5.551115123125783e-17,0.009190041,0.024461125
mattern_cov1,256,250,0.2500054199041992,0.25000541990419906,1.6653345369377348e-16,0.009065792,0.024567625
mattern_cov1,256,251,0.2500052651907945,0.2500052651907944,1.1102230246251565e-16,0.00874925,0.024204292
mattern_cov1,256,252,0.25000550101101104,0.2500055010110109,1.6653345369377348e-16,0.009011667,0.027078375
mattern_cov1,256,253,0.25000557097924375,0.25000557097924353,2.220446049250313e-16,0.008601292,0.024278125
mattern_cov1,256,254,0.2500056404322104,0.25000564043221024,1.6653345369377348e-16,0.008898625,0.0243515
mattern_cov1,256,255,0.25000539607265376,0.25000539607265365,1.1102230246251565e-16,0.008852875,0.02434025
mattern_cov1,256,256,0.2500056348844601,0.25000563488446,1.1102230246251565e-16,0.008944917,0.024567125
mattern_cov1,256,257,0.2500055044593834,0.2500055044593833,1.1102230246251565e-16,0.008824208,0.026341792
mattern_cov1,256,258,0.25000564053560814,0.25000564053560803,1.1102230246251565e-16,0.008796833,0.024307417
mattern_cov1,256,259,0.2500056280559462,0.2500056280559461,1.1102230246251565e-16,0.008873083,0.024305625
mattern_cov1,256,260,0.2500053646458705,0.2500053646458703,1.6653345369377348e-16,0.009144375,0.024523416
mattern_cov1,256,261,0.2500055439772266,0.25000554397722646,1.1102230246251565e-16,0.009121458,0.024577209
mattern_cov1,256,262,0.25000549415277024,0.2500054941527702,5.551115123125783e-17,0.009032625,0.023976708
mattern_cov1,256,263,0.25000549607761585,0.25000549607761574,1.1102230246251565e-16,0.009237,0.024601833
mattern_cov1,256,264,0.2500056699028402,0.25000566990284007,1.1102230246251565e-16,0.008942625,0.024206375
mattern_cov1,256,265,0.25000539613485045,0.2500053961348502,2.7755575615628914e-16,0.008544334,0.023922541
mattern_cov1,256,266,0.2500055878379613,0.2500055878379612,1.1102230246251565e-16,0.009047333,0.032933542
mattern_cov1,256,267,0.25000545673922214,0.25000545673922203,1.1102230246251565e-16,0.01900875,0.027522667
mattern_cov1,256,268,0.2500054794722321,0.25000547947223195,1.6653345369377348e-16,0.0091885,0.024467333
mattern_cov1,256,269,0.25000540609962757,0.25000540609962746,1.1102230246251565e-16,0.00914225,0.024358083
mattern_cov1,256,270,0.2500055278863313,0.2500055278863312,1.1102230246251565e-16,0.009098875,0.024322958
mattern_cov1,256,271,0.25000564857196034,0.2500056485719601,2.220446049250313e-16,0.00899075,0.02457225
mattern_cov1,256,272,0.25000532826726757,0.25000532826726746,1.1102230246251565e-16,0.008836542,0.024553666
mattern_cov1,256,273,0.2500054633311399,0.2500054633311397,1.6653345369377348e-16,0.009440334,0.02468925
mattern_cov1,256,274,0.25000562794308473,0.2500056279430846,1.1102230246251565e-16,0.008814292,0.024358333
mattern_cov1,256,275,0.2500053314161836,0.2500053314161835,1.1102230246251565e-16,0.009407959,0.026670084
mattern_cov1,256,276,0.2500056341254793,0.25000563412547927,5.551115123125783e-17,0.008967125,0.0242165
mattern_cov1,256,277,0.25000563144243887,0.25000563144243876,1.1102230246251565e-16,0.009115291,0.024322125
mattern_cov1,256,278,0.2500053827397031,0.25000538273970296,1.1102230246251565e-16,0.009112291,0.024425125
mattern_cov1,256,279,0.2500055324505703,0.2500055324505702,5.551115123125783e-17,0.009065375,0.024763459
mattern_cov1,256,280,0.2500056030449702,0.2500056030449701,1.1102230246251565e-16,0.00921375,0.024089791
mattern_cov1,256,281,0.250005710070394,0.2500057100703939,1.1102230246251565e-16,0.009097792,0.025747209
mattern_cov1,256,282,0.25000569183829285,0.25000569183829274,1.1102230246251565e-16,0.008946334,0.024340666
mattern_cov1,256,283,0.25000544187957446,0.25000544187957446,0.0,0.008784417,0.024643375
mattern_cov1,256,284,0.25000544425397137,0.25000544425397125,1.1102230246251565e-16,0.008894625,0.02432225
mattern_cov1,256,285,0.2500055985364358,0.25000559853643567,1.1102230246251565e-16,0.009224958,0.024563791
mattern_cov1,256,286,0.2500055352262462,0.2500055352262461,1.1102230246251565e-16,0.008877125,0.024283959
mattern_cov1,256,287,0.2500056941778425,0.25000569417784235,1.6653345369377348e-16,0.009244542,0.025218583
mattern_cov1,256,288,0.25000571762938467,0.2500057176293846,5.551115123125783e-17,0.0091755,0.0241735
mattern_cov1,256,289,0.25000565301705896,0.25000565301705885,1.1102230246251565e-16,0.008752,0.024465917
mattern_cov1,256,290,0.2500054152497662,0.250005415249766,2.220446049250313e-16,0.009015542,0.024451458
mattern_cov1,256,291,0.25000551388703185,0.2500055138870318,5.551115123125783e-17,0.008650583,0.027901208
mattern_cov1,256,292,0.2500054097498384,0.25000540974983837,5.551115123125783e-17,0.008754584,0.024681083
mattern_cov1,256,293,0.2500053452373167,0.2500053452373166,1.1102230246251565e-16,0.008891375,0.02441125
mattern_cov1,256,294,0.2500054775720629,0.2500054775720627,1.6653345369377348e-16,0.009003875,0.024185042
mattern_cov1,256,295,0.25000570750322176,0.25000570750322165,1.1102230246251565e-16,0.009064167,0.024513083
mattern_cov1,256,296,0.25000556940345825,0.25000556940345814,1.1102230246251565e-16,0.008930375,0.024386916
mattern_cov1,256,297,0.25000558762009,0.2500055876200899,1.1102230246251565e-16,0.00907375,0.025781208
mattern_cov1,256,298,0.2500054789817617,0.25000547898176145,2.220446049250313e-16,0.014656125,0.024470709
mattern_cov1,256,299,0.2500055009179111,0.250005500917911,1.1102230246251565e-16,0.009009375,0.024692083
mattern_cov1,256,300,0.25000560320188353,0.2500056032018833,2.220446049250313e-16,0.008721625,0.025209458
mattern_cov1,256,301,0.25000548832538017,0.25000548832538005,1.1102230246251565e-16,0.00898025,0.024551459
mattern_cov1,256,302,0.25000549986327425,0.25000549986327414,1.1102230246251565e-16,0.008951292,0.025609417
mattern_cov1,256,303,0.250005668529974,0.2500056685299739,1.1102230246251565e-16,0.009051542,0.024246875
mattern_cov1,256,304,0.250005482626067,0.25000548262606687,1.1102230246251565e-16,0.008773041,0.023956625
mattern_cov1,256,305,0.25000534532979213,0.250005345329792,1.1102230246251565e-16,0.008511167,0.023962583
mattern_cov1,256,306,0.25000560871017996,0.25000560871017985,1.1102230246251565e-16,0.009049958,0.025719792
mattern_cov1,256,307,0.250005515390436,0.2500055153904359,5.551115123125783e-17,0.013580291,0.023868584
mattern_cov1,256,308,0.2500055134410062,0.2500055134410061,1.1102230246251565e-16,0.00831425,0.023672542
mattern_cov1,256,309,0.2500055552088965,0.2500055552088963,2.220446049250313e-16,0.009095917,0.032147125
mattern_cov1,256,310,0.2500053692670345,0.25000536926703437,1.1102230246251565e-16,0.0092555,0.024524417
mattern_cov1,256,311,0.2500054468484198,0.2500054468484197,1.1102230246251565e-16,0.008843042,0.024210167
mattern_cov1,256,312,0.25000559412442525,0.2500055941244252,5.551115123125783e-17,0.009044083,0.024839833
mattern_cov1,256,313,0.2500055343392677,0.2500055343392676,1.1102230246251565e-16,0.009011083,0.02427775
mattern_cov1,256,314,0.2500054757691288,0.2500054757691286,1.6653345369377348e-16,0.009346167,0.025832041
mattern_cov1,256,315,0.25000546139558644,0.25000546139558627,1.6653345369377348e-16,0.00921075,0.024625334
mattern_cov1,256,316,0.2500054660807563,0.2500054660807562,1.1102230246251565e-16,0.008659916,0.023992792
mattern_cov1,256,317,0.2500055027446288,0.2500055027446287,1.1102230246251565e-16,0.008527667,0.023630208
mattern_cov1,256,318,0.25000564015438403,0.2500056401543839,1.1102230246251565e-16,0.008462042,0.023669708
mattern_cov1,256,319,0.2500053819926728,0.2500053819926726,2.220446049250313e-16,0.008507667,0.02373275
mattern_cov1,256,320,0.25000561596795556,0.2500056159679555,5.551115123125783e-17,0.00827475,0.023692209
mattern_cov1,256,321,0.25000551938223853,0.2500055193822384,1.1102230246251565e-16,0.009047542,0.024115291
mattern_cov1,256,322,0.25000538968213015,0.25000538968213,1.6653345369377348e-16,0.009239709,0.024317459
mattern_cov1,256,323,0.2500053739430299,0.25000537394302974,1.6653345369377348e-16,0.008443,0.023804209
mattern_cov1,256,324,0.250005606211597,0.2500056062115969,1.1102230246251565e-16,0.008394625,0.023519166
mattern_cov1,256,325,0.25000546523811623,0.25000546523811606,1.6653345369377348e-16,0.0083055,0.023884667
mattern_cov1,256,326,0.2500056616442548,0.25000566164425475,5.551115123125783e-17,0.008384625,0.023762042
mattern_cov1,256,327,0.25000559076631085,0.2500055907663108,5.551115123125783e-17,0.008779083,0.024158917
mattern_cov1,256,328,0.2500054933879076,0.25000549338790745,1.6653345369377348e-16,0.008627333,0.024409458
mattern_cov1,256,329,0.25000541862781095,0.2500054186278109,5.551115123125783e-17,0.008982542,0.025816167
mattern_cov1,256,330,0.2500054537029281,0.25000545370292787,2.220446049250313e-16,0.008888208,0.02445275
mattern_cov1,256,331,0.2500055664977529,0.2500055664977528,1.1102230246251565e-16,0.008722958,0.024700125
mattern_cov1,256,332,0.25000545563134247,0.25000545563134235,1.1102230246251565e-16,0.009751125,0.0241835
mattern_cov1,256,333,0.25000552689959327,0.25000552689959316,1.1102230246251565e-16,0.008954583,0.024239375
mattern_cov1,256,334,0.25000551203681337,0.2500055120368132,1.6653345369377348e-16,0.008744917,0.023881041
mattern_cov1,256,335,0.2500055061296054,0.2500055061296053,1.1102230246251565e-16,0.008558083,0.024281958
mattern_cov1,256,336,0.25000561965062024,0.2500056196506202,5.551115123125783e-17,0.009117333,0.024543709
mattern_cov1,256,337,0.2500055379924808,0.2500055379924807,1.1102230246251565e-16,0.008963833,0.024152959
mattern_cov1,256,338,0.2500055330858417,0.2500055330858416,1.1102230246251565e-16,0.008919833,0.024262583
mattern_cov1,256,339,0.2500055634230678,0.2500055634230677,1.1102230246251565e-16,0.00915625,0.02393875
mattern_cov1,256,340,0.25000552835506284,0.25000552835506273,1.1102230246251565e-16,0.008753959,0.025535083
mattern_cov1,256,341,0.25000531920684954,0.2500053192068495,5.551115123125783e-17,0.009073791,0.024280458
mattern_cov1,256,342,0.25000540465186655,0.25000540465186644,1.1102230246251565e-16,0.009122292,0.025917959
mattern_cov1,256,343,0.25000560433008373,0.2500056043300836,1.1102230246251565e-16,0.009006667,0.024494875
mattern_cov1,256,344,0.2500056762994529,0.25000567629945275,1.6653345369377348e-16,0.0088505,0.025788125
mattern_cov1,256,345,0.2500056247758747,0.25000562477587457,1.1102230246251565e-16,0.008985,0.024589125
mattern_cov1,256,346,0.2500056176411885,0.2500056176411884,1.1102230246251565e-16,0.0087345,0.023708916
mattern_cov1,256,347,0.25000557435013854,0.2500055743501384,1.1102230246251565e-16,0.008997125,0.02395975
mattern_cov1,256,348,0.25000570998162613,0.250005709981626,1.1102230246251565e-16,0.008783958,0.025150667
mattern_cov1,256,349,0.250005657111325,0.2500056571113249,1.1102230246251565e-16,0.008889958,0.024419834
mattern_cov1,256,350,0.2500054473494406,0.25000544734944047,1.1102230246251565e-16,0.009031708,0.025621875
mattern_cov1,256,351,0.25000546975419,0.25000546975418997,5.551115123125783e-17,0.008966083,0.023938292
mattern_cov1,256,352,0.2500055871108836,0.25000558711088355,5.551115123125783e-17,0.008805333,0.024149917
mattern_cov1,256,353,0.2500054521751753,0.25000545217517517,1.1102230246251565e-16,0.008945916,0.02423675
mattern_cov1,256,354,0.2500056030089766,0.25000560300897645,1.6653345369377348e-16,0.008914709,0.024229375
mattern_cov1,256,355,0.25000542977574364,0.2500054297757435,1.1102230246251565e-16,0.009029833,0.029721917
mattern_cov1,256,356,0.2500056504181383,0.2500056504181381,2.220446049250313e-16,0.008961666,0.023711292
mattern_cov1,256,357,0.25000553778650836,0.2500055377865082,1.6653345369377348e-16,0.009131708,0.024673375
mattern_cov1,256,358,0.2500055490930304,0.2500055490930303,1.1102230246251565e-16,0.00856175,0.024258917
mattern_cov1,256,359,0.25000539142704703,0.25000539142704686,1.6653345369377348e-16,0.008744917,0.024586416
mattern_cov1,256,360,0.2500056857584242,0.25000568575842413,5.551115123125783e-17,0.008909167,0.024360083
mattern_cov1,256,361,0.2500053525688634,0.2500053525688633,1.1102230246251565e-16,0.008783792,0.024350625
mattern_cov1,256,362,0.2500054735062894,0.25000547350628927,1.1102230246251565e-16,0.0088055,0.02430125
mattern_cov1,256,363,0.25000568829975683,0.2500056882997568,5.551115123125783e-17,0.009166333,0.025673125
mattern_cov1,256,364,0.2500055588201587,0.25000555882015857,1.1102230246251565e-16,0.008793042,0.024309291
mattern_cov1,256,365,0.25000549726383653,0.25000549726383636,1.6653345369377348e-16,0.008857791,0.024024833
mattern_cov1,256,366,0.25000541280660077,0.25000541280660055,2.220446049250313e-16,0.008938125,0.024220625
mattern_cov1,256,367,0.2500055877421363,0.25000558774213627,5.551115123125783e-17,0.009181459,0.02468675
mattern_cov1,256,368,0.2500054040222565,0.25000540402225635,1.6653345369377348e-16,0.0091175,0.02434275
mattern_cov1,256,369,0.2500055385702619,0.2500055385702618,1.1102230246251565e-16,0.008489125,0.02380825
mattern_cov1,256,370,0.2500054776498347,0.2500054776498346,1.1102230246251565e-16,0.009139834,0.025362083
mattern_cov1,256,371,0.250005441801534,0.2500054418015339,1.1102230246251565e-16,0.009096583,0.023841834
mattern_cov1,256,372,0.25000554759746024,0.25000554759746013,1.1102230246251565e-16,0.0087605,0.024123583
mattern_cov1,256,373,0.2500058006321679,0.25000580063216776,1.1102230246251565e-16,0.009016,0.023896917
mattern_cov1,256,374,0.2500055377779089,0.2500055377779088,1.1102230246251565e-16,0.008873125,0.025007167
mattern_cov1,256,375,0.2500054080992519,0.2500054080992517,2.220446049250313e-16,0.009073708,0.023820875
mattern_cov1,256,376,0.2500055896818871,0.25000558968188696,1.1102230246251565e-16,0.009032583,0.024285792
mattern_cov1,256,377,0.2500055811248163,0.25000558112481613,1.6653345369377348e-16,0.008665041,0.024295667
mattern_cov1,256,378,0.2500052866305208,0.2500052866305207,1.1102230246251565e-16,0.009084334,0.024462084
mattern_cov1,256,379,0.2500055281288685,0.25000552812886834,1.6653345369377348e-16,0.008873708,0.030173
mattern_cov1,256,380,0.25000549611117034,0.2500054961111702,1.6653345369377348e-16,0.009065375,0.024286875
mattern_cov1,256,381,0.2500058737543743,0.25000587375437416,1.1102230246251565e-16,0.008906958,0.024596792
mattern_cov1,256,382,0.2500054432887631,0.250005443288763,1.1102230246251565e-16,0.009130417,0.025748666
mattern_cov1,256,383,0.2500055356167717,0.2500055356167716,1.1102230246251565e-16,0.008941375,0.024265083
mattern_cov1,256,384,0.25000535170282706,0.2500053517028269,1.6653345369377348e-16,0.00887125,0.024376542
mattern_cov1,256,385,0.2500056421175056,0.2500056421175055,1.1102230246251565e-16,0.008583833,0.024465083
mattern_cov1,256,386,0.25000563389508124,0.25000563389508107,1.6653345369377348e-16,0.008902167,0.025220833
mattern_cov1,256,387,0.25000553942670006,0.25000553942669995,1.1102230246251565e-16,0.008726416,0.02438775
mattern_cov1,256,388,0.2500054101683232,0.25000541016832306,1.6653345369377348e-16,0.008739417,0.02623525
mattern_cov1,256,389,0.2500057331775674,0.2500057331775673,1.1102230246251565e-16,0.008950209,0.024023041
mattern_cov1,256,390,0.2500054435831655,0.2500054435831654,1.1102230246251565e-16,0.008891292,0.023872125
mattern_cov1,256,391,0.25000564299068345,0.2500056429906834,5.551115123125783e-17,0.009090166,0.023796667
mattern_cov1,256,392,0.2500055175826181,0.25000551758261796,1.1102230246251565e-16,0.009044042,0.028941334
mattern_cov1,256,393,0.25000552784992075,0.2500055278499207,5.551115123125783e-17,0.008832167,0.023878334
mattern_cov1,256,394,0.25000561916478053,0.2500056191647804,1.1102230246251565e-16,0.009075458,0.023852417
mattern_cov1,256,395,0.25000559909705117,0.25000559909705106,1.1102230246251565e-16,0.009124625,0.024560333
mattern_cov1,256,396,0.2500054319377281,0.250005431937728,1.1102230246251565e-16,0.009226292,0.024164541
mattern_cov1,256,397,0.25000553322181157,0.25000553322181146,1.1102230246251565e-16,0.008968917,0.024399125
mattern_cov1,256,398,0.2500055619251089,0.25000556192510875,1.6653345369377348e-16,0.008936292,0.02448575
mattern_cov1,256,399,0.2500056444101187,0.2500056444101186,1.1102230246251565e-16,0.00921825,0.024607875
mattern_cov1,256,400,0.25000556661407947,0.2500055666140794,5.551115123125783e-17,0.00882875,0.0243945
mattern_cov1,256,401,0.250005515187194,0.2500055151871939,1.1102230246251565e-16,0.008847,0.025623292
mattern_cov1,256,402,0.25000573445235014,0.2500057344523501,5.551115123125783e-17,0.008912,0.024562
mattern_cov1,256,403,0.2500055151379256,0.25000551513792557,5.551115123125783e-17,0.008972416,0.024179875
mattern_cov1,256,404,0.2500054501342223,0.2500054501342222,1.1102230246251565e-16,0.009027416,0.024456125
mattern_cov1,256,405,0.2500054728179134,0.2500054728179133,1.1102230246251565e-16,0.008840292,0.024473833
mattern_cov1,256,406,0.25000571478859146,0.2500057147885913,1.6653345369377348e-16,0.008937167,0.024179541
mattern_cov1,256,407,0.2500056192639997,0.2500056192639996,1.1102230246251565e-16,0.008824959,0.025090791
mattern_cov1,256,408,0.25000552949493376,0.25000552949493365,1.1102230246251565e-16,0.009004667,0.024128041
mattern_cov1,256,409,0.250005691697206,0.25000569169720593,5.551115123125783e-17,0.008971791,0.025467
mattern_cov1,256,410,0.2500056826904605,0.25000568269046025,2.220446049250313e-16,0.009108,0.02451325
mattern_cov1,256,411,0.25000541234342927,0.25000541234342916,1.1102230246251565e-16,0.009092125,0.023997625
mattern_cov1,256,412,0.2500056264762445,0.2500056264762443,2.220446049250313e-16,0.009161,0.024113958
mattern_cov1,256,413,0.25000556015138103,0.2500055601513809,1.1102230246251565e-16,0.009296667,0.024297333
mattern_cov1,256,414,0.25000542519284985,0.2500054251928497,1.6653345369377348e-16,0.009218417,0.024193875
mattern_cov1,256,415,0.2500053689656993,0.2500053689656992,1.1102230246251565e-16,0.008735125,0.023874583
mattern_cov1,256,416,0.250005398059925,0.25000539805992494,5.551115123125783e-17,0.009385208,0.024186667
mattern_cov1,256,417,0.25000563756436595,0.25000563756436583,1.1102230246251565e-16,0.009127292,0.023778416
mattern_cov1,256,418,0.25000559862275185,0.2500055986227518,5.551115123125783e-17,0.008979125,0.023886541
mattern_cov1,256,419,0.25000539106443115,0.25000539106443104,1.1102230246251565e-16,0.008960042,0.024558875
mattern_cov1,256,420,0.250005413709709,0.25000541370970886,1.6653345369377348e-16,0.008962958,0.023900959
mattern_cov1,256,421,0.2500055156110767,0.2500055156110766,1.1102230246251565e-16,0.008662875,0.023758583
mattern_cov1,256,422,0.250005527746379,0.2500055277463789,1.1102230246251565e-16,0.008971209,0.024987666
mattern_cov1,256,423,0.2500057714707194,0.25000577147071934,5.551115123125783e-17,0.009367958,0.024035917
mattern_cov1,256,424,0.2500055899496976,0.2500055899496974,2.220446049250313e-16,0.009013875,0.024241958
mattern_cov1,256,425,0.2500055663165393,0.2500055663165392,1.1102230246251565e-16,0.008638166,0.024453667
mattern_cov1,256,426,0.25000533300307176,0.25000533300307165,1.1102230246251565e-16,0.0086045,0.024411584
mattern_cov1,256,427,0.2500057405905321,0.250005740590532,1.1102230246251565e-16,0.008945208,0.023992
mattern_cov1,256,428,0.2500056090831216,0.25000560908312147,1.1102230246251565e-16,0.009031708,0.02508625
mattern_cov1,256,429,0.25000556407318536,0.25000556407318514,2.220446049250313e-16,0.009034917,0.024282292
mattern_cov1,256,430,0.2500055361387985,0.25000553613879833,1.6653345369377348e-16,0.009139709,0.023937041
mattern_cov1,256,431,0.25000540120700715,0.250005401207007,1.6653345369377348e-16,0.009270209,0.024736875
mattern_cov1,256,432,0.2500056779070703,0.2500056779070701,1.6653345369377348e-16,0.009400084,0.024728666
mattern_cov1,256,433,0.2500055460148061,0.25000554601480607,5.551115123125783e-17,0.009040583,0.024047875
mattern_cov1,256,434,0.2500054550584481,0.250005455058448,1.1102230246251565e-16,0.008927125,0.0244855
mattern_cov1,256,435,0.2500056930562,0.25000569305619996,5.551115123125783e-17,0.009144,0.024129583
mattern_cov1,256,436,0.25000547073129525,0.25000547073129514,1.1102230246251565e-16,0.008593917,0.02439775
mattern_cov1,256,437,0.2500055561869115,0.2500055561869114,1.1102230246251565e-16,0.008882958,0.025449166
mattern_cov1,256,438,0.250005633973945,0.2500056339739449,1.1102230246251565e-16,0.0089495,0.024333459
mattern_cov1,256,439,0.2500056943512023,0.2500056943512022,1.1102230246251565e-16,0.00905375,0.025495667
mattern_cov1,256,440,0.2500053437256825,0.2500053437256824,1.1102230246251565e-16,0.008914583,0.023999417
mattern_cov1,256,441,0.2500055881649042,0.2500055881649041,1.1102230246251565e-16,0.008300625,0.024062667
mattern_cov1,256,442,0.2500056446868185,0.25000564468681835,1.6653345369377348e-16,0.01123875,0.024422917
mattern_cov1,256,443,0.25000556691289805,0.250005566912898,5.551115123125783e-17,0.009187208,0.024426917
mattern_cov1,256,444,0.2500056210556401,0.25000562105563995,1.6653345369377348e-16,0.008699125,0.024133583
mattern_cov1,256,445,0.25000544164626365,0.25000544164626354,1.1102230246251565e-16,0.009155834,0.024094167
mattern_cov1,256,446,0.2500055104555305,0.2500055104555304,1.1102230246251565e-16,0.008762916,0.02422225
mattern_cov1,256,447,0.250005661650578,0.2500056616505779,1.1102230246251565e-16,0.009112875,0.024407792
mattern_cov1,256,448,0.25000569860512467,0.2500056986051245,1.6653345369377348e-16,0.009160125,0.024237208
mattern_cov1,256,449,0.2500056739207598,0.2500056739207597,1.1102230246251565e-16,0.008897833,0.023869042
mattern_cov1,256,450,0.25000562660299935,0.25000562660299924,1.1102230246251565e-16,0.012702958,0.024073709
mattern_cov1,256,451,0.2500054960810723,0.2500054960810722,1.1102230246251565e-16,0.008441666,0.024011334
mattern_cov1,256,452,0.25000565620199505,0.2500056562019949,1.6653345369377348e-16,0.008403416,0.023633
mattern_cov1,256,453,0.25000554970350986,0.2500055497035098,5.551115123125783e-17,0.008298917,0.02376275
mattern_cov1,256,454,0.25000547376102233,0.2500054737610222,1.1102230246251565e-16,0.0085225,0.023667791
mattern_cov1,256,455,0.2500055004376305,0.2500055004376303,1.6653345369377348e-16,0.008337125,0.023631333
mattern_cov1,256,456,0.2500053632256098,0.2500053632256096,1.6653345369377348e-16,0.008816666,0.028770875
mattern_cov1,256,457,0.25000556427088577,0.25000556427088566,1.1102230246251565e-16,0.008900208,0.024597708
mattern_cov1,256,458,0.25000562328802417,0.25000562328802406,1.1102230246251565e-16,0.008338583,0.023842625
mattern_cov1,256,459,0.2500054339329911,0.2500054339329909,1.6653345369377348e-16,0.008325,0.02369975
mattern_cov1,256,460,0.2500054808703063,0.2500054808703062,5.551115123125783e-17,0.008399125,0.023997375
mattern_cov1,256,461,0.25000561592272436,0.25000561592272424,1.1102230246251565e-16,0.008365959,0.023629458
mattern_cov1,256,462,0.25000552440926466,0.25000552440926455,1.1102230246251565e-16,0.009023,0.025999542
mattern_cov1,256,463,0.25000558005599294,0.25000558005599277,1.6653345369377348e-16,0.008776958,0.024255042
mattern_cov1,256,464,0.2500054829747227,0.25000548297472264,5.551115123125783e-17,0.008993084,0.024390083
mattern_cov1,256,465,0.2500053383423109,0.25000533834231087,5.551115123125783e-17,0.008918416,0.024172875
mattern_cov1,256,466,0.250005604762751,0.25000560476275097,5.551115123125783e-17,0.008334625,0.024128792
mattern_cov1,256,467,0.25000560587900267,0.2500056058790026,5.551115123125783e-17,0.00894675,0.024427917
mattern_cov1,256,468,0.25000578544867996,0.2500057854486798,1.6653345369377348e-16,0.009160875,0.023912375
mattern_cov1,256,469,0.250005557907522,0.2500055579075218,1.6653345369377348e-16,0.008732875,0.024522125
mattern_cov1,256,470,0.2500055218496076,0.2500055218496075,1.1102230246251565e-16,0.009057458,0.024112167
mattern_cov1,256,471,0.2500054153062787,0.25000541530627857,1.1102230246251565e-16,0.008915208,0.025681542
mattern_cov1,256,472,0.25000544434050437,0.2500054443405042,1.6653345369377348e-16,0.009015916,0.023464792
mattern_cov1,256,473,0.25000543276579246,0.25000543276579235,1.1102230246251565e-16,0.009149375,0.023835042
mattern_cov1,256,474,0.250005400898525,0.25000540089852497,5.551115123125783e-17,0.009421375,0.023669875
mattern_cov1,256,475,0.25000539577228453,0.2500053957722845,5.551115123125783e-17,0.008718583,0.025166916
mattern_cov1,256,476,0.2500055860149191,0.250005586014919,1.1102230246251565e-16,0.009180458,0.024370583
mattern_cov1,256,477,0.2500055716959459,0.25000557169594584,5.551115123125783e-17,0.009198625,0.024084
mattern_cov1,256,478,0.25000570161027996,0.25000570161027974,2.220446049250313e-16,0.00880275,0.024318583
mattern_cov1,256,479,0.2500055693184259,0.2500055693184258,5.551115123125783e-17,0.009101667,0.024385334
mattern_cov1,256,480,0.25000530154491213,0.250005301544912,1.1102230246251565e-16,0.009176708,0.024228208
mattern_cov1,256,481,0.250005608036086,0.2500056080360859,1.1102230246251565e-16,0.009116083,0.024422708
mattern_cov1,256,482,0.2500056207751364,0.2500056207751362,1.6653345369377348e-16,0.008608583,0.0243625
mattern_cov1,256,483,0.25000561873499577,0.2500056187349957,5.551115123125783e-17,0.00872625,0.024816375
mattern_cov1,256,484,0.25000539439352953,0.2500053943935293,2.220446049250313e-16,0.008992416,0.024171375
mattern_cov1,256,485,0.2500055680393306,0.25000556803933044,1.6653345369377348e-16,0.008855958,0.024150167
mattern_cov1,256,486,0.25000548089920155,0.25000548089920144,1.1102230246251565e-16,0.008770292,0.024149292
mattern_cov1,256,487,0.2500054851387394,0.25000548513873927,1.1102230246251565e-16,0.009051791,0.0240595
mattern_cov1,256,488,0.25000549960408075,0.25000549960408064,1.1102230246251565e-16,0.008776917,0.025536
mattern_cov1,256,489,0.25000525126829354,0.2500052512682934,1.1102230246251565e-16,0.008781084,0.026628625
mattern_cov1,256,490,0.25000541384232605,0.25000541384232594,1.1102230246251565e-16,0.008586958,0.024040167
mattern_cov1,256,491,0.2500055377478846,0.2500055377478845,1.1102230246251565e-16,0.008843416,0.024565292
mattern_cov1,256,492,0.2500056307842327,0.25000563078423266,5.551115123125783e-17,0.009257,0.024482166
mattern_cov1,256,493,0.2500054383011092,0.25000543830110905,1.6653345369377348e-16,0.008988833,0.024522375
mattern_cov1,256,494,0.2500055992188443,0.2500055992188442,1.1102230246251565e-16,0.008476667,0.025543125
mattern_cov1,256,495,0.25000559682240653,0.2500055968224064,1.1102230246251565e-16,0.008753958,0.024513583
mattern_cov1,256,496,0.2500054982232985,0.25000549822329843,5.551115123125783e-17,0.011963125,0.024762667
mattern_cov1,256,497,0.25000557354778197,0.25000557354778186,1.1102230246251565e-16,0.009241625,0.024815208
mattern_cov1,256,498,0.25000573694102873,0.2500057369410285,2.220446049250313e-16,0.009121709,0.0236685
mattern_cov1,256,499,0.2500054515329531,0.2500054515329529,2.220446049250313e-16,0.008919417,0.0243825
mattern_cov1,256,500,0.2500055935949463,0.2500055935949462,1.1102230246251565e-16,0.008721416,0.024111584
mattern_cov1,256,501,0.25000575301115585,0.25000575301115574,1.1102230246251565e-16,0.008308625,0.024398458
mattern_cov1,256,502,0.2500054697235295,0.2500054697235293,1.6653345369377348e-16,0.00862525,0.024169334
mattern_cov1,256,503,0.2500056929633527,0.2500056929633527,0.0,0.008850542,0.027218875
mattern_cov1,256,504,0.2500055380606461,0.250005538060646,1.1102230246251565e-16,0.008563916,0.023844334
mattern_cov1,256,505,0.2500053158120798,0.2500053158120797,1.1102230246251565e-16,0.008864083,0.029306875
mattern_cov1,256,506,0.25000554449695556,0.25000554449695545,1.1102230246251565e-16,0.00852125,0.02431225
mattern_cov1,256,507,0.2500054989269156,0.25000549892691554,5.551115123125783e-17,0.008620291,0.024025333
mattern_cov1,256,508,0.2500055258738648,0.25000552587386476,5.551115123125783e-17,0.008744708,0.024077834
mattern_cov1,256,509,0.25000559326639266,0.25000559326639243,2.220446049250313e-16,0.0091005,0.026384875
mattern_cov1,256,510,0.2500055678743656,0.2500055678743655,1.1102230246251565e-16,0.00822375,0.024493167
mattern_cov1,256,511,0.2500055772703349,0.25000557727033484,5.551115123125783e-17,0.009510542,0.025560125
mattern_cov1,256,512,0.2500055314233836,0.2500055314233834,2.220446049250313e-16,0.009102917,0.024166125
mattern_cov1,256,513,0.2500055944723826,0.2500055944723825,5.551115123125783e-17,0.009049667,0.024656625
mattern_cov1,256,514,0.2500054948644611,0.250005494864461,1.1102230246251565e-16,0.009242292,0.024125208
mattern_cov1,256,515,0.2500053562286359,0.2500053562286358,1.1102230246251565e-16,0.008760375,0.023894208
mattern_cov1,256,516,0.2500056631157342,0.250005663115734,1.6653345369377348e-16,0.00867925,0.023986958
mattern_cov1,256,517,0.25000568544097773,0.2500056854409777,5.551115123125783e-17,0.008826709,0.024174791
mattern_cov1,256,518,0.25000552514483454,0.2500055251448344,1.6653345369377348e-16,0.0088245,0.033269958
mattern_cov1,256,519,0.2500054450670375,0.2500054450670373,1.6653345369377348e-16,0.008690416,0.024186417
mattern_cov1,256,520,0.2500055803929464,0.25000558039294624,1.6653345369377348e-16,0.008869041,0.024010292
mattern_cov1,256,521,0.2500054673481575,0.25000546734815743,5.551115123125783e-17,0.009174334,0.02458225
mattern_cov1,256,522,0.2500056192356663,0.2500056192356661,1.6653345369377348e-16,0.00886975,0.024185458
mattern_cov1,256,523,0.25000547687340413,0.250005476873404,1.1102230246251565e-16,0.008900625,0.024236625
mattern_cov1,256,524,0.25000563825242256,0.25000563825242245,1.1102230246251565e-16,0.008945166,0.024093
mattern_cov1,256,525,0.25000556552504427,0.2500055655250441,1.6653345369377348e-16,0.008856458,0.023787917
mattern_cov1,256,526,0.25000558611157303,0.250005586111573,5.551115123125783e-17,0.008982375,0.024166458
mattern_cov1,256,527,0.2500055882098537,0.2500055882098536,1.1102230246251565e-16,0.008355166,0.024129625
mattern_cov1,256,528,0.2500054407175629,0.2500054407175628,1.1102230246251565e-16,0.009156834,0.025915791
mattern_cov1,256,529,0.2500054769178396,0.25000547691783953,5.551115123125783e-17,0.008661042,0.024035875
mattern_cov1,256,530,0.2500055911948417,0.2500055911948416,1.1102230246251565e-16,0.008194459,0.024396625
mattern_cov1,256,531,0.250005698821254,0.25000569882125395,5.551115123125783e-17,0.008814667,0.024489291
mattern_cov1,256,532,0.2500052615330179,0.2500052615330178,1.1102230246251565e-16,0.00903625,0.024523542
mattern_cov1,256,533,0.25000551285764433,0.25000551285764416,1.6653345369377348e-16,0.009079,0.0244305
mattern_cov1,256,534,0.2500055371490492,0.25000553714904905,1.6653345369377348e-16,0.009086417,0.025578708
mattern_cov1,256,535,0.2500055622666173,0.25000556226661713,1.6653345369377348e-16,0.008708917,0.026471459
mattern_cov1,256,536,0.2500054906325752,0.25000549063257516,5.551115123125783e-17,0.008751292,0.02432075
mattern_cov1,256,537,0.2500056834332049,0.2500056834332048,1.1102230246251565e-16,0.01222775,0.023966791
mattern_cov1,256,538,0.2500055631301154,0.2500055631301153,1.1102230246251565e-16,0.00889725,0.024337334
mattern_cov1,256,539,0.25000543503684225,0.25000543503684214,1.1102230246251565e-16,0.008937708,0.025415042
mattern_cov1,256,540,0.25000575256214036,0.2500057525621402,1.6653345369377348e-16,0.009055291,0.023820167
mattern_cov1,256,541,0.2500055871132783,0.25000558711327825,5.551115123125783e-17,0.008878709,0.023930791
mattern_cov1,256,542,0.25000535955285635,0.25000535955285624,1.1102230246251565e-16,0.0089915,0.023774792
mattern_cov1,256,543,0.25000550937916927,0.25000550937916916,1.1102230246251565e-16,0.009114417,0.029000625
mattern_cov1,256,544,0.2500054366414714,0.2500054366414714,0.0,0.0090725,0.024737666
mattern_cov1,256,545,0.2500055873022903,0.25000558730229017,1.1102230246251565e-16,0.008971542,0.025201041
mattern_cov1,256,546,0.2500054607501635,0.25000546075016344,5.551115123125783e-17,0.008608542,0.024264333
mattern_cov1,256,547,0.25000566334238694,0.2500056633423868,1.6653345369377348e-16,0.008872709,0.02635375
mattern_cov1,256,548,0.25000544820800236,0.25000544820800225,1.1102230246251565e-16,0.008647625,0.024332292
mattern_cov1,256,549,0.25000550594124765,0.25000550594124754,1.1102230246251565e-16,0.009177125,0.024552833
mattern_cov1,256,550,0.25000555931073226,0.2500055593107322,5.551115123125783e-17,0.008605542,0.023813625
mattern_cov1,256,551,0.2500054356643742,0.2500054356643741,1.1102230246251565e-16,0.008840542,0.02427875
mattern_cov1,256,552,0.250005479426335,0.2500054794263349,1.1102230246251565e-16,0.008817584,0.024574041
mattern_cov1,256,553,0.25000549882008855,0.2500054988200885,5.551115123125783e-17,0.008946667,0.024584333
mattern_cov1,256,554,0.2500055885226057,0.25000558852260557,1.1102230246251565e-16,0.009135792,0.0244385
mattern_cov1,256,555,0.2500055517522441,0.2500055517522441,0.0,0.008994958,0.024420708
mattern_cov1,256,556,0.2500054336918386,0.25000543369183853,5.551115123125783e-17,0.008978583,0.024233833
mattern_cov1,256,557,0.25000562934614057,0.2500056293461404,1.6653345369377348e-16,0.009119208,0.025220167
mattern_cov1,256,558,0.2500054091624461,0.25000540916244596,1.6653345369377348e-16,0.008850083,0.023695333
mattern_cov1,256,559,0.2500055638494398,0.2500055638494397,5.551115123125783e-17,0.00908475,0.02394875
mattern_cov1,256,560,0.2500055835581842,0.2500055835581841,1.1102230246251565e-16,0.009127375,0.025643875
mattern_cov1,256,561,0.25000537720459365,0.25000537720459354,1.1102230246251565e-16,0.009021958,0.024248583
mattern_cov1,256,562,0.2500055917740304,0.25000559177403026,1.6653345369377348e-16,0.009026416,0.027151625
mattern_cov1,256,563,0.25000552691068495,0.25000552691068484,1.1102230246251565e-16,0.009348833,0.024448583
mattern_cov1,256,564,0.2500055544597832,0.25000555445978306,1.1102230246251565e-16,0.009092458,0.024377417
mattern_cov1,256,565,0.2500056853157891,0.250005685315789,1.1102230246251565e-16,0.00903225,0.024284958
mattern_cov1,256,566,0.25000563841095447,0.2500056384109544,5.551115123125783e-17,0.008449,0.024093209
mattern_cov1,256,567,0.2500054844340793,0.25000548443407916,1.1102230246251565e-16,0.008661375,0.0237205
mattern_cov1,256,568,0.2500056879147833,0.25000568791478317,1.1102230246251565e-16,0.008642708,0.024440334
mattern_cov1,256,569,0.25000546474387025,0.25000546474387014,1.1102230246251565e-16,0.008844416,0.024040334
mattern_cov1,256,570,0.25000532917670754,0.2500053291767074,1.1102230246251565e-16,0.008778375,0.023958291
mattern_cov1,256,571,0.2500056121288872,0.25000561212888706,1.6653345369377348e-16,0.0088645,0.023943167
mattern_cov1,256,572,0.250005522209797,0.2500055222097969,1.1102230246251565e-16,0.009112958,0.0243365
mattern_cov1,256,573,0.250005593377072,0.25000559337707184,1.6653345369377348e-16,0.008669542,0.02994375
mattern_cov1,256,574,0.25000575400703023,0.2500057540070302,5.551115123125783e-17,0.008592791,0.023691708
mattern_cov1,256,575,0.25000544544618547,0.2500054454461853,1.6653345369377348e-16,0.008502292,0.023647875
mattern_cov1,256,576,0.25000557974876575,0.2500055797487657,5.551115123125783e-17,0.008366375,0.023672917
mattern_cov1,256,577,0.2500054424327565,0.2500054424327564,1.1102230246251565e-16,0.00867875,0.023566125
mattern_cov1,256,578,0.2500054482963751,0.250005448296375,1.1102230246251565e-16,0.00845875,0.023634708
mattern_cov1,256,579,0.2500054835557019,0.2500054835557018,1.1102230246251565e-16,0.008479709,0.0235715
mattern_cov1,256,580,0.2500054109822449,0.25000541098224477,1.1102230246251565e-16,0.008230583,0.023683917
mattern_cov1,256,581,0.25000568646927707,0.25000568646927684,2.220446049250313e-16,0.009204,0.025715875
mattern_cov1,256,582,0.2500054689474112,0.2500054689474111,1.1102230246251565e-16,0.008699291,0.024198209
mattern_cov1,256,583,0.2500054790208766,0.2500054790208765,1.1102230246251565e-16,0.008780708,0.024488292
mattern_cov1,256,584,0.25000571662520993,0.2500057166252099,5.551115123125783e-17,0.008990292,0.0243925
mattern_cov1,256,585,0.25000551140098615,0.2500055114009861,5.551115123125783e-17,0.008736375,0.023803541
mattern_cov1,256,586,0.2500053827158146,0.25000538271581446,1.1102230246251565e-16,0.008353917,0.023484583
mattern_cov1,256,587,0.2500055524584401,0.25000555245844,1.1102230246251565e-16,0.008488125,0.029394417
mattern_cov1,256,588,0.2500055205431068,0.25000552054310665,1.6653345369377348e-16,0.008718625,0.024573333
mattern_cov1,256,589,0.25000552246182967,0.25000552246182944,2.220446049250313e-16,0.009389041,0.024300333
mattern_cov1,256,590,0.2500056235374773,0.2500056235374772,1.1102230246251565e-16,0.008842167,0.024466208
mattern_cov1,256,591,0.2500053964494777,0.2500053964494776,1.1102230246251565e-16,0.009120125,0.024385375
mattern_cov1,256,592,0.2500055745221938,0.25000557452219374,5.551115123125783e-17,0.008922833,0.024017625
mattern_cov1,256,593,0.25000564943367226,0.2500056494336722,5.551115123125783e-17,0.008743041,0.024454542
mattern_cov1,256,594,0.2500056016986423,0.25000560169864217,1.1102230246251565e-16,0.008817166,0.032523625
mattern_cov1,256,595,0.25000542536505527,0.25000542536505505,2.220446049250313e-16,0.008797125,0.024196916
mattern_cov1,256,596,0.2500054467192049,0.25000544671920477,1.1102230246251565e-16,0.009033708,0.024221375
mattern_cov1,256,597,0.25000546764887827,0.25000546764887815,1.1102230246251565e-16,0.008869292,0.028307916
mattern_cov1,256,598,0.25000536009463353,0.2500053600946334,1.1102230246251565e-16,0.008863167,0.023918708
mattern_cov1,256,599,0.25000549860986493,0.25000549860986476,1.6653345369377348e-16,0.008771334,0.02426725
mattern_cov1,256,600,0.2500054300668823,0.2500054300668822,1.1102230246251565e-16,0.009019292,0.024938291
mattern_cov1,256,601,0.25000562563828665,0.25000562563828654,1.1102230246251565e-16,0.009075958,0.024232542
mattern_cov1,256,602,0.2500053376999129,0.2500053376999128,1.1102230246251565e-16,0.013701917,0.024138166
mattern_cov1,256,603,0.25000538861314914,0.2500053886131491,5.551115123125783e-17,0.008474375,0.02422025
mattern_cov1,256,604,0.2500054865461162,0.25000548654611604,1.6653345369377348e-16,0.008804084,0.024507042
mattern_cov1,256,605,0.2500054893025388,0.2500054893025387,1.1102230246251565e-16,0.009139458,0.024267667
mattern_cov1,256,606,0.25000518669382826,0.25000518669382804,2.220446049250313e-16,0.009132167,0.025421833
mattern_cov1,256,607,0.2500055041769701,0.25000550417697004,5.551115123125783e-17,0.008745958,0.024082833
mattern_cov1,256,608,0.2500057742935286,0.25000577429352855,5.551115123125783e-17,0.00883675,0.024631125
mattern_cov1,256,609,0.2500055278153283,0.2500055278153282,1.1102230246251565e-16,0.008904416,0.024384125
mattern_cov1,256,610,0.250005511821842,0.2500055118218419,1.1102230246251565e-16,0.00866275,0.024333583
mattern_cov1,256,611,0.2500054360786308,0.2500054360786307,1.1102230246251565e-16,0.008989333,0.024024792
mattern_cov1,256,612,0.25000577557542064,0.2500057755754205,1.6653345369377348e-16,0.009016958,0.024312959
mattern_cov1,256,613,0.2500056678198665,0.2500056678198664,1.1102230246251565e-16,0.008913291,0.024434667
mattern_cov1,256,614,0.25000553943441006,0.2500055394344099,1.6653345369377348e-16,0.009079958,0.029813
mattern_cov1,256,615,0.2500055929953758,0.25000559299537567,1.1102230246251565e-16,0.0090785,0.024038416
mattern_cov1,256,616,0.2500054508147249,0.25000545081472486,5.551115123125783e-17,0.009008,0.024858583
mattern_cov1,256,617,0.2500055237897811,0.25000552378978097,1.1102230246251565e-16,0.008874542,0.023765125
mattern_cov1,256,618,0.25000566332775126,0.25000566332775126,0.0,0.008739208,0.023741833
mattern_cov1,256,619,0.2500055894747487,0.25000558947474866,5.551115123125783e-17,0.009125833,0.024815209
mattern_cov1,256,620,0.25000548412159745,0.25000548412159734,1.1102230246251565e-16,0.009141625,0.026412917
mattern_cov1,256,621,0.25000544339449654,0.2500054433944964,1.6653345369377348e-16,0.0121945,0.025529416
mattern_cov1,256,622,0.2500056106295299,0.25000561062952986,5.551115123125783e-17,0.009026917,0.024511708
mattern_cov1,256,623,0.2500052526077412,0.25000525260774115,5.551115123125783e-17,0.008880667,0.024504625
mattern_cov1,256,624,0.25000544524901974,0.25000544524901963,1.1102230246251565e-16,0.00921625,0.024539375
mattern_cov1,256,625,0.25000560161348256,0.25000560161348245,1.1102230246251565e-16,0.008882458,0.024301042
mattern_cov1,256,626,0.2500056055529812,0.250005605552981,1.6653345369377348e-16,0.009116167,0.024220042
mattern_cov1,256,627,0.25000549484641793,0.2500054948464177,2.220446049250313e-16,0.008934584,0.024062792
mattern_cov1,256,628,0.2500055146065995,0.2500055146065993,1.6653345369377348e-16,0.009029125,0.024128459
mattern_cov1,256,629,0.25000553552818183,0.25000553552818167,1.6653345369377348e-16,0.00892725,0.025753208
mattern_cov1,256,630,0.25000564073688986,0.2500056407368898,5.551115123125783e-17,0.008886625,0.024529583
mattern_cov1,256,631,0.2500054994778375,0.2500054994778373,2.220446049250313e-16,0.00871825,0.025065166
mattern_cov1,256,632,0.2500053909363123,0.25000539093631224,5.551115123125783e-17,0.008766208,0.024125417
mattern_cov1,256,633,0.25000561438748536,0.2500056143874852,1.6653345369377348e-16,0.008962792,0.024656084
mattern_cov1,256,634,0.2500053932430832,0.2500053932430831,1.1102230246251565e-16,0.008887375,0.024155334
mattern_cov1,256,635,0.2500055645080445,0.2500055645080444,1.1102230246251565e-16,0.008907541,0.024372792
mattern_cov1,256,636,0.2500055339554463,0.2500055339554462,5.551115123125783e-17,0.010029208,0.026705084
mattern_cov1,256,637,0.25000555718641576,0.25000555718641565,1.1102230246251565e-16,0.008847041,0.02450025
mattern_cov1,256,638,0.2500055615462047,0.2500055615462046,5.551115123125783e-17,0.008531833,0.024265458
mattern_cov1,256,639,0.2500057205698702,0.25000572056987,1.6653345369377348e-16,0.008537666,0.024382542
mattern_cov1,256,640,0.2500055381271113,0.2500055381271112,1.1102230246251565e-16,0.008794125,0.023736084
mattern_cov1,256,641,0.25000545920746414,0.25000545920746403,1.1102230246251565e-16,0.0088595,0.023733416
mattern_cov1,256,642,0.25000548732561967,0.25000548732561945,2.220446049250313e-16,0.009502459,0.024930208
mattern_cov1,256,643,0.2500053265274432,0.25000532652744306,1.1102230246251565e-16,0.009003458,0.024331166
mattern_cov1,256,644,0.2500057024449485,0.25000570244494835,1.6653345369377348e-16,0.008774083,0.024187417
mattern_cov1,256,645,0.2500056311503671,0.250005631150367,1.1102230246251565e-16,0.008697791,0.023736959
mattern_cov1,256,646,0.250005473998471,0.2500054739984709,1.1102230246251565e-16,0.008712875,0.024021708
mattern_cov1,256,647,0.2500055074262351,0.250005507426235,1.1102230246251565e-16,0.008541541,0.023887875
mattern_cov1,256,648,0.25000547571304627,0.2500054757130461,1.6653345369377348e-16,0.008828584,0.024747916
mattern_cov1,256,649,0.2500054904313868,0.2500054904313867,1.1102230246251565e-16,0.008385583,0.024043583
mattern_cov1,256,650,0.25000545722211337,0.25000545722211326,1.1102230246251565e-16,0.008948292,0.025418625
mattern_cov1,256,651,0.2500055407242707,0.25000554072427067,5.551115123125783e-17,0.009041833,0.024062917
mattern_cov1,256,652,0.25000559692900176,0.25000559692900165,1.1102230246251565e-16,0.009243208,0.024111667
mattern_cov1,256,653,0.25000557444586596,0.25000557444586585,1.1102230246251565e-16,0.008822458,0.02385825
mattern_cov1,256,654,0.25000554723949286,0.25000554723949275,1.1102230246251565e-16,0.008826084,0.026021083
mattern_cov1,256,655,0.2500055674182742,0.25000556741827407,1.1102230246251565e-16,0.0082205,0.024043333
mattern_cov1,256,656,0.2500055964531543,0.25000559645315407,2.220446049250313e-16,0.008902458,0.024423042
mattern_cov1,256,657,0.2500057799894639,0.25000577998946377,1.1102230246251565e-16,0.012053625,0.0244435
mattern_cov1,256,658,0.2500054208541934,0.25000542085419325,1.6653345369377348e-16,0.009051541,0.024350042
mattern_cov1,256,659,0.2500057418464603,0.25000574184646024,5.551115123125783e-17,0.008759833,0.02400925
mattern_cov1,256,660,0.25000575268459974,0.2500057526845996,1.1102230246251565e-16,0.009076917,0.033288625
mattern_cov1,256,661,0.2500055901569304,0.25000559015693025,1.6653345369377348e-16,0.008995333,0.024448583
mattern_cov1,256,662,0.2500055606670239,0.2500055606670238,1.1102230246251565e-16,0.008744375,0.024269292
mattern_cov1,256,663,0.250005636637514,0.2500056366375139,1.1102230246251565e-16,0.008550458,0.024478167
mattern_cov1,256,664,0.25000549988132453,0.25000549988132437,1.6653345369377348e-16,0.008782958,0.0238905
mattern_cov1,256,665,0.25000543645367285,0.25000543645367274,1.1102230246251565e-16,0.00921475,0.03003175
mattern_cov1,256,666,0.25000557526086814,0.25000557526086803,1.1102230246251565e-16,0.008693292,0.023856666
mattern_cov1,256,667,0.2500054596814549,0.25000545968145477,1.1102230246251565e-16,0.0083015,0.024446042
mattern_cov1,256,668,0.25000551221659545,0.25000551221659534,1.1102230246251565e-16,0.008473542,0.024176459
mattern_cov1,256,669,0.25000540874386834,0.25000540874386823,1.1102230246251565e-16,0.008654959,0.024016541
mattern_cov1,256,670,0.2500054715640863,0.25000547156408626,5.551115123125783e-17,0.008689125,0.024402459
mattern_cov1,256,671,0.2500054533797383,0.2500054533797382,1.1102230246251565e-16,0.008886,0.02407575
mattern_cov1,256,672,0.2500053564261963,0.25000535642619626,5.551115123125783e-17,0.00892825,0.02411175
mattern_cov1,256,673,0.2500053387712902,0.2500053387712901,1.1102230246251565e-16,0.008770292,0.0238865
mattern_cov1,256,674,0.2500057069958441,0.25000570699584396,1.6653345369377348e-16,0.008470042,0.023955959
mattern_cov1,256,675,0.2500055347975689,0.25000553479756876,1.1102230246251565e-16,0.008626167,0.028741458
mattern_cov1,256,676,0.2500055263827308,0.2500055263827307,1.1102230246251565e-16,0.008627666,0.024271
mattern_cov1,256,677,0.2500055801978137,0.25000558019781355,1.6653345369377348e-16,0.0087165,0.024227417
mattern_cov1,256,678,0.2500056250220936,0.2500056250220935,1.1102230246251565e-16,0.008792667,0.025323667
mattern_cov1,256,679,0.2500055872588119,0.2500055872588118,1.1102230246251565e-16,0.00868825,0.023861292
mattern_cov1,256,680,0.2500055825657858,0.2500055825657856,2.220446049250313e-16,0.009006667,0.023760333
mattern_cov1,256,681,0.25000572075851507,0.25000572075851496,1.1102230246251565e-16,0.009148292,0.024023375
mattern_cov1,256,682,0.25000560140416533,0.25000560140416517,1.6653345369377348e-16,0.00876875,0.026854792
mattern_cov1,256,683,0.25000554740960035,0.2500055474096002,1.6653345369377348e-16,0.00904925,0.024272958
mattern_cov1,256,684,0.2500056265448292,0.2500056265448291,1.1102230246251565e-16,0.008777334,0.026966791
mattern_cov1,256,685,0.2500057280026709,0.2500057280026708,1.1102230246251565e-16,0.009041459,0.023861041
mattern_cov1,256,686,0.2500054998520374,0.2500054998520373,1.1102230246251565e-16,0.009140542,0.024613375
mattern_cov1,256,687,0.2500056277656833,0.2500056277656832,1.1102230246251565e-16,0.008727167,0.024231208
mattern_cov1,256,688,0.2500055506053333,0.2500055506053332,1.1102230246251565e-16,0.008687042,0.025488
mattern_cov1,256,689,0.25000562706812635,0.2500056270681263,5.551115123125783e-17,0.008921583,0.024094
mattern_cov1,256,690,0.2500055315388082,0.25000553153880806,1.6653345369377348e-16,0.008591041,0.025455917
mattern_cov1,256,691,0.25000575976651124,0.2500057597665111,1.1102230246251565e-16,0.008615833,0.024623917
mattern_cov1,256,692,0.25000550190685633,0.2500055019068562,1.1102230246251565e-16,0.009262459,0.024769041
mattern_cov1,256,693,0.25000559268498135,0.2500055926849813,5.551115123125783e-17,0.009077125,0.023887584
mattern_cov1,256,694,0.25000550340520106,0.25000550340520095,1.1102230246251565e-16,0.008769792,0.024356375
mattern_cov1,256,695,0.25000562163672696,0.25000562163672685,1.1102230246251565e-16,0.015268958,0.0245015
mattern_cov1,256,696,0.25000568033449294,0.25000568033449283,1.1102230246251565e-16,0.009046667,0.025824208
mattern_cov1,256,697,0.25000542278104393,0.2500054227810438,1.1102230246251565e-16,0.008955917,0.02461075
mattern_cov1,256,698,0.25000559738810185,0.25000559738810174,1.1102230246251565e-16,0.008643958,0.023879792
mattern_cov1,256,699,0.2500055643307335,0.25000556433073334,1.6653345369377348e-16,0.009020958,0.024171334
mattern_cov1,256,700,0.25000549415583656,0.25000549415583645,1.1102230246251565e-16,0.009014125,0.02402675
mattern_cov1,256,701,0.25000548427132635,0.25000548427132624,1.1102230246251565e-16,0.0085245,0.024254542
mattern_cov1,256,702,0.2500053988781307,0.25000539887813056,1.6653345369377348e-16,0.008509167,0.025327708
mattern_cov1,256,703,0.25000557781809984,0.2500055778180997,1.6653345369377348e-16,0.008913416,0.024155792
mattern_cov1,256,704,0.2500057707368455,0.2500057707368453,1.6653345369377348e-16,0.009347042,0.0246365
mattern_cov1,256,705,0.25000552452496994,0.2500055245249698,1.1102230246251565e-16,0.008430458,0.02711825
mattern_cov1,256,706,0.25000551160424755,0.25000551160424744,1.1102230246251565e-16,0.009097084,0.025806166
mattern_cov1,256,707,0.25000554915461576,0.25000554915461554,2.220446049250313e-16,0.008610667,0.023795208
mattern_cov1,256,708,0.25000555505069705,0.250005555050697,5.551115123125783e-17,0.008859459,0.024153791
mattern_cov1,256,709,0.2500054426285944,0.25000544262859425,1.6653345369377348e-16,0.008745667,0.024185166
mattern_cov1,256,710,0.25000520594146614,0.250005205941466,1.1102230246251565e-16,0.008427792,0.024422708
mattern_cov1,256,711,0.25000554943804343,0.2500055494380434,5.551115123125783e-17,0.008471209,0.025287625
mattern_cov1,256,712,0.25000549113548853,0.2500054911354884,1.1102230246251565e-16,0.008846458,0.024456708
mattern_cov1,256,713,0.2500054972217789,0.2500054972217787,1.6653345369377348e-16,0.009337958,0.02415975
mattern_cov1,256,714,0.25000547837201353,0.2500054783720135,5.551115123125783e-17,0.00876375,0.024355708
mattern_cov1,256,715,0.25000550716258335,0.25000550716258324,1.1102230246251565e-16,0.009097208,0.02433925
mattern_cov1,256,716,0.2500055391492844,0.2500055391492843,1.1102230246251565e-16,0.008755708,0.023889042
mattern_cov1,256,717,0.25000544346339953,0.25000544346339937,1.6653345369377348e-16,0.009601583,0.025615917
mattern_cov1,256,718,0.2500056269724082,0.2500056269724081,1.1102230246251565e-16,0.009067541,0.024414334
mattern_cov1,256,719,0.25000544374379347,0.25000544374379335,1.1102230246251565e-16,0.008928833,0.024245458
mattern_cov1,256,720,0.2500055132741567,0.2500055132741566,1.1102230246251565e-16,0.008870292,0.023785458
mattern_cov1,256,721,0.2500054454274647,0.25000544542746456,1.6653345369377348e-16,0.010506459,0.024421208
mattern_cov1,256,722,0.250005710071019,0.25000571007101896,5.551115123125783e-17,0.00890525,0.024155333
mattern_cov1,256,723,0.25000545145251285,0.2500054514525127,1.6653345369377348e-16,0.008910416,0.025279042
mattern_cov1,256,724,0.2500058048730603,0.2500058048730602,1.1102230246251565e-16,0.008970333,0.024961583
mattern_cov1,256,725,0.25000574725332214,0.25000574725332203,1.1102230246251565e-16,0.009052125,0.025851917
mattern_cov1,256,726,0.250005674336564,0.2500056743365639,1.1102230246251565e-16,0.00898125,0.024038875
mattern_cov1,256,727,0.25000533939857755,0.2500053393985774,1.6653345369377348e-16,0.008998667,0.024447459
mattern_cov1,256,728,0.25000573168746215,0.25000573168746193,2.220446049250313e-16,0.008659875,0.024419125
mattern_cov1,256,729,0.25000551761056605,0.250005517610566,5.551115123125783e-17,0.009027208,0.024251291
mattern_cov1,256,730,0.25000546928383904,0.2500054692838388,2.220446049250313e-16,0.008640625,0.024546958
mattern_cov1,256,731,0.2500055305854136,0.25000553058541336,2.220446049250313e-16,0.009058125,0.024628958
mattern_cov1,256,732,0.25000542517124175,0.2500054251712415,2.220446049250313e-16,0.009008417,0.0260875
mattern_cov1,256,733,0.25000535768315674,0.2500053576831566,1.1102230246251565e-16,0.009222125,0.023911583
mattern_cov1,256,734,0.25000557672383533,0.2500055767238352,1.1102230246251565e-16,0.008991042,0.023883625
mattern_cov1,256,735,0.2500056529199351,0.25000565291993493,1.6653345369377348e-16,0.009266709,0.023904333
mattern_cov1,256,736,0.2500055547023207,0.2500055547023206,1.1102230246251565e-16,0.009006458,0.026499917
mattern_cov1,256,737,0.2500053833914924,0.2500053833914923,1.1102230246251565e-16,0.008704083,0.024332709
mattern_cov1,256,738,0.25000563930539615,0.25000563930539604,1.1102230246251565e-16,0.008833792,0.030274458
mattern_cov1,256,739,0.25000553985867885,0.25000553985867874,1.1102230246251565e-16,0.008989584,0.024258083
mattern_cov1,256,740,0.2500054085715627,0.2500054085715626,1.1102230246251565e-16,0.009030167,0.024278333
mattern_cov1,256,741,0.2500055338239021,0.25000553382390206,5.551115123125783e-17,0.009214375,0.024139167
mattern_cov1,256,742,0.25000570548577505,0.250005705485775,5.551115123125783e-17,0.00928525,0.024504167
mattern_cov1,256,743,0.25000544194766167,0.2500054419476616,5.551115123125783e-17,0.009246458,0.024117542
mattern_cov1,256,744,0.2500055025814772,0.2500055025814771,1.1102230246251565e-16,0.009123875,0.02450725
mattern_cov1,256,745,0.25000557642821614,0.25000557642821597,1.6653345369377348e-16,0.008979916,0.024367292
mattern_cov1,256,746,0.2500055926304593,0.2500055926304592,1.1102230246251565e-16,0.0087565,0.024554583
mattern_cov1,256,747,0.25000557739764123,0.2500055773976411,1.1102230246251565e-16,0.008483458,0.024412042
mattern_cov1,256,748,0.2500054971648606,0.25000549716486054,5.551115123125783e-17,0.009020708,0.024474625
mattern_cov1,256,749,0.2500057604065246,0.25000576040652445,1.6653345369377348e-16,0.009269167,0.024000458
mattern_cov1,256,750,0.25000553001321607,0.25000553001321596,1.1102230246251565e-16,0.008756416,0.023859334
mattern_cov1,256,751,0.2500054743501219,0.25000547435012177,1.1102230246251565e-16,0.009065125,0.023897166
mattern_cov1,256,752,0.2500055455341447,0.2500055455341446,1.1102230246251565e-16,0.0090075,0.025502959
mattern_cov1,256,753,0.2500055775247358,0.2500055775247357,1.1102230246251565e-16,0.008884,0.024260416
mattern_cov1,256,754,0.25000560416619394,0.25000560416619383,1.1102230246251565e-16,0.008735375,0.024327167
mattern_cov1,256,755,0.25000579512252813,0.250005795122528,1.1102230246251565e-16,0.009013875,0.024033958
mattern_cov1,256,756,0.2500056512267875,0.25000565122678736,1.1102230246251565e-16,0.008797208,0.024233416
mattern_cov1,256,757,0.25000561229842977,0.2500056122984297,5.551115123125783e-17,0.008624375,0.024676584
mattern_cov1,256,758,0.25000543776998696,0.2500054377699868,1.6653345369377348e-16,0.009179958,0.02400375
mattern_cov1,256,759,0.25000547605023493,0.2500054760502349,5.551115123125783e-17,0.0089065,0.025353625
mattern_cov1,256,760,0.2500056896043282,0.2500056896043281,5.551115123125783e-17,0.0090965,0.024145333
mattern_cov1,256,761,0.2500054924198771,0.25000549241987696,1.1102230246251565e-16,0.00886275,0.024311917
mattern_cov1,256,762,0.25000557399760703,0.25000557399760687,1.6653345369377348e-16,0.008756167,0.024134917
mattern_cov1,256,763,0.25000522445090984,0.2500052244509098,5.551115123125783e-17,0.009089625,0.025150167
mattern_cov1,256,764,0.25000553909606915,0.25000553909606904,1.1102230246251565e-16,0.009050291,0.024025917
mattern_cov1,256,765,0.25000542371508144,0.25000542371508133,1.1102230246251565e-16,0.00912,0.024739792
mattern_cov1,256,766,0.2500054959573062,0.2500054959573061,1.1102230246251565e-16,0.009030125,0.024364541
mattern_cov1,256,767,0.2500055412445213,0.2500055412445212,1.1102230246251565e-16,0.009215,0.024541584
mattern_cov1,256,768,0.25000543615053544,0.2500054361505353,1.6653345369377348e-16,0.008734833,0.024263375
mattern_cov1,256,769,0.25000585770141986,0.25000585770141975,1.1102230246251565e-16,0.008888917,0.024351042
mattern_cov1,256,770,0.25000551658362286,0.2500055165836228,5.551115123125783e-17,0.009206333,0.025969334
mattern_cov1,256,771,0.2500053742797838,0.25000537427978364,1.6653345369377348e-16,0.0095595,0.024150291
mattern_cov1,256,772,0.2500056086501447,0.2500056086501446,1.1102230246251565e-16,0.00883425,0.024988541
mattern_cov1,256,773,0.2500054081382861,0.250005408138286,1.1102230246251565e-16,0.008614709,0.024484584
mattern_cov1,256,774,0.25000551389808284,0.25000551389808273,1.1102230246251565e-16,0.008874292,0.025511917
mattern_cov1,256,775,0.25000565606466185,0.2500056560646617,1.6653345369377348e-16,0.008774333,0.024445041
mattern_cov1,256,776,0.25000547424206426,0.25000547424206426,0.0,0.008490583,0.023751875
mattern_cov1,256,777,0.25000556378930044,0.25000556378930033,1.1102230246251565e-16,0.008863583,0.024235958
mattern_cov1,256,778,0.2500055885792583,0.2500055885792582,1.1102230246251565e-16,0.009363458,0.026376792
mattern_cov1,256,779,0.25000549772012187,0.25000549772012176,1.1102230246251565e-16,0.008572125,0.024231875
mattern_cov1,256,780,0.2500055539027802,0.25000555390278006,1.1102230246251565e-16,0.008847542,0.024199042
mattern_cov1,256,781,0.25000551988298875,0.25000551988298864,1.1102230246251565e-16,0.008654375,0.023976416
mattern_cov1,256,782,0.25000536405913815,0.25000536405913804,1.1102230246251565e-16,0.008766167,0.024287916
mattern_cov1,256,783,0.25000584515721314,0.25000584515721297,1.6653345369377348e-16,0.008693458,0.031434125
mattern_cov1,256,784,0.2500056915380084,0.2500056915380083,1.1102230246251565e-16,0.008995416,0.024095542
mattern_cov1,256,785,0.25000524733412893,0.2500052473341288,1.1102230246251565e-16,0.009148958,0.023967959
mattern_cov1,256,786,0.25000559011938334,0.25000559011938317,1.6653345369377348e-16,0.008745084,0.024459916
mattern_cov1,256,787,0.25000582510694475,0.25000582510694463,1.1102230246251565e-16,0.008824708,0.024528375
mattern_cov1,256,788,0.250005542346994,0.25000554234699385,1.6653345369377348e-16,0.008739375,0.024505
mattern_cov1,256,789,0.2500054224522851,0.25000542245228496,1.1102230246251565e-16,0.00918125,0.027032291
mattern_cov1,256,790,0.25000549126570176,0.25000549126570165,1.1102230246251565e-16,0.008771583,0.024036334
mattern_cov1,256,791,0.25000550434065916,0.250005504340659,1.6653345369377348e-16,0.010865416,0.02415625
mattern_cov1,256,792,0.2500054942275342,0.2500054942275341,1.1102230246251565e-16,0.008885916,0.024005375
mattern_cov1,256,793,0.2500056391124246,0.25000563911242457,5.551115123125783e-17,0.008711125,0.03266375
mattern_cov1,256,794,0.2500053785416222,0.250005378541622,1.6653345369377348e-16,0.009092959,0.024447083
mattern_cov1,256,795,0.2500056272386757,0.25000562723867564,5.551115123125783e-17,0.008977333,0.023894625
mattern_cov1,256,796,0.2500054303357264,0.25000543033572636,5.551115123125783e-17,0.008899625,0.024375
mattern_cov1,256,797,0.25000547500427883,0.2500054750042787,1.1102230246251565e-16,0.008424209,0.024090083
mattern_cov1,256,798,0.2500055010004803,0.2500055010004802,1.1102230246251565e-16,0.009249708,0.024154083
mattern_cov1,256,799,0.25000529260381305,0.25000529260381293,1.1102230246251565e-16,0.008952375,0.024571583
mattern_cov1,256,800,0.250005563370653,0.25000556337065294,5.551115123125783e-17,0.009825625,0.024403375
mattern_cov1,256,801,0.2500055804764442,0.2500055804764441,1.1102230246251565e-16,0.00884975,0.023825709
mattern_cov1,256,802,0.2500055196158188,0.2500055196158187,1.1102230246251565e-16,0.009932375,0.024358291
mattern_cov1,256,803,0.2500055533557726,0.25000555335577257,5.551115123125783e-17,0.008938666,0.026342875
mattern_cov1,256,804,0.2500054822640683,0.2500054822640682,1.1102230246251565e-16,0.008903458,0.02427525
mattern_cov1,256,805,0.25000560638464836,0.25000560638464825,1.1102230246251565e-16,0.00910475,0.025269666
mattern_cov1,256,806,0.25000555141618735,0.25000555141618724,1.1102230246251565e-16,0.008887417,0.0240625
mattern_cov1,256,807,0.25000538934740707,0.25000538934740696,1.1102230246251565e-16,0.008670208,0.024069084
mattern_cov1,256,808,0.25000568763247566,0.2500056876324755,1.6653345369377348e-16,0.008900791,0.024399292
mattern_cov1,256,809,0.25000545927334356,0.25000545927334344,1.1102230246251565e-16,0.008755291,0.026257917
mattern_cov1,256,810,0.2500056453216076,0.2500056453216075,5.551115123125783e-17,0.008754417,0.024368584
mattern_cov1,256,811,0.2500054503084174,0.2500054503084172,2.220446049250313e-16,0.008950334,0.024365
mattern_cov1,256,812,0.2500056470216702,0.2500056470216701,1.1102230246251565e-16,0.009039583,0.02400325
mattern_cov1,256,813,0.2500054087576062,0.250005408757606,1.6653345369377348e-16,0.008803084,0.023713375
mattern_cov1,256,814,0.2500056220040522,0.250005622004052,1.6653345369377348e-16,0.0089725,0.023783458
mattern_cov1,256,815,0.2500055150323107,0.2500055150323106,1.1102230246251565e-16,0.008615333,0.024195417
mattern_cov1,256,816,0.25000558166998094,0.2500055816699807,2.220446049250313e-16,0.0084455,0.024407583
mattern_cov1,256,817,0.2500054930485796,0.25000549304857955,5.551115123125783e-17,0.009447,0.024239875
mattern_cov1,256,818,0.25000564035325007,0.25000564035324996,1.1102230246251565e-16,0.008975459,0.02513075
mattern_cov1,256,819,0.2500056539671081,0.250005653967108,1.1102230246251565e-16,0.008715666,0.024250125
mattern_cov1,256,820,0.25000542037215084,0.25000542037215073,1.1102230246251565e-16,0.008646459,0.02409425
mattern_cov1,256,821,0.25000556625979475,0.25000556625979464,1.1102230246251565e-16,0.011631125,0.023846042
mattern_cov1,256,822,0.2500055788672562,0.2500055788672561,1.1102230246251565e-16,0.008764166,0.023768042
mattern_cov1,256,823,0.2500055597969101,0.25000555979690997,1.1102230246251565e-16,0.009027291,0.023735792
mattern_cov1,256,824,0.2500056431848782,0.2500056431848781,1.1102230246251565e-16,0.008691375,0.026079875
mattern_cov1,256,825,0.2500053698896179,0.2500053698896178,1.1102230246251565e-16,0.008851792,0.024653375
mattern_cov1,256,826,0.25000542666277364,0.25000542666277353,1.1102230246251565e-16,0.008733875,0.024468125
mattern_cov1,256,827,0.2500054771918855,0.2500054771918853,1.6653345369377348e-16,0.008727917,0.029539583
mattern_cov1,256,828,0.2500056790898138,0.2500056790898137,1.1102230246251565e-16,0.008949833,0.023494167
mattern_cov1,256,829,0.2500054238809855,0.2500054238809854,1.1102230246251565e-16,0.008590209,0.023596083
mattern_cov1,256,830,0.2500055989660853,0.25000559896608515,1.6653345369377348e-16,0.008941334,0.025997375
mattern_cov1,256,831,0.2500055845389776,0.2500055845389775,1.1102230246251565e-16,0.009239042,0.024711917
mattern_cov1,256,832,0.2500057008238598,0.25000570082385976,5.551115123125783e-17,0.009249125,0.024157917
mattern_cov1,256,833,0.25000555496601407,0.2500055549660139,1.6653345369377348e-16,0.008586209,0.02378075
mattern_cov1,256,834,0.25000549458359783,0.2500054945835976,2.220446049250313e-16,0.009016958,0.02392925
mattern_cov1,256,835,0.25000549348777373,0.2500054934877736,1.1102230246251565e-16,0.008720917,0.023971375
mattern_cov1,256,836,0.250005460801139,0.2500054608011389,1.1102230246251565e-16,0.008628125,0.025776541
mattern_cov1,256,837,0.25000571216220524,0.25000571216220513,1.1102230246251565e-16,0.009222958,0.024575333
mattern_cov1,256,838,0.2500054995331073,0.2500054995331072,1.1102230246251565e-16,0.008425208,0.024277959
mattern_cov1,256,839,0.2500055460911185,0.2500055460911184,1.1102230246251565e-16,0.00896775,0.025665875
mattern_cov1,256,840,0.250005360742278,0.2500053607422779,1.1102230246251565e-16,0.00930375,0.024314041
mattern_cov1,256,841,0.25000547693907954,0.25000547693907943,1.1102230246251565e-16,0.00891025,0.023998625
mattern_cov1,256,842,0.25000527814791434,0.25000527814791423,1.1102230246251565e-16,0.008931125,0.0244255
mattern_cov1,256,843,0.25000551365474505,0.25000551365474494,1.1102230246251565e-16,0.00892125,0.024505625
mattern_cov1,256,844,0.2500055461334344,0.25000554613343423,1.6653345369377348e-16,0.008938958,0.025352375
mattern_cov1,256,845,0.2500056273953724,0.25000562739537224,1.6653345369377348e-16,0.008895375,0.024287166
mattern_cov1,256,846,0.25000546836918675,0.25000546836918663,1.1102230246251565e-16,0.008750666,0.024351542
mattern_cov1,256,847,0.2500056488037869,0.2500056488037869,0.0,0.00868925,0.025724125
mattern_cov1,256,848,0.25000558730238404,0.250005587302384,5.551115123125783e-17,0.009295583,0.024409875
mattern_cov1,256,849,0.25000549274457573,0.2500054927445757,5.551115123125783e-17,0.009161792,0.024175458
mattern_cov1,256,850,0.25000571964977963,0.2500057196497795,1.1102230246251565e-16,0.00865975,0.02462
mattern_cov1,256,851,0.25000539614879697,0.25000539614879685,1.1102230246251565e-16,0.008956375,0.02403375
mattern_cov1,256,852,0.25000543609857845,0.25000543609857834,1.1102230246251565e-16,0.009112334,0.025227334
mattern_cov1,256,853,0.25000545881363295,0.25000545881363273,2.220446049250313e-16,0.008766917,0.024023625
mattern_cov1,256,854,0.25000558100218523,0.2500055810021851,1.1102230246251565e-16,0.008678708,0.024558959
mattern_cov1,256,855,0.25000564972311373,0.2500056497231137,5.551115123125783e-17,0.008710875,0.024356417
mattern_cov1,256,856,0.25000549626431295,0.2500054962643129,5.551115123125783e-17,0.009091916,0.023648958
mattern_cov1,256,857,0.25000544408161607,0.25000544408161596,1.1102230246251565e-16,0.008509667,0.024207416
mattern_cov1,256,858,0.2500054653680192,0.2500054653680191,1.1102230246251565e-16,0.009377167,0.024437542
mattern_cov1,256,859,0.25000559547099716,0.25000559547099704,1.1102230246251565e-16,0.009186917,0.0240735
mattern_cov1,256,860,0.25000579833787223,0.2500057983378722,5.551115123125783e-17,0.008762875,0.024068583
mattern_cov1,256,861,0.25000549581610376,0.25000549581610354,2.220446049250313e-16,0.014515542,0.027127917
mattern_cov1,256,862,0.25000562066464455,0.25000562066464443,1.1102230246251565e-16,0.009121625,0.024142833
mattern_cov1,256,863,0.25000567142766156,0.2500056714276614,1.6653345369377348e-16,0.009380958,0.024024292
mattern_cov1,256,864,0.2500053871847659,0.2500053871847658,1.1102230246251565e-16,0.008624,0.023756625
mattern_cov1,256,865,0.2500055066702852,0.25000550667028504,1.6653345369377348e-16,0.008826875,0.025700209
mattern_cov1,256,866,0.2500056388755208,0.2500056388755206,2.220446049250313e-16,0.009111208,0.024596667
mattern_cov1,256,867,0.2500055420039687,0.2500055420039686,1.1102230246251565e-16,0.008678,0.02404875
mattern_cov1,256,868,0.25000547402598455,0.25000547402598444,1.1102230246251565e-16,0.008535834,0.02398175
mattern_cov1,256,869,0.2500053592391518,0.2500053592391517,1.1102230246251565e-16,0.008728334,0.024358333
mattern_cov1,256,870,0.25000554215494036,0.25000554215494025,1.1102230246251565e-16,0.008870292,0.032052333
mattern_cov1,256,871,0.2500054565501279,0.2500054565501278,1.1102230246251565e-16,0.008712708,0.023715459
mattern_cov1,256,872,0.2500054297729138,0.2500054297729137,1.1102230246251565e-16,0.008976708,0.024636917
mattern_cov1,256,873,0.250005480614721,0.2500054806147209,1.1102230246251565e-16,0.008675708,0.025744958
mattern_cov1,256,874,0.2500053331405666,0.2500053331405665,1.1102230246251565e-16,0.008781833,0.02445375
mattern_cov1,256,875,0.2500055254921381,0.250005525492138,1.1102230246251565e-16,0.009403708,0.024370875
mattern_cov1,256,876,0.2500056298674707,0.2500056298674705,2.220446049250313e-16,0.009128791,0.024957
mattern_cov1,256,877,0.25000558210075474,0.2500055821007545,2.220446049250313e-16,0.009049708,0.024364042
mattern_cov1,256,878,0.2500053623097045,0.2500053623097044,1.1102230246251565e-16,0.009381125,0.025428166
mattern_cov1,256,879,0.25000550413594924,0.25000550413594913,1.1102230246251565e-16,0.00906775,0.024188625
mattern_cov1,256,880,0.25000550505390823,0.2500055050539081,1.1102230246251565e-16,0.008927791,0.0239675
mattern_cov1,256,881,0.25000556823744374,0.2500055682374436,1.6653345369377348e-16,0.009380667,0.024721208
mattern_cov1,256,882,0.250005682733189,0.25000568273318885,1.6653345369377348e-16,0.009081834,0.025937333
mattern_cov1,256,883,0.25000551660052944,0.25000551660052933,1.1102230246251565e-16,0.009097833,0.024567917
mattern_cov1,256,884,0.2500055614886979,0.25000556148869774,1.6653345369377348e-16,0.008284667,0.025585916
mattern_cov1,256,885,0.2500054685406131,0.250005468540613,1.1102230246251565e-16,0.008485709,0.023830584
mattern_cov1,256,886,0.25000543059603736,0.2500054305960373,5.551115123125783e-17,0.008584333,0.0239245
mattern_cov1,256,887,0.25000547186767025,0.25000547186767014,1.1102230246251565e-16,0.008867833,0.023735833
mattern_cov1,256,888,0.250005448199528,0.2500054481995278,2.220446049250313e-16,0.009047208,0.024653959
mattern_cov1,256,889,0.2500055167511945,0.25000551675119437,1.1102230246251565e-16,0.008658125,0.024285792
mattern_cov1,256,890,0.2500056424401603,0.2500056424401601,2.220446049250313e-16,0.01098375,0.024267375
mattern_cov1,256,891,0.2500054935666907,0.25000549356669066,5.551115123125783e-17,0.0088385,0.024289875
mattern_cov1,256,892,0.25000529346594297,0.25000529346594286,1.1102230246251565e-16,0.008974333,0.023883083
mattern_cov1,256,893,0.25000545841558713,0.2500054584155869,2.220446049250313e-16,0.008570666,0.024473167
mattern_cov1,256,894,0.2500053977581926,0.25000539775819247,1.1102230246251565e-16,0.008637708,0.0245055
mattern_cov1,256,895,0.25000548232566966,0.2500054823256695,1.6653345369377348e-16,0.008937542,0.023859458
mattern_cov1,256,896,0.2500055960940936,0.2500055960940935,1.1102230246251565e-16,0.0089925,0.024242875
mattern_cov1,256,897,0.2500055251789894,0.25000552517898933,5.551115123125783e-17,0.008472375,0.024075875
mattern_cov1,256,898,0.250005545928811,0.25000554592881086,1.6653345369377348e-16,0.0086705,0.024413792
mattern_cov1,256,899,0.25000556298592475,0.2500055629859247,5.551115123125783e-17,0.008669291,0.028355542
mattern_cov1,256,900,0.25000565614280706,0.25000565614280695,1.1102230246251565e-16,0.008691,0.023964
mattern_cov1,256,901,0.2500054028954496,0.2500054028954495,1.1102230246251565e-16,0.008735791,0.02401
mattern_cov1,256,902,0.25000545877810915,0.25000545877810904,1.1102230246251565e-16,0.00866775,0.023811209
mattern_cov1,256,903,0.2500055215535807,0.25000552155358063,5.551115123125783e-17,0.009029208,0.0259025
mattern_cov1,256,904,0.250005261015598,0.25000526101559795,5.551115123125783e-17,0.008952083,0.024076375
mattern_cov1,256,905,0.250005499577407,0.250005499577407,0.0,0.008763875,0.024946542
mattern_cov1,256,906,0.2500056102966196,0.25000561029661944,1.6653345369377348e-16,0.008752875,0.024463125
mattern_cov1,256,907,0.25000539518084886,0.2500053951808487,1.6653345369377348e-16,0.009187875,0.028108625
mattern_cov1,256,908,0.25000553567240547,0.2500055356724054,5.551115123125783e-17,0.008948583,0.02423875
mattern_cov1,256,909,0.25000548191709543,0.2500054819170953,1.1102230246251565e-16,0.0087785,0.024700416
mattern_cov1,256,910,0.25000550248968306,0.25000550248968295,1.1102230246251565e-16,0.008693959,0.0247575
mattern_cov1,256,911,0.25000557487330427,0.2500055748733042,5.551115123125783e-17,0.009114167,0.032955083
mattern_cov1,256,912,0.25000562228127776,0.2500056222812776,1.6653345369377348e-16,0.008391541,0.024341834
mattern_cov1,256,913,0.25000531658391123,0.25000531658391106,1.6653345369377348e-16,0.008864917,0.02408775
mattern_cov1,256,914,0.2500055112152206,0.25000551121522036,2.220446049250313e-16,0.00931775,0.023854208
mattern_cov1,256,915,0.2500056217838953,0.25000562178389524,5.551115123125783e-17,0.008903417,0.024207708
mattern_cov1,256,916,0.2500055634784581,0.250005563478458,1.1102230246251565e-16,0.008851,0.02438525
mattern_cov1,256,917,0.2500054683363508,0.2500054683363507,1.1102230246251565e-16,0.008525417,0.02478475
mattern_cov1,256,918,0.25000551410920785,0.2500055141092077,1.6653345369377348e-16,0.00855775,0.023731292
mattern_cov1,256,919,0.25000567773738575,0.25000567773738547,2.7755575615628914e-16,0.008794958,0.023798084
mattern_cov1,256,920,0.25000578024779796,0.2500057802477978,1.6653345369377348e-16,0.008580083,0.028426
mattern_cov1,256,921,0.2500055708699576,0.25000557086995745,1.6653345369377348e-16,0.009104291,0.023858875
mattern_cov1,256,922,0.2500055794437842,0.25000557944378415,5.551115123125783e-17,0.008949,0.026555292
mattern_cov1,256,923,0.25000554064013275,0.25000554064013264,1.1102230246251565e-16,0.008381875,0.024331375
mattern_cov1,256,924,0.25000557448484123,0.2500055744848411,1.1102230246251565e-16,0.009211584,0.023959958
mattern_cov1,256,925,0.2500053245706224,0.25000532457062236,5.551115123125783e-17,0.008882542,0.023948333
mattern_cov1,256,926,0.25000562976659707,0.25000562976659696,1.1102230246251565e-16,0.008686584,0.024341583
mattern_cov1,256,927,0.25000545619347153,0.2500054561934714,1.1102230246251565e-16,0.008737209,0.026339583
mattern_cov1,256,928,0.25000550085545825,0.25000550085545814,1.1102230246251565e-16,0.009159083,0.028796834
mattern_cov1,256,929,0.25000538967452823,0.2500053896745282,5.551115123125783e-17,0.009341791,0.024785625
mattern_cov1,256,930,0.2500053039631974,0.2500053039631973,1.1102230246251565e-16,0.009231625,0.023880375
mattern_cov1,256,931,0.25000565269714964,0.25000565269714947,1.6653345369377348e-16,0.008529875,0.024053875
mattern_cov1,256,932,0.2500056458570749,0.2500056458570748,1.1102230246251565e-16,0.009246125,0.023887292
mattern_cov1,256,933,0.2500055113359523,0.25000551133595217,1.1102230246251565e-16,0.008750959,0.024427083
mattern_cov1,256,934,0.2500056560108304,0.2500056560108303,1.1102230246251565e-16,0.008796083,0.032659958
mattern_cov1,256,935,0.2500056225046045,0.25000562250460434,1.6653345369377348e-16,0.008803375,0.023974125
mattern_cov1,256,936,0.25000548554850405,0.25000548554850394,1.1102230246251565e-16,0.009014958,0.024254083
mattern_cov1,256,937,0.2500055578840233,0.25000555788402307,2.220446049250313e-16,0.009194875,0.023718292
mattern_cov1,256,938,0.25000555538985997,0.2500055553898598,1.6653345369377348e-16,0.008486542,0.0236765
mattern_cov1,256,939,0.2500054476594885,0.25000544765948834,1.6653345369377348e-16,0.008946042,0.024025542
mattern_cov1,256,940,0.2500056916945301,0.25000569169453,5.551115123125783e-17,0.008316417,0.023727916
mattern_cov1,256,941,0.2500056078539936,0.25000560785399345,1.6653345369377348e-16,0.010383334,0.0237645
mattern_cov1,256,942,0.2500055459650294,0.2500055459650293,1.1102230246251565e-16,0.008740083,0.023944
mattern_cov1,256,943,0.2500055722200872,0.25000557222008707,1.1102230246251565e-16,0.008331333,0.024340125
mattern_cov1,256,944,0.25000558504531906,0.2500055850453189,1.6653345369377348e-16,0.0087535,0.023692375
mattern_cov1,256,945,0.25000556642920546,0.2500055664292053,1.6653345369377348e-16,0.008246333,0.024893208
mattern_cov1,256,946,0.2500053705803084,0.2500053705803083,1.1102230246251565e-16,0.009076458,0.024119583
mattern_cov1,256,947,0.2500054717639465,0.25000547176394644,5.551115123125783e-17,0.008941708,0.025574917
mattern_cov1,256,948,0.2500056857252417,0.25000568572524157,1.1102230246251565e-16,0.009441,0.024270708
mattern_cov1,256,949,0.25000561183922115,0.25000561183922104,1.1102230246251565e-16,0.008649209,0.024405458
mattern_cov1,256,950,0.2500055975817675,0.2500055975817674,1.1102230246251565e-16,0.008667416,0.023776458
mattern_cov1,256,951,0.25000554795569657,0.2500055479556964,1.6653345369377348e-16,0.008577125,0.025145167
mattern_cov1,256,952,0.2500055967568456,0.2500055967568455,5.551115123125783e-17,0.00852525,0.024610708
mattern_cov1,256,953,0.25000565324361923,0.25000565324361906,1.6653345369377348e-16,0.009166959,0.0245545
mattern_cov1,256,954,0.2500055346272224,0.25000553462722236,5.551115123125783e-17,0.009072333,0.025520333
mattern_cov1,256,955,0.250005396214614,0.2500053962146139,1.1102230246251565e-16,0.008819375,0.023874083
mattern_cov1,256,956,0.25000572615398053,0.25000572615398037,1.6653345369377348e-16,0.008717583,0.023769291
mattern_cov1,256,957,0.2500054071929101,0.25000540719291003,5.551115123125783e-17,0.008275708,0.023549833
mattern_cov1,256,958,0.25000532755710475,0.25000532755710464,1.1102230246251565e-16,0.008996208,0.027337625
mattern_cov1,256,959,0.2500054415601615,0.25000544156016136,1.6653345369377348e-16,0.008887833,0.023947541
mattern_cov1,256,960,0.25000568861171774,0.2500056886117176,1.1102230246251565e-16,0.00932675,0.02521475
mattern_cov1,256,961,0.25000541181112323,0.25000541181112307,1.6653345369377348e-16,0.009035333,0.024215375
mattern_cov1,256,962,0.25000547711549365,0.2500054771154936,5.551115123125783e-17,0.00861575,0.024202542
mattern_cov1,256,963,0.250005533011662,0.2500055330116619,1.1102230246251565e-16,0.008845334,0.024417625
mattern_cov1,256,964,0.2500052961888804,0.2500052961888802,2.220446049250313e-16,0.009055625,0.032173167
mattern_cov1,256,965,0.2500056745269496,0.2500056745269495,1.1102230246251565e-16,0.008604833,0.0241055
mattern_cov1,256,966,0.25000538743827266,0.2500053874382726,5.551115123125783e-17,0.009193,0.024283042
mattern_cov1,256,967,0.25000566496521626,0.2500056649652162,5.551115123125783e-17,0.008841917,0.024952666
mattern_cov1,256,968,0.2500054665519926,0.2500054665519924,1.6653345369377348e-16,0.009188833,0.024153417
mattern_cov1,256,969,0.250005617817099,0.250005617817099,0.0,0.00879275,0.024073833
mattern_cov1,256,970,0.25000552160118933,0.2500055216011892,1.1102230246251565e-16,0.009055625,0.025263083
mattern_cov1,256,971,0.25000531023588923,0.2500053102358892,5.551115123125783e-17,0.009120667,0.024489958
mattern_cov1,256,972,0.2500052826918055,0.25000528269180533,1.6653345369377348e-16,0.008940833,0.024224
mattern_cov1,256,973,0.2500054568108025,0.2500054568108024,1.1102230246251565e-16,0.009038167,0.025292
mattern_cov1,256,974,0.2500054628646983,0.2500054628646982,1.1102230246251565e-16,0.009353625,0.024050583
mattern_cov1,256,975,0.2500055105255376,0.25000551052553743,1.6653345369377348e-16,0.008381792,0.024081958
mattern_cov1,256,976,0.25000550971805774,0.25000550971805763,1.1102230246251565e-16,0.008703792,0.027067417
mattern_cov1,256,977,0.2500054842951804,0.2500054842951802,1.6653345369377348e-16,0.009086125,0.023989834
mattern_cov1,256,978,0.25000556462181944,0.2500055646218194,5.551115123125783e-17,0.008544542,0.02389675
mattern_cov1,256,979,0.25000556402792545,0.25000556402792534,1.1102230246251565e-16,0.008381334,0.025393625
mattern_cov1,256,980,0.250005654036149,0.2500056540361489,1.1102230246251565e-16,0.00883225,0.024108584
mattern_cov1,256,981,0.2500054853667924,0.2500054853667923,1.1102230246251565e-16,0.009203291,0.024417667
mattern_cov1,256,982,0.25000544958535115,0.25000544958535104,1.1102230246251565e-16,0.010069291,0.024540042
mattern_cov1,256,983,0.250005589265646,0.2500055892656458,1.6653345369377348e-16,0.008985208,0.030311583
mattern_cov1,256,984,0.2500057039504489,0.2500057039504488,1.1102230246251565e-16,0.008938083,0.024323
mattern_cov1,256,985,0.25000569120575444,0.2500056912057543,1.6653345369377348e-16,0.00887225,0.024449375
mattern_cov1,256,986,0.25000555893567744,0.2500055589356773,1.6653345369377348e-16,0.008601791,0.024387709
mattern_cov1,256,987,0.2500054352780947,0.25000543527809466,5.551115123125783e-17,0.008665709,0.024557333
mattern_cov1,256,988,0.25000548036292203,0.250005480362922,5.551115123125783e-17,0.008849667,0.024431917
mattern_cov1,256,989,0.2500055428847749,0.2500055428847748,1.1102230246251565e-16,0.009274791,0.024686833
mattern_cov1,256,990,0.25000538262895344,0.25000538262895333,1.1102230246251565e-16,0.008967167,0.024407542
mattern_cov1,256,991,0.2500055669368249,0.2500055669368248,1.1102230246251565e-16,0.008873125,0.027284208
mattern_cov1,256,992,0.25000559937938255,0.2500055993793825,5.551115123125783e-17,0.008732083,0.024395875
mattern_cov1,256,993,0.25000558604476936,0.25000558604476925,1.1102230246251565e-16,0.008893084,0.024197666
mattern_cov1,256,994,0.2500056087084966,0.2500056087084964,1.6653345369377348e-16,0.00859475,0.023675291
mattern_cov1,256,995,0.25000547235642717,0.2500054723564271,5.551115123125783e-17,0.008061375,0.023570708
mattern_cov1,256,996,0.2500054692558098,0.25000546925580963,1.6653345369377348e-16,0.008338375,0.023902291
mattern_cov1,256,997,0.25000561974823293,0.25000561974823277,1.6653345369377348e-16,0.008941583,0.025317125
mattern_cov1,256,998,0.25000562253461683,0.2500056225346167,1.1102230246251565e-16,0.00883,0.024487333
mattern_cov1,256,999,0.2500052413602107,0.2500052413602106,1.1102230246251565e-16,0.008404542,0.023780167
mattern_cov1,256,1000,0.2500054913662049,0.2500054913662048,1.1102230246251565e-16,0.008304958,0.023981416
mattern_cov1,1024,1,0.26652028402318834,0.26652028402318667,1.6653345369377348e-15,0.050532666,0.109576708
mattern_cov1,1024,2,0.26619485731522413,0.2661948573152225,1.609823385706477e-15,0.050815959,0.111138208
mattern_cov1,1024,3,0.26607604288706443,0.2660760428870628,1.609823385706477e-15,0.051562625,0.109472333
mattern_cov1,1024,4,0.2661542245691233,0.2661542245691217,1.609823385706477e-15,0.050863875,0.108160083
mattern_cov1,1024,5,0.2660552322815766,0.26605523228157507,1.5543122344752192e-15,0.048954416,0.108336042
mattern_cov1,1024,6,0.26638540800370997,0.2663854080037084,1.5543122344752192e-15,0.048543333,0.109370542
mattern_cov1,1024,7,0.2661902403746546,0.26619024037465305,1.5543122344752192e-15,0.050833834,0.111221833
mattern_cov1,1024,8,0.26653180429171425,0.2665318042917127,1.5543122344752192e-15,0.05049925,0.109437667
mattern_cov1,1024,9,0.26647994663753105,0.26647994663752944,1.609823385706477e-15,0.051828916,0.109646334
mattern_cov1,1024,10,0.2662615825702466,0.26626158257024496,1.6653345369377348e-15,0.055945542,0.108341833
mattern_cov1,1024,11,0.26610774983810237,0.2661077498381008,1.5543122344752192e-15,0.051404666,0.110656792
mattern_cov1,1024,12,0.2659339649126741,0.2659339649126726,1.4988010832439613e-15,0.0505685,0.109232916
mattern_cov1,1024,13,0.26604747281965374,0.26604747281965224,1.4988010832439613e-15,0.0481185,0.114195959
mattern_cov1,1024,14,0.26604542762517297,0.2660454276251714,1.5543122344752192e-15,0.050320041,0.108838667
mattern_cov1,1024,15,0.2663192254178613,0.2663192254178597,1.609823385706477e-15,0.051330875,0.112754459
mattern_cov1,1024,16,0.2664072013171153,0.26640720131711376,1.5543122344752192e-15,0.050228375,0.11136825
mattern_cov1,1024,17,0.2659137797265874,0.26591377972658575,1.6653345369377348e-15,0.04930825,0.10917125
mattern_cov1,1024,18,0.2660816043912879,0.2660816043912863,1.609823385706477e-15,0.050096,0.109511959
mattern_cov1,1024,19,0.26646792171411765,0.266467921714116,1.6653345369377348e-15,0.050919375,0.110497
mattern_cov1,1024,20,0.26599547919081284,0.26599547919081135,1.4988010832439613e-15,0.050338417,0.111980209
mattern_cov1,1024,21,0.2662543505330715,0.2662543505330699,1.609823385706477e-15,0.052811041,0.109082125
mattern_cov1,1024,22,0.2657654392168239,0.26576543921682233,1.5543122344752192e-15,0.050442958,0.109689209
mattern_cov1,1024,23,0.2664629792469906,0.26646297924698903,1.5543122344752192e-15,0.050312958,0.108726292
mattern_cov1,1024,24,0.2662620799086035,0.2662620799086019,1.609823385706477e-15,0.048034125,0.119393083
mattern_cov1,1024,25,0.2657937866480663,0.2657937866480647,1.609823385706477e-15,0.050374458,0.10882425
mattern_cov1,1024,26,0.265960078763461,0.26596007876345934,1.6653345369377348e-15,0.049397833,0.110132917
mattern_cov1,1024,27,0.26643536974678744,0.2664353697467859,1.5543122344752192e-15,0.051205417,0.109774
mattern_cov1,1024,28,0.26586840221637137,0.2658684022163698,1.5543122344752192e-15,0.050701458,0.110495
mattern_cov1,1024,29,0.26606524159219125,0.26606524159218964,1.609823385706477e-15,0.051492584,0.10813225
mattern_cov1,1024,30,0.2665434369393373,0.26654343693933574,1.5543122344752192e-15,0.050258291,0.11015925
mattern_cov1,1024,31,0.2664860472546932,0.26648604725469166,1.5543122344752192e-15,0.050122167,0.110222791
mattern_cov1,1024,32,0.2665225290253172,0.2665225290253156,1.609823385706477e-15,0.049976625,0.10957575
mattern_cov1,1024,33,0.26634511016508705,0.2663451101650854,1.6653345369377348e-15,0.050925833,0.1097565
mattern_cov1,1024,34,0.2664141049206082,0.26641410492060663,1.5543122344752192e-15,0.049871166,0.10981375
mattern_cov1,1024,35,0.26696711475561397,0.26696711475561236,1.609823385706477e-15,0.0498785,0.109413542
mattern_cov1,1024,36,0.26586958546392764,0.2658695854639261,1.5543122344752192e-15,0.055120833,0.109861417
mattern_cov1,1024,37,0.2663107046403169,0.26631070464031525,1.6653345369377348e-15,0.051254,0.110238041
mattern_cov1,1024,38,0.26603422062246307,0.2660342206224615,1.5543122344752192e-15,0.050324708,0.108726208
mattern_cov1,1024,39,0.2667570445365381,0.2667570445365365,1.609823385706477e-15,0.05724025,0.112662125
mattern_cov1,1024,40,0.2662697332799899,0.26626973327998826,1.609823385706477e-15,0.055457875,0.109897333
mattern_cov1,1024,41,0.2663566562655936,0.2663566562655921,1.5543122344752192e-15,0.050144708,0.110336292
mattern_cov1,1024,42,0.26563211404007053,0.265632114040069,1.5543122344752192e-15,0.052060916,0.108789208
mattern_cov1,1024,43,0.26570097587403124,0.2657009758740297,1.5543122344752192e-15,0.049384291,0.109779875
mattern_cov1,1024,44,0.2661467521567514,0.26614675215674977,1.609823385706477e-15,0.049905,0.111078584
mattern_cov1,1024,45,0.26589424140383394,0.2658942414038324,1.5543122344752192e-15,0.057055125,0.109082625
mattern_cov1,1024,46,0.2659582031014473,0.26595820310144574,1.5543122344752192e-15,0.050280917,0.108674375
mattern_cov1,1024,47,0.26583783901193714,0.2658378390119356,1.5543122344752192e-15,0.057976666,0.109560542
mattern_cov1,1024,48,0.2664189339231909,0.2664189339231893,1.5543122344752192e-15,0.0510415,0.107966084
mattern_cov1,1024,49,0.26662419712637514,0.2666241971263735,1.6653345369377348e-15,0.051626209,0.109956625
mattern_cov1,1024,50,0.2660740143564783,0.2660740143564767,1.609823385706477e-15,0.052493709,0.109835833
mattern_cov1,1024,51,0.26604488974815005,0.2660448897481484,1.6653345369377348e-15,0.050473792,0.110043625
mattern_cov1,1024,52,0.26619185895647574,0.2661918589564742,1.5543122344752192e-15,0.050776542,0.109208792
mattern_cov1,1024,53,0.26637516728559996,0.26637516728559846,1.4988010832439613e-15,0.0483025,0.109827167
mattern_cov1,1024,54,0.2660907537212532,0.2660907537212516,1.5543122344752192e-15,0.051320958,0.111171583
mattern_cov1,1024,55,0.2667667485765023,0.2667667485765007,1.609823385706477e-15,0.053585917,0.109861166
mattern_cov1,1024,56,0.26588582084623663,0.26588582084623513,1.4988010832439613e-15,0.050214875,0.111505041
mattern_cov1,1024,57,0.2660378629884211,0.26603786298841947,1.609823385706477e-15,0.049810459,0.111335916
mattern_cov1,1024,58,0.26624332886471347,0.2662433288647119,1.5543122344752192e-15,0.050309125,0.113723167
mattern_cov1,1024,59,0.2658525199486393,0.26585251994863773,1.5543122344752192e-15,0.0501225,0.109713709
mattern_cov1,1024,60,0.26577987657973046,0.2657798765797289,1.5543122344752192e-15,0.048635708,0.110405959
mattern_cov1,1024,61,0.26574035918074684,0.26574035918074523,1.609823385706477e-15,0.050909833,0.110483584
mattern_cov1,1024,62,0.2666053670730797,0.26660536707307814,1.5543122344752192e-15,0.0527775,0.11533025
mattern_cov1,1024,63,0.265955737337774,0.26595573733777245,1.5543122344752192e-15,0.049472792,0.112893791
mattern_cov1,1024,64,0.26621057633097184,0.2662105763309703,1.5543122344752192e-15,0.051039,0.108457292
mattern_cov1,1024,65,0.2663617422991008,0.26636174229909926,1.5543122344752192e-15,0.049975791,0.109581125
mattern_cov1,1024,66,0.2659992565498693,0.2659992565498676,1.6653345369377348e-15,0.05057025,0.109971166
mattern_cov1,1024,67,0.26653639238956267,0.26653639238956106,1.609823385706477e-15,0.051297542,0.109961791
mattern_cov1,1024,68,0.2662828672511903,0.26628286725118877,1.5543122344752192e-15,0.049100167,0.10968625
mattern_cov1,1024,69,0.26590310568565156,0.26590310568564995,1.609823385706477e-15,0.054920042,0.111620417
mattern_cov1,1024,70,0.26653834751325345,0.26653834751325184,1.609823385706477e-15,0.055552459,0.1110335
mattern_cov1,1024,71,0.26607186121026194,0.26607186121026033,1.609823385706477e-15,0.04926125,0.110131291
mattern_cov1,1024,72,0.26538531589043396,0.2653853158904324,1.5543122344752192e-15,0.04967275,0.108994042
mattern_cov1,1024,73,0.26597265905621886,0.2659726590562173,1.5543122344752192e-15,0.052694209,0.108904959
mattern_cov1,1024,74,0.2660972907672322,0.2660972907672307,1.4988010832439613e-15,0.072840833,0.116220833
mattern_cov1,1024,75,0.26603339083555827,0.2660333908355567,1.5543122344752192e-15,0.050142708,0.1102905
mattern_cov1,1024,76,0.26606530036091264,0.2660653003609111,1.5543122344752192e-15,0.051657583,0.111978875
mattern_cov1,1024,77,0.26636313399382466,0.26636313399382305,1.609823385706477e-15,0.051491166,0.11127775
mattern_cov1,1024,78,0.2659487203897845,0.26594872038978284,1.6653345369377348e-15,0.049429125,0.111225042
mattern_cov1,1024,79,0.26591902041432264,0.2659190204143211,1.5543122344752192e-15,0.050222125,0.109583958
mattern_cov1,1024,80,0.2661746139126025,0.26617461391260094,1.5543122344752192e-15,0.050243375,0.11070075
mattern_cov1,1024,81,0.2663019611213831,0.26630196112138155,1.5543122344752192e-15,0.04982075,0.113810458
mattern_cov1,1024,82,0.2664741518703997,0.26647415187039813,1.5543122344752192e-15,0.057295625,0.108995041
mattern_cov1,1024,83,0.266297067733169,0.26629706773316747,1.5543122344752192e-15,0.049833417,0.112622792
mattern_cov1,1024,84,0.26634952781952576,0.26634952781952415,1.609823385706477e-15,0.052915458,0.109929792
mattern_cov1,1024,85,0.2657874869619648,0.26578748696196325,1.5543122344752192e-15,0.04867025,0.110497875
mattern_cov1,1024,86,0.26619658497879467,0.2661965849787932,1.4432899320127035e-15,0.052435917,0.108145125
mattern_cov1,1024,87,0.26637002923160336,0.2663700292316018,1.5543122344752192e-15,0.04866025,0.110179792
mattern_cov1,1024,88,0.26623288974529885,0.2662328897452972,1.6653345369377348e-15,0.050516709,0.110595041
mattern_cov1,1024,89,0.2660683679978933,0.26606836799789174,1.5543122344752192e-15,0.050901292,0.112083666
mattern_cov1,1024,90,0.2659421903577173,0.2659421903577157,1.609823385706477e-15,0.050836833,0.109933709
mattern_cov1,1024,91,0.2664749077859881,0.26647490778598654,1.5543122344752192e-15,0.048807458,0.109507542
mattern_cov1,1024,92,0.26593585916488044,0.2659358591648789,1.5543122344752192e-15,0.048547833,0.109259083
mattern_cov1,1024,93,0.2662123485941863,0.2662123485941847,1.609823385706477e-15,0.051034042,0.108837125
mattern_cov1,1024,94,0.2666743806252459,0.2666743806252443,1.609823385706477e-15,0.050466875,0.109075334
mattern_cov1,1024,95,0.26626604635897455,0.26626604635897294,1.609823385706477e-15,0.050317084,0.10999975
mattern_cov1,1024,96,0.26617319001309486,0.2661731900130933,1.5543122344752192e-15,0.050319042,0.10894925
mattern_cov1,1024,97,0.26628887339975954,0.2662888733997579,1.6653345369377348e-15,0.0505095,0.108296792
mattern_cov1,1024,98,0.2657495697826224,0.2657495697826207,1.6653345369377348e-15,0.052051334,0.107656541
mattern_cov1,1024,99,0.2660936620729947,0.26609366207299306,1.609823385706477e-15,0.048639292,0.109304833
mattern_cov1,1024,100,0.2661728548719226,0.266172854871921,1.609823385706477e-15,0.050523166,0.110214459
mattern_cov1,1024,101,0.266492478700961,0.2664924787009594,1.609823385706477e-15,0.049622625,0.109847
mattern_cov1,1024,102,0.2657514337339272,0.26575143373392557,1.609823385706477e-15,0.052023458,0.110971625
mattern_cov1,1024,103,0.2665402774387194,0.26654027743871783,1.5543122344752192e-15,0.050084959,0.1088775
mattern_cov1,1024,104,0.2658210908131729,0.26582109081317123,1.6653345369377348e-15,0.049916041,0.109942834
mattern_cov1,1024,105,0.2660803305969991,0.2660803305969976,1.4988010832439613e-15,0.049842667,0.110844417
mattern_cov1,1024,106,0.26678102218009064,0.2667810221800891,1.5543122344752192e-15,0.051906959,0.109710458
mattern_cov1,1024,107,0.2662557249929243,0.26625572499292266,1.6653345369377348e-15,0.050465791,0.109539125
mattern_cov1,1024,108,0.26594639064953196,0.2659463906495304,1.5543122344752192e-15,0.050254916,0.109657459
mattern_cov1,1024,109,0.2659051166124164,0.26590511661241484,1.5543122344752192e-15,0.054570875,0.1099475
mattern_cov1,1024,110,0.2662834747961541,0.2662834747961525,1.609823385706477e-15,0.050718709,0.11014475
mattern_cov1,1024,111,0.2660963321823698,0.2660963321823682,1.5543122344752192e-15,0.054302417,0.109314334
mattern_cov1,1024,112,0.26629323648091935,0.26629323648091774,1.609823385706477e-15,0.049577917,0.108861791
mattern_cov1,1024,113,0.26616267542799205,0.26616267542799044,1.609823385706477e-15,0.050189541,0.109833125
mattern_cov1,1024,114,0.26531281937819806,0.26531281937819645,1.609823385706477e-15,0.050566792,0.112698375
mattern_cov1,1024,115,0.2660898955112483,0.2660898955112466,1.6653345369377348e-15,0.048973666,0.110550084
mattern_cov1,1024,116,0.2659000286700211,0.2659000286700195,1.609823385706477e-15,0.052061625,0.109216041
mattern_cov1,1024,117,0.2659887713163334,0.26598877131633186,1.5543122344752192e-15,0.049288459,0.110532583
mattern_cov1,1024,118,0.26650347782867095,0.2665034778286694,1.5543122344752192e-15,0.050336042,0.115139916
mattern_cov1,1024,119,0.2662876809806225,0.2662876809806209,1.609823385706477e-15,0.049584042,0.115264666
mattern_cov1,1024,120,0.26600774813870703,0.2660077481387055,1.5543122344752192e-15,0.051111083,0.109801666
mattern_cov1,1024,121,0.2664344431970865,0.2664344431970849,1.5543122344752192e-15,0.049644791,0.111058667
mattern_cov1,1024,122,0.26619122541173873,0.2661912254117372,1.5543122344752192e-15,0.062329917,0.111082916
mattern_cov1,1024,123,0.2666311305761666,0.266631130576165,1.609823385706477e-15,0.049704583,0.110445042
mattern_cov1,1024,124,0.2661634719529237,0.26616347195292217,1.5543122344752192e-15,0.049271375,0.116393833
mattern_cov1,1024,125,0.26630463969049184,0.2663046396904903,1.5543122344752192e-15,0.050508792,0.110308291
mattern_cov1,1024,126,0.26641335566567786,0.26641335566567625,1.609823385706477e-15,0.051425125,0.109932208
mattern_cov1,1024,127,0.26596006106160747,0.2659600610616058,1.6653345369377348e-15,0.050183875,0.109902041
mattern_cov1,1024,128,0.26615479035508016,0.26615479035507866,1.4988010832439613e-15,0.051052209,0.109407583
mattern_cov1,1024,129,0.26643133425208415,0.2664313342520826,1.5543122344752192e-15,0.04950375,0.110014958
mattern_cov1,1024,130,0.2664421324158765,0.2664421324158749,1.609823385706477e-15,0.049951125,0.108435625
mattern_cov1,1024,131,0.26582809583153005,0.26582809583152844,1.609823385706477e-15,0.050039542,0.109166291
mattern_cov1,1024,132,0.26639203963764924,0.2663920396376476,1.609823385706477e-15,0.051630209,0.11033325
mattern_cov1,1024,133,0.2660573528532133,0.2660573528532118,1.4988010832439613e-15,0.049623875,0.109324167
mattern_cov1,1024,134,0.2663584753638934,0.26635847536389184,1.5543122344752192e-15,0.050810166,0.108378042
mattern_cov1,1024,135,0.2660402397146011,0.2660402397145996,1.4988010832439613e-15,0.050294375,0.110112709
mattern_cov1,1024,136,0.26596412777289563,0.26596412777289413,1.4988010832439613e-15,0.053926625,0.110674875
mattern_cov1,1024,137,0.26611983622902097,0.26611983622901936,1.609823385706477e-15,0.048961792,0.109781333
mattern_cov1,1024,138,0.2661099303372583,0.2661099303372567,1.609823385706477e-15,0.050280333,0.109013625
mattern_cov1,1024,139,0.26602381502258593,0.2660238150225843,1.609823385706477e-15,0.05014975,0.109366792
mattern_cov1,1024,140,0.26681678481528576,0.2668167848152841,1.6653345369377348e-15,0.053729917,0.10991925
mattern_cov1,1024,141,0.265457971651791,0.26545797165178947,1.5543122344752192e-15,0.04963425,0.109282292
mattern_cov1,1024,142,0.2662356816211422,0.26623568162114064,1.5543122344752192e-15,0.05025225,0.108760333
mattern_cov1,1024,143,0.2662717002514124,0.2662717002514109,1.4988010832439613e-15,0.05050225,0.108923834
mattern_cov1,1024,144,0.26614024246050766,0.2661402424605061,1.5543122344752192e-15,0.050657291,0.110401459
mattern_cov1,1024,145,0.26586408208214,0.26586408208213846,1.5543122344752192e-15,0.050120667,0.10995575
mattern_cov1,1024,146,0.26625786396549134,0.2662578639654897,1.609823385706477e-15,0.051032459,0.1087555
mattern_cov1,1024,147,0.2664521301656997,0.26645213016569813,1.5543122344752192e-15,0.051324792,0.111092708
mattern_cov1,1024,148,0.2665385994713043,0.26653859947130276,1.5543122344752192e-15,0.049020083,0.109926041
mattern_cov1,1024,149,0.26642732678361497,0.2664273267836134,1.5543122344752192e-15,0.059400042,0.109828875
mattern_cov1,1024,150,0.26611563040340536,0.26611563040340375,1.609823385706477e-15,0.050688458,0.110967083
mattern_cov1,1024,151,0.26621975790266905,0.26621975790266744,1.609823385706477e-15,0.050928083,0.109414958
mattern_cov1,1024,152,0.26649591704447956,0.26649591704447795,1.609823385706477e-15,0.057031625,0.110179292
mattern_cov1,1024,153,0.2657852504043273,0.2657852504043257,1.609823385706477e-15,0.053294792,0.109695584
mattern_cov1,1024,154,0.2657099335235857,0.26570993352358413,1.5543122344752192e-15,0.049328792,0.109691667
mattern_cov1,1024,155,0.26688142771067286,0.26688142771067125,1.609823385706477e-15,0.050415167,0.109779125
mattern_cov1,1024,156,0.266465719228318,0.2664657192283164,1.609823385706477e-15,0.055773583,0.110661209
mattern_cov1,1024,157,0.26625264085063743,0.26625264085063577,1.6653345369377348e-15,0.050416584,0.110442209
mattern_cov1,1024,158,0.26572194261710397,0.26572194261710236,1.609823385706477e-15,0.04977775,0.109678458
mattern_cov1,1024,159,0.26571663053788697,0.26571663053788536,1.609823385706477e-15,0.050187125,0.109637875
mattern_cov1,1024,160,0.2660121621728742,0.26601216217287266,1.5543122344752192e-15,0.049872584,0.110960083
mattern_cov1,1024,161,0.26667131417384554,0.266671314173844,1.5543122344752192e-15,0.051021625,0.108430166
mattern_cov1,1024,162,0.26579630192434317,0.2657963019243416,1.5543122344752192e-15,0.050784042,0.109925541
mattern_cov1,1024,163,0.2661691292388227,0.26616912923882113,1.5543122344752192e-15,0.049614292,0.110877541
mattern_cov1,1024,164,0.26639946093793737,0.2663994609379358,1.5543122344752192e-15,0.049639458,0.110032292
mattern_cov1,1024,165,0.2664399053459524,0.26643990534595074,1.6653345369377348e-15,0.050314583,0.109605417
mattern_cov1,1024,166,0.26578984356952334,0.2657898435695218,1.5543122344752192e-15,0.050274833,0.109163583
mattern_cov1,1024,167,0.2661119250792539,0.2661119250792523,1.609823385706477e-15,0.04963575,0.1091715
mattern_cov1,1024,168,0.2663369250145064,0.2663369250145048,1.609823385706477e-15,0.049519083,0.110042125
mattern_cov1,1024,169,0.26593240841809423,0.2659324084180927,1.5543122344752192e-15,0.050444167,0.109078916
mattern_cov1,1024,170,0.2657988492450111,0.26579884924500957,1.5543122344752192e-15,0.050037875,0.109297167
mattern_cov1,1024,171,0.2662816559486178,0.26628165594861614,1.6653345369377348e-15,0.051274167,0.111619792
mattern_cov1,1024,172,0.26606195186158826,0.2660619518615867,1.5543122344752192e-15,0.054191833,0.111514041
mattern_cov1,1024,173,0.2665118966077901,0.2665118966077885,1.609823385706477e-15,0.051984125,0.108800541
mattern_cov1,1024,174,0.2655521571704355,0.26555215717043396,1.5543122344752192e-15,0.05003625,0.111208417
mattern_cov1,1024,175,0.2662180369785246,0.2662180369785229,1.6653345369377348e-15,0.051174417,0.109610208
mattern_cov1,1024,176,0.26587262291747676,0.2658726229174752,1.5543122344752192e-15,0.0505075,0.107754667
mattern_cov1,1024,177,0.2662604447830374,0.26626044478303584,1.5543122344752192e-15,0.05070375,0.109774917
mattern_cov1,1024,178,0.26586587994203553,0.2658658799420339,1.609823385706477e-15,0.051542083,0.109990417
mattern_cov1,1024,179,0.2659964276720429,0.26599642767204135,1.5543122344752192e-15,0.049956625,0.110282584
mattern_cov1,1024,180,0.26640408441800095,0.26640408441799934,1.609823385706477e-15,0.049771292,0.1099815
mattern_cov1,1024,181,0.2658484120206262,0.26584841202062465,1.5543122344752192e-15,0.050927625,0.109988042
mattern_cov1,1024,182,0.2662159386666559,0.2662159386666543,1.609823385706477e-15,0.051570667,0.10911275
mattern_cov1,1024,183,0.26596395965977965,0.26596395965977804,1.609823385706477e-15,0.051011916,0.111996125
mattern_cov1,1024,184,0.2663757443679523,0.26637574436795064,1.6653345369377348e-15,0.049824791,0.109283875
mattern_cov1,1024,185,0.26617994583083304,0.26617994583083143,1.609823385706477e-15,0.049123791,0.11071375
mattern_cov1,1024,186,0.26657055446886174,0.2665705544688602,1.5543122344752192e-15,0.04958075,0.111626
mattern_cov1,1024,187,0.2663622697968369,0.26636226979683536,1.5543122344752192e-15,0.048355125,0.108962333
mattern_cov1,1024,188,0.266319217000316,0.2663192170003144,1.609823385706477e-15,0.050503417,0.110639625
mattern_cov1,1024,189,0.2662869267101158,0.26628692671011417,1.609823385706477e-15,0.050264792,0.10954775
mattern_cov1,1024,190,0.2660365997574317,0.2660365997574301,1.609823385706477e-15,0.048228834,0.110171041
mattern_cov1,1024,191,0.26643102936648716,0.26643102936648566,1.4988010832439613e-15,0.048881667,0.109980917
mattern_cov1,1024,192,0.2664441637045731,0.2664441637045714,1.6653345369377348e-15,0.049374291,0.109018417
mattern_cov1,1024,193,0.2658498202371223,0.2658498202371206,1.6653345369377348e-15,0.069912792,0.109912958
mattern_cov1,1024,194,0.2663317596413845,0.2663317596413829,1.609823385706477e-15,0.05049775,0.115295542
mattern_cov1,1024,195,0.2662220476898042,0.2662220476898026,1.5543122344752192e-15,0.050850584,0.111483916
mattern_cov1,1024,196,0.2661034698772023,0.2661034698772006,1.6653345369377348e-15,0.051796459,0.110185875
mattern_cov1,1024,197,0.26616997063747755,0.266169970637476,1.5543122344752192e-15,0.052014583,0.109351625
mattern_cov1,1024,198,0.2661527894232427,0.2661527894232411,1.609823385706477e-15,0.050679375,0.109992875
mattern_cov1,1024,199,0.26605403361914426,0.26605403361914265,1.609823385706477e-15,0.052098042,0.110843416
mattern_cov1,1024,200,0.26635689296485826,0.2663568929648566,1.6653345369377348e-15,0.050148334,0.1085245
mattern_cov1,1024,201,0.26604846591938863,0.26604846591938697,1.6653345369377348e-15,0.050850125,0.108804959
mattern_cov1,1024,202,0.2663981707964908,0.26639817079648925,1.5543122344752192e-15,0.049762542,0.113571708
mattern_cov1,1024,203,0.2665220926914664,0.2665220926914647,1.6653345369377348e-15,0.051231042,0.109072334
mattern_cov1,1024,204,0.2664674130077533,0.26646741300775173,1.5543122344752192e-15,0.049346625,0.110688875
mattern_cov1,1024,205,0.2653985767408258,0.26539857674082423,1.5543122344752192e-15,0.049284209,0.110367791
mattern_cov1,1024,206,0.2663713368022563,0.26637133680225467,1.609823385706477e-15,0.050187083,0.109052667
mattern_cov1,1024,207,0.2658904556882686,0.2658904556882669,1.6653345369377348e-15,0.049932709,0.109261958
mattern_cov1,1024,208,0.2656500888961539,0.26565008889615227,1.609823385706477e-15,0.048646,0.109465459
mattern_cov1,1024,209,0.2660159180209554,0.26601591802095387,1.5543122344752192e-15,0.050149167,0.1094435
mattern_cov1,1024,210,0.26600780159038945,0.2660078015903879,1.5543122344752192e-15,0.051237833,0.110078875
mattern_cov1,1024,211,0.26605348078424634,0.2660534807842449,1.4432899320127035e-15,0.049924583,0.114172917
mattern_cov1,1024,212,0.26627214585519726,0.2662721458551957,1.5543122344752192e-15,0.050983042,0.109983417
mattern_cov1,1024,213,0.2663539740812519,0.2663539740812502,1.6653345369377348e-15,0.050018583,0.107849292
mattern_cov1,1024,214,0.26619171234704603,0.26619171234704436,1.6653345369377348e-15,0.049307042,0.111955666
mattern_cov1,1024,215,0.2662704867033146,0.26627048670331305,1.5543122344752192e-15,0.0488375,0.108763042
mattern_cov1,1024,216,0.26590127722471707,0.2659012772247154,1.6653345369377348e-15,0.050522417,0.116491042
mattern_cov1,1024,217,0.2659724771070838,0.26597247710708233,1.4988010832439613e-15,0.051720833,0.109616708
mattern_cov1,1024,218,0.2660885756904546,0.2660885756904529,1.6653345369377348e-15,0.049562584,0.109974916
mattern_cov1,1024,219,0.26635476790632295,0.26635476790632134,1.609823385706477e-15,0.050444084,0.109016041
mattern_cov1,1024,220,0.26640160275175234,0.2664016027517507,1.6653345369377348e-15,0.0543425,0.109495708
mattern_cov1,1024,221,0.2666782068075154,0.2666782068075138,1.609823385706477e-15,0.050233708,0.113313459
mattern_cov1,1024,222,0.2663810399758049,0.26638103997580337,1.5543122344752192e-15,0.050086625,0.111443042
mattern_cov1,1024,223,0.2657642816678711,0.2657642816678694,1.6653345369377348e-15,0.050264542,0.110249833
mattern_cov1,1024,224,0.26627725891875803,0.2662772589187565,1.5543122344752192e-15,0.049427208,0.110379458
mattern_cov1,1024,225,0.26613456875619307,0.2661345687561914,1.6653345369377348e-15,0.050605458,0.110423042
mattern_cov1,1024,226,0.26636624556634775,0.2663662455663463,1.4432899320127035e-15,0.049741916,0.110552042
mattern_cov1,1024,227,0.2665914491488411,0.26659144914883953,1.5543122344752192e-15,0.050371333,0.109879625
mattern_cov1,1024,228,0.2663861234521781,0.26638612345217655,1.5543122344752192e-15,0.055821875,0.109390542
mattern_cov1,1024,229,0.2661214354125192,0.26612143541251765,1.5543122344752192e-15,0.051511625,0.114012042
mattern_cov1,1024,230,0.26673941477615,0.2667394147761484,1.609823385706477e-15,0.050649833,0.10916725
mattern_cov1,1024,231,0.26633710830067553,0.2663371083006739,1.609823385706477e-15,0.051699875,0.113009292
mattern_cov1,1024,232,0.26616446746927114,0.2661644674692696,1.5543122344752192e-15,0.0510885,0.108833708
mattern_cov1,1024,233,0.2658503134535224,0.2658503134535208,1.609823385706477e-15,0.05109825,0.109879416
mattern_cov1,1024,234,0.26637695713784665,0.266376957137845,1.6653345369377348e-15,0.0515455,0.110468291
mattern_cov1,1024,235,0.26611153492299217,0.26611153492299067,1.4988010832439613e-15,0.050447834,0.109522208
mattern_cov1,1024,236,0.26636931422316634,0.26636931422316473,1.609823385706477e-15,0.051170667,0.109939375
mattern_cov1,1024,237,0.26645605659893734,0.26645605659893573,1.609823385706477e-15,0.04930675,0.110299
mattern_cov1,1024,238,0.26625491077362123,0.2662549107736197,1.5543122344752192e-15,0.050743917,0.110757125
mattern_cov1,1024,239,0.2658983700395036,0.26589837003950195,1.6653345369377348e-15,0.049262333,0.109738917
mattern_cov1,1024,240,0.26669764584295647,0.2666976458429549,1.5543122344752192e-15,0.051287166,0.110031334
mattern_cov1,1024,241,0.2658927866865531,0.2658927866865514,1.6653345369377348e-15,0.050268875,0.110902833
mattern_cov1,1024,242,0.2661183008715024,0.26611830087150073,1.6653345369377348e-15,0.049818,0.108534208
mattern_cov1,1024,243,0.26610705179285415,0.2661070517928526,1.5543122344752192e-15,0.050943375,0.110533709
mattern_cov1,1024,244,0.26597394561583526,0.26597394561583365,1.609823385706477e-15,0.048586625,0.109508667
mattern_cov1,1024,245,0.2662405159461925,0.2662405159461909,1.609823385706477e-15,0.051111625,0.109087208
mattern_cov1,1024,246,0.2660788049500615,0.2660788049500598,1.6653345369377348e-15,0.058465208,0.1095415
mattern_cov1,1024,247,0.2666124348630797,0.2666124348630782,1.4988010832439613e-15,0.0542475,0.109001209
mattern_cov1,1024,248,0.2663515478410092,0.26635154784100756,1.609823385706477e-15,0.052834459,0.110330333
mattern_cov1,1024,249,0.26652751321301404,0.26652751321301243,1.609823385706477e-15,0.048072042,0.107605708
mattern_cov1,1024,250,0.2668263040954732,0.2668263040954717,1.4988010832439613e-15,0.049048209,0.109119167
mattern_cov1,1024,251,0.26645789180139506,0.2664578918013935,1.5543122344752192e-15,0.048704084,0.109809875
mattern_cov1,1024,252,0.2662308108501857,0.2662308108501841,1.609823385706477e-15,0.049707375,0.109621167
mattern_cov1,1024,253,0.26587582520371383,0.2658758252037123,1.5543122344752192e-15,0.0512575,0.108984792
mattern_cov1,1024,254,0.2665908980584774,0.26659089805847574,1.6653345369377348e-15,0.050227042,0.110618083
mattern_cov1,1024,255,0.2662504309026443,0.26625043090264267,1.609823385706477e-15,0.050552792,0.109451333
mattern_cov1,1024,256,0.26611869391912885,0.2661186939191273,1.5543122344752192e-15,0.0507885,0.109953042
mattern_cov1,1024,257,0.2660032759807553,0.26600327598075363,1.6653345369377348e-15,0.0486015,0.109153375
mattern_cov1,1024,258,0.26576263472618133,0.2657626347261798,1.5543122344752192e-15,0.0579005,0.1118125
mattern_cov1,1024,259,0.2666569657653284,0.2666569657653267,1.6653345369377348e-15,0.04975725,0.115498458
mattern_cov1,1024,260,0.2662239231140157,0.26622392311401416,1.5543122344752192e-15,0.050504459,0.112308875
mattern_cov1,1024,261,0.2661838528589263,0.2661838528589247,1.609823385706477e-15,0.049590959,0.109352083
mattern_cov1,1024,262,0.26617508938073553,0.266175089380734,1.5543122344752192e-15,0.052032542,0.110446791
mattern_cov1,1024,263,0.2660867141021896,0.2660867141021879,1.6653345369377348e-15,0.050901583,0.1090885
mattern_cov1,1024,264,0.2660281328837995,0.2660281328837979,1.609823385706477e-15,0.051784125,0.109763208
mattern_cov1,1024,265,0.26664788959892616,0.26664788959892455,1.609823385706477e-15,0.050383625,0.109900916
mattern_cov1,1024,266,0.26606678333076755,0.2660667833307659,1.6653345369377348e-15,0.051362334,0.109073833
mattern_cov1,1024,267,0.2662059283620042,0.2662059283620025,1.6653345369377348e-15,0.05028175,0.11004625
mattern_cov1,1024,268,0.26610748891648806,0.26610748891648645,1.609823385706477e-15,0.051387916,0.1121465
mattern_cov1,1024,269,0.26612182658473715,0.2661218265847356,1.5543122344752192e-15,0.070988125,0.110323542
mattern_cov1,1024,270,0.26633195863145814,0.2663319586314566,1.5543122344752192e-15,0.051004083,0.109831375
mattern_cov1,1024,271,0.2660697041508025,0.26606970415080095,1.5543122344752192e-15,0.050548084,0.109915792
mattern_cov1,1024,272,0.2657986192022271,0.26579861920222564,1.4432899320127035e-15,0.050511125,0.109883333
mattern_cov1,1024,273,0.26596294741837817,0.2659629474183765,1.6653345369377348e-15,0.051449875,0.11023025
mattern_cov1,1024,274,0.2658758501425204,0.26587585014251885,1.5543122344752192e-15,0.051317583,0.11097675
mattern_cov1,1024,275,0.2659576056897269,0.2659576056897253,1.5543122344752192e-15,0.050066958,0.110510042
mattern_cov1,1024,276,0.2657274964895645,0.2657274964895629,1.609823385706477e-15,0.053710083,0.110773792
mattern_cov1,1024,277,0.26660642833003284,0.26660642833003134,1.4988010832439613e-15,0.048365125,0.108691875
mattern_cov1,1024,278,0.2662078690230134,0.2662078690230118,1.609823385706477e-15,0.050502209,0.10929025
mattern_cov1,1024,279,0.26565037052841556,0.26565037052841406,1.4988010832439613e-15,0.051364834,0.110563083
mattern_cov1,1024,280,0.26638282833699284,0.2663828283369913,1.5543122344752192e-15,0.050612458,0.109680833
mattern_cov1,1024,281,0.26586106083321354,0.265861060833212,1.5543122344752192e-15,0.051580167,0.109808667
mattern_cov1,1024,282,0.26666638388542346,0.2666663838854219,1.5543122344752192e-15,0.05083025,0.109637459
mattern_cov1,1024,283,0.26640298248988153,0.26640298248988,1.5543122344752192e-15,0.054162708,0.116156542
mattern_cov1,1024,284,0.2662238073005067,0.26622380730050516,1.5543122344752192e-15,0.049867375,0.110113625
mattern_cov1,1024,285,0.2668766838922738,0.2668766838922722,1.609823385706477e-15,0.059018125,0.109158709
mattern_cov1,1024,286,0.26621189996033207,0.2662118999603304,1.6653345369377348e-15,0.048815459,0.109339708
mattern_cov1,1024,287,0.26637611868022676,0.2663761186802252,1.5543122344752192e-15,0.049935292,0.110322542
mattern_cov1,1024,288,0.26580385878072416,0.2658038587807226,1.5543122344752192e-15,0.048910375,0.110386584
mattern_cov1,1024,289,0.2660708404164216,0.26607084041642004,1.5543122344752192e-15,0.050947208,0.108965041
mattern_cov1,1024,290,0.2661410730004986,0.26614107300049694,1.6653345369377348e-15,0.05012625,0.110029375
mattern_cov1,1024,291,0.26656989646802903,0.2665698964680275,1.5543122344752192e-15,0.050089209,0.109249958
mattern_cov1,1024,292,0.26649752430508095,0.26649752430507934,1.609823385706477e-15,0.049066667,0.109701916
mattern_cov1,1024,293,0.2662281441395727,0.266228144139571,1.6653345369377348e-15,0.049985375,0.114567042
mattern_cov1,1024,294,0.2659355283359837,0.26593552833598205,1.6653345369377348e-15,0.050268209,0.109325541
mattern_cov1,1024,295,0.2659970262119231,0.2659970262119215,1.609823385706477e-15,0.049974417,0.10877875
mattern_cov1,1024,296,0.26594430089883325,0.26594430089883164,1.609823385706477e-15,0.04949525,0.111762792
mattern_cov1,1024,297,0.26628518989991956,0.26628518989991795,1.609823385706477e-15,0.051450708,0.110079792
mattern_cov1,1024,298,0.26635163461619776,0.2663516346161962,1.5543122344752192e-15,0.051010208,0.1100875
mattern_cov1,1024,299,0.2660413766779263,0.26604137667792477,1.5543122344752192e-15,0.050507875,0.109798917
mattern_cov1,1024,300,0.26597074793909,0.2659707479390883,1.6653345369377348e-15,0.054884542,0.109037125
mattern_cov1,1024,301,0.2663804053688863,0.26638040536888474,1.5543122344752192e-15,0.051324541,0.111168833
mattern_cov1,1024,302,0.26594309998898363,0.265943099988982,1.609823385706477e-15,0.049476083,0.1099575
mattern_cov1,1024,303,0.2660886576622301,0.2660886576622286,1.4988010832439613e-15,0.04942925,0.113105375
mattern_cov1,1024,304,0.2663860162081729,0.2663860162081713,1.609823385706477e-15,0.050303958,0.111361375
mattern_cov1,1024,305,0.26625383392017854,0.26625383392017704,1.4988010832439613e-15,0.052565625,0.109635458
mattern_cov1,1024,306,0.2659751890479056,0.26597518904790407,1.5543122344752192e-15,0.049943125,0.109758083
mattern_cov1,1024,307,0.2663309255219677,0.2663309255219662,1.4988010832439613e-15,0.049829458,0.108936917
mattern_cov1,1024,308,0.2665293972166754,0.26652939721667374,1.6653345369377348e-15,0.050832583,0.110300875
mattern_cov1,1024,309,0.266056590999232,0.26605659099923035,1.6653345369377348e-15,0.050599292,0.11015375
mattern_cov1,1024,310,0.26569781717968133,0.26569781717967983,1.4988010832439613e-15,0.050313583,0.108891667
mattern_cov1,1024,311,0.2663669356133838,0.2663669356133822,1.609823385706477e-15,0.05000975,0.110566875
mattern_cov1,1024,312,0.2659551326684623,0.26595513266846077,1.5543122344752192e-15,0.050602958,0.10961375
mattern_cov1,1024,313,0.26620844775104724,0.2662084477510458,1.4432899320127035e-15,0.0505505,0.109262917
mattern_cov1,1024,314,0.2663196034030371,0.2663196034030355,1.609823385706477e-15,0.051188833,0.109048959
mattern_cov1,1024,315,0.2659490968581676,0.265949096858166,1.609823385706477e-15,0.05038725,0.109922917
mattern_cov1,1024,316,0.26627254392569094,0.2662725439256894,1.5543122344752192e-15,0.050193875,0.109547084
mattern_cov1,1024,317,0.2661631144385837,0.26616311443858204,1.6653345369377348e-15,0.049039,0.1135315
mattern_cov1,1024,318,0.26617075326276796,0.26617075326276635,1.609823385706477e-15,0.048235458,0.109098917
mattern_cov1,1024,319,0.26628568613366776,0.26628568613366616,1.609823385706477e-15,0.050264291,0.113129875
mattern_cov1,1024,320,0.2660284671589707,0.2660284671589691,1.609823385706477e-15,0.051726125,0.109287625
mattern_cov1,1024,321,0.26629402867864244,0.26629402867864077,1.6653345369377348e-15,0.048500083,0.110270584
mattern_cov1,1024,322,0.2662162184509017,0.2662162184509003,1.3877787807814457e-15,0.048947875,0.110225667
mattern_cov1,1024,323,0.26586116525043485,0.2658611652504332,1.6653345369377348e-15,0.050291291,0.112081834
mattern_cov1,1024,324,0.2664502073246398,0.26645020732463826,1.5543122344752192e-15,0.050305208,0.109937917
mattern_cov1,1024,325,0.2664814151852,0.26648141518519847,1.5543122344752192e-15,0.053341584,0.110646792
mattern_cov1,1024,326,0.26623629419496153,0.26623629419495987,1.6653345369377348e-15,0.051597917,0.110496625
mattern_cov1,1024,327,0.26617937047827533,0.2661793704782737,1.609823385706477e-15,0.051962583,0.109566041
mattern_cov1,1024,328,0.2666130716649686,0.26661307166496706,1.5543122344752192e-15,0.051441917,0.109370125
mattern_cov1,1024,329,0.2663696877233315,0.2663696877233299,1.609823385706477e-15,0.048594416,0.109360625
mattern_cov1,1024,330,0.2658128976912846,0.26581289769128297,1.609823385706477e-15,0.050453875,0.108963166
mattern_cov1,1024,331,0.2664780012823611,0.26647800128235954,1.5543122344752192e-15,0.049189333,0.108836084
mattern_cov1,1024,332,0.26689432205187497,0.2668943220518733,1.6653345369377348e-15,0.051401541,0.110251334
mattern_cov1,1024,333,0.2660297904290855,0.26602979042908387,1.609823385706477e-15,0.050464833,0.110141625
mattern_cov1,1024,334,0.2662366013682151,0.26623660136821364,1.4432899320127035e-15,0.049144833,0.108646792
mattern_cov1,1024,335,0.2661576830441764,0.2661576830441748,1.609823385706477e-15,0.050965125,0.110152708
mattern_cov1,1024,336,0.26642884684926654,0.266428846849265,1.5543122344752192e-15,0.05134125,0.109454666
mattern_cov1,1024,337,0.2665727072561999,0.26657270725619836,1.5543122344752192e-15,0.048449,0.113175916
mattern_cov1,1024,338,0.26595989648050056,0.265959896480499,1.5543122344752192e-15,0.050868667,0.110569375
mattern_cov1,1024,339,0.2661384855645433,0.26613848556454167,1.609823385706477e-15,0.04845,0.109932375
mattern_cov1,1024,340,0.2661951217477421,0.2661951217477405,1.609823385706477e-15,0.050551,0.110462333
mattern_cov1,1024,341,0.2660389936558904,0.2660389936558889,1.4988010832439613e-15,0.0505285,0.109759042
mattern_cov1,1024,342,0.26639755430515866,0.26639755430515705,1.609823385706477e-15,0.048004083,0.109785708
mattern_cov1,1024,343,0.26627829344389575,0.2662782934438942,1.5543122344752192e-15,0.051281166,0.112515125
mattern_cov1,1024,344,0.2662111951149458,0.26621119511494423,1.5543122344752192e-15,0.050233125,0.109772958
mattern_cov1,1024,345,0.2663199060584917,0.2663199060584901,1.609823385706477e-15,0.051589667,0.109779583
mattern_cov1,1024,346,0.2663212535100588,0.2663212535100572,1.609823385706477e-15,0.050221208,0.108754083
mattern_cov1,1024,347,0.26627986866873826,0.26627986866873665,1.609823385706477e-15,0.049270375,0.109297708
mattern_cov1,1024,348,0.266312900469087,0.26631290046908535,1.6653345369377348e-15,0.048255292,0.109526708
mattern_cov1,1024,349,0.26621131695547334,0.2662113169554718,1.5543122344752192e-15,0.050533708,0.112852792
mattern_cov1,1024,350,0.266004885104441,0.2660048851044395,1.4988010832439613e-15,0.048801834,0.109994833
mattern_cov1,1024,351,0.2658652870906884,0.2658652870906869,1.4988010832439613e-15,0.050613167,0.10855175
mattern_cov1,1024,352,0.26580990348501154,0.26580990348501,1.5543122344752192e-15,0.051119,0.108438625
mattern_cov1,1024,353,0.26647017275143486,0.26647017275143325,1.609823385706477e-15,0.053960583,0.110733958
mattern_cov1,1024,354,0.2666079042808888,0.2666079042808872,1.609823385706477e-15,0.049418875,0.11002725
mattern_cov1,1024,355,0.266163018931672,0.26616301893167044,1.5543122344752192e-15,0.052055042,0.109127791
mattern_cov1,1024,356,0.2659708272472123,0.2659708272472107,1.609823385706477e-15,0.049197334,0.110311459
mattern_cov1,1024,357,0.26610301389672547,0.2661030138967238,1.6653345369377348e-15,0.050468,0.108684709
mattern_cov1,1024,358,0.26548106108687425,0.2654810610868727,1.5543122344752192e-15,0.050757625,0.108650541
mattern_cov1,1024,359,0.26605483162717875,0.2660548316271772,1.5543122344752192e-15,0.051365084,0.108782417
mattern_cov1,1024,360,0.2661590988204358,0.2661590988204342,1.609823385706477e-15,0.054913083,0.109524042
mattern_cov1,1024,361,0.2662772036464068,0.2662772036464052,1.5543122344752192e-15,0.051316209,0.109108959
mattern_cov1,1024,362,0.26605802250460214,0.2660580225046006,1.5543122344752192e-15,0.049922875,0.109416875
mattern_cov1,1024,363,0.26631674167688096,0.2663167416768793,1.6653345369377348e-15,0.04925275,0.109620292
mattern_cov1,1024,364,0.26597097935962216,0.26597097935962033,1.8318679906315083e-15,0.050827209,0.109799416
mattern_cov1,1024,365,0.26562042081673826,0.26562042081673665,1.609823385706477e-15,0.05077025,0.108706916
mattern_cov1,1024,366,0.26644751639746606,0.26644751639746456,1.4988010832439613e-15,0.050330292,0.109352208
mattern_cov1,1024,367,0.2660362134185461,0.2660362134185445,1.609823385706477e-15,0.048599292,0.108869
mattern_cov1,1024,368,0.26626426322284297,0.2662642632228414,1.5543122344752192e-15,0.050721583,0.110440833
mattern_cov1,1024,369,0.26628409724297386,0.2662840972429722,1.6653345369377348e-15,0.0513375,0.109062625
mattern_cov1,1024,370,0.26596064551930415,0.26596064551930265,1.4988010832439613e-15,0.050125333,0.109101333
mattern_cov1,1024,371,0.26645275308976263,0.26645275308976113,1.4988010832439613e-15,0.049237625,0.111419459
mattern_cov1,1024,372,0.2663704150135939,0.2663704150135923,1.5543122344752192e-15,0.05056775,0.110016625
mattern_cov1,1024,373,0.26583082509609923,0.2658308250960977,1.5543122344752192e-15,0.050306833,0.110057625
mattern_cov1,1024,374,0.2663698281875514,0.2663698281875498,1.609823385706477e-15,0.051304708,0.110288292
mattern_cov1,1024,375,0.26633203246891574,0.2663320324689142,1.5543122344752192e-15,0.050654958,0.11001725
mattern_cov1,1024,376,0.26605200641098786,0.26605200641098625,1.609823385706477e-15,0.0528515,0.1103315
mattern_cov1,1024,377,0.26631453601681215,0.26631453601681065,1.4988010832439613e-15,0.050084166,0.109950917
mattern_cov1,1024,378,0.26622336258992424,0.2662233625899226,1.6653345369377348e-15,0.050219667,0.109852291
mattern_cov1,1024,379,0.2659369007888124,0.2659369007888108,1.5543122344752192e-15,0.050471292,0.111796083
mattern_cov1,1024,380,0.2663866347845617,0.2663866347845601,1.609823385706477e-15,0.050067375,0.113036291
mattern_cov1,1024,381,0.2658678989182303,0.26586789891822865,1.6653345369377348e-15,0.052180042,0.109312708
mattern_cov1,1024,382,0.2660658507402345,0.2660658507402329,1.5543122344752192e-15,0.049827541,0.109576042
mattern_cov1,1024,383,0.2660945589623774,0.26609455896237577,1.609823385706477e-15,0.050156833,0.109897333
mattern_cov1,1024,384,0.26637388674158263,0.2663738867415811,1.5543122344752192e-15,0.051258125,0.109001583
mattern_cov1,1024,385,0.26636042070417953,0.26636042070417804,1.4988010832439613e-15,0.050921917,0.109871458
mattern_cov1,1024,386,0.26591626207558355,0.26591626207558194,1.609823385706477e-15,0.050659333,0.110089375
mattern_cov1,1024,387,0.26599123251910656,0.265991232519105,1.5543122344752192e-15,0.051134583,0.109250042
mattern_cov1,1024,388,0.26646307838281735,0.2664630783828159,1.4432899320127035e-15,0.054307583,0.11001175
mattern_cov1,1024,389,0.2657498643589642,0.2657498643589626,1.609823385706477e-15,0.05115525,0.109624791
mattern_cov1,1024,390,0.26642486862862264,0.2664248686286211,1.5543122344752192e-15,0.04946175,0.111286167
mattern_cov1,1024,391,0.2661699088651224,0.26616990886512076,1.609823385706477e-15,0.050687958,0.110123125
mattern_cov1,1024,392,0.2662809760571119,0.26628097605711026,1.609823385706477e-15,0.050142333,0.109159416
mattern_cov1,1024,393,0.2663661508203875,0.26636615082038584,1.6653345369377348e-15,0.050621958,0.109428625
mattern_cov1,1024,394,0.2666945523112583,0.26669455231125677,1.5543122344752192e-15,0.051507792,0.1099385
mattern_cov1,1024,395,0.2661376635115223,0.26613766351152074,1.5543122344752192e-15,0.061029209,0.108214708
mattern_cov1,1024,396,0.26598449617552494,0.26598449617552333,1.609823385706477e-15,0.05012175,0.11018875
mattern_cov1,1024,397,0.2658502820301236,0.265850282030122,1.609823385706477e-15,0.054949667,0.109904708
mattern_cov1,1024,398,0.26606055754011865,0.26606055754011704,1.609823385706477e-15,0.050245209,0.110620958
mattern_cov1,1024,399,0.26627253313000826,0.2662725331300067,1.5543122344752192e-15,0.050153209,0.108976625
mattern_cov1,1024,400,0.26619966961296776,0.26619966961296615,1.609823385706477e-15,0.050783167,0.109062917
mattern_cov1,1024,401,0.26589363089205337,0.2658936308920517,1.6653345369377348e-15,0.054788042,0.110316375
mattern_cov1,1024,402,0.26600190852937766,0.2660019085293761,1.5543122344752192e-15,0.0478335,0.109938417
mattern_cov1,1024,403,0.2661108158182252,0.2661108158182236,1.609823385706477e-15,0.050757917,0.109242958
mattern_cov1,1024,404,0.2665615180102386,0.26656151801023703,1.5543122344752192e-15,0.052202333,0.113504542
mattern_cov1,1024,405,0.26658790310549635,0.2665879031054948,1.5543122344752192e-15,0.050577375,0.109804875
mattern_cov1,1024,406,0.2659699299663044,0.2659699299663028,1.609823385706477e-15,0.051240917,0.10930225
mattern_cov1,1024,407,0.26656429035372836,0.2665642903537268,1.5543122344752192e-15,0.049573625,0.112014166
mattern_cov1,1024,408,0.2661699525928936,0.26616995259289206,1.5543122344752192e-15,0.050234625,0.109772208
mattern_cov1,1024,409,0.26626678463871356,0.266266784638712,1.5543122344752192e-15,0.051886959,0.110021334
mattern_cov1,1024,410,0.26587241693028396,0.26587241693028235,1.609823385706477e-15,0.050726334,0.108758916
mattern_cov1,1024,411,0.26603127662677345,0.2660312766267718,1.6653345369377348e-15,0.051923459,0.110220833
mattern_cov1,1024,412,0.266816283562946,0.26681628356294446,1.5543122344752192e-15,0.049462834,0.109933833
mattern_cov1,1024,413,0.26642765566424753,0.2664276556642459,1.609823385706477e-15,0.051754958,0.109216417
mattern_cov1,1024,414,0.2659580530578343,0.2659580530578327,1.609823385706477e-15,0.050463584,0.115941
mattern_cov1,1024,415,0.2662175279812456,0.266217527981244,1.609823385706477e-15,0.052898125,0.109490833
mattern_cov1,1024,416,0.2657382851327059,0.2657382851327043,1.609823385706477e-15,0.057369542,0.164271916
mattern_cov1,1024,417,0.2665722903310692,0.26657229033106766,1.5543122344752192e-15,0.050016417,0.109854458
mattern_cov1,1024,418,0.266040895592968,0.26604089559296645,1.5543122344752192e-15,0.04962275,0.114149041
mattern_cov1,1024,419,0.2661769495558254,0.2661769495558238,1.5543122344752192e-15,0.050565709,0.108727417
mattern_cov1,1024,420,0.2660515297600173,0.2660515297600157,1.5543122344752192e-15,0.050635291,0.109144125
mattern_cov1,1024,421,0.2660951859670332,0.2660951859670316,1.609823385706477e-15,0.050235625,0.108636375
mattern_cov1,1024,422,0.26635498922838413,0.2663549892283826,1.5543122344752192e-15,0.05025625,0.109616041
mattern_cov1,1024,423,0.2662625300493834,0.2662625300493819,1.4988010832439613e-15,0.051460041,0.1093205
mattern_cov1,1024,424,0.2661731929777738,0.26617319297777214,1.6653345369377348e-15,0.050417042,0.110063666
mattern_cov1,1024,425,0.2665870123603705,0.2665870123603689,1.609823385706477e-15,0.051083792,0.119073791
mattern_cov1,1024,426,0.2660859333866257,0.26608593338662406,1.609823385706477e-15,0.050822125,0.110203291
mattern_cov1,1024,427,0.2663295253891737,0.26632952538917204,1.6653345369377348e-15,0.050581833,0.110157208
mattern_cov1,1024,428,0.266526016772575,0.2665260167725734,1.5543122344752192e-15,0.049187959,0.110082917
mattern_cov1,1024,429,0.26620981865943566,0.2662098186594341,1.5543122344752192e-15,0.049812459,0.109128208
mattern_cov1,1024,430,0.2663372059718142,0.2663372059718126,1.609823385706477e-15,0.051784042,0.10888125
mattern_cov1,1024,431,0.26671277325518555,0.26671277325518394,1.609823385706477e-15,0.050509625,0.109495708
mattern_cov1,1024,432,0.2663878515199862,0.2663878515199845,1.6653345369377348e-15,0.050289542,0.108536209
mattern_cov1,1024,433,0.2662486177106694,0.2662486177106677,1.6653345369377348e-15,0.049299,0.109075583
mattern_cov1,1024,434,0.2661604415735554,0.26616044157355384,1.5543122344752192e-15,0.050126792,0.109479458
mattern_cov1,1024,435,0.26547866718880286,0.2654786671888013,1.5543122344752192e-15,0.049208958,0.110162417
mattern_cov1,1024,436,0.2661225662979568,0.2661225662979553,1.4988010832439613e-15,0.050394042,0.109914666
mattern_cov1,1024,437,0.2667109191131723,0.26671091911317074,1.5543122344752192e-15,0.051475125,0.109875416
mattern_cov1,1024,438,0.2660288892033331,0.26602888920333145,1.6653345369377348e-15,0.05046875,0.110197833
mattern_cov1,1024,439,0.2660556152383087,0.266055615238307,1.6653345369377348e-15,0.052001708,0.119354542
mattern_cov1,1024,440,0.266403277000777,0.2664032770007754,1.609823385706477e-15,0.049138958,0.109524917
mattern_cov1,1024,441,0.2664953147410683,0.2664953147410667,1.609823385706477e-15,0.049411791,0.110044917
mattern_cov1,1024,442,0.2667523422151294,0.26675234221512784,1.5543122344752192e-15,0.060601834,0.109318084
mattern_cov1,1024,443,0.26582897310385534,0.26582897310385384,1.4988010832439613e-15,0.047933875,0.110337667
mattern_cov1,1024,444,0.26674317528745134,0.26674317528744973,1.609823385706477e-15,0.051456709,0.110533333
mattern_cov1,1024,445,0.2656501322508505,0.2656501322508489,1.609823385706477e-15,0.049949125,0.11098475
mattern_cov1,1024,446,0.26603333795202605,0.2660333379520245,1.5543122344752192e-15,0.052308583,0.110449
mattern_cov1,1024,447,0.26631251997016736,0.26631251997016575,1.609823385706477e-15,0.050557375,0.10866575
mattern_cov1,1024,448,0.2662173254724052,0.2662173254724037,1.4988010832439613e-15,0.051998167,0.110590792
mattern_cov1,1024,449,0.2661863467527691,0.2661863467527675,1.609823385706477e-15,0.05041125,0.109661333
mattern_cov1,1024,450,0.26633738396651646,0.2663373839665149,1.5543122344752192e-15,0.050141458,0.108547042
mattern_cov1,1024,451,0.26589991227074744,0.2658999122707458,1.6653345369377348e-15,0.0508115,0.11062875
mattern_cov1,1024,452,0.26623506292139454,0.2662350629213928,1.7208456881689926e-15,0.050213667,0.109725542
mattern_cov1,1024,453,0.26612940591246176,0.2661294059124601,1.6653345369377348e-15,0.05004475,0.110213834
mattern_cov1,1024,454,0.2666548099973741,0.26665480999737246,1.6653345369377348e-15,0.049421167,0.110163542
mattern_cov1,1024,455,0.2664344664671043,0.26643446646710267,1.609823385706477e-15,0.050187292,0.10946075
mattern_cov1,1024,456,0.2664409006570023,0.26644090065700077,1.5543122344752192e-15,0.050311166,0.109516459
mattern_cov1,1024,457,0.26612203647164717,0.2661220364716456,1.5543122344752192e-15,0.046993208,0.1107605
mattern_cov1,1024,458,0.2662111228506355,0.2662111228506338,1.6653345369377348e-15,0.052921292,0.109335291
mattern_cov1,1024,459,0.2664539017780973,0.2664539017780957,1.609823385706477e-15,0.050833042,0.109844666
mattern_cov1,1024,460,0.26605657460632054,0.26605657460631893,1.609823385706477e-15,0.050057459,0.110398917
mattern_cov1,1024,461,0.265929889853122,0.26592988985312044,1.5543122344752192e-15,0.05527125,0.109747042
mattern_cov1,1024,462,0.2661393817049022,0.26613938170490065,1.5543122344752192e-15,0.05157975,0.110159542
mattern_cov1,1024,463,0.26677716676505225,0.2667771667650507,1.5543122344752192e-15,0.050602,0.110030917
mattern_cov1,1024,464,0.26596041899777917,0.2659604189977775,1.6653345369377348e-15,0.051906916,0.109752334
mattern_cov1,1024,465,0.266106452122519,0.2661064521225174,1.609823385706477e-15,0.049621166,0.109902417
mattern_cov1,1024,466,0.26629769566946077,0.2662976956694592,1.5543122344752192e-15,0.049196209,0.10905975
mattern_cov1,1024,467,0.2661065538629492,0.26610655386294757,1.609823385706477e-15,0.049352292,0.1160445
mattern_cov1,1024,468,0.26561918271819657,0.265619182718195,1.5543122344752192e-15,0.050533917,0.109733709
mattern_cov1,1024,469,0.2660925554746444,0.2660925554746428,1.609823385706477e-15,0.050203875,0.109419542
mattern_cov1,1024,470,0.2661960049944608,0.2661960049944592,1.5543122344752192e-15,0.050733041,0.109521542
mattern_cov1,1024,471,0.2661401711326599,0.2661401711326583,1.609823385706477e-15,0.050696917,0.109256583
mattern_cov1,1024,472,0.26621371933035615,0.26621371933035454,1.609823385706477e-15,0.051948458,0.110240833
mattern_cov1,1024,473,0.2664281916984316,0.26642819169843,1.609823385706477e-15,0.051079083,0.109516334
mattern_cov1,1024,474,0.26655792278615026,0.2665579227861486,1.6653345369377348e-15,0.049375,0.109832875
mattern_cov1,1024,475,0.26636273402145677,0.26636273402145516,1.609823385706477e-15,0.049762,0.110073333
mattern_cov1,1024,476,0.2660447438736067,0.26604474387360516,1.5543122344752192e-15,0.051689584,0.110606
mattern_cov1,1024,477,0.266035842228466,0.2660358422284645,1.4988010832439613e-15,0.051427667,0.109645
mattern_cov1,1024,478,0.2666232989980206,0.26662329899801906,1.5543122344752192e-15,0.049416583,0.109963875
mattern_cov1,1024,479,0.26625181833387607,0.26625181833387446,1.609823385706477e-15,0.051135958,0.109486875
mattern_cov1,1024,480,0.26646361256147383,0.26646361256147233,1.4988010832439613e-15,0.050536792,0.109786959
mattern_cov1,1024,481,0.26625894695250285,0.26625894695250124,1.609823385706477e-15,0.050263375,0.109416541
mattern_cov1,1024,482,0.2661651758795305,0.26616517587952887,1.609823385706477e-15,0.0507805,0.109929291
mattern_cov1,1024,483,0.26632032085372853,0.26632032085372687,1.6653345369377348e-15,0.052203625,0.109449209
mattern_cov1,1024,484,0.2663631412386321,0.2663631412386305,1.609823385706477e-15,0.051615959,0.109685041
mattern_cov1,1024,485,0.26644973802959104,0.26644973802958943,1.609823385706477e-15,0.049564917,0.10925075
mattern_cov1,1024,486,0.26583503316687357,0.26583503316687196,1.609823385706477e-15,0.051434459,0.1101055
mattern_cov1,1024,487,0.2658359985068828,0.26583599850688105,1.7208456881689926e-15,0.051084792,0.110234916
mattern_cov1,1024,488,0.2662801771265593,0.26628017712655777,1.5543122344752192e-15,0.0487255,0.109150208
mattern_cov1,1024,489,0.26625303066201655,0.26625303066201494,1.609823385706477e-15,0.048485708,0.109542042
mattern_cov1,1024,490,0.2662067940531521,0.2662067940531505,1.609823385706477e-15,0.050471917,0.109104666
mattern_cov1,1024,491,0.2659566648622016,0.26595666486220004,1.5543122344752192e-15,0.049886667,0.109913791
mattern_cov1,1024,492,0.26658607700514775,0.2665860770051462,1.5543122344752192e-15,0.049813333,0.109976208
mattern_cov1,1024,493,0.2659712421314224,0.2659712421314208,1.609823385706477e-15,0.051205875,0.110830417
mattern_cov1,1024,494,0.2653547051275478,0.26535470512754616,1.609823385706477e-15,0.0520295,0.110721458
mattern_cov1,1024,495,0.26617049596916137,0.2661704959691597,1.6653345369377348e-15,0.052601292,0.109807167
mattern_cov1,1024,496,0.2661184900646682,0.26611849006466665,1.5543122344752192e-15,0.050818417,0.10984575
mattern_cov1,1024,497,0.2663529841837469,0.26635298418374526,1.6653345369377348e-15,0.050621542,0.109655958
mattern_cov1,1024,498,0.2657274440816773,0.26572744408167565,1.6653345369377348e-15,0.050846875,0.109485208
mattern_cov1,1024,499,0.2658368223781585,0.2658368223781569,1.5543122344752192e-15,0.052736625,0.113119375
mattern_cov1,1024,500,0.26660699132632565,0.26660699132632404,1.609823385706477e-15,0.049937125,0.109526875
mattern_cov1,1024,501,0.26607255410539493,0.2660725541053932,1.7208456881689926e-15,0.051084125,0.109291625
mattern_cov1,1024,502,0.26601167531007686,0.26601167531007536,1.4988010832439613e-15,0.050326791,0.111009209
mattern_cov1,1024,503,0.2660210301404177,0.2660210301404161,1.609823385706477e-15,0.05141375,0.110223875
mattern_cov1,1024,504,0.2661103886917709,0.26611038869176934,1.5543122344752192e-15,0.050074042,0.110804667
mattern_cov1,1024,505,0.26653021845591757,0.26653021845591596,1.609823385706477e-15,0.049994292,0.112192583
mattern_cov1,1024,506,0.26622587049955676,0.2662258704995551,1.6653345369377348e-15,0.052654709,0.109965083
mattern_cov1,1024,507,0.26652818363123915,0.2665281836312376,1.5543122344752192e-15,0.052027666,0.108873
mattern_cov1,1024,508,0.2660591454331531,0.2660591454331515,1.609823385706477e-15,0.0496905,0.109547833
mattern_cov1,1024,509,0.26664501779316546,0.2666450177931639,1.5543122344752192e-15,0.050134459,0.11048125
mattern_cov1,1024,510,0.26615627589749197,0.26615627589749036,1.609823385706477e-15,0.051229792,0.110146333
mattern_cov1,1024,511,0.2665860060413335,0.2665860060413319,1.5543122344752192e-15,0.051013583,0.111035125
mattern_cov1,1024,512,0.2660156624144125,0.26601566241441094,1.5543122344752192e-15,0.0503865,0.109455292
mattern_cov1,1024,513,0.26663174919658605,0.26663174919658444,1.609823385706477e-15,0.052327,0.109046291
mattern_cov1,1024,514,0.2660928868072224,0.2660928868072208,1.5543122344752192e-15,0.049511166,0.1098215
mattern_cov1,1024,515,0.2659203378583976,0.2659203378583959,1.6653345369377348e-15,0.049810333,0.109563125
mattern_cov1,1024,516,0.26597353573828086,0.2659735357382793,1.5543122344752192e-15,0.049592958,0.110536041
mattern_cov1,1024,517,0.2663116577677309,0.2663116577677293,1.609823385706477e-15,0.049846375,0.108770417
mattern_cov1,1024,518,0.26590018402763754,0.265900184027636,1.5543122344752192e-15,0.051302042,0.108933625
mattern_cov1,1024,519,0.2664038925859296,0.26640389258592817,1.4432899320127035e-15,0.053881583,0.111885041
mattern_cov1,1024,520,0.26625385311569727,0.2662538531156957,1.5543122344752192e-15,0.049038541,0.110147209
mattern_cov1,1024,521,0.2661515143582436,0.26615151435824197,1.609823385706477e-15,0.051541291,0.109689292
mattern_cov1,1024,522,0.26607795424060593,0.2660779542406043,1.609823385706477e-15,0.050527042,0.10944925
mattern_cov1,1024,523,0.2661711937600451,0.26617119376004356,1.5543122344752192e-15,0.050152666,0.110119084
mattern_cov1,1024,524,0.26649016371446527,0.26649016371446366,1.609823385706477e-15,0.050487542,0.109754666
mattern_cov1,1024,525,0.2663697723098443,0.26636977230984277,1.5543122344752192e-15,0.049943583,0.11051275
mattern_cov1,1024,526,0.265891000248734,0.2658910002487324,1.609823385706477e-15,0.052373958,0.1094535
mattern_cov1,1024,527,0.26662780590038326,0.26662780590038165,1.609823385706477e-15,0.052336542,0.109723791
mattern_cov1,1024,528,0.2662060533037947,0.26620605330379316,1.5543122344752192e-15,0.050654875,0.109056667
mattern_cov1,1024,529,0.2659972675273778,0.26599726752737624,1.5543122344752192e-15,0.051158333,0.109517625
mattern_cov1,1024,530,0.2663091030156885,0.266309103015687,1.4988010832439613e-15,0.05041025,0.109659791
mattern_cov1,1024,531,0.2661635103589921,0.2661635103589905,1.609823385706477e-15,0.050909291,0.109033209
mattern_cov1,1024,532,0.26622680881421373,0.2662268088142122,1.5543122344752192e-15,0.05116475,0.108493417
mattern_cov1,1024,533,0.2664906072098761,0.26649060720987455,1.5543122344752192e-15,0.050745708,0.109951084
mattern_cov1,1024,534,0.2662118899565182,0.2662118899565166,1.5543122344752192e-15,0.051015,0.109678375
mattern_cov1,1024,535,0.266088238399798,0.2660882383997964,1.609823385706477e-15,0.051099875,0.109886667
mattern_cov1,1024,536,0.2657707519539146,0.2657707519539131,1.4988010832439613e-15,0.052392125,0.131122583
mattern_cov1,1024,537,0.2662165599759424,0.2662165599759408,1.609823385706477e-15,0.051384292,0.110431792
mattern_cov1,1024,538,0.2659420772066387,0.26594207720663715,1.5543122344752192e-15,0.04942225,0.109071667
mattern_cov1,1024,539,0.2664186077974332,0.2664186077974316,1.609823385706477e-15,0.050891875,0.110007709
mattern_cov1,1024,540,0.2654489990903993,0.2654489990903978,1.4988010832439613e-15,0.051005042,0.109194375
mattern_cov1,1024,541,0.2661474031221903,0.2661474031221888,1.4988010832439613e-15,0.05080825,0.109718875
mattern_cov1,1024,542,0.2660052899496183,0.26600528994961664,1.6653345369377348e-15,0.04943375,0.109399125
mattern_cov1,1024,543,0.2658345136224661,0.2658345136224645,1.5543122344752192e-15,0.055318666,0.11032625
mattern_cov1,1024,544,0.26618679952723084,0.2661867995272293,1.5543122344752192e-15,0.050573334,0.109385459
mattern_cov1,1024,545,0.2663460234065316,0.26634602340652996,1.609823385706477e-15,0.050617834,0.109471625
mattern_cov1,1024,546,0.2659706162210301,0.2659706162210285,1.5543122344752192e-15,0.04987425,0.110271875
mattern_cov1,1024,547,0.2661411169663797,0.26614111696637816,1.5543122344752192e-15,0.051306584,0.109022541
mattern_cov1,1024,548,0.26621024655866116,0.2662102465586596,1.5543122344752192e-15,0.0524335,0.10957175
mattern_cov1,1024,549,0.2664324473903239,0.26643244739032235,1.5543122344752192e-15,0.049668542,0.110109458
mattern_cov1,1024,550,0.2662341335509249,0.26623413355092335,1.5543122344752192e-15,0.050237708,0.110732667
mattern_cov1,1024,551,0.26649277785495223,0.2664927778549506,1.609823385706477e-15,0.049156834,0.108242916
mattern_cov1,1024,552,0.2658370351101403,0.26583703511013873,1.5543122344752192e-15,0.0502965,0.109552875
mattern_cov1,1024,553,0.2663205795928399,0.2663205795928382,1.6653345369377348e-15,0.059990625,0.10861025
mattern_cov1,1024,554,0.26590328471006147,0.26590328471005986,1.609823385706477e-15,0.049203,0.109748958
mattern_cov1,1024,555,0.26623885121274643,0.26623885121274476,1.6653345369377348e-15,0.050661042,0.1096055
mattern_cov1,1024,556,0.2667448518272953,0.2667448518272938,1.4988010832439613e-15,0.050928209,0.109132875
mattern_cov1,1024,557,0.2661785437097524,0.2661785437097508,1.609823385706477e-15,0.0502495,0.1090685
mattern_cov1,1024,558,0.2660979507261185,0.2660979507261169,1.609823385706477e-15,0.049657917,0.109686792
mattern_cov1,1024,559,0.2660055373322516,0.26600553733225,1.5543122344752192e-15,0.050229583,0.1092035
mattern_cov1,1024,560,0.26646285616629256,0.266462856166291,1.5543122344752192e-15,0.050548,0.10918225
mattern_cov1,1024,561,0.2663380714596517,0.26633807145965016,1.5543122344752192e-15,0.049442833,0.109544209
mattern_cov1,1024,562,0.2663366072534036,0.26633660725340186,1.7208456881689926e-15,0.050015458,0.119355667
mattern_cov1,1024,563,0.26605426546966765,0.2660542654696661,1.5543122344752192e-15,0.049249917,0.109018875
mattern_cov1,1024,564,0.26677618977472367,0.2667761897747221,1.5543122344752192e-15,0.048920125,0.10964425
mattern_cov1,1024,565,0.2661022391217905,0.26610223912178893,1.5543122344752192e-15,0.051078916,0.1099435
mattern_cov1,1024,566,0.26657356386107645,0.26657356386107484,1.609823385706477e-15,0.050207708,0.109790875
mattern_cov1,1024,567,0.26606448262466886,0.26606448262466725,1.609823385706477e-15,0.049043375,0.110737166
mattern_cov1,1024,568,0.265994050863484,0.2659940508634823,1.6653345369377348e-15,0.0519265,0.109224708
mattern_cov1,1024,569,0.266425996819321,0.26642599681931944,1.5543122344752192e-15,0.049059625,0.10983525
mattern_cov1,1024,570,0.2663384882699927,0.26633848826999107,1.609823385706477e-15,0.053478541,0.110245667
mattern_cov1,1024,571,0.26616983511624703,0.2661698351162454,1.609823385706477e-15,0.050823292,0.111209042
mattern_cov1,1024,572,0.2666509740450448,0.2666509740450432,1.609823385706477e-15,0.050109292,0.108782916
mattern_cov1,1024,573,0.2662935603113845,0.2662935603113828,1.7208456881689926e-15,0.048676541,0.10967825
mattern_cov1,1024,574,0.26617639184342384,0.2661763918434223,1.5543122344752192e-15,0.049346,0.109100917
mattern_cov1,1024,575,0.2662820667858789,0.2662820667858773,1.609823385706477e-15,0.049212625,0.110139125
mattern_cov1,1024,576,0.26572218155329874,0.26572218155329724,1.4988010832439613e-15,0.052346875,0.1101515
mattern_cov1,1024,577,0.265866338161183,0.2658663381611814,1.609823385706477e-15,0.050776084,0.109397875
mattern_cov1,1024,578,0.26577045526433196,0.26577045526433035,1.609823385706477e-15,0.049055167,0.110128666
mattern_cov1,1024,579,0.266247757808553,0.2662477578085514,1.5543122344752192e-15,0.050897792,0.109095583
mattern_cov1,1024,580,0.2661193764770143,0.2661193764770128,1.4988010832439613e-15,0.050133625,0.109846625
mattern_cov1,1024,581,0.26652943262711454,0.266529432627113,1.5543122344752192e-15,0.051350958,0.109534292
mattern_cov1,1024,582,0.2661659869798695,0.266165986979868,1.4988010832439613e-15,0.049264917,0.109483167
mattern_cov1,1024,583,0.26642288513585605,0.26642288513585444,1.609823385706477e-15,0.051165042,0.109717625
mattern_cov1,1024,584,0.26601684733241315,0.26601684733241154,1.609823385706477e-15,0.048448042,0.1137015
mattern_cov1,1024,585,0.2664458152243764,0.26644581522437477,1.609823385706477e-15,0.059965875,0.114792916
mattern_cov1,1024,586,0.2662742159062151,0.2662742159062135,1.609823385706477e-15,0.048028625,0.109686458
mattern_cov1,1024,587,0.26586735264882727,0.2658673526488257,1.5543122344752192e-15,0.053178291,0.109579417
mattern_cov1,1024,588,0.2660294577592428,0.26602945775924114,1.6653345369377348e-15,0.050922667,0.108921292
mattern_cov1,1024,589,0.26634163434882224,0.26634163434882063,1.609823385706477e-15,0.051366334,0.108736
mattern_cov1,1024,590,0.2658064201533848,0.2658064201533833,1.4988010832439613e-15,0.049333542,0.110413958
mattern_cov1,1024,591,0.26628624451042965,0.2662862445104281,1.5543122344752192e-15,0.051463291,0.109629459
mattern_cov1,1024,592,0.26609069254669165,0.2660906925466902,1.4432899320127035e-15,0.049891792,0.110259208
mattern_cov1,1024,593,0.2661611578200381,0.2661611578200365,1.5543122344752192e-15,0.050569625,0.113484917
mattern_cov1,1024,594,0.26635638587253024,0.2663563858725286,1.6653345369377348e-15,0.050679167,0.109242583
mattern_cov1,1024,595,0.26591289844539306,0.2659128984453914,1.6653345369377348e-15,0.048866792,0.109059375
mattern_cov1,1024,596,0.266421843185799,0.2664218431857973,1.6653345369377348e-15,0.0510445,0.108754375
mattern_cov1,1024,597,0.2663068557081298,0.26630685570812823,1.5543122344752192e-15,0.050333875,0.109207375
mattern_cov1,1024,598,0.26614598109784654,0.26614598109784493,1.609823385706477e-15,0.0500985,0.111360416
mattern_cov1,1024,599,0.2661901725726934,0.26619017257269184,1.5543122344752192e-15,0.047334875,0.11099225
mattern_cov1,1024,600,0.26568569250628626,0.26568569250628477,1.4988010832439613e-15,0.049312583,0.109340875
mattern_cov1,1024,601,0.26625686631303175,0.2662568663130302,1.5543122344752192e-15,0.050254709,0.108754125
mattern_cov1,1024,602,0.2661270947918408,0.2661270947918392,1.609823385706477e-15,0.050301083,0.109048417
mattern_cov1,1024,603,0.2663796235145342,0.26637962351453254,1.6653345369377348e-15,0.048771791,0.1091325
mattern_cov1,1024,604,0.26592797960876985,0.26592797960876824,1.609823385706477e-15,0.050698916,0.109274458
mattern_cov1,1024,605,0.26575403616699456,0.26575403616699295,1.609823385706477e-15,0.051169125,0.110053583
mattern_cov1,1024,606,0.26655870647753704,0.2665587064775354,1.6653345369377348e-15,0.048690459,0.109366666
mattern_cov1,1024,607,0.26632759293610636,0.2663275929361048,1.5543122344752192e-15,0.0498205,0.109177875
mattern_cov1,1024,608,0.2654736836401939,0.2654736836401923,1.609823385706477e-15,0.053004958,0.108522334
mattern_cov1,1024,609,0.26646658026820663,0.26646658026820497,1.6653345369377348e-15,0.050661875,0.108827791
mattern_cov1,1024,610,0.2664048421494624,0.2664048421494609,1.4988010832439613e-15,0.049519542,0.108057792
mattern_cov1,1024,611,0.26643472937468476,0.2664347293746832,1.5543122344752192e-15,0.05111975,0.108322167
mattern_cov1,1024,612,0.2664682164476044,0.2664682164476029,1.4988010832439613e-15,0.051059458,0.108753959
mattern_cov1,1024,613,0.2659165280459269,0.2659165280459253,1.609823385706477e-15,0.049508792,0.109627958
mattern_cov1,1024,614,0.26578782011757746,0.2657878201175759,1.5543122344752192e-15,0.051438625,0.109944208
mattern_cov1,1024,615,0.26619927882780003,0.26619927882779854,1.4988010832439613e-15,0.050183541,0.110913292
mattern_cov1,1024,616,0.26632624089859974,0.2663262408985981,1.6653345369377348e-15,0.05083,0.110233791
mattern_cov1,1024,617,0.26717093258006225,0.2671709325800607,1.5543122344752192e-15,0.048376917,0.109477208
mattern_cov1,1024,618,0.26557572346342867,0.265575723463427,1.6653345369377348e-15,0.049572709,0.10908125
mattern_cov1,1024,619,0.26586316877268684,0.26586316877268523,1.609823385706477e-15,0.050293458,0.11053
mattern_cov1,1024,620,0.2660301401859754,0.2660301401859738,1.5543122344752192e-15,0.050142125,0.108850167
mattern_cov1,1024,621,0.2661778386711058,0.2661778386711042,1.5543122344752192e-15,0.049706458,0.108483666
mattern_cov1,1024,622,0.2660895910746367,0.2660895910746351,1.609823385706477e-15,0.048880958,0.110113417
mattern_cov1,1024,623,0.26653072845651193,0.2665307284565103,1.609823385706477e-15,0.049584375,0.109296541
mattern_cov1,1024,624,0.26633725903782307,0.2663372590378215,1.5543122344752192e-15,0.049455292,0.1115565
mattern_cov1,1024,625,0.2662926651491197,0.2662926651491181,1.609823385706477e-15,0.048474709,0.110424375
mattern_cov1,1024,626,0.26622844958126196,0.2662284495812603,1.6653345369377348e-15,0.05054,0.115264292
mattern_cov1,1024,627,0.2662444282794512,0.26624442827944966,1.5543122344752192e-15,0.050227791,0.110588667
mattern_cov1,1024,628,0.26558405386536105,0.26558405386535944,1.609823385706477e-15,0.051141167,0.109502459
mattern_cov1,1024,629,0.26605046979572494,0.26605046979572333,1.609823385706477e-15,0.050611208,0.109329208
mattern_cov1,1024,630,0.2661182515487511,0.2661182515487495,1.5543122344752192e-15,0.052476959,0.108670083
mattern_cov1,1024,631,0.26579965790534543,0.2657996579053438,1.609823385706477e-15,0.050837167,0.109524291
mattern_cov1,1024,632,0.26604704018812736,0.2660470401881258,1.5543122344752192e-15,0.051324334,0.109621334
mattern_cov1,1024,633,0.26591171536490016,0.2659117153648985,1.6653345369377348e-15,0.049411042,0.110270208
mattern_cov1,1024,634,0.2663197313416224,0.26631973134162085,1.5543122344752192e-15,0.051709,0.109289209
mattern_cov1,1024,635,0.2660700846265343,0.26607008462653264,1.6653345369377348e-15,0.047690209,0.109538916
mattern_cov1,1024,636,0.26592523349530023,0.2659252334952986,1.609823385706477e-15,0.0538095,0.109545167
mattern_cov1,1024,637,0.2664218335272284,0.26642183352722687,1.5543122344752192e-15,0.049142833,0.109234417
mattern_cov1,1024,638,0.26599481467348457,0.265994814673483,1.5543122344752192e-15,0.051031625,0.10985975
mattern_cov1,1024,639,0.26614760621811007,0.26614760621810857,1.4988010832439613e-15,0.048429125,0.109449083
mattern_cov1,1024,640,0.26621957418227454,0.2662195741822729,1.6653345369377348e-15,0.053066958,0.109690708
mattern_cov1,1024,641,0.26541018473431344,0.26541018473431194,1.4988010832439613e-15,0.056352708,0.109402042
mattern_cov1,1024,642,0.266381102750961,0.26638110275095944,1.5543122344752192e-15,0.051151583,0.111944
mattern_cov1,1024,643,0.26592379950500505,0.2659237995050034,1.6653345369377348e-15,0.049610375,0.10925575
mattern_cov1,1024,644,0.26626140804663834,0.26626140804663667,1.6653345369377348e-15,0.049066834,0.10978475
mattern_cov1,1024,645,0.26601407546968014,0.26601407546967865,1.4988010832439613e-15,0.05061775,0.109240625
mattern_cov1,1024,646,0.2659966438383864,0.2659966438383849,1.4988010832439613e-15,0.049461208,0.10933975
mattern_cov1,1024,647,0.2662288958767689,0.26622889587676735,1.5543122344752192e-15,0.04859175,0.109829
mattern_cov1,1024,648,0.26553068147884795,0.26553068147884634,1.609823385706477e-15,0.052163625,0.109463458
mattern_cov1,1024,649,0.2665168475269517,0.2665168475269502,1.4988010832439613e-15,0.04865175,0.112088916
mattern_cov1,1024,650,0.26630074145545585,0.2663007414554543,1.5543122344752192e-15,0.047454333,0.109528791
mattern_cov1,1024,651,0.2661556816999409,0.26615568169993925,1.6653345369377348e-15,0.051799875,0.109837583
mattern_cov1,1024,652,0.26628835970452097,0.2662883597045194,1.5543122344752192e-15,0.05100675,0.111644625
mattern_cov1,1024,653,0.2659311625338953,0.26593116253389365,1.6653345369377348e-15,0.050954708,0.110212917
mattern_cov1,1024,654,0.2660556469290692,0.2660556469290675,1.6653345369377348e-15,0.052232625,0.108716625
mattern_cov1,1024,655,0.2661175231946236,0.26611752319462206,1.5543122344752192e-15,0.0492745,0.109226667
mattern_cov1,1024,656,0.26624933939410306,0.26624933939410145,1.609823385706477e-15,0.05095075,0.109453708
mattern_cov1,1024,657,0.2659163397620375,0.26591633976203594,1.5543122344752192e-15,0.050276417,0.109541542
mattern_cov1,1024,658,0.26595256553836427,0.2659525655383627,1.5543122344752192e-15,0.048258,0.109498792
mattern_cov1,1024,659,0.26601129638666443,0.2660112963866629,1.5543122344752192e-15,0.050923791,0.1134735
mattern_cov1,1024,660,0.266099674862738,0.2660996748627364,1.609823385706477e-15,0.050527625,0.110170125
mattern_cov1,1024,661,0.2661634547020958,0.2661634547020942,1.609823385706477e-15,0.051682167,0.108947208
mattern_cov1,1024,662,0.2656315541352618,0.26563155413526024,1.5543122344752192e-15,0.050008708,0.108895875
mattern_cov1,1024,663,0.2664266757692133,0.26642667576921175,1.5543122344752192e-15,0.050643792,0.10869225
mattern_cov1,1024,664,0.2665576097496723,0.2665576097496708,1.4988010832439613e-15,0.046806,0.108056125
mattern_cov1,1024,665,0.2661732556265641,0.2661732556265625,1.5543122344752192e-15,0.051548334,0.109394458
mattern_cov1,1024,666,0.2663170114979097,0.26631701149790815,1.5543122344752192e-15,0.051003875,0.109091208
mattern_cov1,1024,667,0.26631439552968766,0.2663143955296861,1.5543122344752192e-15,0.050708833,0.108413084
mattern_cov1,1024,668,0.26651257920693516,0.26651257920693355,1.609823385706477e-15,0.050954125,0.109453625
mattern_cov1,1024,669,0.2660845585326391,0.2660845585326375,1.609823385706477e-15,0.049616875,0.109665292
mattern_cov1,1024,670,0.2661233103297528,0.26612331032975123,1.5543122344752192e-15,0.0511385,0.109459292
mattern_cov1,1024,671,0.2659260402513748,0.26592604025137323,1.5543122344752192e-15,0.049718917,0.109417583
mattern_cov1,1024,672,0.2668291468003115,0.26682914680030984,1.6653345369377348e-15,0.049683583,0.111997
mattern_cov1,1024,673,0.26605924754960103,0.2660592475495994,1.609823385706477e-15,0.048447666,0.10991175
mattern_cov1,1024,674,0.26604579560958674,0.2660457956095851,1.6653345369377348e-15,0.050033375,0.109451542
mattern_cov1,1024,675,0.26595298476246687,0.2659529847624653,1.5543122344752192e-15,0.052860334,0.111442875
mattern_cov1,1024,676,0.26628287850657,0.26628287850656845,1.5543122344752192e-15,0.05110225,0.109140041
mattern_cov1,1024,677,0.26604378171858883,0.2660437817185873,1.5543122344752192e-15,0.0506685,0.110035209
mattern_cov1,1024,678,0.2661454454678511,0.2661454454678495,1.609823385706477e-15,0.050204334,0.10941875
mattern_cov1,1024,679,0.2660468912594553,0.26604689125945374,1.5543122344752192e-15,0.054240833,0.109734334
mattern_cov1,1024,680,0.2661370019769094,0.26613700197690776,1.6653345369377348e-15,0.049342083,0.109901458
mattern_cov1,1024,681,0.2663080491840226,0.2663080491840211,1.4988010832439613e-15,0.060238625,0.109945875
mattern_cov1,1024,682,0.2656624048166637,0.2656624048166621,1.609823385706477e-15,0.050966625,0.108788958
mattern_cov1,1024,683,0.2657455980131072,0.26574559801310554,1.6653345369377348e-15,0.050758625,0.110097625
mattern_cov1,1024,684,0.2663337147655274,0.26633371476552586,1.5543122344752192e-15,0.049816875,0.110046042
mattern_cov1,1024,685,0.26633307548467955,0.26633307548467805,1.4988010832439613e-15,0.051365292,0.111654709
mattern_cov1,1024,686,0.2658472002049778,0.26584720020497615,1.6653345369377348e-15,0.054752,0.110026417
mattern_cov1,1024,687,0.2660101715145373,0.2660101715145357,1.609823385706477e-15,0.050188209,0.109693125
mattern_cov1,1024,688,0.26584666774590165,0.2658466677459,1.6653345369377348e-15,0.0495225,0.116395542
mattern_cov1,1024,689,0.26636393410916925,0.26636393410916764,1.609823385706477e-15,0.051667666,0.11053975
mattern_cov1,1024,690,0.26615862836069887,0.2661586283606972,1.6653345369377348e-15,0.050986834,0.109113958
mattern_cov1,1024,691,0.26610850547296033,0.2661085054729587,1.609823385706477e-15,0.049258542,0.110617666
mattern_cov1,1024,692,0.26620006745775143,0.2662000674577498,1.609823385706477e-15,0.049735791,0.109925209
mattern_cov1,1024,693,0.2660721140701116,0.2660721140701101,1.4988010832439613e-15,0.050747209,0.109496875
mattern_cov1,1024,694,0.266090449218809,0.2660904492188074,1.5543122344752192e-15,0.049611917,0.109570625
mattern_cov1,1024,695,0.26565703861885737,0.26565703861885576,1.609823385706477e-15,0.053334875,0.108834791
mattern_cov1,1024,696,0.2663845866657304,0.26638458666572884,1.5543122344752192e-15,0.050895583,0.1144375
mattern_cov1,1024,697,0.26602920797812424,0.26602920797812263,1.609823385706477e-15,0.050008125,0.109435958
mattern_cov1,1024,698,0.26606662108746154,0.26606662108745993,1.609823385706477e-15,0.049025166,0.110008125
mattern_cov1,1024,699,0.26631253139988376,0.26631253139988215,1.609823385706477e-15,0.050965167,0.110892792
mattern_cov1,1024,700,0.2663943300375214,0.26639433003751983,1.5543122344752192e-15,0.052967167,0.110427458
mattern_cov1,1024,701,0.26618796788324955,0.266187967883248,1.5543122344752192e-15,0.048204917,0.108776042
mattern_cov1,1024,702,0.2660647694127556,0.266064769412754,1.609823385706477e-15,0.050431,0.110062458
mattern_cov1,1024,703,0.26610329320719656,0.266103293207195,1.5543122344752192e-15,0.049623584,0.109330375
mattern_cov1,1024,704,0.2660991669135048,0.26609916691350327,1.5543122344752192e-15,0.0512165,0.110666667
mattern_cov1,1024,705,0.26649038687347076,0.26649038687346915,1.609823385706477e-15,0.055808083,0.109783875
mattern_cov1,1024,706,0.26638052706417875,0.2663805270641772,1.5543122344752192e-15,0.051162208,0.107939917
mattern_cov1,1024,707,0.2660304154182144,0.2660304154182128,1.609823385706477e-15,0.049993709,0.110715833
mattern_cov1,1024,708,0.2661421252642932,0.26614212526429165,1.5543122344752192e-15,0.0505065,0.110159334
mattern_cov1,1024,709,0.266477340955617,0.2664773409556154,1.5543122344752192e-15,0.049484666,0.109413958
mattern_cov1,1024,710,0.2659267926468731,0.2659267926468715,1.5543122344752192e-15,0.050168708,0.109700625
mattern_cov1,1024,711,0.26629456196331214,0.2662945619633104,1.7208456881689926e-15,0.050427458,0.10917625
mattern_cov1,1024,712,0.26584648594124716,0.26584648594124555,1.609823385706477e-15,0.049981959,0.112423291
mattern_cov1,1024,713,0.26608745285835694,0.2660874528583554,1.5543122344752192e-15,0.048935584,0.10972525
mattern_cov1,1024,714,0.2662264224043552,0.2662264224043536,1.5543122344752192e-15,0.049426458,0.113265959
mattern_cov1,1024,715,0.26614289902425364,0.266142899024252,1.6653345369377348e-15,0.050739458,0.112006792
mattern_cov1,1024,716,0.2662153197740269,0.26621531977402535,1.5543122344752192e-15,0.05110525,0.1106565
mattern_cov1,1024,717,0.26646224778633965,0.2664622477863381,1.5543122344752192e-15,0.050929708,0.1118285
mattern_cov1,1024,718,0.26637281885901704,0.26637281885901537,1.6653345369377348e-15,0.04903475,0.110342041
mattern_cov1,1024,719,0.2661882168377579,0.2661882168377563,1.609823385706477e-15,0.049249833,0.109993834
mattern_cov1,1024,720,0.2662763321601226,0.2662763321601209,1.6653345369377348e-15,0.051193083,0.109767542
mattern_cov1,1024,721,0.2662454220977904,0.26624542209778873,1.6653345369377348e-15,0.050660875,0.110261708
mattern_cov1,1024,722,0.26603962794423347,0.2660396279442319,1.5543122344752192e-15,0.049405542,0.110369875
mattern_cov1,1024,723,0.2662800152732241,0.2662800152732226,1.4988010832439613e-15,0.048903791,0.11041575
mattern_cov1,1024,724,0.2660163052209668,0.2660163052209652,1.609823385706477e-15,0.047682291,0.10987925
mattern_cov1,1024,725,0.26635359085600435,0.2663535908560028,1.5543122344752192e-15,0.049368542,0.113497292
mattern_cov1,1024,726,0.2665338148852548,0.26653381488525335,1.4432899320127035e-15,0.0490225,0.113395125
mattern_cov1,1024,727,0.26681404270091885,0.2668140427009172,1.6653345369377348e-15,0.049294917,0.109779916
mattern_cov1,1024,728,0.2664647665837236,0.2664647665837219,1.6653345369377348e-15,0.051330875,0.108907875
mattern_cov1,1024,729,0.2666232747198655,0.26662327471986397,1.5543122344752192e-15,0.047902084,0.110219125
mattern_cov1,1024,730,0.2664739601058379,0.2664739601058363,1.609823385706477e-15,0.049650375,0.110164042
mattern_cov1,1024,731,0.26616000381052113,0.2661600038105195,1.609823385706477e-15,0.050869,0.109667875
mattern_cov1,1024,732,0.2663780074642727,0.26637800746427115,1.5543122344752192e-15,0.050174292,0.110013875
mattern_cov1,1024,733,0.2666440500460851,0.2666440500460835,1.609823385706477e-15,0.04967075,0.109753416
mattern_cov1,1024,734,0.2664773677765501,0.26647736777654846,1.6653345369377348e-15,0.049891708,0.109012625
mattern_cov1,1024,735,0.26657395939119904,0.2665739593911975,1.5543122344752192e-15,0.050923167,0.113324292
mattern_cov1,1024,736,0.2660465480560308,0.2660465480560292,1.609823385706477e-15,0.049672208,0.109049458
mattern_cov1,1024,737,0.2661512965108424,0.2661512965108409,1.4988010832439613e-15,0.049909208,0.110717375
mattern_cov1,1024,738,0.2660275376826644,0.2660275376826628,1.609823385706477e-15,0.050628084,0.110085334
mattern_cov1,1024,739,0.2662130740277949,0.2662130740277933,1.609823385706477e-15,0.053662667,0.109447041
mattern_cov1,1024,740,0.2665202952911268,0.26652029529112514,1.6653345369377348e-15,0.050374083,0.110549041
mattern_cov1,1024,741,0.2659961502382381,0.2659961502382366,1.4988010832439613e-15,0.051752667,0.110364042
mattern_cov1,1024,742,0.26611436344830597,0.2661143634483043,1.6653345369377348e-15,0.051230833,0.109402667
mattern_cov1,1024,743,0.2664846168140491,0.26648461681404756,1.5543122344752192e-15,0.051938625,0.110700417
mattern_cov1,1024,744,0.26593831656260164,0.2659383165626001,1.5543122344752192e-15,0.055903584,0.110324166
mattern_cov1,1024,745,0.2662071039064609,0.26620710390645935,1.5543122344752192e-15,0.049716833,0.109137917
mattern_cov1,1024,746,0.2663856944206001,0.26638569442059856,1.5543122344752192e-15,0.049699834,0.114811958
mattern_cov1,1024,747,0.2664696907213231,0.2664696907213215,1.609823385706477e-15,0.049358084,0.109280791
mattern_cov1,1024,748,0.26613500741275237,0.2661350074127508,1.5543122344752192e-15,0.048416042,0.109114125
mattern_cov1,1024,749,0.26654287942405147,0.26654287942404986,1.609823385706477e-15,0.051774833,0.117902417
mattern_cov1,1024,750,0.2658159252840118,0.2658159252840102,1.609823385706477e-15,0.04985775,0.110231875
mattern_cov1,1024,751,0.26603094090866714,0.26603094090866547,1.6653345369377348e-15,0.048756334,0.112007958
mattern_cov1,1024,752,0.26688415305850094,0.26688415305849933,1.609823385706477e-15,0.054463209,0.110554416
mattern_cov1,1024,753,0.26639311699346585,0.26639311699346424,1.609823385706477e-15,0.05006,0.111407583
mattern_cov1,1024,754,0.26620427248200484,0.26620427248200335,1.4988010832439613e-15,0.056168583,0.111221292
mattern_cov1,1024,755,0.2660165646168972,0.2660165646168957,1.4988010832439613e-15,0.0499685,0.110916542
mattern_cov1,1024,756,0.26617079147154926,0.2661707914715477,1.5543122344752192e-15,0.051499208,0.110797792
mattern_cov1,1024,757,0.2664082293533659,0.26640822935336433,1.5543122344752192e-15,0.048607458,0.1082365
mattern_cov1,1024,758,0.2661946172897063,0.26619461728970467,1.609823385706477e-15,0.050717417,0.114595
mattern_cov1,1024,759,0.2660782577752579,0.26607825777525623,1.6653345369377348e-15,0.06149475,0.113175958
mattern_cov1,1024,760,0.2665717682495661,0.26657176824956447,1.609823385706477e-15,0.049819,0.1095375
mattern_cov1,1024,761,0.266037482489927,0.2660374824899254,1.5543122344752192e-15,0.050660875,0.11160325
mattern_cov1,1024,762,0.2657990568863844,0.2657990568863828,1.609823385706477e-15,0.050159959,0.109772708
mattern_cov1,1024,763,0.2666165315746138,0.26661653157461224,1.5543122344752192e-15,0.050430792,0.109789375
mattern_cov1,1024,764,0.2664327577029369,0.26643275770293534,1.5543122344752192e-15,0.051353,0.108112958
mattern_cov1,1024,765,0.26629423575596417,0.26629423575596256,1.609823385706477e-15,0.051054459,0.109521333
mattern_cov1,1024,766,0.26636895791976106,0.2663689579197595,1.5543122344752192e-15,0.049332583,0.114027208
mattern_cov1,1024,767,0.26638969542331997,0.2663896954233184,1.5543122344752192e-15,0.049659042,0.109554208
mattern_cov1,1024,768,0.26601205008972045,0.26601205008971895,1.4988010832439613e-15,0.050658,0.111449625
mattern_cov1,1024,769,0.2665123779238085,0.26651237792380694,1.5543122344752192e-15,0.049191125,0.109449084
mattern_cov1,1024,770,0.2666136331895754,0.2666136331895739,1.5543122344752192e-15,0.049600875,0.109772625
mattern_cov1,1024,771,0.26659242036749253,0.2665924203674909,1.609823385706477e-15,0.050515208,0.108950334
mattern_cov1,1024,772,0.26620088708090733,0.2662008870809058,1.5543122344752192e-15,0.055520041,0.109847792
mattern_cov1,1024,773,0.26657847103291504,0.2665784710329134,1.6653345369377348e-15,0.050376667,0.119650125
mattern_cov1,1024,774,0.2659384504881012,0.2659384504880997,1.4988010832439613e-15,0.051104833,0.110517584
mattern_cov1,1024,775,0.26603639886418246,0.26603639886418096,1.4988010832439613e-15,0.0495675,0.109631666
mattern_cov1,1024,776,0.266077938468009,0.26607793846800726,1.7208456881689926e-15,0.050089167,0.108790708
mattern_cov1,1024,777,0.2654726262816814,0.26547262628167984,1.5543122344752192e-15,0.053124208,0.109745792
mattern_cov1,1024,778,0.2661709646889887,0.2661709646889871,1.609823385706477e-15,0.056263625,0.109724959
mattern_cov1,1024,779,0.26625763747593084,0.2662576374759293,1.5543122344752192e-15,0.051449375,0.109668333
mattern_cov1,1024,780,0.2663289854920687,0.266328985492067,1.6653345369377348e-15,0.050809417,0.110201125
mattern_cov1,1024,781,0.26603481917183475,0.2660348191718332,1.5543122344752192e-15,0.050727958,0.109315667
mattern_cov1,1024,782,0.2661510548491205,0.26615105484911894,1.5543122344752192e-15,0.049878917,0.109837708
mattern_cov1,1024,783,0.26636786915531263,0.2663678691553111,1.5543122344752192e-15,0.050230708,0.111131417
mattern_cov1,1024,784,0.26613888173339767,0.266138881733396,1.6653345369377348e-15,0.050015208,0.109114875
mattern_cov1,1024,785,0.2660708798588437,0.26607087985884215,1.5543122344752192e-15,0.051190709,0.109181541
mattern_cov1,1024,786,0.26581840927260086,0.2658184092725994,1.4432899320127035e-15,0.051030417,0.110062292
mattern_cov1,1024,787,0.2660116239416748,0.2660116239416732,1.609823385706477e-15,0.052426083,0.110147417
mattern_cov1,1024,788,0.2661014828343936,0.266101482834392,1.609823385706477e-15,0.050571167,0.109294333
mattern_cov1,1024,789,0.2664378545384293,0.2664378545384278,1.4988010832439613e-15,0.049680875,0.111495375
mattern_cov1,1024,790,0.2663202875542972,0.26632028755429565,1.5543122344752192e-15,0.051134084,0.109413334
mattern_cov1,1024,791,0.2667332989430196,0.266733298943018,1.609823385706477e-15,0.050716375,0.109996291
mattern_cov1,1024,792,0.2667445601485217,0.2667445601485202,1.4988010832439613e-15,0.049910417,0.108328625
mattern_cov1,1024,793,0.2660235502387864,0.2660235502387848,1.5543122344752192e-15,0.0505915,0.109374333
mattern_cov1,1024,794,0.2656819486781881,0.2656819486781865,1.609823385706477e-15,0.050451333,0.109482083
mattern_cov1,1024,795,0.2663778353592225,0.2663778353592209,1.609823385706477e-15,0.049599958,0.110914417
mattern_cov1,1024,796,0.26582018853517125,0.26582018853516964,1.609823385706477e-15,0.049141292,0.108691042
mattern_cov1,1024,797,0.26644332531190623,0.2664433253119047,1.5543122344752192e-15,0.050167667,0.109957
mattern_cov1,1024,798,0.2659286626814606,0.2659286626814591,1.4988010832439613e-15,0.050851625,0.110511125
mattern_cov1,1024,799,0.2665302366128091,0.26653023661280767,1.4432899320127035e-15,0.049878458,0.109331584
mattern_cov1,1024,800,0.26580934296290987,0.26580934296290837,1.4988010832439613e-15,0.051294375,0.109547875
mattern_cov1,1024,801,0.26638560028260366,0.2663856002826021,1.5543122344752192e-15,0.049441625,0.1143325
mattern_cov1,1024,802,0.2663395358210521,0.26633953582105047,1.609823385706477e-15,0.049829958,0.109914291
mattern_cov1,1024,803,0.2659806269806324,0.26598062698063085,1.5543122344752192e-15,0.053505333,0.10958775
mattern_cov1,1024,804,0.2660017873586618,0.26600178735866026,1.5543122344752192e-15,0.055753333,0.109322417
mattern_cov1,1024,805,0.2664482366358189,0.26644823663581735,1.5543122344752192e-15,0.053134334,0.110064041
mattern_cov1,1024,806,0.2662994984592113,0.2662994984592098,1.4988010832439613e-15,0.051766792,0.110081792
mattern_cov1,1024,807,0.266674639514254,0.26667463951425235,1.6653345369377348e-15,0.049963959,0.109076416
mattern_cov1,1024,808,0.2660241883011376,0.2660241883011361,1.4988010832439613e-15,0.051768583,0.109721625
mattern_cov1,1024,809,0.2664955640651338,0.26649556406513225,1.5543122344752192e-15,0.050156667,0.109464208
mattern_cov1,1024,810,0.26620866646738967,0.2662086664673881,1.5543122344752192e-15,0.05103975,0.109218958
mattern_cov1,1024,811,0.2658413547407025,0.26584135474070086,1.609823385706477e-15,0.051037459,0.109128
mattern_cov1,1024,812,0.266606678710524,0.2666066787105224,1.609823385706477e-15,0.050058917,0.1098545
mattern_cov1,1024,813,0.26627513403721,0.2662751340372083,1.6653345369377348e-15,0.053187333,0.110121875
mattern_cov1,1024,814,0.2663619788770717,0.2663619788770701,1.609823385706477e-15,0.049779459,0.109788208
mattern_cov1,1024,815,0.2663503522564769,0.26635035225647524,1.6653345369377348e-15,0.049913792,0.115285333
mattern_cov1,1024,816,0.26602461028142094,0.26602461028141927,1.6653345369377348e-15,0.050064208,0.109634792
mattern_cov1,1024,817,0.26579639256295473,0.26579639256295323,1.4988010832439613e-15,0.051515125,0.111979625
mattern_cov1,1024,818,0.2662596398129232,0.2662596398129216,1.609823385706477e-15,0.051139375,0.1099515
mattern_cov1,1024,819,0.2664446556507443,0.26644465565074277,1.5543122344752192e-15,0.049574292,0.1091985
mattern_cov1,1024,820,0.2661462444162997,0.26614624441629814,1.5543122344752192e-15,0.05054875,0.109651292
mattern_cov1,1024,821,0.2660919936325017,0.2660919936325001,1.609823385706477e-15,0.050643125,0.109374209
mattern_cov1,1024,822,0.2660308523710007,0.2660308523709991,1.609823385706477e-15,0.051111292,0.110312958
mattern_cov1,1024,823,0.26601122880674716,0.26601122880674555,1.609823385706477e-15,0.049457916,0.110309458
mattern_cov1,1024,824,0.2665219159929717,0.2665219159929701,1.609823385706477e-15,0.04989025,0.109465708
mattern_cov1,1024,825,0.266010912948845,0.26601091294884344,1.5543122344752192e-15,0.050444833,0.109982459
mattern_cov1,1024,826,0.2661138146156053,0.2661138146156037,1.609823385706477e-15,0.054217916,0.109830334
mattern_cov1,1024,827,0.26641193073631225,0.2664119307363107,1.5543122344752192e-15,0.050475333,0.110080917
mattern_cov1,1024,828,0.26591624580965395,0.2659162458096523,1.6653345369377348e-15,0.048278625,0.109267125
mattern_cov1,1024,829,0.26584028485978295,0.26584028485978145,1.4988010832439613e-15,0.051682834,0.109579333
mattern_cov1,1024,830,0.2660529886012826,0.26605298860128096,1.6653345369377348e-15,0.04912375,0.112292458
mattern_cov1,1024,831,0.2664380160303034,0.26643801603030187,1.5543122344752192e-15,0.050513541,0.1093985
mattern_cov1,1024,832,0.26583598068951486,0.26583598068951325,1.609823385706477e-15,0.050605791,0.1098275
mattern_cov1,1024,833,0.2664217144457237,0.26642171444572216,1.5543122344752192e-15,0.060488583,0.109956917
mattern_cov1,1024,834,0.26607795068679857,0.266077950686797,1.5543122344752192e-15,0.050329625,0.110437958
mattern_cov1,1024,835,0.2657779440464908,0.2657779440464892,1.609823385706477e-15,0.051067209,0.108413208
mattern_cov1,1024,836,0.26594300701156404,0.26594300701156254,1.4988010832439613e-15,0.051017542,0.109435875
mattern_cov1,1024,837,0.26641660187011773,0.2664166018701162,1.5543122344752192e-15,0.050331792,0.109495833
mattern_cov1,1024,838,0.26605928912878063,0.266059289128779,1.609823385706477e-15,0.051237917,0.109643291
mattern_cov1,1024,839,0.2662802536127483,0.2662802536127467,1.609823385706477e-15,0.050575459,0.109085334
mattern_cov1,1024,840,0.2658899535159122,0.26588995351591066,1.5543122344752192e-15,0.050216292,0.109973541
mattern_cov1,1024,841,0.26624434086630105,0.26624434086629944,1.609823385706477e-15,0.048813542,0.109885208
mattern_cov1,1024,842,0.2663620810482088,0.26636208104820724,1.5543122344752192e-15,0.049296708,0.109688792
mattern_cov1,1024,843,0.26587240663981726,0.2658724066398157,1.5543122344752192e-15,0.04995375,0.110571666
mattern_cov1,1024,844,0.2664005787620405,0.266400578762039,1.4988010832439613e-15,0.049997791,0.109942458
mattern_cov1,1024,845,0.2659418144786235,0.2659418144786219,1.5543122344752192e-15,0.051113542,0.1291465
mattern_cov1,1024,846,0.2661442114332523,0.2661442114332507,1.609823385706477e-15,0.0506935,0.108651541
mattern_cov1,1024,847,0.26652166592950444,0.2665216659295028,1.609823385706477e-15,0.050521583,0.110327167
mattern_cov1,1024,848,0.2662782528235301,0.26627825282352857,1.5543122344752192e-15,0.051723208,0.1094605
mattern_cov1,1024,849,0.26613784722668327,0.26613784722668166,1.609823385706477e-15,0.049712542,0.109874833
mattern_cov1,1024,850,0.2661657693282601,0.2661657693282585,1.609823385706477e-15,0.050070292,0.10993075
mattern_cov1,1024,851,0.2667516090272825,0.26675160902728084,1.6653345369377348e-15,0.049773166,0.109732625
mattern_cov1,1024,852,0.2658964014251081,0.26589640142510657,1.5543122344752192e-15,0.050644042,0.109400167
mattern_cov1,1024,853,0.2665399992785236,0.266539999278522,1.609823385706477e-15,0.049841583,0.110596
mattern_cov1,1024,854,0.2660875327598106,0.26608753275980906,1.5543122344752192e-15,0.050187042,0.109333083
mattern_cov1,1024,855,0.2661025340246886,0.266102534024687,1.609823385706477e-15,0.050052125,0.109844417
mattern_cov1,1024,856,0.266248380388583,0.26624838038858145,1.5543122344752192e-15,0.051320042,0.109818875
mattern_cov1,1024,857,0.266300839027691,0.2663008390276895,1.5543122344752192e-15,0.051785375,0.114248708
mattern_cov1,1024,858,0.2658784845857574,0.2658784845857558,1.609823385706477e-15,0.05009125,0.109938917
mattern_cov1,1024,859,0.266398557305432,0.2663985573054305,1.4988010832439613e-15,0.050610917,0.109735542
mattern_cov1,1024,860,0.2666196573995034,0.2666196573995017,1.6653345369377348e-15,0.049233916,0.113215459
mattern_cov1,1024,861,0.26614674675236283,0.2661467467523612,1.609823385706477e-15,0.051465458,0.111531792
mattern_cov1,1024,862,0.26609651391207007,0.2660965139120684,1.6653345369377348e-15,0.053887667,0.110989208
mattern_cov1,1024,863,0.26643649895365623,0.2664364989536547,1.5543122344752192e-15,0.050277166,0.110123125
mattern_cov1,1024,864,0.2662099626354511,0.26620996263544944,1.6653345369377348e-15,0.050692625,0.11014475
mattern_cov1,1024,865,0.266286212966138,0.26628621296613636,1.6653345369377348e-15,0.048168333,0.10892475
mattern_cov1,1024,866,0.2659855216746138,0.26598552167461215,1.6653345369377348e-15,0.04939225,0.109715958
mattern_cov1,1024,867,0.2662149638616845,0.2662149638616829,1.5543122344752192e-15,0.051272167,0.1117035
mattern_cov1,1024,868,0.26570447658629787,0.2657044765862963,1.5543122344752192e-15,0.0483375,0.109945459
mattern_cov1,1024,869,0.26640273371055184,0.2664027337105503,1.5543122344752192e-15,0.051160833,0.109793333
mattern_cov1,1024,870,0.26648677608481725,0.26648677608481575,1.4988010832439613e-15,0.049280542,0.1100215
mattern_cov1,1024,871,0.26638479954380184,0.2663847995438003,1.5543122344752192e-15,0.049364625,0.109662417
mattern_cov1,1024,872,0.2659895831562937,0.2659895831562921,1.5543122344752192e-15,0.05097425,0.110237625
mattern_cov1,1024,873,0.2663156097006792,0.26631560970067764,1.5543122344752192e-15,0.049195,0.110106625
mattern_cov1,1024,874,0.26618611944849174,0.26618611944849024,1.4988010832439613e-15,0.049740709,0.109849791
mattern_cov1,1024,875,0.2663967526294746,0.266396752629473,1.609823385706477e-15,0.051067083,0.10876225
mattern_cov1,1024,876,0.2661791381361205,0.26617913813611893,1.5543122344752192e-15,0.049782916,0.110251708
mattern_cov1,1024,877,0.2661955952503085,0.2661955952503069,1.609823385706477e-15,0.050223583,0.110736125
mattern_cov1,1024,878,0.26586636469101205,0.2658663646910105,1.5543122344752192e-15,0.049793834,0.109716667
mattern_cov1,1024,879,0.26598213127191667,0.26598213127191506,1.609823385706477e-15,0.052368417,0.108670209
mattern_cov1,1024,880,0.2664667158839927,0.2664667158839911,1.5543122344752192e-15,0.05159575,0.112845917
mattern_cov1,1024,881,0.2661649277937272,0.26616492779372564,1.5543122344752192e-15,0.050012041,0.110018292
mattern_cov1,1024,882,0.26610792542987116,0.26610792542986955,1.609823385706477e-15,0.050767,0.109678958
mattern_cov1,1024,883,0.26638085140213213,0.2663808514021306,1.5543122344752192e-15,0.054774709,0.111109625
mattern_cov1,1024,884,0.26662366042158414,0.26662366042158253,1.609823385706477e-15,0.049975416,0.110798917
mattern_cov1,1024,885,0.2656073120877445,0.2656073120877429,1.609823385706477e-15,0.050551417,0.108316416
mattern_cov1,1024,886,0.26598878682096055,0.26598878682095894,1.609823385706477e-15,0.050240958,0.109011583
mattern_cov1,1024,887,0.26674173358289244,0.2667417335828909,1.5543122344752192e-15,0.049243375,0.108394
mattern_cov1,1024,888,0.2663141437273759,0.26631414372737433,1.5543122344752192e-15,0.049396666,0.108718292
mattern_cov1,1024,889,0.26630859896815634,0.26630859896815473,1.609823385706477e-15,0.053217667,0.109763792
mattern_cov1,1024,890,0.26624891598798367,0.2662489159879821,1.5543122344752192e-15,0.05193875,0.110164875
mattern_cov1,1024,891,0.2662924421440494,0.26629244214404774,1.6653345369377348e-15,0.049722833,0.113855708
mattern_cov1,1024,892,0.2660148486063636,0.26601484860636204,1.5543122344752192e-15,0.050482334,0.110878916
mattern_cov1,1024,893,0.2664725721669889,0.2664725721669872,1.6653345369377348e-15,0.05127475,0.110231958
mattern_cov1,1024,894,0.2657160971031582,0.2657160971031566,1.609823385706477e-15,0.053928083,0.109767084
mattern_cov1,1024,895,0.26600019690724236,0.2660001969072408,1.5543122344752192e-15,0.050469334,0.109537208
mattern_cov1,1024,896,0.26650203235534786,0.26650203235534625,1.609823385706477e-15,0.059169666,0.109597417
mattern_cov1,1024,897,0.26623701365511293,0.2662370136551113,1.609823385706477e-15,0.047882125,0.108990083
mattern_cov1,1024,898,0.2661478154164485,0.2661478154164469,1.609823385706477e-15,0.049696833,0.109058625
mattern_cov1,1024,899,0.2662619682615538,0.2662619682615522,1.609823385706477e-15,0.048467208,0.110290625
mattern_cov1,1024,900,0.2662093904784408,0.2662093904784392,1.5543122344752192e-15,0.049501209,0.113384084
mattern_cov1,1024,901,0.26655815451898146,0.2665581545189799,1.5543122344752192e-15,0.048724125,0.109698334
mattern_cov1,1024,902,0.26635411901584655,0.266354119015845,1.5543122344752192e-15,0.050892833,0.109794583
mattern_cov1,1024,903,0.26600263189877393,0.2660026318987723,1.609823385706477e-15,0.05215925,0.109690917
mattern_cov1,1024,904,0.26658033644500206,0.26658033644500045,1.609823385706477e-15,0.049290459,0.10941575
mattern_cov1,1024,905,0.26611090438270973,0.2661109043827082,1.5543122344752192e-15,0.049732333,0.109255875
mattern_cov1,1024,906,0.2660202527743815,0.26602025277437996,1.5543122344752192e-15,0.050894791,0.109602667
mattern_cov1,1024,907,0.26610597313154166,0.26610597313154005,1.609823385706477e-15,0.051584875,0.110448417
mattern_cov1,1024,908,0.26636548756792316,0.2663654875679216,1.5543122344752192e-15,0.05049675,0.109438459
mattern_cov1,1024,909,0.2662804227637803,0.2662804227637787,1.5543122344752192e-15,0.051213375,0.110933791
mattern_cov1,1024,910,0.2658991199192014,0.26589911991919984,1.5543122344752192e-15,0.048910125,0.110030334
mattern_cov1,1024,911,0.2662035595064746,0.26620355950647306,1.5543122344752192e-15,0.051224792,0.10893425
mattern_cov1,1024,912,0.26560674554406516,0.26560674554406355,1.609823385706477e-15,0.049826625,0.114783708
mattern_cov1,1024,913,0.26634867973094,0.2663486797309384,1.609823385706477e-15,0.053474584,0.10938275
mattern_cov1,1024,914,0.2662122019127981,0.26621220191279654,1.5543122344752192e-15,0.051209542,0.110022917
mattern_cov1,1024,915,0.2663296164607966,0.26632961646079495,1.6653345369377348e-15,0.052283292,0.109178
mattern_cov1,1024,916,0.2657072242426548,0.2657072242426532,1.609823385706477e-15,0.05138425,0.11080775
mattern_cov1,1024,917,0.26610188824859043,0.2661018882485888,1.609823385706477e-15,0.05040425,0.109771125
mattern_cov1,1024,918,0.26598195793748397,0.2659819579374823,1.6653345369377348e-15,0.0544215,0.110288208
mattern_cov1,1024,919,0.266247152220975,0.26624715222097345,1.5543122344752192e-15,0.050777083,0.110228959
mattern_cov1,1024,920,0.2665708493731421,0.2665708493731406,1.5543122344752192e-15,0.049546042,0.108244125
mattern_cov1,1024,921,0.2662586204692244,0.2662586204692228,1.609823385706477e-15,0.050635,0.109405125
mattern_cov1,1024,922,0.2666016163727149,0.26660161637271323,1.6653345369377348e-15,0.04967525,0.10955925
mattern_cov1,1024,923,0.2659626698467861,0.26596266984678457,1.5543122344752192e-15,0.051911542,0.109706
mattern_cov1,1024,924,0.2662566516361448,0.2662566516361432,1.609823385706477e-15,0.051015708,0.110492
mattern_cov1,1024,925,0.26630318188757873,0.2663031818875771,1.609823385706477e-15,0.049958583,0.111252417
mattern_cov1,1024,926,0.266226263070719,0.2662262630707174,1.609823385706477e-15,0.049666333,0.110323042
mattern_cov1,1024,927,0.2658817144566501,0.2658817144566485,1.609823385706477e-15,0.04933125,0.109670917
mattern_cov1,1024,928,0.265986476203114,0.2659864762031124,1.609823385706477e-15,0.050750916,0.110081459
mattern_cov1,1024,929,0.26644945806477516,0.26644945806477366,1.4988010832439613e-15,0.050179584,0.109440916
mattern_cov1,1024,930,0.26588626526812326,0.2658862652681216,1.6653345369377348e-15,0.049891583,0.110099792
mattern_cov1,1024,931,0.26608338057615993,0.26608338057615827,1.6653345369377348e-15,0.051536,0.1100535
mattern_cov1,1024,932,0.265822463351365,0.26582246335136345,1.5543122344752192e-15,0.051190041,0.110889
mattern_cov1,1024,933,0.26634243788559364,0.26634243788559203,1.609823385706477e-15,0.051578041,0.110571625
mattern_cov1,1024,934,0.26652938691769684,0.2665293869176953,1.5543122344752192e-15,0.049388291,0.109221292
mattern_cov1,1024,935,0.26677163113315744,0.26677163113315594,1.4988010832439613e-15,0.048574708,0.109586167
mattern_cov1,1024,936,0.2663555634919485,0.26635556349194695,1.5543122344752192e-15,0.049827583,0.10940325
mattern_cov1,1024,937,0.2663519433806686,0.266351943380667,1.609823385706477e-15,0.049897833,0.113296
mattern_cov1,1024,938,0.26647243883541244,0.26647243883541083,1.609823385706477e-15,0.049193792,0.111561416
mattern_cov1,1024,939,0.26611368322571527,0.2661136832257137,1.5543122344752192e-15,0.05139825,0.108965917
mattern_cov1,1024,940,0.2661772229549965,0.2661772229549949,1.609823385706477e-15,0.050594917,0.108697917
mattern_cov1,1024,941,0.2665988887828965,0.2665988887828948,1.7208456881689926e-15,0.050411167,0.121952958
mattern_cov1,1024,942,0.26703639889751335,0.2670363988975118,1.5543122344752192e-15,0.049284667,0.109505708
mattern_cov1,1024,943,0.2659152665327648,0.26591526653276326,1.5543122344752192e-15,0.055870416,0.109883917
mattern_cov1,1024,944,0.2660306216240513,0.2660306216240497,1.5543122344752192e-15,0.050737583,0.11050675
mattern_cov1,1024,945,0.2662827072338492,0.26628270723384767,1.5543122344752192e-15,0.051220708,0.1086485
mattern_cov1,1024,946,0.266214610687631,0.26621461068762947,1.5543122344752192e-15,0.051064291,0.109309834
mattern_cov1,1024,947,0.26640982939625385,0.26640982939625224,1.609823385706477e-15,0.051935,0.110142708
mattern_cov1,1024,948,0.26604375967937677,0.26604375967937516,1.609823385706477e-15,0.050730125,0.108756542
mattern_cov1,1024,949,0.265877547428531,0.26587754742852937,1.609823385706477e-15,0.0522145,0.108900625
mattern_cov1,1024,950,0.2662906868744478,0.2662906868744462,1.609823385706477e-15,0.049896667,0.11092875
mattern_cov1,1024,951,0.2660764867154222,0.26607648671542067,1.5543122344752192e-15,0.0519495,0.108625916
mattern_cov1,1024,952,0.26637125764207525,0.26637125764207376,1.4988010832439613e-15,0.049857125,0.110150875
mattern_cov1,1024,953,0.2663352071520971,0.2663352071520955,1.5543122344752192e-15,0.050778958,0.11075975
mattern_cov1,1024,954,0.2660050238654052,0.26600502386540353,1.6653345369377348e-15,0.051974167,0.109935041
mattern_cov1,1024,955,0.26678881132395804,0.26678881132395643,1.609823385706477e-15,0.050636625,0.110279625
mattern_cov1,1024,956,0.2663040729999379,0.2663040729999364,1.4988010832439613e-15,0.050705334,0.109201125
mattern_cov1,1024,957,0.26582557965488846,0.2658255796548868,1.6653345369377348e-15,0.051099375,0.109490875
mattern_cov1,1024,958,0.2662132221213169,0.2662132221213153,1.5543122344752192e-15,0.05019025,0.109865375
mattern_cov1,1024,959,0.2665281795495272,0.26652817954952557,1.609823385706477e-15,0.050880167,0.114934333
mattern_cov1,1024,960,0.26704859555826727,0.2670485955582657,1.5543122344752192e-15,0.050652334,0.110079833
mattern_cov1,1024,961,0.2666981010673813,0.2666981010673797,1.609823385706477e-15,0.051088125,0.109190417
mattern_cov1,1024,962,0.26579827634517667,0.265798276345175,1.6653345369377348e-15,0.050344458,0.110579542
mattern_cov1,1024,963,0.2659740837798313,0.26597408377982973,1.5543122344752192e-15,0.050496875,0.110439667
mattern_cov1,1024,964,0.2664906821107669,0.26649068211076526,1.609823385706477e-15,0.0496655,0.109444459
mattern_cov1,1024,965,0.2660539172810729,0.26605391728107136,1.5543122344752192e-15,0.049749708,0.110058625
mattern_cov1,1024,966,0.2664846583156491,0.26648465831564744,1.6653345369377348e-15,0.04934775,0.1105075
mattern_cov1,1024,967,0.2660614046071056,0.266061404607104,1.609823385706477e-15,0.050859208,0.109318542
mattern_cov1,1024,968,0.2663804088241044,0.26638040882410274,1.6653345369377348e-15,0.050880791,0.109464125
mattern_cov1,1024,969,0.26603775591985834,0.26603775591985673,1.609823385706477e-15,0.051095541,0.109940084
mattern_cov1,1024,970,0.26695586645532265,0.26695586645532104,1.609823385706477e-15,0.050740416,0.109028084
mattern_cov1,1024,971,0.26577994081532824,0.2657799408153267,1.5543122344752192e-15,0.050899417,0.109998375
mattern_cov1,1024,972,0.26639426813882755,0.266394268138826,1.5543122344752192e-15,0.051276584,0.109162958
mattern_cov1,1024,973,0.26625748142653743,0.26625748142653594,1.4988010832439613e-15,0.050826917,0.109155458
mattern_cov1,1024,974,0.2666333299990805,0.26663332999907896,1.5543122344752192e-15,0.049969667,0.109880208
mattern_cov1,1024,975,0.2665309402380885,0.26653094023808693,1.5543122344752192e-15,0.049215916,0.113611709
mattern_cov1,1024,976,0.26581240544456425,0.2658124054445626,1.6653345369377348e-15,0.054589417,0.11120725
mattern_cov1,1024,977,0.26659129481962895,0.26659129481962734,1.609823385706477e-15,0.048712125,0.10959375
mattern_cov1,1024,978,0.26635303992157977,0.2663530399215781,1.6653345369377348e-15,0.0508395,0.109765417
mattern_cov1,1024,979,0.26640834125849705,0.26640834125849544,1.609823385706477e-15,0.051710625,0.108440959
mattern_cov1,1024,980,0.26609039755703334,0.2660903975570317,1.6653345369377348e-15,0.050681625,0.109485292
mattern_cov1,1024,981,0.2666916263714491,0.26669162637144744,1.6653345369377348e-15,0.051410417,0.10949825
mattern_cov1,1024,982,0.26597953172668143,0.26597953172667993,1.4988010832439613e-15,0.051090167,0.110265125
mattern_cov1,1024,983,0.26624984629987064,0.26624984629986914,1.4988010832439613e-15,0.054553334,0.108827875
mattern_cov1,1024,984,0.2664947718083238,0.2664947718083222,1.609823385706477e-15,0.050465542,0.110067416
mattern_cov1,1024,985,0.2660596231791173,0.26605962317911563,1.6653345369377348e-15,0.0516825,0.109897666
mattern_cov1,1024,986,0.26631268973153804,0.2663126897315364,1.6653345369377348e-15,0.049701083,0.110475958
mattern_cov1,1024,987,0.26600614317308685,0.26600614317308524,1.609823385706477e-15,0.0503165,0.108796625
mattern_cov1,1024,988,0.2657693991147085,0.26576939911470693,1.5543122344752192e-15,0.049637833,0.109225417
mattern_cov1,1024,989,0.26627862056920254,0.266278620569201,1.5543122344752192e-15,0.04948575,0.110875792
mattern_cov1,1024,990,0.2665736257535383,0.2665736257535367,1.609823385706477e-15,0.049567792,0.109631708
mattern_cov1,1024,991,0.266470911430058,0.26647091143005647,1.5543122344752192e-15,0.049970375,0.108941458
mattern_cov1,1024,992,0.2668154069864152,0.2668154069864136,1.609823385706477e-15,0.051512708,0.110269917
mattern_cov1,1024,993,0.26649587124632007,0.2664958712463184,1.6653345369377348e-15,0.052263875,0.109732541
mattern_cov1,1024,994,0.26613343891596536,0.26613343891596375,1.609823385706477e-15,0.050113792,0.110539958
mattern_cov1,1024,995,0.26604102972336247,0.2660410297233608,1.6653345369377348e-15,0.050351334,0.11109725
mattern_cov1,1024,996,0.2662679892698712,0.26626798926986955,1.6653345369377348e-15,0.051274375,0.110651
mattern_cov1,1024,997,0.266367033031863,0.2663670330318614,1.609823385706477e-15,0.050130625,0.109883917
mattern_cov1,1024,998,0.26619459581327715,0.2661945958132756,1.5543122344752192e-15,0.051982334,0.110576083
mattern_cov1,1024,999,0.26633947402646113,0.2663394740264596,1.5543122344752192e-15,0.053443666,0.110579292
mattern_cov1,1024,1000,0.2657830157901205,0.2657830157901188,1.6653345369377348e-15,0.050698458,0.113810833
mattern_cov1,4096,1,0.4841673406784946,0.4841673406784848,9.769962616701378e-15,0.343487958,0.490230375
mattern_cov1,4096,2,0.48687306701811267,0.48687306701810046,1.2212453270876722e-14,0.364248417,0.49253875
mattern_cov1,4096,3,0.4844573186130115,0.4844573186130022,9.325873406851315e-15,0.340407708,0.495463584
mattern_cov1,4096,4,0.4840117611606967,0.4840117611606862,1.049160758270773e-14,0.341358041,0.490773167
mattern_cov1,4096,5,0.48680229949835835,0.48680229949834675,1.1601830607332886e-14,0.339418917,0.495779958
mattern_cov1,4096,6,0.48547311957487876,0.4854731195748694,9.381384558082573e-15,0.344872584,0.493276084
mattern_cov1,4096,7,0.4838658579644481,0.48386585796443843,9.658940314238862e-15,0.342135041,0.497005125
mattern_cov1,4096,8,0.4874056923008696,0.4874056923008585,1.1102230246251565e-14,0.342645917,0.4923105
mattern_cov1,4096,9,0.48520249950353717,0.485202499503528,9.159339953157541e-15,0.342768042,0.482371208
mattern_cov1,4096,10,0.4856218213617462,0.4856218213617351,1.1102230246251565e-14,0.341611625,0.4954895
mattern_cov1,4096,11,0.4850916753477155,0.4850916753477057,9.825473767932635e-15,0.341613042,0.502291375
mattern_cov1,4096,12,0.48540436827330297,0.485404368273292,1.099120794378905e-14,0.335631042,0.495534
mattern_cov1,4096,13,0.4852918694728127,0.48529186947280284,9.880984919163893e-15,0.3414625,0.490378833
mattern_cov1,4096,14,0.4912079498860397,0.49120794988602184,1.787459069646502e-14,0.339312,0.491290917
mattern_cov1,4096,15,0.48449793993589424,0.48449793993588225,1.199040866595169e-14,0.342756,0.489175667
mattern_cov1,4096,16,0.48687907791770996,0.4868790779177004,9.547918011776346e-15,0.345459208,0.512005417
mattern_cov1,4096,17,0.4871168081789799,0.4871168081789692,1.071365218763276e-14,0.339962667,0.486676291
mattern_cov1,4096,18,0.48511673509376446,0.4851167350937536,1.0880185641326534e-14,0.346469792,0.483836917
mattern_cov1,4096,19,0.48671389579375784,0.48671389579374713,1.071365218763276e-14,0.342297166,0.489695167
mattern_cov1,4096,20,0.4885304112937936,0.4885304112937834,1.021405182655144e-14,0.341075708,0.4905795
mattern_cov1,4096,21,0.4875964555184193,0.48759645551840824,1.1046719095020308e-14,0.345196917,0.489776166
mattern_cov1,4096,22,0.48562138261800564,0.48562138261799487,1.0769163338864018e-14,0.3398395,0.493674708
mattern_cov1,4096,23,0.486186385297742,0.4861863852977309,1.1102230246251565e-14,0.341619958,0.495140625
mattern_cov1,4096,24,0.48552814802227817,0.4855281480222673,1.0880185641326534e-14,0.334526708,0.496181667
mattern_cov1,4096,25,0.4895665001341138,0.48956650013410247,1.1324274851176597e-14,0.342138833,0.494281375
mattern_cov1,4096,26,0.4835828203627579,0.4835828203627477,1.021405182655144e-14,0.337839625,0.491951959
mattern_cov1,4096,27,0.4883349433731867,0.4883349433731765,1.021405182655144e-14,0.347344792,0.490530833
mattern_cov1,4096,28,0.4850797692584026,0.48507976925839347,9.159339953157541e-15,0.35112375,0.500149708
mattern_cov1,4096,29,0.48644983305766604,0.48644983305765527,1.0769163338864018e-14,0.339897,0.497822375
mattern_cov1,4096,30,0.4868346470100735,0.48683464701006374,9.769962616701378e-15,0.357258208,0.486111
mattern_cov1,4096,31,0.4856240852230231,0.4856240852230133,9.769962616701378e-15,0.343155334,0.4911595
mattern_cov1,4096,32,0.486186461526706,0.48618646152669553,1.049160758270773e-14,0.338664875,0.496462542
mattern_cov1,4096,33,0.4845620524888589,0.48456205248884804,1.0880185641326534e-14,0.339012666,0.488512375
mattern_cov1,4096,34,0.4867984448445182,0.4867984448445078,1.0380585280245214e-14,0.34339175,0.48826975
mattern_cov1,4096,35,0.48429518761676554,0.48429518761675544,1.0103029524088925e-14,0.338144875,0.490870666
mattern_cov1,4096,36,0.4852662128783987,0.48526621287838706,1.1657341758564144e-14,0.338904041,0.489701834
mattern_cov1,4096,37,0.4860159507636748,0.4860159507636645,1.0325074129013956e-14,0.346294125,0.492950709
mattern_cov1,4096,38,0.484478455395245,0.48447845539523376,1.1213252548714081e-14,0.335662,0.492449917
mattern_cov1,4096,39,0.4881064444428835,0.48810644444287327,1.021405182655144e-14,0.339032083,0.496180125
mattern_cov1,4096,40,0.48577432256772485,0.4857743225677135,1.1324274851176597e-14,0.342294416,0.488385625
mattern_cov1,4096,41,0.48831506561000987,0.4883150656099984,1.149080830487037e-14,0.341149375,0.49020025
mattern_cov1,4096,42,0.48653610586100937,0.48653610586099866,1.071365218763276e-14,0.345121375,0.48910025
mattern_cov1,4096,43,0.4864194785705012,0.4864194785704902,1.099120794378905e-14,0.377849875,0.494685
mattern_cov1,4096,44,0.4860342283466746,0.48603422834666304,1.1546319456101628e-14,0.3413005,0.490518583
mattern_cov1,4096,45,0.48800785462576174,0.48800785462574964,1.2101430968414206e-14,0.340339666,0.483307125
mattern_cov1,4096,46,0.48870493824571376,0.48870493824570166,1.2101430968414206e-14,0.345028083,0.492598875
mattern_cov1,4096,47,0.4863248718917917,0.4863248718917815,1.021405182655144e-14,0.340226291,0.490735209
mattern_cov1,4096,48,0.4884583453076475,0.48845834530763627,1.1213252548714081e-14,0.336877583,0.489606917
mattern_cov1,4096,49,0.4888290274995992,0.48882902749958923,9.992007221626409e-15,0.348367958,0.494964708
mattern_cov1,4096,50,0.48791640664261166,0.48791640664260005,1.1601830607332886e-14,0.335201958,0.501055625
mattern_cov1,4096,51,0.4870473244921177,0.487047324492107,1.0658141036401503e-14,0.34190025,0.488214792
mattern_cov1,4096,52,0.4851939945867705,0.4851939945867585,1.199040866595169e-14,0.344548833,0.488203875
mattern_cov1,4096,53,0.4865766777488603,0.48657667774884866,1.1657341758564144e-14,0.338290542,0.494061625
mattern_cov1,4096,54,0.4869944663782926,0.4869944663782819,1.0658141036401503e-14,0.34330875,0.491620583
mattern_cov1,4096,55,0.4864108519636618,0.4864108519636507,1.1102230246251565e-14,0.343623958,0.49450725
mattern_cov1,4096,56,0.4872810188339056,0.4872810188338943,1.1324274851176597e-14,0.339408917,0.495031958
mattern_cov1,4096,57,0.48607361329186877,0.48607361329185866,1.0103029524088925e-14,0.340353417,0.482759833
mattern_cov1,4096,58,0.48769694493482657,0.487696944934815,1.1546319456101628e-14,0.343991666,0.492604917
mattern_cov1,4096,59,0.4851765987166723,0.4851765987166617,1.0602629885170245e-14,0.348141,0.494313875
mattern_cov1,4096,60,0.4856392597639607,0.4856392597639503,1.0436096431476471e-14,0.336692334,0.489551
mattern_cov1,4096,61,0.48603962555070884,0.48603962555069885,9.992007221626409e-15,0.3457795,0.492805292
mattern_cov1,4096,62,0.48692082602020575,0.4869208260201941,1.1657341758564144e-14,0.334663208,0.486205708
mattern_cov1,4096,63,0.48614435964367847,0.4861443596436675,1.099120794378905e-14,0.345603333,0.486285125
mattern_cov1,4096,64,0.49083883430172115,0.4908388343017134,7.771561172376096e-15,0.344057208,0.491571791
mattern_cov1,4096,65,0.4854529672477122,0.4854529672477026,9.603429163007604e-15,0.339653625,0.491282959
mattern_cov1,4096,66,0.4899882866622096,0.4899882866621971,1.2490009027033011e-14,0.349832542,0.487372042
mattern_cov1,4096,67,0.4901856258377517,0.4901856258377417,9.992007221626409e-15,0.346586791,0.493309667
mattern_cov1,4096,68,0.487282663730295,0.48728266373028356,1.1435297153639112e-14,0.34593475,0.491720625
mattern_cov1,4096,69,0.4862449660528163,0.4862449660528045,1.1823875212257917e-14,0.342057041,0.485533917
mattern_cov1,4096,70,0.48801573945772375,0.48801573945771365,1.0103029524088925e-14,0.342176666,0.489717959
mattern_cov1,4096,71,0.4886398231193048,0.4886398231192932,1.1601830607332886e-14,0.340276583,0.486938917
mattern_cov1,4096,72,0.48695056011465504,0.48695056011464416,1.0880185641326534e-14,0.334431125,0.485889083
mattern_cov1,4096,73,0.4871187230026674,0.4871187230026557,1.1712852909795402e-14,0.340213417,0.491531292
mattern_cov1,4096,74,0.48784787497417786,0.4878478749741662,1.1657341758564144e-14,0.335477125,0.493366291
mattern_cov1,4096,75,0.48819165138856274,0.4881916513885512,1.1546319456101628e-14,0.350834958,0.492169084
mattern_cov1,4096,76,0.486744445664417,0.4867444456644053,1.1712852909795402e-14,0.347723167,0.490914917
mattern_cov1,4096,77,0.4854118420946618,0.48541184209465166,1.0158540675320182e-14,0.339492375,0.490756959
mattern_cov1,4096,78,0.4845812014447535,0.48458120144474265,1.0824674490095276e-14,0.341944625,0.482842833
mattern_cov1,4096,79,0.4860396308373895,0.4860396308373797,9.769962616701378e-15,0.342717583,0.48980975
mattern_cov1,4096,80,0.4891826687489634,0.48918266874895294,1.0436096431476471e-14,0.3437155,0.491356542
mattern_cov1,4096,81,0.4843535229234279,0.484353522923417,1.0935696792557792e-14,0.339749292,0.485867458
mattern_cov1,4096,82,0.4843824396266207,0.4843824396266104,1.0325074129013956e-14,0.341807166,0.494369167
mattern_cov1,4096,83,0.48712781299896313,0.4871278129989534,9.71445146547012e-15,0.339955708,0.487540625
mattern_cov1,4096,84,0.4848670795788366,0.4848670795788259,1.071365218763276e-14,0.338902834,0.49090125
mattern_cov1,4096,85,0.4867027827952743,0.48670278279526386,1.0436096431476471e-14,0.345086583,0.495460208
mattern_cov1,4096,86,0.48455728168022655,0.4845572816802159,1.0658141036401503e-14,0.335696792,0.491341333
mattern_cov1,4096,87,0.4879831829100212,0.4879831829100105,1.0658141036401503e-14,0.34131325,0.498754417
mattern_cov1,4096,88,0.48757435646560104,0.48757435646559055,1.049160758270773e-14,0.349225625,0.495741209
mattern_cov1,4096,89,0.4869638299372518,0.4869638299372399,1.1879386363489175e-14,0.34339725,0.508350291
mattern_cov1,4096,90,0.48302024041177544,0.4830202404117658,9.658940314238862e-15,0.339685833,0.486484541
mattern_cov1,4096,91,0.4833322169633376,0.48333221696332673,1.0880185641326534e-14,0.339703791,0.490748542
mattern_cov1,4096,92,0.48735364243420926,0.48735364243419843,1.0824674490095276e-14,0.338262167,0.495241792
mattern_cov1,4096,93,0.48455275715713614,0.48455275715712465,1.149080830487037e-14,0.355679334,0.483268208
mattern_cov1,4096,94,0.4843428095073432,0.4843428095073314,1.1823875212257917e-14,0.342469083,0.489837917
mattern_cov1,4096,95,0.4857365896691372,0.48573658966912653,1.0658141036401503e-14,0.34540925,0.489203125
mattern_cov1,4096,96,0.48659392290313846,0.4865939229031278,1.0658141036401503e-14,0.340150042,0.487451
mattern_cov1,4096,97,0.48728128817809013,0.48728128817807975,1.0380585280245214e-14,0.344012042,0.4923905
mattern_cov1,4096,98,0.4865237247576086,0.48652372475759864,9.936496070395151e-15,0.3354635,0.486983709
mattern_cov1,4096,99,0.4861472087090744,0.48614720870906386,1.0547118733938987e-14,0.342789875,0.49338875
mattern_cov1,4096,100,0.4862180178884099,0.48621801788839897,1.0935696792557792e-14,0.345687583,0.486738667
mattern_cov1,4096,101,0.4870398490374941,0.48703984903748393,1.0158540675320182e-14,0.3392565,0.492889958
mattern_cov1,4096,102,0.4882977339645908,0.48829773396457976,1.1046719095020308e-14,0.344815167,0.486189708
mattern_cov1,4096,103,0.48741237301283374,0.4874123730128248,8.93729534823251e-15,0.344505083,0.489772333
mattern_cov1,4096,104,0.48500108202825754,0.48500108202824527,1.226796442210798e-14,0.347674708,0.4910575
mattern_cov1,4096,105,0.48496466071185274,0.4849646607118416,1.1157741397482823e-14,0.343941667,0.488443583
mattern_cov1,4096,106,0.4855775265302858,0.4855775265302751,1.071365218763276e-14,0.341314583,0.495167417
mattern_cov1,4096,107,0.4870523398855751,0.48705233988556373,1.1379786002407855e-14,0.343263125,0.490163375
mattern_cov1,4096,108,0.48618145526435425,0.4861814552643437,1.0547118733938987e-14,0.340302333,0.490334
mattern_cov1,4096,109,0.48599019185270514,0.48599019185269315,1.199040866595169e-14,0.343632792,0.491625416
mattern_cov1,4096,110,0.48530502206245124,0.48530502206244014,1.1102230246251565e-14,0.331095292,0.49975625
mattern_cov1,4096,111,0.4869652438322419,0.48696524383223033,1.1546319456101628e-14,0.346158292,0.489915708
mattern_cov1,4096,112,0.48742835307308363,0.4874283530730718,1.1823875212257917e-14,0.346486584,0.493753209
mattern_cov1,4096,113,0.48669097906309444,0.4866909790630842,1.0269562977782698e-14,0.338871375,0.493022083
mattern_cov1,4096,114,0.4903395276769656,0.49033952767695466,1.0935696792557792e-14,0.338154208,0.491953125
mattern_cov1,4096,115,0.48616914247697207,0.4861691424769614,1.0658141036401503e-14,0.34273625,0.493263958
mattern_cov1,4096,116,0.48799874872351495,0.48799874872350646,8.493206138382448e-15,0.362681667,0.491451166
mattern_cov1,4096,117,0.4857916502828646,0.48579165028285337,1.1213252548714081e-14,0.340018333,0.490779375
mattern_cov1,4096,118,0.48993637818032815,0.48993637818031766,1.049160758270773e-14,0.340092334,0.49444425
mattern_cov1,4096,119,0.48656918272785593,0.4865691827278443,1.1657341758564144e-14,0.344569208,0.4960305
mattern_cov1,4096,120,0.4868827864499301,0.4868827864499195,1.0602629885170245e-14,0.336502583,0.491717541
mattern_cov1,4096,121,0.48626613341489194,0.48626613341487473,1.7208456881689926e-14,0.338564875,0.491224416
mattern_cov1,4096,122,0.48350931070915587,0.4835093107091459,9.992007221626409e-15,0.33944475,0.492498792
mattern_cov1,4096,123,0.48553201189178935,0.48553201189177964,9.71445146547012e-15,0.343562792,0.494020417
mattern_cov1,4096,124,0.4870397891832526,0.48703978918324076,1.1823875212257917e-14,0.342692708,0.490130583
mattern_cov1,4096,125,0.4872385506421349,0.487238550642124,1.0880185641326534e-14,0.338745167,0.491728333
mattern_cov1,4096,126,0.48732582215919956,0.48732582215918824,1.1324274851176597e-14,0.346593833,0.481433625
mattern_cov1,4096,127,0.4855007898300678,0.48550078983005873,9.048317650695026e-15,0.335177541,0.489026542
mattern_cov1,4096,128,0.4838356318692884,0.4838356318692763,1.2101430968414206e-14,0.342236875,0.497254333
mattern_cov1,4096,129,0.4850723251357889,0.4850723251357785,1.0380585280245214e-14,0.344109333,0.485212958
mattern_cov1,4096,130,0.48753851421288646,0.48753851421287525,1.1213252548714081e-14,0.346008166,0.50447425
mattern_cov1,4096,131,0.48798787596653104,0.4879878759665195,1.1546319456101628e-14,0.341563291,0.493280042
mattern_cov1,4096,132,0.48576245363622,0.48576245363620946,1.0547118733938987e-14,0.335616375,0.485892959
mattern_cov1,4096,133,0.4859151908924801,0.48591519089246976,1.0325074129013956e-14,0.3400705,0.492320458
mattern_cov1,4096,134,0.4862807252217754,0.4862807252217647,1.071365218763276e-14,0.330758459,0.486607209
mattern_cov1,4096,135,0.4847117329338582,0.48471173293384745,1.0769163338864018e-14,0.341393875,0.486219042
mattern_cov1,4096,136,0.4856356092015068,0.48563560920149645,1.0325074129013956e-14,0.341325791,0.4890375
mattern_cov1,4096,137,0.4863106440910139,0.4863106440910026,1.1268763699945339e-14,0.342053166,0.488050792
mattern_cov1,4096,138,0.48770102025011375,0.48770102025010315,1.0602629885170245e-14,0.347384083,0.486484
mattern_cov1,4096,139,0.48716229702527475,0.4871622970252642,1.0547118733938987e-14,0.339952583,0.496422875
mattern_cov1,4096,140,0.4858175892499772,0.4858175892499667,1.049160758270773e-14,0.338442417,0.491677291
mattern_cov1,4096,141,0.4864931472069267,0.486493147206917,9.71445146547012e-15,0.344961167,0.48649375
mattern_cov1,4096,142,0.4899106731204697,0.4899106731204599,9.825473767932635e-15,0.344239041,0.494459334
mattern_cov1,4096,143,0.48675489545332074,0.4867548954533107,1.0047518372857667e-14,0.337644958,0.490993
mattern_cov1,4096,144,0.4868626283267629,0.4868626283267521,1.0824674490095276e-14,0.332776333,0.4888325
mattern_cov1,4096,145,0.4849930938275257,0.4849930938275145,1.1213252548714081e-14,0.340831292,0.487561291
mattern_cov1,4096,146,0.4834887777362133,0.4834887777362025,1.0769163338864018e-14,0.336321833,0.494392042
mattern_cov1,4096,147,0.48765888456805384,0.48765888456804296,1.0880185641326534e-14,0.343647208,0.48968075
mattern_cov1,4096,148,0.4881395349314985,0.48813953493148693,1.1546319456101628e-14,0.341664167,0.503826541
mattern_cov1,4096,149,0.48729677793460463,0.4872967779345933,1.1324274851176597e-14,0.343026125,0.4911925
mattern_cov1,4096,150,0.4889141993091273,0.48891419930911645,1.0824674490095276e-14,0.347773458,0.488090375
mattern_cov1,4096,151,0.48509500715796877,0.48509500715795806,1.071365218763276e-14,0.344833458,0.490991708
mattern_cov1,4096,152,0.4829409497631756,0.48294094976316787,7.716050021144838e-15,0.340015625,0.488898917
mattern_cov1,4096,153,0.48692709999877154,0.48692709999876077,1.0769163338864018e-14,0.342170917,0.496662042
mattern_cov1,4096,154,0.48329099976754303,0.4832909997675307,1.2323475573339238e-14,0.340818959,0.502087333
mattern_cov1,4096,155,0.48934714447074784,0.48934714447073735,1.049160758270773e-14,0.3442135,0.495275875
mattern_cov1,4096,156,0.4858690784744711,0.4858690784744594,1.1657341758564144e-14,0.342307,0.488735792
mattern_cov1,4096,157,0.4842107916626735,0.4842107916626632,1.0325074129013956e-14,0.341939542,0.493801708
mattern_cov1,4096,158,0.4870649507560474,0.4870649507560365,1.0880185641326534e-14,0.343715583,0.493255584
mattern_cov1,4096,159,0.48645086619296113,0.48645086619295047,1.0658141036401503e-14,0.344757667,0.491988333
mattern_cov1,4096,160,0.4860285676126413,0.4860285676126306,1.071365218763276e-14,0.347141416,0.488518084
mattern_cov1,4096,161,0.4853278536421382,0.485327853642127,1.1213252548714081e-14,0.341154458,0.489593958
mattern_cov1,4096,162,0.48573158079370615,0.48573158079369644,9.71445146547012e-15,0.344756084,0.49072175
mattern_cov1,4096,163,0.48680486384180655,0.48680486384179567,1.0880185641326534e-14,0.341823875,0.488742959
mattern_cov1,4096,164,0.4864721961853781,0.486472196185367,1.1102230246251565e-14,0.341571417,0.493485375
mattern_cov1,4096,165,0.48425479819502054,0.4842547981950103,1.021405182655144e-14,0.34323,0.491657042
mattern_cov1,4096,166,0.4863319599207548,0.4863319599207447,1.0103029524088925e-14,0.342777083,0.493966917
mattern_cov1,4096,167,0.48674900836330415,0.48674900836329377,1.0380585280245214e-14,0.344099958,0.488848917
mattern_cov1,4096,168,0.48546741044540115,0.48546741044539243,8.715250743307479e-15,0.347211875,0.494828334
mattern_cov1,4096,169,0.48512413028634693,0.4851241302863365,1.0436096431476471e-14,0.344839625,0.490909041
mattern_cov1,4096,170,0.48326232971721167,0.4832623297172012,1.049160758270773e-14,0.339866333,0.490647958
mattern_cov1,4096,171,0.48721624082110604,0.4872162408210954,1.0658141036401503e-14,0.3441605,0.495910958
mattern_cov1,4096,172,0.4888235077614442,0.4888235077614372,6.994405055138486e-15,0.340369208,0.516963584
mattern_cov1,4096,173,0.48554722821698126,0.48554722821697,1.1268763699945339e-14,0.342078333,0.493019917
mattern_cov1,4096,174,0.4884645897726793,0.48846458977266777,1.1546319456101628e-14,0.33943375,0.487711375
mattern_cov1,4096,175,0.4854795771554649,0.48547957715545403,1.0880185641326534e-14,0.343875667,0.489600583
mattern_cov1,4096,176,0.48676349947063574,0.4867634994706241,1.1657341758564144e-14,0.33984675,0.490681958
mattern_cov1,4096,177,0.48792104793812463,0.48792104793811353,1.1102230246251565e-14,0.344643625,0.48671075
mattern_cov1,4096,178,0.4895082736287765,0.489508273628766,1.0547118733938987e-14,0.33839225,0.497270041
mattern_cov1,4096,179,0.4865140592046833,0.4865140592046724,1.0935696792557792e-14,0.34514875,0.54857825
mattern_cov1,4096,180,0.4878470837409357,0.48784708374092406,1.1657341758564144e-14,0.345719125,0.494300334
mattern_cov1,4096,181,0.48772944946507263,0.4877294494650628,9.825473767932635e-15,0.345292458,0.488148959
mattern_cov1,4096,182,0.4854036465503726,0.4854036465503619,1.071365218763276e-14,0.34229375,0.492845125
mattern_cov1,4096,183,0.48713103698943394,0.487131036989422,1.1934897514720433e-14,0.34184475,0.488260209
mattern_cov1,4096,184,0.48365951301056836,0.4836595130105577,1.0658141036401503e-14,0.347360959,0.492423625
mattern_cov1,4096,185,0.48489717951307215,0.48489717951306166,1.049160758270773e-14,0.35163525,0.496039792
mattern_cov1,4096,186,0.48740333475686176,0.48740333475685077,1.099120794378905e-14,0.34386025,0.487785334
mattern_cov1,4096,187,0.4857428878006991,0.48574288780068064,1.84297022087776e-14,0.347227333,0.497680083
mattern_cov1,4096,188,0.4889719793512722,0.48897197935126196,1.021405182655144e-14,0.342900375,0.490825125
mattern_cov1,4096,189,0.4830112233908297,0.4830112233908199,9.769962616701378e-15,0.342460083,0.494366833
mattern_cov1,4096,190,0.4872857662939028,0.4872857662938929,9.880984919163893e-15,0.352044666,0.499905709
mattern_cov1,4096,191,0.48719706880175145,0.4871970688017404,1.1046719095020308e-14,0.343518292,0.488737791
mattern_cov1,4096,192,0.4884368919207735,0.4884368919207595,1.3988810110276972e-14,0.345849125,0.490701333
mattern_cov1,4096,193,0.48701083639963705,0.48701083639962667,1.0380585280245214e-14,0.345033959,0.505376166
mattern_cov1,4096,194,0.48932861906127195,0.4893286190612601,1.1879386363489175e-14,0.340068542,0.513424625
mattern_cov1,4096,195,0.4871062923315755,0.4871062923315634,1.2101430968414206e-14,0.34070225,0.493760916
mattern_cov1,4096,196,0.48658202392751915,0.4865820239275087,1.0436096431476471e-14,0.341289458,0.49211625
mattern_cov1,4096,197,0.4852465951940428,0.4852465951940319,1.0880185641326534e-14,0.346774125,0.487256584
mattern_cov1,4096,198,0.4868421813875867,0.486842181387577,9.71445146547012e-15,0.345899375,0.492464459
mattern_cov1,4096,199,0.487624327076023,0.4876243270760119,1.1102230246251565e-14,0.34577825,0.498974292
mattern_cov1,4096,200,0.4865291021173695,0.486529102117359,1.049160758270773e-14,0.340003875,0.485737291
mattern_cov1,4096,201,0.48605235536711905,0.4860523553671067,1.2323475573339238e-14,0.344591125,0.492645416
mattern_cov1,4096,202,0.4870901916214248,0.48709019162141337,1.1435297153639112e-14,0.348656625,0.491738709
mattern_cov1,4096,203,0.4874162016333319,0.4874162016333203,1.1601830607332886e-14,0.340854958,0.494387542
mattern_cov1,4096,204,0.4872924489494858,0.48729244894947515,1.0658141036401503e-14,0.346119875,0.489505375
mattern_cov1,4096,205,0.4869761207191823,0.4869761207191721,1.0158540675320182e-14,0.34815575,0.495807917
mattern_cov1,4096,206,0.4856836969269696,0.485683696926958,1.1601830607332886e-14,0.340865417,0.490680542
mattern_cov1,4096,207,0.48728814918724966,0.4872881491872385,1.1157741397482823e-14,0.340528333,0.487793375
mattern_cov1,4096,208,0.48692570444589817,0.48692570444588745,1.071365218763276e-14,0.343099417,0.491372458
mattern_cov1,4096,209,0.4887999932393478,0.4887999932393366,1.1213252548714081e-14,0.342094667,0.498788292
mattern_cov1,4096,210,0.4889651808577032,0.4889651808576918,1.1379786002407855e-14,0.346250125,0.488105708
mattern_cov1,4096,211,0.48886568634697253,0.48886568634696154,1.099120794378905e-14,0.34627825,0.490435417
mattern_cov1,4096,212,0.4890726643732877,0.48907266437327673,1.099120794378905e-14,0.346097916,0.495755625
mattern_cov1,4096,213,0.487554323346181,0.48755432334616966,1.1324274851176597e-14,0.341367833,0.504177
mattern_cov1,4096,214,0.4897046212300454,0.48970462123003017,1.5210055437364645e-14,0.340550458,0.492817875
mattern_cov1,4096,215,0.4892172374074999,0.48921723740748807,1.1823875212257917e-14,0.343177875,0.48865625
mattern_cov1,4096,216,0.4853454969676993,0.48534549696768897,1.0325074129013956e-14,0.343679375,0.486555125
mattern_cov1,4096,217,0.48581040819992016,0.48581040819990967,1.049160758270773e-14,0.343437625,0.499845916
mattern_cov1,4096,218,0.48612695413078905,0.4861269541307762,1.2823075934420558e-14,0.34772525,0.494755583
mattern_cov1,4096,219,0.48539977952842644,0.48539977952841423,1.2212453270876722e-14,0.344067083,0.490536834
mattern_cov1,4096,220,0.4872937523375105,0.4872937523375001,1.0380585280245214e-14,0.342038167,0.48934275
mattern_cov1,4096,221,0.4873487279563526,0.48734872795634204,1.0547118733938987e-14,0.34617525,0.494961416
mattern_cov1,4096,222,0.4861216212287423,0.4861216212287305,1.1823875212257917e-14,0.345193792,0.482892167
mattern_cov1,4096,223,0.48571685621067817,0.4857168562106673,1.0880185641326534e-14,0.340915958,0.49781725
mattern_cov1,4096,224,0.48674880395684267,0.48674880395683146,1.1213252548714081e-14,0.345918083,0.492729167
mattern_cov1,4096,225,0.4876713359170333,0.4876713359170232,1.0103029524088925e-14,0.339916083,0.487712667
mattern_cov1,4096,226,0.4850744274741199,0.48507442747410884,1.1046719095020308e-14,0.339047459,0.503446084
mattern_cov1,4096,227,0.48802881961911765,0.4880288196191072,1.0436096431476471e-14,0.345995542,0.4909375
mattern_cov1,4096,228,0.4877029905776704,0.48770299057766,1.0436096431476471e-14,0.337382084,0.486817792
mattern_cov1,4096,229,0.48650849984472444,0.48650849984471495,9.492406860545088e-15,0.360323583,0.495021042
mattern_cov1,4096,230,0.4872417752983471,0.48724177529833596,1.1157741397482823e-14,0.339600125,0.490877334
mattern_cov1,4096,231,0.4866860120413283,0.4866860120413183,9.992007221626409e-15,0.344339042,0.493735667
mattern_cov1,4096,232,0.48296051742062507,0.4829605174206106,1.4488410471358293e-14,0.344555334,0.492367041
mattern_cov1,4096,233,0.48885193293675405,0.48885193293674284,1.1213252548714081e-14,0.339155834,0.487225333
mattern_cov1,4096,234,0.4855371194591076,0.4855371194590971,1.049160758270773e-14,0.341951417,0.4867565
mattern_cov1,4096,235,0.4877756031847396,0.48777560318472907,1.0547118733938987e-14,0.336148708,0.490661166
mattern_cov1,4096,236,0.4869433628239199,0.4869433628239095,1.0436096431476471e-14,0.341392625,0.488684917
mattern_cov1,4096,237,0.48604095405208686,0.486040954052076,1.0880185641326534e-14,0.346428833,0.485450292
mattern_cov1,4096,238,0.4856614442768082,0.4856614442767966,1.1601830607332886e-14,0.346598042,0.4952635
mattern_cov1,4096,239,0.4852767078495914,0.4852767078495824,9.048317650695026e-15,0.340290375,0.493563542
mattern_cov1,4096,240,0.4855516107440543,0.4855516107440456,8.659739592076221e-15,0.334610625,0.491593125
mattern_cov1,4096,241,0.4880363251365978,0.48803632513658685,1.0935696792557792e-14,0.344416958,0.491000917
mattern_cov1,4096,242,0.4886433782859117,0.4886433782859015,1.021405182655144e-14,0.3344175,0.491659958
mattern_cov1,4096,243,0.48807289177091845,0.48807289177090746,1.099120794378905e-14,0.3425585,0.4932695
mattern_cov1,4096,244,0.48723932801273134,0.4872393280127207,1.0658141036401503e-14,0.341858959,0.494703625
mattern_cov1,4096,245,0.4882837652230024,0.48828376522299094,1.1435297153639112e-14,0.342030167,0.490624958
mattern_cov1,4096,246,0.48430262180029177,0.4843026218002818,9.992007221626409e-15,0.341790625,0.485426834
mattern_cov1,4096,247,0.48836507238870003,0.4883650723886896,1.0436096431476471e-14,0.341547084,0.491008583
mattern_cov1,4096,248,0.484554128439133,0.4845541284391219,1.1102230246251565e-14,0.343750416,0.493045375
mattern_cov1,4096,249,0.4833795540534665,0.48337955405345573,1.0769163338864018e-14,0.345708416,0.486082375
mattern_cov1,4096,250,0.4836713651546591,0.483671365154649,1.0103029524088925e-14,0.336618875,0.495406792
mattern_cov1,4096,251,0.48578095997436455,0.4857809599743543,1.0269562977782698e-14,0.34024875,0.496131542
mattern_cov1,4096,252,0.4869659972439113,0.48696599724389933,1.199040866595169e-14,0.338419625,0.495210541
mattern_cov1,4096,253,0.4862639459347906,0.48626394593477995,1.0658141036401503e-14,0.340180125,0.495669792
mattern_cov1,4096,254,0.4866475667424222,0.48664756674241244,9.769962616701378e-15,0.337096291,0.489748709
mattern_cov1,4096,255,0.48583637784247463,0.4858363778424632,1.1435297153639112e-14,0.344413917,0.494208625
mattern_cov1,4096,256,0.4855825548335367,0.4855825548335262,1.049160758270773e-14,0.341812959,0.492809875
mattern_cov1,4096,257,0.48481663802952896,0.48481663802951824,1.071365218763276e-14,0.342233125,0.481802
mattern_cov1,4096,258,0.4854974227981686,0.48549742279815655,1.2045919817182948e-14,0.358332792,0.486525166
mattern_cov1,4096,259,0.4841233911896259,0.4841233911896154,1.049160758270773e-14,0.338669916,0.49668375
mattern_cov1,4096,260,0.48560688630093046,0.4856068863009189,1.1546319456101628e-14,0.335585542,0.493698667
mattern_cov1,4096,261,0.4869640405517115,0.4869640405517015,9.992007221626409e-15,0.341780208,0.481944834
mattern_cov1,4096,262,0.4896609262571796,0.48966092625716834,1.1268763699945339e-14,0.333559333,0.489246792
mattern_cov1,4096,263,0.484520158275034,0.4845201582750233,1.0658141036401503e-14,0.3464465,0.502592125
mattern_cov1,4096,264,0.4882273664677778,0.4882273664677668,1.099120794378905e-14,0.33341825,0.489063833
mattern_cov1,4096,265,0.48476226900547853,0.4847622690054694,9.103828801926284e-15,0.343699583,0.491451958
mattern_cov1,4096,266,0.48536352804247923,0.48536352804246996,9.270362255620057e-15,0.334109,0.483881333
mattern_cov1,4096,267,0.48927324252073306,0.48927324252072263,1.0436096431476471e-14,0.338551584,0.486983958
mattern_cov1,4096,268,0.48926665863003627,0.4892666586300248,1.149080830487037e-14,0.341460791,0.492086375
mattern_cov1,4096,269,0.4856738433872123,0.48567384338720193,1.0380585280245214e-14,0.343438208,0.486165084
mattern_cov1,4096,270,0.485900328512197,0.4859003285121866,1.0380585280245214e-14,0.342674083,0.486593459
mattern_cov1,4096,271,0.48479816634004885,0.48479816634003864,1.021405182655144e-14,0.339004125,0.494197125
mattern_cov1,4096,272,0.48813867291194235,0.4881386729119319,1.0436096431476471e-14,0.33288875,0.494447959
mattern_cov1,4096,273,0.4857930836173788,0.4857930836173681,1.0658141036401503e-14,0.34412875,0.479151167
mattern_cov1,4096,274,0.4870688604328319,0.4870688604328213,1.0547118733938987e-14,0.336386208,0.490870375
mattern_cov1,4096,275,0.48854628012315154,0.4885462801231412,1.0325074129013956e-14,0.344010916,0.485051417
mattern_cov1,4096,276,0.4839702078951813,0.48397020789517037,1.0935696792557792e-14,0.338231625,0.492803875
mattern_cov1,4096,277,0.4866157705630232,0.48661577056301003,1.3156142841808105e-14,0.346703417,0.486805833
mattern_cov1,4096,278,0.4877088973832752,0.4877088973832641,1.1102230246251565e-14,0.334693542,0.48878275
mattern_cov1,4096,279,0.4820998704328074,0.4820998704327965,1.0880185641326534e-14,0.340173625,0.493877917
mattern_cov1,4096,280,0.4880394326886792,0.48803943268866684,1.2378986724570495e-14,0.342465875,0.488832708
mattern_cov1,4096,281,0.48667701092560095,0.48667701092559174,9.2148511043888e-15,0.337093334,0.482349208
mattern_cov1,4096,282,0.4847569126499241,0.48475691264991255,1.1546319456101628e-14,0.345440209,0.485221916
mattern_cov1,4096,283,0.4853627044149695,0.48536270441495927,1.021405182655144e-14,0.340495875,0.490529792
mattern_cov1,4096,284,0.4862276718856786,0.48622767188566723,1.1379786002407855e-14,0.334645083,0.495962959
mattern_cov1,4096,285,0.4873949290574843,0.4873949290574739,1.0436096431476471e-14,0.3441735,0.48478975
mattern_cov1,4096,286,0.486660376782184,0.4866603767821722,1.176836406102666e-14,0.329894708,0.492056291
mattern_cov1,4096,287,0.48344857067372926,0.4834485706737189,1.0380585280245214e-14,0.338940708,0.49047825
mattern_cov1,4096,288,0.48588993561814225,0.4858899356181319,1.0380585280245214e-14,0.333711375,0.488033125
mattern_cov1,4096,289,0.48567464640364966,0.485674646403639,1.0658141036401503e-14,0.345180541,0.4894705
mattern_cov1,4096,290,0.4840836651852451,0.4840836651852352,9.880984919163893e-15,0.333771333,0.489626875
mattern_cov1,4096,291,0.4848417344502553,0.484841734450243,1.2323475573339238e-14,0.353146583,0.495073708
mattern_cov1,4096,292,0.486599332683578,0.4865993326835671,1.0935696792557792e-14,0.340144125,0.489972458
mattern_cov1,4096,293,0.4847691792169982,0.48476917921698676,1.1435297153639112e-14,0.341763583,0.48665925
mattern_cov1,4096,294,0.48652328762259245,0.4865232876225822,1.0269562977782698e-14,0.337610084,0.48643675
mattern_cov1,4096,295,0.48745910499433426,0.48745910499432354,1.071365218763276e-14,0.340906042,0.487002875
mattern_cov1,4096,296,0.4869657828777607,0.4869657828777503,1.0436096431476471e-14,0.33910275,0.494140458
mattern_cov1,4096,297,0.4864641126465072,0.4864641126464971,1.0103029524088925e-14,0.34235775,0.485286958
mattern_cov1,4096,298,0.4872697968904049,0.48726979689039496,9.936496070395151e-15,0.338134292,0.4915955
mattern_cov1,4096,299,0.48677978405505024,0.48677978405503913,1.1102230246251565e-14,0.34517725,0.493071084
mattern_cov1,4096,300,0.4863263935236147,0.48632639352360596,8.715250743307479e-15,0.342046,0.487184584
mattern_cov1,4096,301,0.4855535681923889,0.48555356819237644,1.2434497875801753e-14,0.342972625,0.501468584
mattern_cov1,4096,302,0.4865599870709145,0.48655998707090314,1.1379786002407855e-14,0.335776,0.481715084
mattern_cov1,4096,303,0.4866922259632309,0.4866922259632196,1.1324274851176597e-14,0.33835925,0.486817333
mattern_cov1,4096,304,0.48602644046938365,0.48602644046937266,1.099120794378905e-14,0.339150584,0.492477875
mattern_cov1,4096,305,0.4867818885878656,0.4867818885878556,9.992007221626409e-15,0.343018333,0.489362417
mattern_cov1,4096,306,0.48373242833900654,0.4837324283389959,1.0658141036401503e-14,0.347235625,0.483953875
mattern_cov1,4096,307,0.48667178057168997,0.4866717805716793,1.0658141036401503e-14,0.342953208,0.511695083
mattern_cov1,4096,308,0.48711639389163913,0.48711639389162853,1.0602629885170245e-14,0.336148584,0.495106958
mattern_cov1,4096,309,0.4859400277449269,0.48594002774491646,1.0436096431476471e-14,0.339893792,0.489113
mattern_cov1,4096,310,0.48654684910742474,0.4865468491074132,1.1546319456101628e-14,0.334701625,0.49370225
mattern_cov1,4096,311,0.48367346606850564,0.48367346606849293,1.2712053631958042e-14,0.338606042,0.491150458
mattern_cov1,4096,312,0.4860419300050814,0.4860419300050716,9.769962616701378e-15,0.338542583,0.492217208
mattern_cov1,4096,313,0.4871778687400021,0.487177868739991,1.1046719095020308e-14,0.342203666,0.500618209
mattern_cov1,4096,314,0.48823289778876394,0.4882328977887534,1.0547118733938987e-14,0.3350815,0.483043709
mattern_cov1,4096,315,0.4911940355726605,0.49119403557264896,1.1546319456101628e-14,0.338077,0.491756333
mattern_cov1,4096,316,0.48808195007365435,0.4880819500736435,1.0824674490095276e-14,0.345930667,0.491241875
mattern_cov1,4096,317,0.4852753161357042,0.4852753161356938,1.0380585280245214e-14,0.343186792,0.489065333
mattern_cov1,4096,318,0.4859892890830821,0.4859892890830711,1.099120794378905e-14,0.345638167,0.485351125
mattern_cov1,4096,319,0.48452426377643665,0.48452426377642527,1.1379786002407855e-14,0.338418916,0.494570875
mattern_cov1,4096,320,0.4864054640954636,0.48640546409545005,1.354472090042691e-14,0.339152084,0.489477208
mattern_cov1,4096,321,0.48968645017240076,0.48968645017238793,1.2823075934420558e-14,0.343017125,0.488056042
mattern_cov1,4096,322,0.4871497039664667,0.48714970396645557,1.1102230246251565e-14,0.336797833,0.490265542
mattern_cov1,4096,323,0.4862229388716332,0.4862229388716226,1.0602629885170245e-14,0.340366292,0.487875833
mattern_cov1,4096,324,0.4879682947802512,0.48796829478023995,1.1268763699945339e-14,0.362314959,0.492481791
mattern_cov1,4096,325,0.48869890961589096,0.4886989096158805,1.049160758270773e-14,0.358379416,0.502097292
mattern_cov1,4096,326,0.4850700534419521,0.4850700534419417,1.0380585280245214e-14,0.334393,0.491450458
mattern_cov1,4096,327,0.4857703455251566,0.4857703455251456,1.099120794378905e-14,0.342048875,0.494873708
mattern_cov1,4096,328,0.48793458483855506,0.4879345848385445,1.0547118733938987e-14,0.344272625,0.491857625
mattern_cov1,4096,329,0.4858280379149231,0.4858280379149104,1.2712053631958042e-14,0.3417725,0.485673042
mattern_cov1,4096,330,0.48906202686137484,0.48906202686136396,1.0880185641326534e-14,0.347638292,0.479378792
mattern_cov1,4096,331,0.48617437687570497,0.4861743768756943,1.0658141036401503e-14,0.357002792,0.493567208
mattern_cov1,4096,332,0.4849987559013404,0.48499875590132974,1.0658141036401503e-14,0.337995625,0.488107
mattern_cov1,4096,333,0.48705496536797027,0.48705496536796206,8.215650382226158e-15,0.341532917,0.483501167
mattern_cov1,4096,334,0.48876485900843153,0.4887648590084202,1.1324274851176597e-14,0.338909333,0.502015041
mattern_cov1,4096,335,0.48569454150149133,0.48569454150148034,1.099120794378905e-14,0.343182333,0.498245791
mattern_cov1,4096,336,0.49000130532042546,0.49000130532041436,1.1102230246251565e-14,0.337863208,0.497926125
mattern_cov1,4096,337,0.48634542652640994,0.4863454265264,9.936496070395151e-15,0.34328075,0.494940958
mattern_cov1,4096,338,0.485324257989052,0.4853242579890413,1.071365218763276e-14,0.336710542,0.481029541
mattern_cov1,4096,339,0.4887786526374609,0.4887786526374532,7.716050021144838e-15,0.344218458,0.491263834
mattern_cov1,4096,340,0.4876647857240679,0.4876647857240573,1.0602629885170245e-14,0.345004125,0.496127917
mattern_cov1,4096,341,0.48783454320143577,0.48783454320142544,1.0325074129013956e-14,0.342405375,0.481176125
mattern_cov1,4096,342,0.48651446840450663,0.4865144684044956,1.1046719095020308e-14,0.342892333,0.488697792
mattern_cov1,4096,343,0.4858267232171744,0.4858267232171618,1.2601031329495527e-14,0.341714375,0.491284625
mattern_cov1,4096,344,0.48652335834537563,0.4865233583453648,1.0824674490095276e-14,0.333774083,0.48951625
mattern_cov1,4096,345,0.48567679321531504,0.48567679321530455,1.049160758270773e-14,0.341130958,0.485194125
mattern_cov1,4096,346,0.48634318157016665,0.4863431815701568,9.825473767932635e-15,0.333344916,0.49453375
mattern_cov1,4096,347,0.4839517367659922,0.4839517367659809,1.1268763699945339e-14,0.344854708,0.493136834
mattern_cov1,4096,348,0.4876410812721061,0.48764108127209593,1.0158540675320182e-14,0.33474125,0.495461167
mattern_cov1,4096,349,0.4866846013663681,0.48668460136636055,7.549516567451064e-15,0.350530167,0.494846625
mattern_cov1,4096,350,0.4856149100117537,0.4856149100117486,5.10702591327572e-15,0.338125541,0.484779834
mattern_cov1,4096,351,0.4866471465096404,0.4866471465096296,1.0824674490095276e-14,0.338385375,0.492779833
mattern_cov1,4096,352,0.48693061002680044,0.48693061002678983,1.0602629885170245e-14,0.344209709,0.494803166
mattern_cov1,4096,353,0.4876428072072871,0.4876428072072761,1.099120794378905e-14,0.347035167,0.488508166
mattern_cov1,4096,354,0.48754648754134583,0.48754648754133556,1.0269562977782698e-14,0.345522083,0.484437083
mattern_cov1,4096,355,0.4867265211914325,0.48672652119142223,1.0269562977782698e-14,0.345365125,0.490934417
mattern_cov1,4096,356,0.48856051026695213,0.48856051026694036,1.176836406102666e-14,0.337891417,0.490558041
mattern_cov1,4096,357,0.4872922305161668,0.4872922305161564,1.0436096431476471e-14,0.342519,0.490873459
mattern_cov1,4096,358,0.4854553609334014,0.4854553609333921,9.325873406851315e-15,0.33682575,0.48586725
mattern_cov1,4096,359,0.4853010447949428,0.48530104479493213,1.0658141036401503e-14,0.358786416,0.497162
mattern_cov1,4096,360,0.4885330894843694,0.48853308948435686,1.2545520178264269e-14,0.334895875,0.494194875
mattern_cov1,4096,361,0.48672917853177605,0.486729178531766,1.0047518372857667e-14,0.346684958,0.49621075
mattern_cov1,4096,362,0.4839213988394011,0.4839213988393897,1.1379786002407855e-14,0.337739542,0.489588209
mattern_cov1,4096,363,0.4865917519171527,0.4865917519171425,1.021405182655144e-14,0.388637833,0.496275
mattern_cov1,4096,364,0.48915750980113715,0.48915750980112555,1.1601830607332886e-14,0.342858125,0.492096708
mattern_cov1,4096,365,0.488735086139263,0.4887350861392524,1.0602629885170245e-14,0.342626708,0.491363917
mattern_cov1,4096,366,0.48784619830567694,0.48784619830566606,1.0880185641326534e-14,0.339399167,0.490406417
mattern_cov1,4096,367,0.48623076250710934,0.4862307625070983,1.1046719095020308e-14,0.343152292,0.497987
mattern_cov1,4096,368,0.48651882354642056,0.4865188235464098,1.0769163338864018e-14,0.337645083,0.49157475
mattern_cov1,4096,369,0.4869714932839653,0.48697149328395234,1.2934098236883074e-14,0.342091958,0.490636042
mattern_cov1,4096,370,0.4869811069910321,0.4869811069910204,1.1712852909795402e-14,0.335342625,0.491626583
mattern_cov1,4096,371,0.4832606164190969,0.48326061641908663,1.0269562977782698e-14,0.343786042,0.495252916
mattern_cov1,4096,372,0.48464989173168993,0.48464989173167955,1.0380585280245214e-14,0.336828125,0.491264125
mattern_cov1,4096,373,0.48698009031767747,0.48698009031766754,9.936496070395151e-15,0.351133541,0.492338209
mattern_cov1,4096,374,0.484954604609147,0.4849546046091353,1.1712852909795402e-14,0.338913875,0.48347475
mattern_cov1,4096,375,0.48774139128562655,0.4877413912856155,1.1046719095020308e-14,0.341972,0.4928965
mattern_cov1,4096,376,0.4869003399409675,0.48690033994095755,9.936496070395151e-15,0.345327208,0.492876458
mattern_cov1,4096,377,0.48566571447467793,0.48566571447466717,1.0769163338864018e-14,0.344217709,0.48583475
mattern_cov1,4096,378,0.4885369723301766,0.4885369723301653,1.1324274851176597e-14,0.340698417,0.487068292
mattern_cov1,4096,379,0.48556410768680597,0.48556410768679586,1.0103029524088925e-14,0.347930125,0.491934583
mattern_cov1,4096,380,0.484011740060174,0.48401174006016334,1.0658141036401503e-14,0.335755958,0.491529625
mattern_cov1,4096,381,0.4860058875372888,0.48600588753727836,1.0436096431476471e-14,0.348216625,0.483552958
mattern_cov1,4096,382,0.48493473345273036,0.48493473345271965,1.071365218763276e-14,0.337079333,0.49079075
mattern_cov1,4096,383,0.4864565941411246,0.48645659414111403,1.0547118733938987e-14,0.3423305,0.488643584
mattern_cov1,4096,384,0.4869386187461365,0.4869386187461251,1.1379786002407855e-14,0.331468542,0.492253542
mattern_cov1,4096,385,0.48870417238939984,0.48870417238938874,1.1102230246251565e-14,0.343724583,0.489210167
mattern_cov1,4096,386,0.48418727761220676,0.4841872776121963,1.0436096431476471e-14,0.333737458,0.48989375
mattern_cov1,4096,387,0.4867039960358443,0.486703996035834,1.0325074129013956e-14,0.340974292,0.491964833
mattern_cov1,4096,388,0.4872700065288793,0.48727000652886865,1.0658141036401503e-14,0.339771584,0.495216209
mattern_cov1,4096,389,0.4837866926764887,0.4837866926764795,9.2148511043888e-15,0.342789959,0.482969792
mattern_cov1,4096,390,0.48542476212811975,0.4854247621281098,9.936496070395151e-15,0.342682666,0.485029417
mattern_cov1,4096,391,0.48916374290755127,0.48916374290753967,1.1601830607332886e-14,0.344341792,0.495465166
mattern_cov1,4096,392,0.48566066791806617,0.48566066791805723,8.93729534823251e-15,0.341060167,0.494442375
mattern_cov1,4096,393,0.48729255168937685,0.4872925516893669,9.936496070395151e-15,0.344889875,0.492382541
mattern_cov1,4096,394,0.48626955964690793,0.48626955964689733,1.0602629885170245e-14,0.334033125,0.498241292
mattern_cov1,4096,395,0.4895116763420808,0.4895116763420706,1.021405182655144e-14,0.347356709,0.4899015
mattern_cov1,4096,396,0.48518773548195043,0.48518773548194033,1.0103029524088925e-14,0.3359015,0.498848375
mattern_cov1,4096,397,0.48464296425003095,0.48464296425002074,1.021405182655144e-14,0.343557209,0.489653
mattern_cov1,4096,398,0.48481456371846327,0.48481456371845133,1.1934897514720433e-14,0.337132,0.489723458
mattern_cov1,4096,399,0.4813084723473339,0.4813084723473236,1.0325074129013956e-14,0.339314125,0.490026542
mattern_cov1,4096,400,0.4843178794074629,0.48431787940745324,9.658940314238862e-15,0.343391,0.492142333
mattern_cov1,4096,401,0.48425737789293005,0.4842573778929196,1.0436096431476471e-14,0.346770208,0.493931375
mattern_cov1,4096,402,0.487793674524641,0.4877936745246299,1.1102230246251565e-14,0.342555625,0.48783075
mattern_cov1,4096,403,0.48350727758164136,0.483507277581628,1.3378187446733136e-14,0.341637125,0.495398291
mattern_cov1,4096,404,0.4910492808711559,0.491049280871144,1.1879386363489175e-14,0.336349166,0.489716709
mattern_cov1,4096,405,0.4852786607259738,0.485278660725964,9.825473767932635e-15,0.344972958,0.48554575
mattern_cov1,4096,406,0.4807212776690119,0.4807212776690017,1.021405182655144e-14,0.33674225,0.5307545
mattern_cov1,4096,407,0.4868195868669228,0.4868195868669121,1.0658141036401503e-14,0.345490167,0.493202083
mattern_cov1,4096,408,0.48376774836719844,0.48376774836718767,1.0769163338864018e-14,0.344722666,0.4927005
mattern_cov1,4096,409,0.48668827759305827,0.48668827759304795,1.0325074129013956e-14,0.340197625,0.491706292
mattern_cov1,4096,410,0.48581740740047535,0.4858174074004617,1.3655743202889425e-14,0.342500333,0.497377458
mattern_cov1,4096,411,0.4844340588525649,0.4844340588525549,9.992007221626409e-15,0.3482425,0.49115725
mattern_cov1,4096,412,0.4870960497180512,0.4870960497180408,1.0380585280245214e-14,0.343596625,0.496413125
mattern_cov1,4096,413,0.489157178316056,0.4891571783160451,1.0880185641326534e-14,0.347123542,0.488072583
mattern_cov1,4096,414,0.4867313061569815,0.4867313061569702,1.1324274851176597e-14,0.341908208,0.487794667
mattern_cov1,4096,415,0.4840848421522808,0.48408484215226993,1.0880185641326534e-14,0.343530708,0.490982
mattern_cov1,4096,416,0.4852291622854694,0.48522916228545826,1.1157741397482823e-14,0.334894833,0.496227167
mattern_cov1,4096,417,0.4840374029401329,0.4840374029401225,1.0436096431476471e-14,0.344029375,0.486052625
mattern_cov1,4096,418,0.4884816298211303,0.4884816298211208,9.492406860545088e-15,0.340003917,0.489809625
mattern_cov1,4096,419,0.48578278998490143,0.48578278998488894,1.2490009027033011e-14,0.344856833,0.492115125
mattern_cov1,4096,420,0.4875431774409626,0.4875431774409509,1.1712852909795402e-14,0.333797084,0.491170916
mattern_cov1,4096,421,0.48574252342725216,0.4857425234272427,9.43689570931383e-15,0.345536333,0.492634334
mattern_cov1,4096,422,0.4861432214796862,0.4861432214796748,1.1379786002407855e-14,0.331573,0.485235084
mattern_cov1,4096,423,0.4890473353598975,0.4890473353598867,1.0769163338864018e-14,0.348959667,0.492807416
mattern_cov1,4096,424,0.4844517724513419,0.48445177245133214,9.769962616701378e-15,0.34157125,0.490940125
mattern_cov1,4096,425,0.484792024638119,0.48479202463810833,1.0658141036401503e-14,0.345823916,0.4969345
mattern_cov1,4096,426,0.48697244589088023,0.4869724458908696,1.0658141036401503e-14,0.339568459,0.490660834
mattern_cov1,4096,427,0.4876239670945188,0.4876239670945079,1.0880185641326534e-14,0.339003333,0.490581333
mattern_cov1,4096,428,0.4870339401086529,0.4870339401086426,1.0325074129013956e-14,0.335948791,0.489594917
mattern_cov1,4096,429,0.4844805322821399,0.4844805322821297,1.021405182655144e-14,0.340910166,0.488758
mattern_cov1,4096,430,0.48795051094725633,0.4879505109472442,1.2156942119645464e-14,0.336342916,0.492571542
mattern_cov1,4096,431,0.48603762962531105,0.48603762962530056,1.049160758270773e-14,0.346280959,0.4969785
mattern_cov1,4096,432,0.4825510626637082,0.4825510626636981,1.0047518372857667e-14,0.34240225,0.495218167
mattern_cov1,4096,433,0.48625907771280136,0.4862590777127913,1.0047518372857667e-14,0.343668875,0.497911959
mattern_cov1,4096,434,0.48997877635783565,0.48997877635782466,1.099120794378905e-14,0.336434333,0.485437292
mattern_cov1,4096,435,0.48448237672007605,0.4844823767200652,1.0824674490095276e-14,0.351012083,0.497771417
mattern_cov1,4096,436,0.4850856692767051,0.4850856692766949,1.021405182655144e-14,0.345038917,0.498394375
mattern_cov1,4096,437,0.4851796304414513,0.4851796304414402,1.1102230246251565e-14,0.3428085,0.480793125
mattern_cov1,4096,438,0.4867585622291792,0.48675856222916886,1.0325074129013956e-14,0.341106041,0.484335834
mattern_cov1,4096,439,0.4862751610162894,0.4862751610162783,1.1102230246251565e-14,0.347289792,0.4962965
mattern_cov1,4096,440,0.4874071451720769,0.48740714517206585,1.1046719095020308e-14,0.338984458,0.49440075
mattern_cov1,4096,441,0.4844954083745958,0.4844954083745861,9.71445146547012e-15,0.346319042,0.48768225
mattern_cov1,4096,442,0.4880606679919735,0.4880606679919628,1.071365218763276e-14,0.333590459,0.494180333
mattern_cov1,4096,443,0.48594381839974615,0.4859438183997366,9.547918011776346e-15,0.346440542,0.508512875
mattern_cov1,4096,444,0.487369153047208,0.4873691530471977,1.0325074129013956e-14,0.332139208,0.491595459
mattern_cov1,4096,445,0.4891872608290118,0.4891872608290007,1.1102230246251565e-14,0.34031975,0.494030208
mattern_cov1,4096,446,0.4871453590191737,0.4871453590191639,9.825473767932635e-15,0.336389875,0.488535542
mattern_cov1,4096,447,0.4866909677468289,0.4866909677468154,1.3489209749195652e-14,0.346974375,0.487169667
mattern_cov1,4096,448,0.48703708257682793,0.4870370825768173,1.0602629885170245e-14,0.348281375,0.490483875
mattern_cov1,4096,449,0.48557990490510194,0.4855799049050933,8.659739592076221e-15,0.341289709,0.487337416
mattern_cov1,4096,450,0.4843153121124901,0.4843153121124801,1.0047518372857667e-14,0.3446415,0.486821709
mattern_cov1,4096,451,0.48436424746961015,0.4843642474696,1.0158540675320182e-14,0.341407958,0.496264541
mattern_cov1,4096,452,0.4853128211089944,0.48531282110898455,9.825473767932635e-15,0.340506208,0.499492708
mattern_cov1,4096,453,0.48604937626874184,0.48604937626873307,8.770761894538737e-15,0.345047792,0.489433083
mattern_cov1,4096,454,0.4858348658448534,0.48583486584484303,1.0380585280245214e-14,0.332244709,0.500309416
mattern_cov1,4096,455,0.48628767262602435,0.48628767262601674,7.605027718682322e-15,0.342002208,0.494995292
mattern_cov1,4096,456,0.48719141856274634,0.487191418562735,1.1324274851176597e-14,0.335846959,0.50100625
mattern_cov1,4096,457,0.48957755034762745,0.48957755034761746,9.992007221626409e-15,0.345090959,0.490512625
mattern_cov1,4096,458,0.48694680685229447,0.48694680685228336,1.1102230246251565e-14,0.337360292,0.490535375
mattern_cov1,4096,459,0.4857243289109301,0.48572432891092737,2.7200464103316335e-15,0.343403875,0.495659291
mattern_cov1,4096,460,0.48940838087771965,0.48940838087770855,1.1102230246251565e-14,0.34257025,0.492142958
mattern_cov1,4096,461,0.4839831525528469,0.48398315255283597,1.0935696792557792e-14,0.343571917,0.480091916
mattern_cov1,4096,462,0.48424328689741175,0.48424328689740154,1.021405182655144e-14,0.340636084,0.47884875
mattern_cov1,4096,463,0.48604321304071635,0.48604321304070863,7.716050021144838e-15,0.343081625,0.486743666
mattern_cov1,4096,464,0.4858644951800726,0.4858644951800624,1.0158540675320182e-14,0.334501375,0.488169292
mattern_cov1,4096,465,0.48751749357062274,0.48751749357061347,9.270362255620057e-15,0.342080083,0.485738375
mattern_cov1,4096,466,0.4847168149822781,0.4847168149822685,9.603429163007604e-15,0.340416583,0.4926605
mattern_cov1,4096,467,0.48816664697869605,0.4881666469786856,1.0436096431476471e-14,0.342264458,0.4949345
mattern_cov1,4096,468,0.48399499478384356,0.48399499478383223,1.1324274851176597e-14,0.340515167,0.489602625
mattern_cov1,4096,469,0.486972370773958,0.4869723707739479,1.0103029524088925e-14,0.345286,0.492012917
mattern_cov1,4096,470,0.48445162559205773,0.4844516255920481,9.658940314238862e-15,0.346726292,0.481878875
mattern_cov1,4096,471,0.4860707853688852,0.4860707853688742,1.099120794378905e-14,0.340244834,0.488783625
mattern_cov1,4096,472,0.4816912848601182,0.4816912848601084,9.769962616701378e-15,0.347085542,0.492099333
mattern_cov1,4096,473,0.4897935194647669,0.48979351946475647,1.0436096431476471e-14,0.345321625,0.489740625
mattern_cov1,4096,474,0.4861499346164122,0.4861499346164018,1.0380585280245214e-14,0.345254,0.483347708
mattern_cov1,4096,475,0.48729543924620783,0.487295439246197,1.0824674490095276e-14,0.3449475,0.491905709
mattern_cov1,4096,476,0.4860859285499865,0.4860859285499764,1.0103029524088925e-14,0.334781167,0.486121875
mattern_cov1,4096,477,0.4849700319128482,0.4849700319128361,1.2101430968414206e-14,0.344929125,0.488315583
mattern_cov1,4096,478,0.4862565843600097,0.48625658435999886,1.0824674490095276e-14,0.333001125,0.489923625
mattern_cov1,4096,479,0.4868303607097211,0.48683036070971,1.1102230246251565e-14,0.339127084,0.495079833
mattern_cov1,4096,480,0.48846847362470086,0.48846847362469165,9.2148511043888e-15,0.335644667,0.497431167
mattern_cov1,4096,481,0.485040351573639,0.4850403515736283,1.071365218763276e-14,0.339319959,0.493755416
mattern_cov1,4096,482,0.48764974369945396,0.48764974369944336,1.0602629885170245e-14,0.33502825,0.483347542
mattern_cov1,4096,483,0.48920510525909017,0.48920510525908045,9.71445146547012e-15,0.386249208,0.505100375
mattern_cov1,4096,484,0.4862421882171371,0.48624218821712767,9.43689570931383e-15,0.345218583,0.496978584
mattern_cov1,4096,485,0.48509626959595636,0.485096269595946,1.0380585280245214e-14,0.3431125,0.48875425
mattern_cov1,4096,486,0.4852239720332967,0.48522397203328493,1.176836406102666e-14,0.349298625,0.482627333
mattern_cov1,4096,487,0.48730210050956496,0.48730210050955486,1.0103029524088925e-14,0.351079667,0.493148333
mattern_cov1,4096,488,0.4871505601664292,0.48715056016641833,1.0880185641326534e-14,0.339167625,0.483342292
mattern_cov1,4096,489,0.4880452726993389,0.48804527269932746,1.1435297153639112e-14,0.342459542,0.494268584
mattern_cov1,4096,490,0.4880742427914793,0.48807424279146844,1.0880185641326534e-14,0.334812042,0.494574042
mattern_cov1,4096,491,0.4879497925836076,0.4879497925835965,1.1102230246251565e-14,0.341580083,0.500591875
mattern_cov1,4096,492,0.48488496368456263,0.4848849636845523,1.0325074129013956e-14,0.333114208,0.491682833
mattern_cov1,4096,493,0.48451598800662965,0.48451598800661916,1.049160758270773e-14,0.341332208,0.499529375
mattern_cov1,4096,494,0.48747274750011305,0.4874727475001028,1.0269562977782698e-14,0.33432075,0.494881875
mattern_cov1,4096,495,0.4872180366185371,0.4872180366185275,9.603429163007604e-15,0.367811875,0.4879925
mattern_cov1,4096,496,0.4876357772793429,0.48763577727933277,1.0103029524088925e-14,0.340929334,0.490003291
mattern_cov1,4096,497,0.4840854795556903,0.484085479555678,1.2323475573339238e-14,0.340962208,0.4902405
mattern_cov1,4096,498,0.48282340460724277,0.48282340460723167,1.1102230246251565e-14,0.348575208,0.488049875
mattern_cov1,4096,499,0.48611234284048543,0.48611234284047505,1.0380585280245214e-14,0.340781375,0.492690291
mattern_cov1,4096,500,0.48779280722241586,0.48779280722240603,9.825473767932635e-15,0.336432125,0.494896417
mattern_cov1,4096,501,0.4882556410087997,0.4882556410087883,1.1379786002407855e-14,0.343273833,0.487638459
mattern_cov1,4096,502,0.4876623016658615,0.48766230166584995,1.1546319456101628e-14,0.335367292,0.48860325
mattern_cov1,4096,503,0.4858464937632055,0.4858464937631967,8.770761894538737e-15,0.351084875,0.491193333
mattern_cov1,4096,504,0.4880258785756188,0.488025878575608,1.0824674490095276e-14,0.335792083,0.488618417
mattern_cov1,4096,505,0.48598156568732653,0.4859815656873165,1.0047518372857667e-14,0.345928709,0.491831833
mattern_cov1,4096,506,0.48706727638209985,0.4870672763820904,9.43689570931383e-15,0.334818041,0.489511709
mattern_cov1,4096,507,0.48573629066846175,0.4857362906684514,1.0325074129013956e-14,0.341033792,0.490460917
mattern_cov1,4096,508,0.4840674453253065,0.4840674453252957,1.0769163338864018e-14,0.333658208,0.497290583
mattern_cov1,4096,509,0.48822715199259026,0.48822715199257916,1.1102230246251565e-14,0.342785041,0.4901495
mattern_cov1,4096,510,0.4889232703170823,0.4889232703170714,1.0935696792557792e-14,0.33441225,0.49113975
mattern_cov1,4096,511,0.4869015252148237,0.4869015252148132,1.049160758270773e-14,0.339809875,0.49536225
mattern_cov1,4096,512,0.4866430658517204,0.4866430658517101,1.0325074129013956e-14,0.3311245,0.496207458
mattern_cov1,4096,513,0.4833069109977892,0.4833069109977774,1.1823875212257917e-14,0.340016875,0.488616666
mattern_cov1,4096,514,0.48782205398831596,0.48782205398830475,1.1213252548714081e-14,0.33667525,0.494287959
mattern_cov1,4096,515,0.4879062427387384,0.4879062427387269,1.149080830487037e-14,0.346163125,0.48671275
mattern_cov1,4096,516,0.48725248511684577,0.48725248511683555,1.021405182655144e-14,0.33578625,0.49036125
mattern_cov1,4096,517,0.4852231328746028,0.4852231328745907,1.2101430968414206e-14,0.344130167,0.484216709
mattern_cov1,4096,518,0.4848802460380146,0.48488024603800445,1.0158540675320182e-14,0.338466458,0.486059167
mattern_cov1,4096,519,0.4860450274024754,0.4860450274024659,9.492406860545088e-15,0.3432535,0.500463292
mattern_cov1,4096,520,0.48582008091432555,0.48582008091431583,9.71445146547012e-15,0.335651125,0.487576333
mattern_cov1,4096,521,0.485710787805022,0.4857107878050106,1.1435297153639112e-14,0.34319125,0.486239334
mattern_cov1,4096,522,0.4840404885262058,0.4840404885261968,8.992806499463768e-15,0.33774325,0.486604291
mattern_cov1,4096,523,0.48467315236002523,0.4846731523600158,9.43689570931383e-15,0.353123041,0.486992375
mattern_cov1,4096,524,0.48426244919300393,0.4842624491929935,1.0436096431476471e-14,0.335853709,0.508692875
mattern_cov1,4096,525,0.4872696695630327,0.4872696695630219,1.0769163338864018e-14,0.341005958,0.483777208
mattern_cov1,4096,526,0.4859432522544107,0.4859432522544013,9.381384558082573e-15,0.334756292,0.486197125
mattern_cov1,4096,527,0.48614983842474285,0.48614983842473186,1.099120794378905e-14,0.340843417,0.493910417
mattern_cov1,4096,528,0.4869590728315391,0.48695907283152823,1.0880185641326534e-14,0.338827625,0.494918875
mattern_cov1,4096,529,0.48316317415778826,0.48316317415777904,9.2148511043888e-15,0.341226667,0.48959275
mattern_cov1,4096,530,0.4861596808720096,0.48615968087199807,1.1546319456101628e-14,0.336349167,0.493512
mattern_cov1,4096,531,0.4855127446796517,0.4855127446796413,1.0436096431476471e-14,0.343167083,0.49097475
mattern_cov1,4096,532,0.4879315324193374,0.48793153241932674,1.0658141036401503e-14,0.338811791,0.495463167
mattern_cov1,4096,533,0.48358932575610547,0.483589325756095,1.049160758270773e-14,0.344080833,0.489313417
mattern_cov1,4096,534,0.48957484428750403,0.48957484428749315,1.0880185641326534e-14,0.334266083,0.485591042
mattern_cov1,4096,535,0.48289091381992394,0.4828909138199144,9.547918011776346e-15,0.343089625,0.494620042
mattern_cov1,4096,536,0.4881532869286156,0.4881532869286043,1.1268763699945339e-14,0.334448167,0.542302167
mattern_cov1,4096,537,0.48751673715124627,0.4875167371512357,1.0547118733938987e-14,0.340063916,0.492693625
mattern_cov1,4096,538,0.48356089041364986,0.4835608904136383,1.1546319456101628e-14,0.331553083,0.482252584
mattern_cov1,4096,539,0.4884195874899351,0.4884195874899233,1.176836406102666e-14,0.340514375,0.490585667
mattern_cov1,4096,540,0.48705936742859884,0.48705936742858774,1.1102230246251565e-14,0.338125667,0.486680875
mattern_cov1,4096,541,0.4875200642077349,0.4875200642077242,1.071365218763276e-14,0.342985291,0.499466709
mattern_cov1,4096,542,0.4844757967393453,0.4844757967393339,1.1435297153639112e-14,0.335017875,0.494184875
mattern_cov1,4096,543,0.48818335987756223,0.488183359877552,1.021405182655144e-14,0.343470208,0.487309375
mattern_cov1,4096,544,0.4847162190096183,0.4847162190096088,9.492406860545088e-15,0.342040083,0.503527667
mattern_cov1,4096,545,0.48725018958745553,0.48725018958744565,9.880984919163893e-15,0.348092459,0.487756417
mattern_cov1,4096,546,0.4835080602075071,0.4835080602074961,1.099120794378905e-14,0.333719459,0.490859209
mattern_cov1,4096,547,0.48601633416507317,0.48601633416505874,1.4432899320127035e-14,0.347999667,0.498637792
mattern_cov1,4096,548,0.4863360095013282,0.4863360095013172,1.099120794378905e-14,0.341524167,0.49358875
mattern_cov1,4096,549,0.4862049984288772,0.4862049984288665,1.071365218763276e-14,0.341744833,0.48222175
mattern_cov1,4096,550,0.4871309288585322,0.4871309288585202,1.199040866595169e-14,0.335526458,0.490224125
mattern_cov1,4096,551,0.4864242818242988,0.4864242818242881,1.071365218763276e-14,0.342365042,0.491031834
mattern_cov1,4096,552,0.487338012588187,0.4873380125881766,1.0380585280245214e-14,0.33719725,0.489267208
mattern_cov1,4096,553,0.4875423198334588,0.4875423198334483,1.049160758270773e-14,0.342505083,0.485657375
mattern_cov1,4096,554,0.4890304636745935,0.4890304636745831,1.0436096431476471e-14,0.332516542,0.487580375
mattern_cov1,4096,555,0.4880488310711471,0.48804883107113667,1.0436096431476471e-14,0.342816708,0.488096417
mattern_cov1,4096,556,0.4891730843488216,0.4891730843488113,1.0325074129013956e-14,0.334293458,0.487374666
mattern_cov1,4096,557,0.48656855134923593,0.4865685513492244,1.1546319456101628e-14,0.346258167,0.489398708
mattern_cov1,4096,558,0.48579447050217905,0.485794470502169,1.0047518372857667e-14,0.333162166,0.484514083
mattern_cov1,4096,559,0.48585199039373556,0.4858519903937246,1.0935696792557792e-14,0.338473209,0.490331166
mattern_cov1,4096,560,0.48316431828815665,0.48316431828814843,8.215650382226158e-15,0.341270875,0.496928583
mattern_cov1,4096,561,0.48690796830957206,0.48690796830956184,1.021405182655144e-14,0.340258792,0.477293625
mattern_cov1,4096,562,0.4838008173605594,0.48380081736054986,9.547918011776346e-15,0.330813209,0.48653925
mattern_cov1,4096,563,0.4828663615873648,0.48286636158735496,9.825473767932635e-15,0.341268583,0.491059875
mattern_cov1,4096,564,0.4872929758484468,0.4872929758484356,1.1157741397482823e-14,0.334190917,0.498263333
mattern_cov1,4096,565,0.4845798516662081,0.48457985166619716,1.0935696792557792e-14,0.342383,0.483099458
mattern_cov1,4096,566,0.4848645362042559,0.4848645362042479,7.993605777301127e-15,0.331632125,0.489666583
mattern_cov1,4096,567,0.4875417952042469,0.4875417952042361,1.0824674490095276e-14,0.344966333,0.495574791
mattern_cov1,4096,568,0.4874389246501742,0.48743892465016586,8.326672684688674e-15,0.333365083,0.485913958
mattern_cov1,4096,569,0.48633984500628663,0.4863398450062763,1.0325074129013956e-14,0.344569583,0.483787083
mattern_cov1,4096,570,0.4830180535372668,0.4830180535372568,9.992007221626409e-15,0.337867625,0.487996125
mattern_cov1,4096,571,0.4873978212163046,0.48739782121629366,1.0935696792557792e-14,0.346305167,0.493276833
mattern_cov1,4096,572,0.4865754145926711,0.48657541459266224,8.881784197001252e-15,0.331916083,0.490045917
mattern_cov1,4096,573,0.4854027938245758,0.4854027938245653,1.049160758270773e-14,0.341772084,0.492916833
mattern_cov1,4096,574,0.4902723238895205,0.49027232388950925,1.1268763699945339e-14,0.341816583,0.488990875
mattern_cov1,4096,575,0.48595528462963883,0.4859552846296277,1.1102230246251565e-14,0.347425667,0.48935775
mattern_cov1,4096,576,0.48846087473434846,0.488460874734339,9.43689570931383e-15,0.337948,0.487577708
mattern_cov1,4096,577,0.4892778572667695,0.48927785726675926,1.021405182655144e-14,0.345072,0.486689917
mattern_cov1,4096,578,0.48743928590677754,0.48743928590678426,6.716849298982197e-15,0.334840791,0.4850105
mattern_cov1,4096,579,0.48389243854285274,0.4838924385428422,1.0547118733938987e-14,0.344534042,0.487320667
mattern_cov1,4096,580,0.4852979646142901,0.4852979646142794,1.071365218763276e-14,0.337157667,0.488932458
mattern_cov1,4096,581,0.49001488397470333,0.49001488397469295,1.0380585280245214e-14,0.342436583,0.486528917
mattern_cov1,4096,582,0.486579782396319,0.4865797823963092,9.769962616701378e-15,0.333750708,0.483085375
mattern_cov1,4096,583,0.4870277026562406,0.48702770265623035,1.0269562977782698e-14,0.342641292,0.492679291
mattern_cov1,4096,584,0.4876119775400946,0.4876119775400833,1.1324274851176597e-14,0.347227667,0.511456833
mattern_cov1,4096,585,0.48686437379730835,0.4868643737972975,1.0824674490095276e-14,0.348040208,0.487032375
mattern_cov1,4096,586,0.4876108506927361,0.4876108506927246,1.149080830487037e-14,0.334965459,0.491261291
mattern_cov1,4096,587,0.4872575128037782,0.48725751280376767,1.0547118733938987e-14,0.344243291,0.488256167
mattern_cov1,4096,588,0.4849808748660441,0.4849808748660333,1.0769163338864018e-14,0.334594167,0.4987495
mattern_cov1,4096,589,0.4863030917248916,0.4863030917248807,1.0935696792557792e-14,0.342289,0.484465542
mattern_cov1,4096,590,0.4867330211489868,0.48673302114897604,1.0769163338864018e-14,0.333081583,0.487166708
mattern_cov1,4096,591,0.4854864428538299,0.485486442853817,1.2934098236883074e-14,0.343667291,0.4891535
mattern_cov1,4096,592,0.48627287832142047,0.48627287832141014,1.0325074129013956e-14,0.337308,0.493055208
mattern_cov1,4096,593,0.48506861303150295,0.48506861303149745,5.495603971894525e-15,0.344957292,0.484958041
mattern_cov1,4096,594,0.4894551855397458,0.4894551855397351,1.071365218763276e-14,0.339506709,0.492901708
mattern_cov1,4096,595,0.48638475176859935,0.48638475176858975,9.603429163007604e-15,0.345994208,0.487481167
mattern_cov1,4096,596,0.4831913862496888,0.4831913862496813,7.549516567451064e-15,0.33657275,0.489947959
mattern_cov1,4096,597,0.4846834391865213,0.48468343918651063,1.0658141036401503e-14,0.344847667,0.489755084
mattern_cov1,4096,598,0.484128246566889,0.4841282465668782,1.0824674490095276e-14,0.338557125,0.484660792
mattern_cov1,4096,599,0.4841735562986041,0.4841735562985927,1.1379786002407855e-14,0.348001,0.488393167
mattern_cov1,4096,600,0.4842147539281088,0.48421475392809943,9.381384558082573e-15,0.33583125,0.494179458
mattern_cov1,4096,601,0.4839814387836073,0.4839814387835956,1.1657341758564144e-14,0.34736875,0.486449167
mattern_cov1,4096,602,0.48794492020878755,0.48794492020877583,1.1712852909795402e-14,0.335997542,0.484946792
mattern_cov1,4096,603,0.48451414150716454,0.4845141415071537,1.0824674490095276e-14,0.344213375,0.491652625
mattern_cov1,4096,604,0.49074664718213806,0.4907466471821265,1.1546319456101628e-14,0.336527208,0.51418775
mattern_cov1,4096,605,0.4892675963377236,0.4892675963377118,1.1823875212257917e-14,0.347459292,0.480904083
mattern_cov1,4096,606,0.4851011801240262,0.4851011801240161,1.0103029524088925e-14,0.332211125,0.492828875
mattern_cov1,4096,607,0.48863935244571843,0.48863935244570533,1.3100631690576847e-14,0.343782792,0.485143125
mattern_cov1,4096,608,0.48958191049213445,0.48958191049212346,1.099120794378905e-14,0.337722667,0.493847958
mattern_cov1,4096,609,0.48569924559610905,0.48569924559609906,9.992007221626409e-15,0.345129291,0.482240709
mattern_cov1,4096,610,0.48705972070996123,0.4870597207099518,9.43689570931383e-15,0.340813417,0.488049167
mattern_cov1,4096,611,0.4860351622275292,0.48603516222752025,8.93729534823251e-15,0.340667125,0.49197075
mattern_cov1,4096,612,0.4882417472665632,0.4882417472665534,9.825473767932635e-15,0.33918175,0.490560708
mattern_cov1,4096,613,0.48696575860385555,0.4869657586038459,9.658940314238862e-15,0.342330333,0.486725333
mattern_cov1,4096,614,0.4850601789528552,0.48506017895284415,1.1046719095020308e-14,0.332640958,0.485862542
mattern_cov1,4096,615,0.4887096558408983,0.48870965584088627,1.2045919817182948e-14,0.342539375,0.491345125
mattern_cov1,4096,616,0.4850273707759947,0.4850273707759842,1.0547118733938987e-14,0.338967166,0.493727709
mattern_cov1,4096,617,0.4892860345068866,0.4892860345068755,1.1102230246251565e-14,0.343785417,0.484295833
mattern_cov1,4096,618,0.4878969033429615,0.48789690334295077,1.071365218763276e-14,0.336419333,0.485161042
mattern_cov1,4096,619,0.48799770940827153,0.4879977094082603,1.1213252548714081e-14,0.342478125,0.490630708
mattern_cov1,4096,620,0.48722988726708977,0.4872298872670798,9.992007221626409e-15,0.333869208,0.500748625
mattern_cov1,4096,621,0.48492362540775114,0.4849236254077413,9.825473767932635e-15,0.342788875,0.485014166
mattern_cov1,4096,622,0.4878422939023031,0.48784229390229267,1.0436096431476471e-14,0.335250958,0.489732542
mattern_cov1,4096,623,0.4853594740599523,0.48535947405994145,1.0824674490095276e-14,0.338134917,0.490453041
mattern_cov1,4096,624,0.4856487840131973,0.4856487840131902,7.049916206369744e-15,0.331914917,0.490160208
mattern_cov1,4096,625,0.48329575225722327,0.48329575225721305,1.021405182655144e-14,0.341933584,0.486403041
mattern_cov1,4096,626,0.4877471964608829,0.4877471964608728,1.0103029524088925e-14,0.334764958,0.482843458
mattern_cov1,4096,627,0.4853007337917063,0.4853007337916951,1.1213252548714081e-14,0.342256708,0.4869005
mattern_cov1,4096,628,0.48576078405459144,0.4857607840545799,1.1546319456101628e-14,0.340174,0.490679459
mattern_cov1,4096,629,0.48363814503367863,0.48363814503366803,1.0602629885170245e-14,0.343514084,0.488030166
mattern_cov1,4096,630,0.48892417757815915,0.48892417757814743,1.1712852909795402e-14,0.333696166,0.486593
mattern_cov1,4096,631,0.48782180768258004,0.4878218076825703,9.769962616701378e-15,0.344438209,0.490929875
mattern_cov1,4096,632,0.4872612119341524,0.4872612119341417,1.071365218763276e-14,0.333024084,0.487907542
mattern_cov1,4096,633,0.48677101946733364,0.48677101946732404,9.603429163007604e-15,0.33815325,0.483482375
mattern_cov1,4096,634,0.48925809559001987,0.48925809559000694,1.2934098236883074e-14,0.331949125,0.486998125
mattern_cov1,4096,635,0.48580854949300284,0.485808549492996,6.827871601444713e-15,0.3445535,0.501957375
mattern_cov1,4096,636,0.48534374379084894,0.48534374379083906,9.880984919163893e-15,0.333166125,0.500913
mattern_cov1,4096,637,0.4859216939173879,0.48592169391737783,1.0047518372857667e-14,0.3408245,0.498443084
mattern_cov1,4096,638,0.48742182991905497,0.48742182991904465,1.0325074129013956e-14,0.334727833,0.489914542
mattern_cov1,4096,639,0.48949773906879074,0.4894977390687809,9.825473767932635e-15,0.340638792,0.490383917
mattern_cov1,4096,640,0.48597428406510734,0.4859742840650952,1.2156942119645464e-14,0.335358125,0.493139667
mattern_cov1,4096,641,0.4838123653424385,0.4838123653424278,1.071365218763276e-14,0.347001208,0.488665083
mattern_cov1,4096,642,0.4864227449581235,0.48642274495811194,1.1546319456101628e-14,0.33976075,0.488692334
mattern_cov1,4096,643,0.48321936584385417,0.4832193658438444,9.769962616701378e-15,0.3394965,0.4943065
mattern_cov1,4096,644,0.4864786314037493,0.48647863140373904,1.0269562977782698e-14,0.3359245,0.491279959
mattern_cov1,4096,645,0.48906777516096794,0.4890677751609573,1.0658141036401503e-14,0.347017708,0.486716833
mattern_cov1,4096,646,0.4878113607228653,0.4878113607228544,1.0880185641326534e-14,0.336489375,0.486771292
mattern_cov1,4096,647,0.4895398845643281,0.4895398845644094,8.126832540256146e-14,0.340439375,0.494302833
mattern_cov1,4096,648,0.487181621099507,0.4871816210994944,1.2601031329495527e-14,0.341591291,0.496033917
mattern_cov1,4096,649,0.48633383598669716,0.4863338359866873,9.880984919163893e-15,0.342461209,0.489230667
mattern_cov1,4096,650,0.4873817968060457,0.4873817968060348,1.0935696792557792e-14,0.33369025,0.484316917
mattern_cov1,4096,651,0.4860976686999881,0.4860976686999771,1.099120794378905e-14,0.343953916,0.495388417
mattern_cov1,4096,652,0.4860513815776844,0.4860513815776757,8.715250743307479e-15,0.341725792,0.488900125
mattern_cov1,4096,653,0.48676743456324045,0.48676743456322885,1.1601830607332886e-14,0.348244167,0.480840292
mattern_cov1,4096,654,0.4879234067485371,0.487923406748531,6.106226635438361e-15,0.334289292,0.48907375
mattern_cov1,4096,655,0.4860530846144873,0.4860530846144781,9.2148511043888e-15,0.342336083,0.492881959
mattern_cov1,4096,656,0.4845903936671317,0.4845903936671207,1.099120794378905e-14,0.338721166,0.491807917
mattern_cov1,4096,657,0.4859785277218725,0.4859785277218612,1.1324274851176597e-14,0.339392209,0.484842167
mattern_cov1,4096,658,0.4847693357512563,0.48476933575124664,9.658940314238862e-15,0.333324917,0.490289125
mattern_cov1,4096,659,0.48644427494587733,0.48644427494586734,9.992007221626409e-15,0.343738792,0.491627
mattern_cov1,4096,660,0.48507371536218713,0.4850737153621762,1.0935696792557792e-14,0.331270958,0.508362334
mattern_cov1,4096,661,0.4872029896026926,0.4872029896026822,1.0380585280245214e-14,0.343924084,0.492488875
mattern_cov1,4096,662,0.487668495581949,0.48766849558193986,9.159339953157541e-15,0.338497666,0.491896708
mattern_cov1,4096,663,0.4883896627790305,0.48838966277901963,1.0880185641326534e-14,0.346059125,0.489689834
mattern_cov1,4096,664,0.48553540364093783,0.48553540364092757,1.0269562977782698e-14,0.334641667,0.487905542
mattern_cov1,4096,665,0.48724300266571,0.4872430026656988,1.1213252548714081e-14,0.347229917,0.486972417
mattern_cov1,4096,666,0.4889101740551954,0.4889101740551842,1.1157741397482823e-14,0.340209333,0.484564667
mattern_cov1,4096,667,0.485801734607304,0.48580173460729426,9.769962616701378e-15,0.340754375,0.491509042
mattern_cov1,4096,668,0.4869436486759718,0.4869436486759607,1.1102230246251565e-14,0.334714,0.497231083
mattern_cov1,4096,669,0.48509768135616577,0.4850976813561552,1.0547118733938987e-14,0.34052325,0.488526791
mattern_cov1,4096,670,0.4852817617606462,0.4852817617606349,1.1268763699945339e-14,0.341189458,0.484819917
mattern_cov1,4096,671,0.4866133641800165,0.48661336418000584,1.0658141036401503e-14,0.343347708,0.49925925
mattern_cov1,4096,672,0.486888851928833,0.48688885192882275,1.0269562977782698e-14,0.335634458,0.4926475
mattern_cov1,4096,673,0.48294322889276914,0.4829432288927575,1.1657341758564144e-14,0.3482735,0.488940458
mattern_cov1,4096,674,0.4850524623668598,0.4850524623668478,1.199040866595169e-14,0.335124166,0.48458275
mattern_cov1,4096,675,0.48407804967050366,0.4840780496704933,1.0380585280245214e-14,0.341930292,0.490096542
mattern_cov1,4096,676,0.48614335037928896,0.486143350379278,1.0935696792557792e-14,0.336972875,0.492185875
mattern_cov1,4096,677,0.48588839883265217,0.4858883988326385,1.3655743202889425e-14,0.34170025,0.494101792
mattern_cov1,4096,678,0.4814833742997237,0.48148337429971305,1.0658141036401503e-14,0.342006666,0.483636417
mattern_cov1,4096,679,0.48684096576284697,0.48684096576283725,9.71445146547012e-15,0.346733709,0.489191708
mattern_cov1,4096,680,0.48863733681576954,0.4886373368157578,1.176836406102666e-14,0.339775084,0.506093625
mattern_cov1,4096,681,0.4842023963215376,0.48420239632152634,1.1268763699945339e-14,0.340414958,0.48886925
mattern_cov1,4096,682,0.485432700229621,0.48543270022961,1.099120794378905e-14,0.338067208,0.491376792
mattern_cov1,4096,683,0.48703075382773636,0.48703075382772737,8.992806499463768e-15,0.340062208,0.485868833
mattern_cov1,4096,684,0.4852378726557207,0.4852378726557092,1.149080830487037e-14,0.33743125,0.489182708
mattern_cov1,4096,685,0.4869178480086031,0.48691784800859267,1.0436096431476471e-14,0.345673334,0.486903375
mattern_cov1,4096,686,0.4882683821207357,0.4882683821207241,1.1601830607332886e-14,0.338946542,0.487834916
mattern_cov1,4096,687,0.48445468855146584,0.4844546885514564,9.43689570931383e-15,0.344116083,0.496123958
mattern_cov1,4096,688,0.48472835174784956,0.48472835174783807,1.149080830487037e-14,0.335862958,0.496914958
mattern_cov1,4096,689,0.4873735827876517,0.48737358278763954,1.2156942119645464e-14,0.344564542,0.4847485
mattern_cov1,4096,690,0.48714065414186053,0.48714065414184904,1.149080830487037e-14,0.335106083,0.484794375
mattern_cov1,4096,691,0.48441064321332217,0.4844106432133106,1.1546319456101628e-14,0.338680958,0.497110042
mattern_cov1,4096,692,0.4858068768809627,0.48580687688095203,1.0658141036401503e-14,0.343886916,0.490446209
mattern_cov1,4096,693,0.48470103841708295,0.48470103841707274,1.021405182655144e-14,0.3411195,0.486207625
mattern_cov1,4096,694,0.48726861046045333,0.4872686104604422,1.1157741397482823e-14,0.332526791,0.481834459
mattern_cov1,4096,695,0.48740812994037386,0.4874081299403628,1.1046719095020308e-14,0.343713417,0.487992
mattern_cov1,4096,696,0.4870425210288587,0.48704252102884776,1.0935696792557792e-14,0.338599375,0.48783075
mattern_cov1,4096,697,0.48685103036302046,0.48685103036300914,1.1324274851176597e-14,0.35409475,0.485329166
mattern_cov1,4096,698,0.48875112942620996,0.4887511294261988,1.1157741397482823e-14,0.34025475,0.485454958
mattern_cov1,4096,699,0.48788642847020763,0.48788642847019564,1.199040866595169e-14,0.344269167,0.495796583
mattern_cov1,4096,700,0.487340988949148,0.48734098894913674,1.1268763699945339e-14,0.341280709,0.488578959
mattern_cov1,4096,701,0.4874510648757438,0.4874510648757325,1.1324274851176597e-14,0.340902375,0.484612833
mattern_cov1,4096,702,0.48486389461342266,0.4848638946134123,1.0380585280245214e-14,0.337582792,0.483628166
mattern_cov1,4096,703,0.4853158128525911,0.485315812852581,1.0103029524088925e-14,0.340322667,0.493877709
mattern_cov1,4096,704,0.4855376506646114,0.4855376506646021,9.325873406851315e-15,0.335517458,0.494656709
mattern_cov1,4096,705,0.4886774677335158,0.488677467733505,1.0769163338864018e-14,0.346089625,0.487412042
mattern_cov1,4096,706,0.48772457795942475,0.48772457795941354,1.1213252548714081e-14,0.331776208,0.482239667
mattern_cov1,4096,707,0.4913250266837952,0.49132502668378386,1.1324274851176597e-14,0.346735041,0.488797584
mattern_cov1,4096,708,0.4882069993830445,0.4882069993830343,1.021405182655144e-14,0.33966225,0.491162375
mattern_cov1,4096,709,0.48536986612582184,0.4853698661258112,1.0658141036401503e-14,0.341091917,0.488952542
mattern_cov1,4096,710,0.4891768424437973,0.4891768424437805,1.6764367671839864e-14,0.34148825,0.487232292
mattern_cov1,4096,711,0.4884755131005269,0.4884755131005158,1.1102230246251565e-14,0.341280875,0.489848458
mattern_cov1,4096,712,0.48495853056320387,0.4849585305631931,1.0769163338864018e-14,0.331540375,0.493045583
mattern_cov1,4096,713,0.485813699502943,0.4858136995029325,1.049160758270773e-14,0.340929375,0.486924541
mattern_cov1,4096,714,0.4878330312004655,0.4878330312004559,9.603429163007604e-15,0.33983925,0.487307584
mattern_cov1,4096,715,0.48456011850747266,0.4845601185074615,1.1157741397482823e-14,0.341855917,0.491090084
mattern_cov1,4096,716,0.4875978820772508,0.4875978820772409,9.880984919163893e-15,0.333759833,0.494028458
mattern_cov1,4096,717,0.4894275060952183,0.48942750609520735,1.0935696792557792e-14,0.340977833,0.479717958
mattern_cov1,4096,718,0.4870856356597895,0.4870856356597805,8.992806499463768e-15,0.341843875,0.4976
mattern_cov1,4096,719,0.48836808221811906,0.48836808221811484,4.218847493575595e-15,0.342341958,0.49295925
mattern_cov1,4096,720,0.48757782312791614,0.48757782312790526,1.0880185641326534e-14,0.335612917,0.490095625
mattern_cov1,4096,721,0.485341769241167,0.48534176924115724,9.769962616701378e-15,0.341679583,0.487875125
mattern_cov1,4096,722,0.48209077211960844,0.4820907721195978,1.0658141036401503e-14,0.335200417,0.483563125
mattern_cov1,4096,723,0.48763343431837863,0.48763343431836814,1.049160758270773e-14,0.343235584,0.494883125
mattern_cov1,4096,724,0.48412352238085105,0.48412352238083994,1.1102230246251565e-14,0.332310792,0.490125
mattern_cov1,4096,725,0.486310259743658,0.48631025974364733,1.0658141036401503e-14,0.340887583,0.485478583
mattern_cov1,4096,726,0.4850474171855137,0.4850474171855039,9.769962616701378e-15,0.337218042,0.486321291
mattern_cov1,4096,727,0.48486000253937567,0.4848600025393652,1.049160758270773e-14,0.346268625,0.496217458
mattern_cov1,4096,728,0.4893537579015208,0.48935375790151353,7.271960811294775e-15,0.332740792,0.490205958
mattern_cov1,4096,729,0.48302456656254816,0.4830245665625383,9.880984919163893e-15,0.341430458,0.487498833
mattern_cov1,4096,730,0.4866835585675828,0.4866835585675711,1.1657341758564144e-14,0.340277292,0.481676417
mattern_cov1,4096,731,0.48323123958973063,0.4832312395897214,9.2148511043888e-15,0.342462166,0.494634625
mattern_cov1,4096,732,0.4867629696688979,0.4867629696688887,9.2148511043888e-15,0.334746583,0.508553209
mattern_cov1,4096,733,0.48559816350021445,0.48559816350020396,1.049160758270773e-14,0.34313125,0.484013583
mattern_cov1,4096,734,0.48734171518820446,0.4873417151881933,1.1157741397482823e-14,0.335382875,0.4870065
mattern_cov1,4096,735,0.48686332287481443,0.48686332287480266,1.176836406102666e-14,0.337654541,0.486922292
mattern_cov1,4096,736,0.48613337592540534,0.4861333759253946,1.0769163338864018e-14,0.332304375,0.490253333
mattern_cov1,4096,737,0.48493710382228433,0.484937103822274,1.0325074129013956e-14,0.344736333,0.488071417
mattern_cov1,4096,738,0.4863382764022038,0.48633827640219174,1.2045919817182948e-14,0.342380792,0.491234208
mattern_cov1,4096,739,0.4868469998324085,0.48684699983239876,9.71445146547012e-15,0.343817625,0.48789175
mattern_cov1,4096,740,0.4847490991594674,0.4847490991594565,1.0880185641326534e-14,0.3345515,0.495715333
mattern_cov1,4096,741,0.48292389278498044,0.4829238927849721,8.326672684688674e-15,0.338884958,0.498036709
mattern_cov1,4096,742,0.4843589060709401,0.4843589060709295,1.0602629885170245e-14,0.337551625,0.490723084
mattern_cov1,4096,743,0.4885326969029639,0.4885326969029522,1.1712852909795402e-14,0.348306,0.493624292
mattern_cov1,4096,744,0.48625767322529967,0.4862576732252874,1.226796442210798e-14,0.340646625,0.496943625
mattern_cov1,4096,745,0.48563684478151653,0.48563684478150665,9.880984919163893e-15,0.341683375,0.484459875
mattern_cov1,4096,746,0.48362993139671606,0.4836299313967058,1.0269562977782698e-14,0.3428865,0.490822667
mattern_cov1,4096,747,0.48386361167876607,0.483863611678756,1.0047518372857667e-14,0.343459708,0.493359792
mattern_cov1,4096,748,0.4830875793100437,0.48308757931003204,1.1657341758564144e-14,0.33559125,0.493727667
mattern_cov1,4096,749,0.485134658577375,0.48513465857736304,1.1934897514720433e-14,0.344207375,0.485896083
mattern_cov1,4096,750,0.4871611079074381,0.48716110790742745,1.0658141036401503e-14,0.336396458,0.488977958
mattern_cov1,4096,751,0.48394896698942563,0.4839489669894143,1.1324274851176597e-14,0.344961042,0.490923458
mattern_cov1,4096,752,0.48398897805984703,0.48398897805983637,1.0658141036401503e-14,0.333512625,0.485530792
mattern_cov1,4096,753,0.48775160199989115,0.4877516019998813,9.825473767932635e-15,0.3438565,0.496389333
mattern_cov1,4096,754,0.4859551124424213,0.4859551124424108,1.049160758270773e-14,0.338479792,0.487253625
mattern_cov1,4096,755,0.48542855470915325,0.48542855470914376,9.492406860545088e-15,0.343805375,0.490179166
mattern_cov1,4096,756,0.48656760404814475,0.48656760404813193,1.2823075934420558e-14,0.338684375,0.4928315
mattern_cov1,4096,757,0.48721924000454425,0.4872192400045358,8.43769498715119e-15,0.347904208,0.482080208
mattern_cov1,4096,758,0.4861717113183209,0.4861717113183109,9.992007221626409e-15,0.346171792,0.491011833
mattern_cov1,4096,759,0.48819276922029614,0.4881927692202856,1.0547118733938987e-14,0.343603166,0.490786584
mattern_cov1,4096,760,0.48580717488528685,0.48580717488527364,1.3211653993039363e-14,0.334026958,0.492028208
mattern_cov1,4096,761,0.48732802083346366,0.48732802083345433,9.325873406851315e-15,0.343657167,0.489741416
mattern_cov1,4096,762,0.48605851361881985,0.4860585136188082,1.1657341758564144e-14,0.331885208,0.493635542
mattern_cov1,4096,763,0.48479175102056665,0.48479175102055666,9.992007221626409e-15,0.339036958,0.491211042
mattern_cov1,4096,764,0.4834314052452666,0.4834314052452559,1.071365218763276e-14,0.33573225,0.499037833
mattern_cov1,4096,765,0.48506366982560195,0.48506366982559124,1.071365218763276e-14,0.338748542,0.494983166
mattern_cov1,4096,766,0.48312162909876283,0.4831216290987585,4.3298697960381105e-15,0.340686292,0.485828583
mattern_cov1,4096,767,0.48563211649494264,0.48563211649493204,1.0602629885170245e-14,0.342333625,0.492333875
mattern_cov1,4096,768,0.4886872429547627,0.4886872429547519,1.0769163338864018e-14,0.3422635,0.491783542
mattern_cov1,4096,769,0.4861268240539894,0.48612682405397756,1.1823875212257917e-14,0.34161575,0.483399167
mattern_cov1,4096,770,0.48692202911875976,0.4869220291187491,1.0658141036401503e-14,0.339416875,0.482431667
mattern_cov1,4096,771,0.48504165479922196,0.4850416547992122,9.769962616701378e-15,0.340179875,0.488807792
mattern_cov1,4096,772,0.48715669767512115,0.48715669767511116,9.992007221626409e-15,0.339306083,0.490010334
mattern_cov1,4096,773,0.4881855563349982,0.4881855563349873,1.0935696792557792e-14,0.341377792,0.491270667
mattern_cov1,4096,774,0.4859891598762132,0.4859891598762016,1.1601830607332886e-14,0.341169542,0.499165375
mattern_cov1,4096,775,0.4893353971535048,0.48933539715349533,9.492406860545088e-15,0.344763708,0.48723825
mattern_cov1,4096,776,0.48352475566495995,0.48352475566494935,1.0602629885170245e-14,0.336016958,0.490701708
mattern_cov1,4096,777,0.48737674128634806,0.48737674128634584,2.220446049250313e-15,0.341997042,0.488755083
mattern_cov1,4096,778,0.48469438738771714,0.48469438738770537,1.176836406102666e-14,0.336736875,0.484687
mattern_cov1,4096,779,0.4851523964736315,0.4851523964736197,1.1823875212257917e-14,0.33915225,0.492382042
mattern_cov1,4096,780,0.48576560224022,0.4857656022402095,1.049160758270773e-14,0.344513125,0.489054292
mattern_cov1,4096,781,0.48313677297262897,0.48313677297261964,9.325873406851315e-15,0.343407375,0.489694459
mattern_cov1,4096,782,0.48511324349494406,0.4851132434949336,1.0436096431476471e-14,0.343130667,0.488365334
mattern_cov1,4096,783,0.4842438972799738,0.48424389727996386,9.936496070395151e-15,0.342074959,0.49255925
mattern_cov1,4096,784,0.48516232866963044,0.48516232866962034,1.0103029524088925e-14,0.333118417,0.489124375
mattern_cov1,4096,785,0.48718831126198486,0.4871883112619753,9.547918011776346e-15,0.346598125,0.48229075
mattern_cov1,4096,786,0.48272578146953576,0.482725781469524,1.176836406102666e-14,0.334558583,0.495897041
mattern_cov1,4096,787,0.48644500420428255,0.48644500420427234,1.021405182655144e-14,0.339371208,0.484729875
mattern_cov1,4096,788,0.4886508187743565,0.48865081877434496,1.1546319456101628e-14,0.33818425,0.50391625
mattern_cov1,4096,789,0.4855867212442466,0.485586721244236,1.0602629885170245e-14,0.339408459,0.493510167
mattern_cov1,4096,790,0.49033314557583124,0.49033314557581936,1.1879386363489175e-14,0.335527041,0.486350667
mattern_cov1,4096,791,0.483255802584899,0.483255802584889,9.992007221626409e-15,0.342634709,0.497183791
mattern_cov1,4096,792,0.48630055374358566,0.4863005537435743,1.1379786002407855e-14,0.341951083,0.493855917
mattern_cov1,4096,793,0.4878174395635377,0.48781743956352647,1.1213252548714081e-14,0.340348042,0.493411916
mattern_cov1,4096,794,0.4860609374039752,0.486060937403964,1.1213252548714081e-14,0.343659792,0.483942458
mattern_cov1,4096,795,0.4850222357626728,0.48502223576266174,1.1046719095020308e-14,0.341317125,0.494100917
mattern_cov1,4096,796,0.4873845623034971,0.48738456230348715,9.936496070395151e-15,0.33917475,0.489311084
mattern_cov1,4096,797,0.486691051903761,0.48669105190374995,1.1046719095020308e-14,0.341863458,0.487985875
mattern_cov1,4096,798,0.48877899080348675,0.4887789908034758,1.0935696792557792e-14,0.337045083,0.494959875
mattern_cov1,4096,799,0.4886031403955229,0.48860314039551983,3.0531133177191805e-15,0.342461958,0.500488291
mattern_cov1,4096,800,0.48689831653713495,0.48689831653712484,1.0103029524088925e-14,0.337821916,0.490977167
mattern_cov1,4096,801,0.48799720761442994,0.48799720761441967,1.0269562977782698e-14,0.341891583,0.496606542
mattern_cov1,4096,802,0.4883694805277254,0.488369480527713,1.2378986724570495e-14,0.334478084,0.485752209
mattern_cov1,4096,803,0.4844958035082802,0.48449580350826865,1.1546319456101628e-14,0.34191775,0.484618041
mattern_cov1,4096,804,0.48519467836065105,0.48519467836064073,1.0325074129013956e-14,0.341468542,0.494457417
mattern_cov1,4096,805,0.4853144726314205,0.4853144726314098,1.071365218763276e-14,0.346442,0.487356833
mattern_cov1,4096,806,0.48639693829179437,0.48639693829178365,1.071365218763276e-14,0.346091292,0.487573041
mattern_cov1,4096,807,0.4885659614929871,0.4885659614929762,1.0880185641326534e-14,0.343082291,0.493977125
mattern_cov1,4096,808,0.4864225505351101,0.4864225505350985,1.1601830607332886e-14,0.336829791,0.499358208
mattern_cov1,4096,809,0.4838213031191618,0.48382130311915184,9.992007221626409e-15,0.342424417,0.489567667
mattern_cov1,4096,810,0.48630317949066093,0.48630317949065044,1.049160758270773e-14,0.333983792,0.486916833
mattern_cov1,4096,811,0.4866741687752593,0.48667416877524877,1.0547118733938987e-14,0.343618209,0.493079
mattern_cov1,4096,812,0.4855940356196597,0.4855940356196505,9.2148511043888e-15,0.336509,0.495592667
mattern_cov1,4096,813,0.48742000122983486,0.48742000122982404,1.0824674490095276e-14,0.345521208,0.491424542
mattern_cov1,4096,814,0.4874451041684909,0.4874451041684802,1.071365218763276e-14,0.339393,0.482907166
mattern_cov1,4096,815,0.4869655330846645,0.48696553308465274,1.176836406102666e-14,0.346122208,0.491854541
mattern_cov1,4096,816,0.48267248939035384,0.48267248939034335,1.049160758270773e-14,0.343917458,0.490801167
mattern_cov1,4096,817,0.48435845015120665,0.48435845015119633,1.0325074129013956e-14,0.3474915,0.485703084
mattern_cov1,4096,818,0.48881535581856883,0.4888153558185579,1.0935696792557792e-14,0.341341042,0.488580167
mattern_cov1,4096,819,0.4856124135557465,0.48561241355573576,1.0769163338864018e-14,0.340841708,0.497448792
mattern_cov1,4096,820,0.4883756244791681,0.4883756244791582,9.880984919163893e-15,0.335572667,0.492296417
mattern_cov1,4096,821,0.4892187315017256,0.4892187315017198,5.828670879282072e-15,0.343563792,0.486584375
mattern_cov1,4096,822,0.4869155700590047,0.48691557005899355,1.1157741397482823e-14,0.338027375,0.493383792
mattern_cov1,4096,823,0.48797874418442905,0.48797874418441783,1.1213252548714081e-14,0.344427166,0.493413375
mattern_cov1,4096,824,0.48591471608659326,0.4859147160865822,1.1046719095020308e-14,0.333163166,0.493958208
mattern_cov1,4096,825,0.48580998028464323,0.4858099802846331,1.0103029524088925e-14,0.342397625,0.49730975
mattern_cov1,4096,826,0.4904768522885892,0.49047685228857757,1.1657341758564144e-14,0.343297584,0.485588584
mattern_cov1,4096,827,0.4843594484566382,0.4843594484566273,1.0880185641326534e-14,0.344124875,0.495414417
mattern_cov1,4096,828,0.48773629426673293,0.4877362942667233,9.603429163007604e-15,0.342628584,0.49051525
mattern_cov1,4096,829,0.4855190018689341,0.48551900186892255,1.1546319456101628e-14,0.340849125,0.486552125
mattern_cov1,4096,830,0.489496879370604,0.489496879370592,1.199040866595169e-14,0.342515875,0.48001525
mattern_cov1,4096,831,0.4866895137683061,0.48668951376829495,1.1157741397482823e-14,0.341096292,0.505793333
mattern_cov1,4096,832,0.48712251317852245,0.4871225131785111,1.1379786002407855e-14,0.33320675,0.491721958
mattern_cov1,4096,833,0.4849977393903235,0.4849977393903126,1.0880185641326534e-14,0.346212291,0.489671792
mattern_cov1,4096,834,0.4877003824507801,0.4877003824507702,9.936496070395151e-15,0.332487208,0.495482917
mattern_cov1,4096,835,0.48943311131424655,0.48943311131423534,1.1213252548714081e-14,0.346198583,0.493775583
mattern_cov1,4096,836,0.4894231104122109,0.4894231104121994,1.1546319456101628e-14,0.333286625,0.488219375
mattern_cov1,4096,837,0.4867352732059856,0.4867352732059755,1.0103029524088925e-14,0.348419875,0.488887583
mattern_cov1,4096,838,0.4857038339989533,0.4857038339989272,2.609024107869118e-14,0.334795,0.490180542
mattern_cov1,4096,839,0.4876898916901152,0.48768989169010507,1.0103029524088925e-14,0.341541417,0.493097334
mattern_cov1,4096,840,0.4843022653516114,0.48430226535159876,1.2656542480726785e-14,0.33975375,0.492194666
mattern_cov1,4096,841,0.4868447059865475,0.4868447059865367,1.0824674490095276e-14,0.3442125,0.487535
mattern_cov1,4096,842,0.48627022508160334,0.4862702250815924,1.0935696792557792e-14,0.340357625,0.488716
mattern_cov1,4096,843,0.48641430387509743,0.48641430387508683,1.0602629885170245e-14,0.344062958,0.492269209
mattern_cov1,4096,844,0.48755328799911907,0.4875532879991081,1.099120794378905e-14,0.333078625,0.490168375
mattern_cov1,4096,845,0.484850009895993,0.48485000989598337,9.603429163007604e-15,0.345312542,0.486086125
mattern_cov1,4096,846,0.4885120819650768,0.48851208196506696,9.825473767932635e-15,0.335760541,0.4976775
mattern_cov1,4096,847,0.4876032553177714,0.4876032553177605,1.0880185641326534e-14,0.351621666,0.492963792
mattern_cov1,4096,848,0.48732678733790813,0.4873267873378975,1.0602629885170245e-14,0.336385583,0.494913875
mattern_cov1,4096,849,0.48801436943087256,0.48801436943086096,1.1601830607332886e-14,0.344600625,0.50217
mattern_cov1,4096,850,0.4853781950075237,0.48537819500751206,1.1657341758564144e-14,0.331241375,0.488262958
mattern_cov1,4096,851,0.488310206990092,0.48831020699008043,1.1546319456101628e-14,0.347304084,0.4931875
mattern_cov1,4096,852,0.48870775272450945,0.48870775272449846,1.099120794378905e-14,0.348606875,0.489372458
mattern_cov1,4096,853,0.485405497675262,0.48540549767525115,1.0824674490095276e-14,0.344007417,0.4842035
mattern_cov1,4096,854,0.4839470939182439,0.4839470939182336,1.0325074129013956e-14,0.343736541,0.486751917
mattern_cov1,4096,855,0.48742735789102154,0.4874273578910113,1.021405182655144e-14,0.342114375,0.486572458
mattern_cov1,4096,856,0.4879472075617501,0.4879472075617383,1.176836406102666e-14,0.33676425,0.491805459
mattern_cov1,4096,857,0.48606605336877345,0.486066053368764,9.43689570931383e-15,0.345856791,0.498298833
mattern_cov1,4096,858,0.48216120794055134,0.4821612079405386,1.2712053631958042e-14,0.335765625,0.4980415
mattern_cov1,4096,859,0.4898506172187121,0.489850617218701,1.1102230246251565e-14,0.343585667,0.491818875
mattern_cov1,4096,860,0.48538213759059,0.4853821375905791,1.0935696792557792e-14,0.337360292,0.494604666
mattern_cov1,4096,861,0.4868699196037187,0.4868699196037079,1.0824674490095276e-14,0.339004333,0.493018458
mattern_cov1,4096,862,0.4840679367914451,0.48406793679143373,1.1379786002407855e-14,0.332299541,0.483241542
mattern_cov1,4096,863,0.485791732551208,0.4857917325511974,1.0602629885170245e-14,0.341276167,0.49370075
mattern_cov1,4096,864,0.48768373782349844,0.4876837378234879,1.0547118733938987e-14,0.34338725,0.4936495
mattern_cov1,4096,865,0.48466799526201837,0.48466799526200804,1.0325074129013956e-14,0.337864708,0.493647667
mattern_cov1,4096,866,0.4871994151989134,0.4871994151989023,1.1102230246251565e-14,0.341427167,0.496063708
mattern_cov1,4096,867,0.48731354952704486,0.4873135495270353,9.547918011776346e-15,0.344571292,0.489797041
mattern_cov1,4096,868,0.4869632936391582,0.4869632936391464,1.176836406102666e-14,0.339537542,0.499888083
mattern_cov1,4096,869,0.4858638879237791,0.4858638879237686,1.049160758270773e-14,0.339203583,0.489132625
mattern_cov1,4096,870,0.4892833288281335,0.489283328828122,1.1546319456101628e-14,0.34445475,0.4929785
mattern_cov1,4096,871,0.4854018294248417,0.48540182942483073,1.099120794378905e-14,0.340903583,0.49356425
mattern_cov1,4096,872,0.4849482060848862,0.48494820608487577,1.0436096431476471e-14,0.343081,0.486638375
mattern_cov1,4096,873,0.4846616874908695,0.484661687490858,1.1546319456101628e-14,0.346259708,0.493013792
mattern_cov1,4096,874,0.48677920415479425,0.48677920415478204,1.2212453270876722e-14,0.343252917,0.484523042
mattern_cov1,4096,875,0.48581300840605185,0.48581300840604075,1.1102230246251565e-14,0.339654125,0.497297792
mattern_cov1,4096,876,0.48675997047520925,0.4867599704751988,1.0436096431476471e-14,0.341746791,0.488717792
mattern_cov1,4096,877,0.486086049898967,0.48608604989895693,1.0047518372857667e-14,0.340170209,0.493059
mattern_cov1,4096,878,0.48679753158482614,0.4867975315848134,1.2712053631958042e-14,0.34089525,0.49329975
mattern_cov1,4096,879,0.48651995000270915,0.48651995000270554,3.608224830031759e-15,0.342864458,0.496274
mattern_cov1,4096,880,0.4865619199369175,0.4865619199369064,1.1102230246251565e-14,0.331420625,0.508622958
mattern_cov1,4096,881,0.4871858152621882,0.48718581526217725,1.0935696792557792e-14,0.342710458,0.493545167
mattern_cov1,4096,882,0.4870122720046277,0.4870122720046168,1.0935696792557792e-14,0.333746209,0.49015675
mattern_cov1,4096,883,0.48469303149468884,0.4846930314946785,1.0325074129013956e-14,0.346286333,0.497348417
mattern_cov1,4096,884,0.48390894301807924,0.483908943018069,1.021405182655144e-14,0.342906166,0.493228084
mattern_cov1,4096,885,0.4838721145346549,0.48387211453464435,1.0547118733938987e-14,0.338416833,0.489604875
mattern_cov1,4096,886,0.4853985463046164,0.48539854630460616,1.021405182655144e-14,0.340613667,0.484888292
mattern_cov1,4096,887,0.48768041051680394,0.4876804105167927,1.1268763699945339e-14,0.34085625,0.491758667
mattern_cov1,4096,888,0.4851060631454997,0.4851060631454891,1.0602629885170245e-14,0.339145,0.490574833
mattern_cov1,4096,889,0.48854397182894344,0.48854397182893233,1.1102230246251565e-14,0.340193333,0.489415042
mattern_cov1,4096,890,0.48392009146444565,0.4839200914644377,7.93809462606987e-15,0.341670459,0.495294958
mattern_cov1,4096,891,0.4892108129267095,0.48921081292669855,1.0935696792557792e-14,0.341907167,0.498063375
mattern_cov1,4096,892,0.4870064638897606,0.48700646388974983,1.0769163338864018e-14,0.33934075,0.494820167
mattern_cov1,4096,893,0.4850977515729977,0.48509775157298796,9.769962616701378e-15,0.342342959,0.495848542
mattern_cov1,4096,894,0.48469577058407914,0.48469577058406826,1.0880185641326534e-14,0.334894,0.490970667
mattern_cov1,4096,895,0.48624837927106485,0.48624837927105413,1.071365218763276e-14,0.343475375,0.489856625
mattern_cov1,4096,896,0.4879224831170145,0.4879224831170028,1.1712852909795402e-14,0.344880416,0.5033255
mattern_cov1,4096,897,0.48642457174919934,0.48642457174918957,9.769962616701378e-15,0.345440583,0.488282042
mattern_cov1,4096,898,0.48517515630289837,0.48517515630288677,1.1601830607332886e-14,0.342998333,0.484468917
mattern_cov1,4096,899,0.4896705303634013,0.48967053036339064,1.0658141036401503e-14,0.344543625,0.495667625
mattern_cov1,4096,900,0.4851677328739504,0.4851677328739368,1.3600232051658168e-14,0.348834417,0.49056425
mattern_cov1,4096,901,0.4851311216680416,0.48513112166803246,9.159339953157541e-15,0.3429605,0.486374708
mattern_cov1,4096,902,0.48815989555361733,0.4881598955536071,1.021405182655144e-14,0.34193575,0.486887833
mattern_cov1,4096,903,0.4899186073750892,0.4899186073750772,1.199040866595169e-14,0.339883375,0.496028125
mattern_cov1,4096,904,0.48520168249490436,0.4852016824948933,1.1046719095020308e-14,0.337287334,0.491299709
mattern_cov1,4096,905,0.48559029399884673,0.48559029399883613,1.0602629885170245e-14,0.346397667,0.485220958
mattern_cov1,4096,906,0.4876831411123465,0.48768314111233435,1.2156942119645464e-14,0.336629958,0.492200791
mattern_cov1,4096,907,0.48437931039819615,0.48437931039818577,1.0380585280245214e-14,0.340270333,0.497582792
mattern_cov1,4096,908,0.48877474070041727,0.4887747407004071,1.0158540675320182e-14,0.333158083,0.489315959
mattern_cov1,4096,909,0.485812957394427,0.4858129573944165,1.049160758270773e-14,0.342516375,0.494633042
mattern_cov1,4096,910,0.48966084509596675,0.4896608450959552,1.1546319456101628e-14,0.334303667,0.494722625
mattern_cov1,4096,911,0.4845637565109419,0.48456375651093103,1.0880185641326534e-14,0.343443333,0.493527791
mattern_cov1,4096,912,0.4875999332804564,0.487599933280444,1.2434497875801753e-14,0.343169,0.51354875
mattern_cov1,4096,913,0.4852151267469271,0.48521512674691697,1.0103029524088925e-14,0.346003917,0.485526959
mattern_cov1,4096,914,0.48724049486954263,0.4872404948695319,1.071365218763276e-14,0.343555042,0.485839666
mattern_cov1,4096,915,0.4868930182501657,0.48689301825015513,1.0547118733938987e-14,0.351458458,0.491745291
mattern_cov1,4096,916,0.48554062920288316,0.4855406292028724,1.0769163338864018e-14,0.337865416,0.496809208
mattern_cov1,4096,917,0.490428142180829,0.4904281421808166,1.2378986724570495e-14,0.342591709,0.48232925
mattern_cov1,4096,918,0.48712531972458484,0.48712531972457507,9.769962616701378e-15,0.335013167,0.491721583
mattern_cov1,4096,919,0.48524874465510587,0.48524874465509454,1.1324274851176597e-14,0.341435625,0.491872083
mattern_cov1,4096,920,0.48838256961140764,0.48838256961139703,1.0602629885170245e-14,0.336739209,0.493347708
mattern_cov1,4096,921,0.4866731705634741,0.486673170563463,1.1102230246251565e-14,0.349102209,0.492790875
mattern_cov1,4096,922,0.48512998194423584,0.4851299819442258,1.0047518372857667e-14,0.335849083,0.492707542
mattern_cov1,4096,923,0.4849473099737365,0.4849473099737263,1.0158540675320182e-14,0.346308333,0.499225292
mattern_cov1,4096,924,0.4854539417096855,0.4854539417096751,1.0380585280245214e-14,0.343139666,0.4902295
mattern_cov1,4096,925,0.48710265089897936,0.4871026508989691,1.0269562977782698e-14,0.342692666,0.491807042
mattern_cov1,4096,926,0.4877365120423052,0.4877365120422928,1.2434497875801753e-14,0.343910667,0.4864065
mattern_cov1,4096,927,0.48393479172264287,0.4839347917226309,1.199040866595169e-14,0.340584917,0.492679125
mattern_cov1,4096,928,0.4841053785231125,0.48410537852310237,1.0103029524088925e-14,0.334995833,0.490015125
mattern_cov1,4096,929,0.4860123643617688,0.4860123643617584,1.0436096431476471e-14,0.347393625,0.481700834
mattern_cov1,4096,930,0.4882061603204333,0.48820616032042324,1.0047518372857667e-14,0.337115542,0.498520334
mattern_cov1,4096,931,0.48828711992102797,0.48828711992101664,1.1324274851176597e-14,0.337102708,0.491298625
mattern_cov1,4096,932,0.48785188808229457,0.487851888082284,1.0547118733938987e-14,0.329974083,0.487734375
mattern_cov1,4096,933,0.4856973302765828,0.4856973302765726,1.021405182655144e-14,0.342568416,0.489589584
mattern_cov1,4096,934,0.48969720132684014,0.48969720132682926,1.0880185641326534e-14,0.33782,0.482981125
mattern_cov1,4096,935,0.4846318013611913,0.4846318013611812,1.0047518372857667e-14,0.341292958,0.48996
mattern_cov1,4096,936,0.48860262995568865,0.48860262995567855,1.0103029524088925e-14,0.344833083,0.48907825
mattern_cov1,4096,937,0.48510901566967,0.48510901566965914,1.0880185641326534e-14,0.343880708,0.492074458
mattern_cov1,4096,938,0.48667190228712837,0.4866719022871182,1.0158540675320182e-14,0.347075125,0.48626325
mattern_cov1,4096,939,0.4850386982306643,0.48503869823065715,7.16093850883226e-15,0.344179834,0.495158125
mattern_cov1,4096,940,0.48782725632776064,0.48782725632774665,1.3988810110276972e-14,0.340455333,0.493647125
mattern_cov1,4096,941,0.4844489586557794,0.48444895865576826,1.1157741397482823e-14,0.3444895,0.483682875
mattern_cov1,4096,942,0.48621943828222386,0.4862194382822142,9.658940314238862e-15,0.3356715,0.496657583
mattern_cov1,4096,943,0.4853445419163214,0.4853445419163119,9.547918011776346e-15,0.364656458,0.493532667
mattern_cov1,4096,944,0.4843784152227382,0.48437841522272773,1.049160758270773e-14,0.334050083,0.491889833
mattern_cov1,4096,945,0.48698967978280255,0.4869896797827941,8.43769498715119e-15,0.34165925,0.488148208
mattern_cov1,4096,946,0.4900828621535483,0.4900828621535413,6.994405055138486e-15,0.335595125,0.500251375
mattern_cov1,4096,947,0.4837418603909169,0.483741860390906,1.0880185641326534e-14,0.338775916,0.494190417
mattern_cov1,4096,948,0.48670227124996046,0.4867022712499504,1.0047518372857667e-14,0.346743625,0.497508625
mattern_cov1,4096,949,0.4854826696633004,0.4854826696632895,1.0880185641326534e-14,0.3392865,0.485269083
mattern_cov1,4096,950,0.48428399004438827,0.48428399004437767,1.0602629885170245e-14,0.34018975,0.4895935
mattern_cov1,4096,951,0.4848875791318262,0.4848875791318153,1.0880185641326534e-14,0.340255791,0.499397167
mattern_cov1,4096,952,0.48500046778999434,0.4850004677899746,1.9761969838327786e-14,0.332423709,0.492110667
mattern_cov1,4096,953,0.4854621635328055,0.48546216353279553,9.992007221626409e-15,0.340424542,0.482472958
mattern_cov1,4096,954,0.4878565093111502,0.48785650931114044,9.769962616701378e-15,0.338572875,0.496100958
mattern_cov1,4096,955,0.48684407660017603,0.4868440766001653,1.071365218763276e-14,0.341730666,0.498997042
mattern_cov1,4096,956,0.4868369872680667,0.48683698726805597,1.071365218763276e-14,0.335307209,0.489973416
mattern_cov1,4096,957,0.48763158469169804,0.4876315846916867,1.1324274851176597e-14,0.339222916,0.490080959
mattern_cov1,4096,958,0.48791958465213314,0.4879195846521216,1.1546319456101628e-14,0.332654792,0.485811042
mattern_cov1,4096,959,0.4873989264231518,0.48739892642314014,1.1657341758564144e-14,0.34245175,0.493184583
mattern_cov1,4096,960,0.4856245420345582,0.48562454203454863,9.547918011776346e-15,0.3374165,0.496050042
mattern_cov1,4096,961,0.4861492004116789,0.4861492004116681,1.0824674490095276e-14,0.343098833,0.489653709
mattern_cov1,4096,962,0.48374718573614883,0.4837471857361388,1.0047518372857667e-14,0.33937275,0.4833865
mattern_cov1,4096,963,0.48384587934863216,0.483845879348622,1.0158540675320182e-14,0.340892125,0.493460167
mattern_cov1,4096,964,0.4867532789419146,0.48675327894190396,1.0658141036401503e-14,0.339567083,0.493532583
mattern_cov1,4096,965,0.4869631552238473,0.48696315522383715,1.0158540675320182e-14,0.34224875,0.495417458
mattern_cov1,4096,966,0.4896795112144389,0.4896795112144283,1.0602629885170245e-14,0.337929291,0.493278792
mattern_cov1,4096,967,0.4885900914761316,0.4885900914761212,1.0380585280245214e-14,0.34464925,0.496453791
mattern_cov1,4096,968,0.48921786174711235,0.4892178617471026,9.769962616701378e-15,0.333877209,0.493698209
mattern_cov1,4096,969,0.48657915292200205,0.48657915292199133,1.071365218763276e-14,0.346298166,0.492225
mattern_cov1,4096,970,0.4872165320388217,0.4872165320388105,1.1213252548714081e-14,0.333355708,0.488536625
mattern_cov1,4096,971,0.4846125580573204,0.48461255805731,1.0380585280245214e-14,0.343750041,0.498210334
mattern_cov1,4096,972,0.4853214663823185,0.48532146638230816,1.0325074129013956e-14,0.340680875,0.48937425
mattern_cov1,4096,973,0.4854721784718843,0.4854721784718736,1.0658141036401503e-14,0.340749166,0.481470792
mattern_cov1,4096,974,0.4887007508798193,0.4887007508798081,1.1213252548714081e-14,0.344092625,0.484952667
mattern_cov1,4096,975,0.4864409766460318,0.48644097664602043,1.1379786002407855e-14,0.341611209,0.488651708
mattern_cov1,4096,976,0.48727085110160573,0.4872708511015946,1.1102230246251565e-14,0.336551625,0.493909166
mattern_cov1,4096,977,0.488003365202262,0.4880033652022506,1.1379786002407855e-14,0.372947542,0.48399375
mattern_cov1,4096,978,0.4867189239598723,0.4867189239598621,1.021405182655144e-14,0.334732625,0.500490875
mattern_cov1,4096,979,0.48865801906572215,0.4886580190657111,1.1046719095020308e-14,0.345398709,0.491565083
mattern_cov1,4096,980,0.48386034788891275,0.48386034788890137,1.1379786002407855e-14,0.331389291,0.489636459
mattern_cov1,4096,981,0.48879122429118466,0.48879122429117405,1.0602629885170245e-14,0.344919083,0.494493875
mattern_cov1,4096,982,0.4885763847096371,0.48857638470962583,1.1268763699945339e-14,0.33611425,0.490703625
mattern_cov1,4096,983,0.486050242643167,0.4860502426431556,1.1379786002407855e-14,0.340710792,0.491238125
mattern_cov1,4096,984,0.4861000003381883,0.4861000003381763,1.199040866595169e-14,0.342840917,0.495014958
mattern_cov1,4096,985,0.48748150876328045,0.48748150876327045,9.992007221626409e-15,0.34100125,0.491408125
mattern_cov1,4096,986,0.48711774071245134,0.4871177407124405,1.0824674490095276e-14,0.345610958,0.486293084
mattern_cov1,4096,987,0.4858396749144022,0.4858396749143912,1.1046719095020308e-14,0.341149625,0.490121125
mattern_cov1,4096,988,0.48321151338486407,0.4832115133848527,1.1379786002407855e-14,0.333105042,0.500958542
mattern_cov1,4096,989,0.48543126017568183,0.48543126017567034,1.149080830487037e-14,0.34318525,0.485187416
mattern_cov1,4096,990,0.4839991410160566,0.4839991410160465,1.0103029524088925e-14,0.333523958,0.48782775
mattern_cov1,4096,991,0.4855655601895164,0.48556556018950564,1.0769163338864018e-14,0.357037917,0.487127375
mattern_cov1,4096,992,0.48977167304975594,0.48977167304976404,8.104628079763643e-15,0.334337416,0.489011375
mattern_cov1,4096,993,0.4835207869841893,0.48352078698418116,8.1601392309949e-15,0.345649,0.494644416
mattern_cov1,4096,994,0.4885087094040283,0.4885087094040175,1.0769163338864018e-14,0.336659417,0.487090709
mattern_cov1,4096,995,0.48502258125470243,0.4850225812546915,1.0935696792557792e-14,0.344508041,0.484243417
mattern_cov1,4096,996,0.48674863126237544,0.4867486312623648,1.0658141036401503e-14,0.34675125,0.491681667
mattern_cov1,4096,997,0.48486497658172895,0.4848649765817181,1.0824674490095276e-14,0.338548875,0.485106792
mattern_cov1,4096,998,0.4850347100233616,0.4850347100233514,1.021405182655144e-14,0.340155291,0.484588584
mattern_cov1,4096,999,0.48767679451859886,0.4876767945185876,1.1268763699945339e-14,0.341828,0.489199625
mattern_cov1,4096,1000,0.4842438696226881,0.48424386962267824,9.880984919163893e-15,0.3447275,0.490697625
