simulation_function,n,rep,qmc_data_value,qmc_data_distributions_value,absolute_difference,qmc_data_time,qmc_data_distributions_time
rand_spd,64,1,0.2668938884537009,0.26689388845370055,3.3306690738754696e-16,0.00143169,0.237775169
rand_spd,64,2,0.2666740241222328,0.26667402412223246,3.3306690738754696e-16,0.001184309,0.005699817
rand_spd,64,3,0.26662134426244094,0.2666213442624406,3.3306690738754696e-16,0.001205846,0.005907668
rand_spd,64,4,0.26676089222646043,0.2667608922264602,2.220446049250313e-16,0.001164661,0.006480289
rand_spd,64,5,0.26670103914063675,0.2667010391406364,3.3306690738754696e-16,0.001185569,0.006402647
rand_spd,64,6,0.2672070161558058,0.2672070161558054,3.885780586188048e-16,0.001408582,0.006198233
rand_spd,64,7,0.2668226406427035,0.2668226406427032,2.7755575615628914e-16,0.001172894,0.005561619
rand_spd,64,8,0.2661371771401057,0.2661371771401054,3.3306690738754696e-16,0.001237717,0.006644813
rand_spd,64,9,0.2663997847202001,0.26639978472019976,3.3306690738754696e-16,0.001355444,0.005580777
rand_spd,64,10,0.265942543211845,0.2659425432118447,3.3306690738754696e-16,0.001231215,0.006189621
rand_spd,64,11,0.2665420969374655,0.26654209693746517,3.3306690738754696e-16,0.001296991,0.006225576
rand_spd,64,12,0.26752383134422797,0.2675238313442276,3.885780586188048e-16,0.001266338,0.006686552
rand_spd,64,13,0.26672330556517193,0.2667233055651716,3.3306690738754696e-16,0.001309293,0.006581569
rand_spd,64,14,0.2659606748645658,0.2659606748645655,3.3306690738754696e-16,0.001175005,0.006237973
rand_spd,64,15,0.2664460741499545,0.2664460741499542,3.3306690738754696e-16,0.001199721,0.00582354
rand_spd,64,16,0.26655236590597137,0.26655236590597103,3.3306690738754696e-16,0.001181536,0.005468182
rand_spd,64,17,0.26648486643378044,0.26648486643378017,2.7755575615628914e-16,0.001161876,0.006036111
rand_spd,64,18,0.26567314991810503,0.2656731499181047,3.3306690738754696e-16,0.001282214,0.006083742
rand_spd,64,19,0.26662159272821456,0.2666215927282143,2.7755575615628914e-16,0.001234631,0.006059034
rand_spd,64,20,0.2653417735588049,0.26534177355880456,3.3306690738754696e-16,0.00116534,0.006241315
rand_spd,64,21,0.26605916596568047,0.2660591659656801,3.885780586188048e-16,0.001277767,0.005899125
rand_spd,64,22,0.26624992603625913,0.26624992603625874,3.885780586188048e-16,0.001136045,0.006014687
rand_spd,64,23,0.2664085092005308,0.26640850920053044,3.3306690738754696e-16,0.001192269,0.005873768
rand_spd,64,24,0.2665027790054761,0.2665027790054757,3.885780586188048e-16,0.001322734,0.005978665
rand_spd,64,25,0.2667876372357067,0.26678763723570637,3.3306690738754696e-16,0.001248542,0.005807073
rand_spd,64,26,0.26631675973500574,0.2663167597350054,3.3306690738754696e-16,0.001172228,0.006034564
rand_spd,64,27,0.2674032161134822,0.2674032161134819,3.3306690738754696e-16,0.001242555,0.005961448
rand_spd,64,28,0.2664824464137769,0.2664824464137765,3.885780586188048e-16,0.001195968,0.006358173
rand_spd,64,29,0.2665807490984846,0.26658074909848434,2.7755575615628914e-16,0.001139305,0.005922512
rand_spd,64,30,0.26616473547772296,0.2661647354777226,3.3306690738754696e-16,0.001381696,0.006011416
rand_spd,64,31,0.26667707170043786,0.26667707170043753,3.3306690738754696e-16,0.001125143,0.006267744
rand_spd,64,32,0.26603280234198373,0.26603280234198334,3.885780586188048e-16,0.001173455,0.006672117
rand_spd,64,33,0.26610408364671345,0.26610408364671306,3.885780586188048e-16,0.001277949,0.006024106
rand_spd,64,34,0.2671176064133055,0.2671176064133052,3.3306690738754696e-16,0.001249487,0.00537799
rand_spd,64,35,0.26677799366790195,0.2667779936679017,2.220446049250313e-16,0.001237366,0.005603408
rand_spd,64,36,0.2672447377314298,0.2672447377314295,3.3306690738754696e-16,0.001159905,0.005870522
rand_spd,64,37,0.26555075257887356,0.26555075257887323,3.3306690738754696e-16,0.001264818,0.005973094
rand_spd,64,38,0.2660788233811398,0.2660788233811395,3.3306690738754696e-16,0.001211818,0.005806563
rand_spd,64,39,0.2661299625423711,0.2661299625423708,2.7755575615628914e-16,0.001161644,0.005965596
rand_spd,64,40,0.2664046298293247,0.26640462982932445,2.7755575615628914e-16,0.001249006,0.005903296
rand_spd,64,41,0.2670317376451445,0.26703173764514415,3.3306690738754696e-16,0.001237093,0.005821447
rand_spd,64,42,0.26583163835579493,0.2658316383557946,3.3306690738754696e-16,0.001258885,0.006311548
rand_spd,64,43,0.266739182787559,0.2667391827875587,2.7755575615628914e-16,0.00120283,0.005996047
rand_spd,64,44,0.26626833928949634,0.26626833928949595,3.885780586188048e-16,0.001164195,0.006364302
rand_spd,64,45,0.26653180623706757,0.2665318062370672,3.885780586188048e-16,0.001145463,0.005924427
rand_spd,64,46,0.26612165448247244,0.2661216544824721,3.3306690738754696e-16,0.001242594,0.006389772
rand_spd,64,47,0.26667520549038265,0.2666752054903823,3.3306690738754696e-16,0.001156191,0.005157008
rand_spd,64,48,0.26640533053369736,0.2664053305336971,2.7755575615628914e-16,0.001133612,0.005948116
rand_spd,64,49,0.2666625750055182,0.26666257500551793,2.7755575615628914e-16,0.001158945,0.005901193
rand_spd,64,50,0.266340354661247,0.26634035466124667,3.3306690738754696e-16,0.001170502,0.006284451
rand_spd,64,51,0.26674030202274546,0.2667403020227452,2.7755575615628914e-16,0.001312957,0.005860597
rand_spd,64,52,0.26626701605152964,0.26626701605152936,2.7755575615628914e-16,0.001123026,0.00569517
rand_spd,64,53,0.2669734558890529,0.2669734558890526,3.3306690738754696e-16,0.001145865,0.005629245
rand_spd,64,54,0.2672173532698539,0.2672173532698536,3.3306690738754696e-16,0.00127261,0.00598541
rand_spd,64,55,0.26602801516492874,0.26602801516492847,2.7755575615628914e-16,0.001123726,0.005496622
rand_spd,64,56,0.26594853103042476,0.26594853103042443,3.3306690738754696e-16,0.001128295,0.00594161
rand_spd,64,57,0.26662614377333144,0.2666261437733311,3.3306690738754696e-16,0.001291051,0.006066576
rand_spd,64,58,0.2666086361197388,0.26660863611973834,4.440892098500626e-16,0.001149895,0.005622679
rand_spd,64,59,0.26682924378256356,0.2668292437825632,3.885780586188048e-16,0.001153643,0.005787448
rand_spd,64,60,0.26728424663106404,0.2672842466310638,2.220446049250313e-16,0.001163783,0.006365079
rand_spd,64,61,0.2656508922315249,0.26565089223152455,3.3306690738754696e-16,0.001168814,0.006309073
rand_spd,64,62,0.26620739709526003,0.2662073970952596,4.440892098500626e-16,0.001171386,0.006254704
rand_spd,64,63,0.2665825566194581,0.2665825566194578,3.3306690738754696e-16,0.001184102,0.006458849
rand_spd,64,64,0.26694041379467687,0.26694041379467653,3.3306690738754696e-16,0.001166631,0.006019986
rand_spd,64,65,0.2667094366393116,0.2667094366393113,3.3306690738754696e-16,0.001371497,0.005692048
rand_spd,64,66,0.2649188730185372,0.26491887301853695,2.7755575615628914e-16,0.001112481,0.005168018
rand_spd,64,67,0.26574786313705073,0.2657478631370504,3.3306690738754696e-16,0.001192599,0.006025146
rand_spd,64,68,0.26570361501022977,0.2657036150102295,2.7755575615628914e-16,0.001227404,0.006354088
rand_spd,64,69,0.26762584888079954,0.26762584888079927,2.7755575615628914e-16,0.001234204,0.005927603
rand_spd,64,70,0.2654811243910397,0.2654811243910394,3.3306690738754696e-16,0.001144138,0.006031831
rand_spd,64,71,0.2665339263423077,0.2665339263423074,3.3306690738754696e-16,0.001231703,0.006086641
rand_spd,64,72,0.26658262180667525,0.26658262180667497,2.7755575615628914e-16,0.001184156,0.005955282
rand_spd,64,73,0.2665709163885852,0.2665709163885849,3.3306690738754696e-16,0.001267156,0.006464689
rand_spd,64,74,0.26598724294190595,0.26598724294190557,3.885780586188048e-16,0.001168814,0.005997925
rand_spd,64,75,0.2663149921881896,0.26631499218818927,3.3306690738754696e-16,0.001186607,0.006004518
rand_spd,64,76,0.2658867373428272,0.26588673734282686,3.3306690738754696e-16,0.001267075,0.005366104
rand_spd,64,77,0.265325053412857,0.26532505341285667,3.3306690738754696e-16,0.0011699,0.005958754
rand_spd,64,78,0.26550866345952334,0.26550866345952295,3.885780586188048e-16,0.001145299,0.006435027
rand_spd,64,79,0.2666378868924127,0.26663788689241236,3.3306690738754696e-16,0.001198389,0.006132842
rand_spd,64,80,0.2668277345230003,0.26682773452299996,3.3306690738754696e-16,0.001194054,0.006377814
rand_spd,64,81,0.26579759987227863,0.2657975998722784,2.220446049250313e-16,0.001167411,0.005991414
rand_spd,64,82,0.2669635423903321,0.2669635423903318,2.7755575615628914e-16,0.001170169,0.006406752
rand_spd,64,83,0.2672886183682134,0.26728861836821305,3.3306690738754696e-16,0.001146095,0.006258409
rand_spd,64,84,0.2672006609634516,0.26720066096345124,3.3306690738754696e-16,0.001288267,0.00598536
rand_spd,64,85,0.26669235384440876,0.2666923538444084,3.3306690738754696e-16,0.001242381,0.005841032
rand_spd,64,86,0.26642727937492894,0.26642727937492866,2.7755575615628914e-16,0.001268744,0.006323669
rand_spd,64,87,0.26698546050715527,0.26698546050715494,3.3306690738754696e-16,0.001281641,0.005990446
rand_spd,64,88,0.26694520354888057,0.2669452035488803,2.7755575615628914e-16,0.001201797,0.006297934
rand_spd,64,89,0.2670371664190963,0.267037166419096,3.3306690738754696e-16,0.001255902,0.005779918
rand_spd,64,90,0.26688882288078086,0.2668888228807805,3.885780586188048e-16,0.001130693,0.005969682
rand_spd,64,91,0.26600931333203837,0.2660093133320381,2.7755575615628914e-16,0.001161422,0.005266127
rand_spd,64,92,0.26572364672786236,0.26572364672786203,3.3306690738754696e-16,0.001258523,0.006024991
rand_spd,64,93,0.2667850287607359,0.26678502876073557,3.3306690738754696e-16,0.001127165,0.005710123
rand_spd,64,94,0.26742293403815826,0.267422934038158,2.7755575615628914e-16,0.001130833,0.006488848
rand_spd,64,95,0.2665669707217551,0.26656697072175484,2.7755575615628914e-16,0.001269746,0.00609919
rand_spd,64,96,0.26715477012513794,0.2671547701251376,3.3306690738754696e-16,0.001267564,0.005500312
rand_spd,64,97,0.2669358639559016,0.26693586395590124,3.3306690738754696e-16,0.001187484,0.006072535
rand_spd,64,98,0.266612550416131,0.26661255041613074,2.7755575615628914e-16,0.001309354,0.006170224
rand_spd,64,99,0.2670372563902864,0.2670372563902861,3.3306690738754696e-16,0.001167058,0.006067275
rand_spd,64,100,0.2668240668682749,0.26682406686827465,2.7755575615628914e-16,0.001178638,0.006391127
rand_spd,64,101,0.26630217984373394,0.26630217984373367,2.7755575615628914e-16,0.001149204,0.005873877
rand_spd,64,102,0.26622626727852494,0.26622626727852455,3.885780586188048e-16,0.001167127,0.006255475
rand_spd,64,103,0.2658965156688025,0.2658965156688022,3.3306690738754696e-16,0.001148701,0.006224252
rand_spd,64,104,0.26670243408945965,0.2667024340894593,3.3306690738754696e-16,0.001299827,0.006018139
rand_spd,64,105,0.2658735526462846,0.2658735526462843,2.7755575615628914e-16,0.001121437,0.005296901
rand_spd,64,106,0.2675306698401944,0.2675306698401941,3.3306690738754696e-16,0.001193918,0.006297089
rand_spd,64,107,0.2662124853927423,0.26621248539274206,2.220446049250313e-16,0.001141939,0.005707451
rand_spd,64,108,0.2664201471637551,0.2664201471637548,3.3306690738754696e-16,0.001250727,0.006510826
rand_spd,64,109,0.26519293479493383,0.2651929347949335,3.3306690738754696e-16,0.001273262,0.005723929
rand_spd,64,110,0.2671045162839724,0.2671045162839721,3.3306690738754696e-16,0.001116493,0.005910255
rand_spd,64,111,0.26643482126173557,0.2664348212617353,2.7755575615628914e-16,0.001153718,0.006136477
rand_spd,64,112,0.2665940618951654,0.26659406189516494,4.440892098500626e-16,0.001177784,0.006225883
rand_spd,64,113,0.2667880250379856,0.2667880250379853,2.7755575615628914e-16,0.001359105,0.006490504
rand_spd,64,114,0.26609408795691,0.26609408795690964,3.3306690738754696e-16,0.004989631,0.006020165
rand_spd,64,115,0.26553936748816814,0.2655393674881678,3.3306690738754696e-16,0.001187843,0.006703026
rand_spd,64,116,0.266405773223463,0.26640577322346276,2.220446049250313e-16,0.001200216,0.006579546
rand_spd,64,117,0.2668300561582111,0.26683005615821076,3.3306690738754696e-16,0.001281767,0.006159221
rand_spd,64,118,0.26574321735326256,0.2657432173532622,3.885780586188048e-16,0.001236611,0.006284711
rand_spd,64,119,0.265980423698947,0.26598042369894664,3.3306690738754696e-16,0.001150251,0.006166241
rand_spd,64,120,0.26628474752296144,0.2662847475229611,3.3306690738754696e-16,0.001182056,0.006235789
rand_spd,64,121,0.2671152908411394,0.2671152908411391,2.7755575615628914e-16,0.001249469,0.006507929
rand_spd,64,122,0.2664323157023524,0.266432315702352,3.885780586188048e-16,0.001179452,0.00661721
rand_spd,64,123,0.2665852962552241,0.2665852962552237,3.885780586188048e-16,0.001313413,0.006523864
rand_spd,64,124,0.2668009171425449,0.26680091714254445,4.440892098500626e-16,0.001153177,0.006538329
rand_spd,64,125,0.26645575332667776,0.26645575332667737,3.885780586188048e-16,0.001246219,0.006311998
rand_spd,64,126,0.26661552740257494,0.26661552740257466,2.7755575615628914e-16,0.001220623,0.006279506
rand_spd,64,127,0.2664512511732812,0.2664512511732809,3.3306690738754696e-16,0.001160566,0.006245355
rand_spd,64,128,0.2665736595773747,0.2665736595773744,3.3306690738754696e-16,0.001325833,0.006400011
rand_spd,64,129,0.26721242641283144,0.26721242641283105,3.885780586188048e-16,0.001271631,0.006100456
rand_spd,64,130,0.2667101732540017,0.26671017325400137,3.3306690738754696e-16,0.001189086,0.006489828
rand_spd,64,131,0.2661086846061898,0.26610868460618947,3.3306690738754696e-16,0.00125257,0.005739793
rand_spd,64,132,0.26635041433758777,0.26635041433758744,3.3306690738754696e-16,0.001319406,0.006447508
rand_spd,64,133,0.266435383971853,0.2664353839718526,3.885780586188048e-16,0.00122037,0.006121758
rand_spd,64,134,0.2664018428694296,0.2664018428694292,3.885780586188048e-16,0.001176304,0.006270755
rand_spd,64,135,0.2670323530759104,0.26703235307591006,3.3306690738754696e-16,0.001249704,0.00565682
rand_spd,64,136,0.2659246055490832,0.2659246055490829,2.7755575615628914e-16,0.001109927,0.00598826
rand_spd,64,137,0.2669362965380784,0.2669362965380781,2.7755575615628914e-16,0.00113975,0.006470206
rand_spd,64,138,0.2666077870088076,0.2666077870088073,3.3306690738754696e-16,0.001168595,0.00602601
rand_spd,64,139,0.26650592303903814,0.2665059230390378,3.3306690738754696e-16,0.001292652,0.006374402
rand_spd,64,140,0.266476700918417,0.2664767009184167,3.3306690738754696e-16,0.001184204,0.006140737
rand_spd,64,141,0.2662070402782904,0.26620704027829006,3.3306690738754696e-16,0.001215938,0.005813634
rand_spd,64,142,0.2663685133775182,0.26636851337751793,2.7755575615628914e-16,0.001277927,0.006482213
rand_spd,64,143,0.26638643335023643,0.2663864333502361,3.3306690738754696e-16,0.00126451,0.006568963
rand_spd,64,144,0.2669211748803533,0.2669211748803529,3.885780586188048e-16,0.001152244,0.00661906
rand_spd,64,145,0.26669941714934503,0.2666994171493447,3.3306690738754696e-16,0.001413957,0.006516325
rand_spd,64,146,0.2662715568324478,0.2662715568324476,2.220446049250313e-16,0.001175641,0.006601243
rand_spd,64,147,0.26584512898159024,0.26584512898158985,3.885780586188048e-16,0.001266478,0.006282399
rand_spd,64,148,0.2659639334307003,0.26596393343069996,3.3306690738754696e-16,0.001304618,0.006466391
rand_spd,64,149,0.26629420067058834,0.266294200670588,3.3306690738754696e-16,0.001136523,0.005885329
rand_spd,64,150,0.26642101889270364,0.26642101889270325,3.885780586188048e-16,0.001281956,0.006675539
rand_spd,64,151,0.2661033312134623,0.266103331213462,2.7755575615628914e-16,0.001249823,0.006395851
rand_spd,64,152,0.26629810865980735,0.266298108659807,3.3306690738754696e-16,0.001270209,0.006596699
rand_spd,64,153,0.2664494388871946,0.26644943888719425,3.3306690738754696e-16,0.001191839,0.006465759
rand_spd,64,154,0.2668207263196765,0.2668207263196762,3.3306690738754696e-16,0.001271099,0.006255814
rand_spd,64,155,0.26682084968210146,0.2668208496821012,2.7755575615628914e-16,0.001242285,0.00649316
rand_spd,64,156,0.26676245699615575,0.26676245699615536,3.885780586188048e-16,0.001305169,0.005825454
rand_spd,64,157,0.2662834570314504,0.26628345703145007,3.3306690738754696e-16,0.001168396,0.00660673
rand_spd,64,158,0.26716095191793215,0.2671609519179319,2.7755575615628914e-16,0.001350543,0.005969875
rand_spd,64,159,0.26588603411291367,0.26588603411291334,3.3306690738754696e-16,0.001127986,0.005968636
rand_spd,64,160,0.2668511703939553,0.26685117039395495,3.3306690738754696e-16,0.001188369,0.006169101
rand_spd,64,161,0.26681477705979806,0.2668147770597978,2.7755575615628914e-16,0.001273046,0.005466993
rand_spd,64,162,0.26644090979752716,0.26644090979752694,2.220446049250313e-16,0.001289634,0.006392486
rand_spd,64,163,0.2666471615124176,0.26664716151241724,3.3306690738754696e-16,0.001165674,0.005813556
rand_spd,64,164,0.2659006062612959,0.2659006062612956,3.3306690738754696e-16,0.001169098,0.005644338
rand_spd,64,165,0.26599458506911383,0.2659945850691135,3.3306690738754696e-16,0.001231862,0.006290565
rand_spd,64,166,0.2678903342925665,0.26789033429256615,3.3306690738754696e-16,0.001231746,0.006547223
rand_spd,64,167,0.2653975408319797,0.26539754083197936,3.3306690738754696e-16,0.00116026,0.006645994
rand_spd,64,168,0.26582561057002146,0.26582561057002113,3.3306690738754696e-16,0.001663209,0.006551043
rand_spd,64,169,0.2670463284857933,0.2670463284857929,3.885780586188048e-16,0.001186372,0.00655381
rand_spd,64,170,0.2672968928627067,0.26729689286270625,4.440892098500626e-16,0.001244857,0.00625888
rand_spd,64,171,0.2655160494887551,0.2655160494887548,3.3306690738754696e-16,0.001256401,0.006576454
rand_spd,64,172,0.26638666678006623,0.26638666678006595,2.7755575615628914e-16,0.001242869,0.006087487
rand_spd,64,173,0.2666614393495484,0.26666143934954806,3.3306690738754696e-16,0.001108961,0.006527875
rand_spd,64,174,0.26719635922370705,0.26719635922370677,2.7755575615628914e-16,0.001194324,0.006128605
rand_spd,64,175,0.2672112398743894,0.2672112398743891,2.7755575615628914e-16,0.001191628,0.006076006
rand_spd,64,176,0.2670355076119929,0.2670355076119926,3.3306690738754696e-16,0.001279391,0.006337335
rand_spd,64,177,0.26654507695222884,0.26654507695222857,2.7755575615628914e-16,0.001192558,0.006454791
rand_spd,64,178,0.2668296822435529,0.2668296822435526,3.3306690738754696e-16,0.00129087,0.005904287
rand_spd,64,179,0.2654134850939199,0.26541348509391954,3.3306690738754696e-16,0.001106557,0.00649814
rand_spd,64,180,0.2669252578691837,0.26692525786918336,3.3306690738754696e-16,0.001183822,0.006156541
rand_spd,64,181,0.26634320088537683,0.26634320088537655,2.7755575615628914e-16,0.00119833,0.006075904
rand_spd,64,182,0.26749403024051827,0.267494030240518,2.7755575615628914e-16,0.00126967,0.006421387
rand_spd,64,183,0.2666003174187172,0.26660031741871687,3.3306690738754696e-16,0.001284202,0.006422394
rand_spd,64,184,0.2659873865378331,0.2659873865378327,3.885780586188048e-16,0.001121141,0.005858357
rand_spd,64,185,0.26569719540808734,0.26569719540808706,2.7755575615628914e-16,0.001153358,0.00621143
rand_spd,64,186,0.2670718262133352,0.2670718262133349,2.7755575615628914e-16,0.001172744,0.006071436
rand_spd,64,187,0.26674676962369687,0.26674676962369653,3.3306690738754696e-16,0.001418095,0.006578966
rand_spd,64,188,0.26614972967237405,0.2661497296723737,3.3306690738754696e-16,0.001207898,0.005948064
rand_spd,64,189,0.26598383391610086,0.2659838339161005,3.885780586188048e-16,0.001308463,0.006064345
rand_spd,64,190,0.2679335144778654,0.26793351447786506,3.3306690738754696e-16,0.001215842,0.006609781
rand_spd,64,191,0.26642346995924465,0.26642346995924443,2.220446049250313e-16,0.001290796,0.006513097
rand_spd,64,192,0.2674449591390801,0.2674449591390798,3.3306690738754696e-16,0.001207588,0.006251523
rand_spd,64,193,0.26625367727743904,0.2662536772774387,3.3306690738754696e-16,0.001216777,0.006525539
rand_spd,64,194,0.2657223744507299,0.26572237445072955,3.3306690738754696e-16,0.001169076,0.006501799
rand_spd,64,195,0.26677935541448544,0.2667793554144851,3.3306690738754696e-16,0.001230025,0.006605111
rand_spd,64,196,0.2667986305420322,0.26679863054203184,3.3306690738754696e-16,0.001301894,0.006413345
rand_spd,64,197,0.2669618067817497,0.26696180678174936,3.3306690738754696e-16,0.001175031,0.006508517
rand_spd,64,198,0.2669463851923227,0.26694638519232244,2.7755575615628914e-16,0.001310033,0.006197313
rand_spd,64,199,0.26521399019586706,0.2652139901958667,3.3306690738754696e-16,0.001175538,0.006046276
rand_spd,64,200,0.2664225879013235,0.2664225879013231,3.885780586188048e-16,0.001301267,0.006349935
rand_spd,64,201,0.26634283299875156,0.2663428329987512,3.3306690738754696e-16,0.001174384,0.006578764
rand_spd,64,202,0.2663882994300662,0.2663882994300659,2.7755575615628914e-16,0.001176958,0.006165703
rand_spd,64,203,0.2672851235718057,0.2672851235718055,2.220446049250313e-16,0.001218769,0.006493646
rand_spd,64,204,0.26617209025610045,0.26617209025610006,3.885780586188048e-16,0.001300036,0.00589384
rand_spd,64,205,0.2672155791424979,0.26721557914249755,3.3306690738754696e-16,0.001122629,0.006536703
rand_spd,64,206,0.264961409421849,0.2649614094218486,3.885780586188048e-16,0.001223703,0.006100947
rand_spd,64,207,0.2659932541215962,0.26599325412159586,3.3306690738754696e-16,0.001228756,0.006585561
rand_spd,64,208,0.26615857910613255,0.2661585791061322,3.3306690738754696e-16,0.001282418,0.006648715
rand_spd,64,209,0.26586131556044584,0.2658613155604455,3.3306690738754696e-16,0.00132517,0.006031564
rand_spd,64,210,0.26634113280066113,0.2663411328006608,3.3306690738754696e-16,0.00110548,0.006493766
rand_spd,64,211,0.2679311694841739,0.26793116948417356,3.3306690738754696e-16,0.001246536,0.006111364
rand_spd,64,212,0.2662046392012131,0.2662046392012128,3.3306690738754696e-16,0.001267101,0.00589608
rand_spd,64,213,0.2659669799946144,0.2659669799946141,2.7755575615628914e-16,0.001410714,0.006539254
rand_spd,64,214,0.266501397877455,0.2665013978774546,4.440892098500626e-16,0.001127689,0.005796712
rand_spd,64,215,0.26701088790342503,0.2670108879034247,3.3306690738754696e-16,0.001231723,0.006057854
rand_spd,64,216,0.26634840702635154,0.26634840702635126,2.7755575615628914e-16,0.001205123,0.006612481
rand_spd,64,217,0.2659096406950026,0.26590964069500234,2.7755575615628914e-16,0.001307796,0.006509949
rand_spd,64,218,0.26746297388074,0.26746297388073964,3.3306690738754696e-16,0.001185166,0.006235007
rand_spd,64,219,0.2668510224201377,0.2668510224201373,3.885780586188048e-16,0.001232716,0.006466156
rand_spd,64,220,0.2662150103014419,0.26621501030144173,1.6653345369377348e-16,0.001160779,0.006350569
rand_spd,64,221,0.26678727106801897,0.26678727106801864,3.3306690738754696e-16,0.001240276,0.006595629
rand_spd,64,222,0.26708948886082656,0.2670894888608262,3.885780586188048e-16,0.001301269,0.006413224
rand_spd,64,223,0.2653272515746144,0.26532725157461406,3.3306690738754696e-16,0.001189992,0.00622968
rand_spd,64,224,0.26743884931266015,0.2674388493126599,2.7755575615628914e-16,0.001281136,0.006363123
rand_spd,64,225,0.26751312264417343,0.26751312264417315,2.7755575615628914e-16,0.001127574,0.005868714
rand_spd,64,226,0.26663812106758855,0.2666381210675883,2.7755575615628914e-16,0.001168871,0.006691795
rand_spd,64,227,0.2659610730846937,0.26596107308469336,3.3306690738754696e-16,0.001275355,0.006520799
rand_spd,64,228,0.26686678939687764,0.2668667893968773,3.3306690738754696e-16,0.001222064,0.006500609
rand_spd,64,229,0.2663908600772777,0.26639086007727736,3.3306690738754696e-16,0.001272146,0.006393259
rand_spd,64,230,0.2666626656044277,0.26666266560442736,3.3306690738754696e-16,0.001179292,0.006551066
rand_spd,64,231,0.2663488876798347,0.2663488876798344,3.3306690738754696e-16,0.001251955,0.00565549
rand_spd,64,232,0.26727946316733636,0.26727946316733603,3.3306690738754696e-16,0.001155307,0.006107493
rand_spd,64,233,0.2660573122040591,0.26605731220405876,3.3306690738754696e-16,0.001169135,0.005808947
rand_spd,64,234,0.26622472358740806,0.26622472358740773,3.3306690738754696e-16,0.001171197,0.006150228
rand_spd,64,235,0.2661280278242089,0.2661280278242086,3.3306690738754696e-16,0.001185875,0.006454208
rand_spd,64,236,0.2677768724653465,0.26777687246534615,3.3306690738754696e-16,0.001338436,0.005666262
rand_spd,64,237,0.26670004177688594,0.2667000417768857,2.220446049250313e-16,0.001148563,0.006141089
rand_spd,64,238,0.26696999709923835,0.2669699970992381,2.7755575615628914e-16,0.00117663,0.005810196
rand_spd,64,239,0.26575688494353084,0.2657568849435305,3.3306690738754696e-16,0.001229536,0.006109852
rand_spd,64,240,0.2666769327768592,0.2666769327768589,3.3306690738754696e-16,0.001280149,0.005891008
rand_spd,64,241,0.26643348002704786,0.2664334800270475,3.885780586188048e-16,0.001135429,0.006124281
rand_spd,64,242,0.2675020399370046,0.26750203993700433,2.7755575615628914e-16,0.001186231,0.006218036
rand_spd,64,243,0.2674860459540553,0.26748604595405495,3.3306690738754696e-16,0.001230141,0.006360551
rand_spd,64,244,0.2669363606664405,0.2669363606664401,3.885780586188048e-16,0.001241002,0.006635486
rand_spd,64,245,0.2662419405168926,0.26624194051689226,3.3306690738754696e-16,0.001183655,0.006572137
rand_spd,64,246,0.2664651014251061,0.26646510142510577,3.3306690738754696e-16,0.001300201,0.006482852
rand_spd,64,247,0.2671132284145915,0.2671132284145912,3.3306690738754696e-16,0.001150743,0.006460071
rand_spd,64,248,0.26681510080532417,0.2668151008053238,3.885780586188048e-16,0.00126726,0.006339792
rand_spd,64,249,0.26720114400530715,0.2672011440053068,3.3306690738754696e-16,0.001248703,0.006457659
rand_spd,64,250,0.2673518510746463,0.26735185107464604,2.7755575615628914e-16,0.00117297,0.006539972
rand_spd,64,251,0.26623912828967083,0.2662391282896706,2.220446049250313e-16,0.001269592,0.006310735
rand_spd,64,252,0.26701976602599103,0.26701976602599076,2.7755575615628914e-16,0.00117345,0.006465859
rand_spd,64,253,0.266447644826686,0.2664476448266856,3.885780586188048e-16,0.001294194,0.00597805
rand_spd,64,254,0.2663971986025289,0.26639719860252864,2.7755575615628914e-16,0.001188355,0.006515681
rand_spd,64,255,0.2659991068011886,0.26599910680118827,3.3306690738754696e-16,0.00118297,0.006539811
rand_spd,64,256,0.26636798758373903,0.2663679875837387,3.3306690738754696e-16,0.001317242,0.006451824
rand_spd,64,257,0.26683033814078827,0.2668303381407879,3.885780586188048e-16,0.001190683,0.006526161
rand_spd,64,258,0.26664896085722517,0.26664896085722484,3.3306690738754696e-16,0.001313454,0.005951754
rand_spd,64,259,0.2661278524141094,0.266127852414109,3.885780586188048e-16,0.001172086,0.00611676
rand_spd,64,260,0.26610158518730503,0.26610158518730476,2.7755575615628914e-16,0.001204847,0.005985332
rand_spd,64,261,0.2667946010161528,0.2667946010161525,3.3306690738754696e-16,0.001241359,0.00651426
rand_spd,64,262,0.2661341524408894,0.2661341524408891,2.7755575615628914e-16,0.001170669,0.006599803
rand_spd,64,263,0.26651480422324125,0.26651480422324086,3.885780586188048e-16,0.001409316,0.006322136
rand_spd,64,264,0.26590907802329117,0.2659090780232908,3.885780586188048e-16,0.001112682,0.006220654
rand_spd,64,265,0.2674180811803348,0.26741808118033444,3.3306690738754696e-16,0.00114938,0.006460472
rand_spd,64,266,0.26750853240922084,0.26750853240922046,3.885780586188048e-16,0.001264273,0.00568965
rand_spd,64,267,0.2662413981700303,0.2662413981700299,3.885780586188048e-16,0.001378277,0.006214803
rand_spd,64,268,0.26702688362384897,0.2670268836238486,3.885780586188048e-16,0.001135076,0.005956459
rand_spd,64,269,0.26648487990726344,0.26648487990726316,2.7755575615628914e-16,0.00128228,0.006347641
rand_spd,64,270,0.2661049839784453,0.266104983978445,2.7755575615628914e-16,0.001227355,0.006622777
rand_spd,64,271,0.2678134645200691,0.26781346452006877,3.3306690738754696e-16,0.001272355,0.006505451
rand_spd,64,272,0.2668762437183555,0.26687624371835517,3.3306690738754696e-16,0.001161345,0.006262156
rand_spd,64,273,0.2667575994306414,0.26675759943064103,3.885780586188048e-16,0.001228436,0.006502339
rand_spd,64,274,0.2656066852935174,0.26560668529351705,3.3306690738754696e-16,0.001185592,0.006407365
rand_spd,64,275,0.2676587424719626,0.26765874247196225,3.3306690738754696e-16,0.001234017,0.00667271
rand_spd,64,276,0.26626136276101925,0.266261362761019,2.220446049250313e-16,0.001276005,0.006485029
rand_spd,64,277,0.26648316119890875,0.26648316119890836,3.885780586188048e-16,0.001189218,0.006547509
rand_spd,64,278,0.267281112493773,0.2672811124937727,3.3306690738754696e-16,0.001303362,0.006649394
rand_spd,64,279,0.26617091377366436,0.2661709137736641,2.7755575615628914e-16,0.001123936,0.006240645
rand_spd,64,280,0.267067462430921,0.2670674624309208,2.220446049250313e-16,0.001128597,0.006474532
rand_spd,64,281,0.26605762996911037,0.26605762996911003,3.3306690738754696e-16,0.001161605,0.006468684
rand_spd,64,282,0.2672517454793874,0.2672517454793871,2.7755575615628914e-16,0.001948718,0.006089442
rand_spd,64,283,0.2673091603769818,0.2673091603769815,3.3306690738754696e-16,0.001256996,0.006584015
rand_spd,64,284,0.26623344673778515,0.2662334467377848,3.3306690738754696e-16,0.001166241,0.006597984
rand_spd,64,285,0.2658092631028079,0.26580926310280756,3.3306690738754696e-16,0.001299983,0.006394348
rand_spd,64,286,0.26731242220893564,0.2673124222089353,3.3306690738754696e-16,0.00137743,0.006108365
rand_spd,64,287,0.26673434353348563,0.2667343435334853,3.3306690738754696e-16,0.001186693,0.006403856
rand_spd,64,288,0.26629529074510566,0.26629529074510533,3.3306690738754696e-16,0.001239294,0.00636703
rand_spd,64,289,0.26713014773077415,0.26713014773077387,2.7755575615628914e-16,0.001155549,0.005759085
rand_spd,64,290,0.2657335323113689,0.2657335323113686,3.3306690738754696e-16,0.001238278,0.00651492
rand_spd,64,291,0.26755011664733147,0.26755011664733114,3.3306690738754696e-16,0.001343333,0.005846999
rand_spd,64,292,0.2662332783486748,0.2662332783486744,3.885780586188048e-16,0.001179335,0.006466027
rand_spd,64,293,0.26670185361728316,0.26670185361728277,3.885780586188048e-16,0.001169975,0.006039799
rand_spd,64,294,0.26652663130585774,0.2665266313058574,3.3306690738754696e-16,0.001168254,0.00614005
rand_spd,64,295,0.26661171514813503,0.26661171514813475,2.7755575615628914e-16,0.001214338,0.006741357
rand_spd,64,296,0.2665581788523457,0.2665581788523454,2.7755575615628914e-16,0.001185508,0.006536531
rand_spd,64,297,0.2674440648768899,0.2674440648768895,3.885780586188048e-16,0.001323643,0.006515812
rand_spd,64,298,0.2666552802683368,0.2666552802683364,3.885780586188048e-16,0.001147911,0.006494763
rand_spd,64,299,0.2658532356092254,0.26585323560922514,2.7755575615628914e-16,0.001257374,0.006307027
rand_spd,64,300,0.26805896046260586,0.2680589604626055,3.3306690738754696e-16,0.001261613,0.006472433
rand_spd,64,301,0.267166545449127,0.2671665454491267,2.7755575615628914e-16,0.001185559,0.006569785
rand_spd,64,302,0.26685244234660915,0.2668524423466089,2.7755575615628914e-16,0.001222708,0.005780191
rand_spd,64,303,0.26661709658072186,0.2666170965807216,2.7755575615628914e-16,0.001148532,0.00615723
rand_spd,64,304,0.26680926515564457,0.26680926515564435,2.220446049250313e-16,0.001222834,0.006365316
rand_spd,64,305,0.2673784361388047,0.26737843613880435,3.3306690738754696e-16,0.001167137,0.005783294
rand_spd,64,306,0.26573270789820197,0.2657327078982017,2.7755575615628914e-16,0.001231481,0.006453888
rand_spd,64,307,0.2669188492020222,0.2669188492020218,3.885780586188048e-16,0.001161532,0.006586771
rand_spd,64,308,0.26555529753574053,0.26555529753574025,2.7755575615628914e-16,0.001309653,0.006537868
rand_spd,64,309,0.26702724934304384,0.2670272493430435,3.3306690738754696e-16,0.00125832,0.005787267
rand_spd,64,310,0.2669439555817355,0.26694395558173517,3.3306690738754696e-16,0.001188715,0.005742131
rand_spd,64,311,0.26750429874411297,0.2675042987441127,2.7755575615628914e-16,0.001288335,0.006148509
rand_spd,64,312,0.26636562166155714,0.2663656216615568,3.3306690738754696e-16,0.001170851,0.006150581
rand_spd,64,313,0.26572788601038033,0.26572788601037994,3.885780586188048e-16,0.001304331,0.006421783
rand_spd,64,314,0.2661622931247837,0.2661622931247834,2.7755575615628914e-16,0.001195238,0.006520369
rand_spd,64,315,0.2662405352510674,0.2662405352510671,2.7755575615628914e-16,0.001238501,0.005812935
rand_spd,64,316,0.2669693900122214,0.26696939001222103,3.885780586188048e-16,0.001159779,0.00615471
rand_spd,64,317,0.26562961439151156,0.2656296143915113,2.7755575615628914e-16,0.001230081,0.006357505
rand_spd,64,318,0.26751344894767454,0.26751344894767415,3.885780586188048e-16,0.001158751,0.005796637
rand_spd,64,319,0.26646726005790694,0.2664672600579066,3.3306690738754696e-16,0.001378819,0.006465767
rand_spd,64,320,0.2664224650544251,0.26642246505442474,3.3306690738754696e-16,0.001133772,0.006527425
rand_spd,64,321,0.2671085455443605,0.2671085455443601,3.885780586188048e-16,0.001231963,0.006224162
rand_spd,64,322,0.26752420735704013,0.26752420735703974,3.885780586188048e-16,0.001146189,0.006586001
rand_spd,64,323,0.26685968068257276,0.2668596806825725,2.7755575615628914e-16,0.001270301,0.00644371
rand_spd,64,324,0.26706082200450026,0.26706082200449993,3.3306690738754696e-16,0.001179836,0.006353903
rand_spd,64,325,0.2661558264006377,0.2661558264006373,3.885780586188048e-16,0.001274231,0.006621635
rand_spd,64,326,0.26710521029071027,0.26710521029070994,3.3306690738754696e-16,0.001177064,0.006377062
rand_spd,64,327,0.26642900430189015,0.2664290043018898,3.3306690738754696e-16,0.001224593,0.006611797
rand_spd,64,328,0.26595610913639667,0.26595610913639633,3.3306690738754696e-16,0.001267209,0.007639094
rand_spd,64,329,0.26599666133584626,0.26599666133584593,3.3306690738754696e-16,0.001179936,0.006331581
rand_spd,64,330,0.2658726120834903,0.2658726120834899,3.885780586188048e-16,0.001249858,0.006025137
rand_spd,64,331,0.26694922658335596,0.2669492265833557,2.7755575615628914e-16,0.001123672,0.005791589
rand_spd,64,332,0.26561102699711253,0.2656110269971122,3.3306690738754696e-16,0.001298273,0.0062075
rand_spd,64,333,0.2671619057055747,0.26716190570557435,3.3306690738754696e-16,0.001167949,0.005986153
rand_spd,64,334,0.26584748645323536,0.265847486453235,3.3306690738754696e-16,0.001211538,0.006756453
rand_spd,64,335,0.2673847015906995,0.26738470159069916,3.3306690738754696e-16,0.001167073,0.006517457
rand_spd,64,336,0.2672907034406297,0.2672907034406294,3.3306690738754696e-16,0.001313859,0.006408364
rand_spd,64,337,0.26599376577940087,0.26599376577940054,3.3306690738754696e-16,0.001155614,0.006564686
rand_spd,64,338,0.2663669881683288,0.26636698816832843,3.885780586188048e-16,0.001274636,0.005976046
rand_spd,64,339,0.26662541765986275,0.26662541765986236,3.885780586188048e-16,0.001197834,0.0057326
rand_spd,64,340,0.26609055921347874,0.2660905592134784,3.3306690738754696e-16,0.0011721,0.00650044
rand_spd,64,341,0.26553502435639015,0.2655350243563898,3.3306690738754696e-16,0.001248618,0.006534436
rand_spd,64,342,0.2678011606674085,0.2678011606674081,3.885780586188048e-16,0.001167397,0.006324376
rand_spd,64,343,0.26620742558535193,0.26620742558535154,3.885780586188048e-16,0.001257821,0.006121427
rand_spd,64,344,0.2664427241895105,0.26644272418951015,3.3306690738754696e-16,0.001134881,0.005905708
rand_spd,64,345,0.2662576505718109,0.26625765057181056,3.3306690738754696e-16,0.001205572,0.006211902
rand_spd,64,346,0.267169050446694,0.26716905044669365,3.3306690738754696e-16,0.001170107,0.00601625
rand_spd,64,347,0.26598742319654745,0.2659874231965471,3.3306690738754696e-16,0.001299684,0.006516799
rand_spd,64,348,0.26521092620109216,0.2652109262010918,3.3306690738754696e-16,0.001339173,0.005962877
rand_spd,64,349,0.2666010574803593,0.2666010574803589,3.885780586188048e-16,0.001168502,0.006035392
rand_spd,64,350,0.26639791363186643,0.26639791363186616,2.7755575615628914e-16,0.001159324,0.006448167
rand_spd,64,351,0.2673214567204794,0.26732145672047913,2.7755575615628914e-16,0.001213564,0.006378519
rand_spd,64,352,0.26592393594090885,0.2659239359409085,3.3306690738754696e-16,0.001237677,0.006482836
rand_spd,64,353,0.2666117357220152,0.26661173572201496,2.220446049250313e-16,0.001145162,0.006736652
rand_spd,64,354,0.2661006733727659,0.26610067337276555,3.3306690738754696e-16,0.001273767,0.006664869
rand_spd,64,355,0.2661783095996899,0.2661783095996895,3.885780586188048e-16,0.002259634,0.006502909
rand_spd,64,356,0.26613347392869663,0.26613347392869624,3.885780586188048e-16,0.001144154,0.006265141
rand_spd,64,357,0.26664659483263226,0.2666465948326319,3.3306690738754696e-16,0.001234427,0.006515852
rand_spd,64,358,0.2666404045089829,0.26664040450898263,2.7755575615628914e-16,0.001142208,0.006555078
rand_spd,64,359,0.26700086455597655,0.26700086455597616,3.885780586188048e-16,0.001247168,0.005982635
rand_spd,64,360,0.2667981480823076,0.26679814808230723,3.885780586188048e-16,0.00115728,0.006054997
rand_spd,64,361,0.2673264488415928,0.2673264488415924,3.885780586188048e-16,0.001241014,0.006270709
rand_spd,64,362,0.26624032086927946,0.2662403208692792,2.7755575615628914e-16,0.001182993,0.006291161
rand_spd,64,363,0.2661294123808585,0.26612941238085824,2.7755575615628914e-16,0.001305735,0.006544145
rand_spd,64,364,0.26659855781527403,0.2665985578152737,3.3306690738754696e-16,0.00118447,0.006452159
rand_spd,64,365,0.26633906557526543,0.2663390655752651,3.3306690738754696e-16,0.00126209,0.006502093
rand_spd,64,366,0.266263923971578,0.2662639239715777,2.7755575615628914e-16,0.001288046,0.00623237
rand_spd,64,367,0.26601087430383824,0.2660108743038379,3.3306690738754696e-16,0.001118947,0.005835745
rand_spd,64,368,0.266540658438744,0.2665406584387437,3.3306690738754696e-16,0.001202981,0.006211212
rand_spd,64,369,0.26689170514344357,0.26689170514344335,2.220446049250313e-16,0.001159236,0.006014355
rand_spd,64,370,0.26770992273157573,0.2677099227315754,3.3306690738754696e-16,0.001214356,0.006504336
rand_spd,64,371,0.26628220091330357,0.2662822009133033,2.7755575615628914e-16,0.00117567,0.006367562
rand_spd,64,372,0.26673562654037114,0.2667356265403708,3.3306690738754696e-16,0.001330133,0.006612442
rand_spd,64,373,0.26753268797884205,0.2675326879788418,2.7755575615628914e-16,0.001608945,0.006026835
rand_spd,64,374,0.2667337948235246,0.2667337948235243,3.3306690738754696e-16,0.001227234,0.006198266
rand_spd,64,375,0.26585215572422677,0.2658521557242264,3.885780586188048e-16,0.001166032,0.005994429
rand_spd,64,376,0.26732405749213245,0.2673240574921321,3.3306690738754696e-16,0.001286535,0.00650011
rand_spd,64,377,0.26607197602327465,0.26607197602327426,3.885780586188048e-16,0.001264376,0.006259379
rand_spd,64,378,0.2658497238591847,0.2658497238591844,3.3306690738754696e-16,0.001166347,0.006179247
rand_spd,64,379,0.26618999933500165,0.26618999933500137,2.7755575615628914e-16,0.001155224,0.006421732
rand_spd,64,380,0.26748298345082916,0.26748298345082877,3.885780586188048e-16,0.001222916,0.0062168
rand_spd,64,381,0.266623547388192,0.2666235473881917,2.7755575615628914e-16,0.001196873,0.006747328
rand_spd,64,382,0.2656726480912546,0.2656726480912544,2.220446049250313e-16,0.001149255,0.006674018
rand_spd,64,383,0.26631317154131384,0.2663131715413135,3.3306690738754696e-16,0.00130236,0.006801623
rand_spd,64,384,0.2662764754150771,0.2662764754150767,3.885780586188048e-16,0.001181745,0.006461848
rand_spd,64,385,0.2664201859716005,0.26642018597160017,3.3306690738754696e-16,0.001163178,0.006167131
rand_spd,64,386,0.26678487569130066,0.26678487569130027,3.885780586188048e-16,0.001205426,0.006465979
rand_spd,64,387,0.2652105104139094,0.2652105104139091,3.3306690738754696e-16,0.001160665,0.006575372
rand_spd,64,388,0.26643518435925695,0.2664351843592566,3.3306690738754696e-16,0.001266002,0.006571747
rand_spd,64,389,0.2670586017745489,0.2670586017745485,3.885780586188048e-16,0.001176403,0.006112807
rand_spd,64,390,0.2667253178187655,0.26672531781876524,2.7755575615628914e-16,0.001190733,0.006312936
rand_spd,64,391,0.2669578970643958,0.26695789706439543,3.885780586188048e-16,0.001213501,0.006350853
rand_spd,64,392,0.26676663278414003,0.26676663278413976,2.7755575615628914e-16,0.001161514,0.006439733
rand_spd,64,393,0.2664381451167303,0.26643814511673,3.3306690738754696e-16,0.00115019,0.006454387
rand_spd,64,394,0.26588198976428756,0.26588198976428723,3.3306690738754696e-16,0.001219611,0.006618653
rand_spd,64,395,0.2670772592821181,0.2670772592821178,3.3306690738754696e-16,0.001324365,0.00577643
rand_spd,64,396,0.2666165047840881,0.26661650478408777,3.3306690738754696e-16,0.001120146,0.006547815
rand_spd,64,397,0.2669720240187101,0.2669720240187098,3.3306690738754696e-16,0.001294105,0.005941777
rand_spd,64,398,0.2671772835769044,0.26717728357690407,3.3306690738754696e-16,0.001195386,0.006134428
rand_spd,64,399,0.26678728447728595,0.26678728447728567,2.7755575615628914e-16,0.001175828,0.006556706
rand_spd,64,400,0.2670632178216727,0.2670632178216723,3.885780586188048e-16,0.001282221,0.006740475
rand_spd,64,401,0.2664395923628318,0.26643959236283155,2.7755575615628914e-16,0.001374795,0.00619564
rand_spd,64,402,0.26814247392672347,0.2681424739267231,3.885780586188048e-16,0.001154005,0.005768161
rand_spd,64,403,0.2664508564071382,0.2664508564071379,3.3306690738754696e-16,0.001232292,0.006208208
rand_spd,64,404,0.26733755080891336,0.267337550808913,3.3306690738754696e-16,0.001170616,0.005991632
rand_spd,64,405,0.26628692814837557,0.26628692814837523,3.3306690738754696e-16,0.001280576,0.006507914
rand_spd,64,406,0.2660742336667092,0.26607423366670885,3.3306690738754696e-16,0.001316443,0.006032694
rand_spd,64,407,0.26611652033257843,0.26611652033257815,2.7755575615628914e-16,0.001167926,0.006220302
rand_spd,64,408,0.2660113398974471,0.2660113398974468,2.7755575615628914e-16,0.001148312,0.006467222
rand_spd,64,409,0.2672048962886014,0.26720489628860106,3.3306690738754696e-16,0.001218427,0.006262307
rand_spd,64,410,0.26543881718892554,0.26543881718892526,2.7755575615628914e-16,0.001220706,0.006458869
rand_spd,64,411,0.26687680133178054,0.2668768013317802,3.3306690738754696e-16,0.001150018,0.006557481
rand_spd,64,412,0.26699540149259504,0.2669954014925947,3.3306690738754696e-16,0.001291254,0.006500703
rand_spd,64,413,0.26528075097806286,0.2652807509780625,3.885780586188048e-16,0.001165569,0.006750657
rand_spd,64,414,0.26600042215215647,0.2660004221521561,3.885780586188048e-16,0.001153865,0.006139754
rand_spd,64,415,0.26667042966300936,0.266670429663009,3.3306690738754696e-16,0.001182592,0.00649917
rand_spd,64,416,0.26661100519439596,0.26661100519439557,3.885780586188048e-16,0.001157602,0.006458418
rand_spd,64,417,0.2661124584103321,0.26611245841033176,3.3306690738754696e-16,0.001385815,0.005718126
rand_spd,64,418,0.2672026840961911,0.2672026840961907,3.885780586188048e-16,0.001150874,0.005758096
rand_spd,64,419,0.26609782699685064,0.26609782699685025,3.885780586188048e-16,0.001214166,0.006189506
rand_spd,64,420,0.2670853296311454,0.26708532963114506,3.3306690738754696e-16,0.001183663,0.005934589
rand_spd,64,421,0.26561199226550586,0.2656119922655055,3.3306690738754696e-16,0.001206925,0.006843636
rand_spd,64,422,0.2660410906533364,0.26604109065333614,2.7755575615628914e-16,0.001243205,0.006489114
rand_spd,64,423,0.265558574342408,0.2655585743424077,2.7755575615628914e-16,0.001183656,0.006531821
rand_spd,64,424,0.2671277935283491,0.2671277935283487,3.885780586188048e-16,0.001222717,0.006497333
rand_spd,64,425,0.26643695999496836,0.266436959994968,3.3306690738754696e-16,0.001224185,0.006051081
rand_spd,64,426,0.26607826535285545,0.2660782653528551,3.3306690738754696e-16,0.001134549,0.006429537
rand_spd,64,427,0.26693130398897785,0.2669313039889775,3.3306690738754696e-16,0.0011616,0.006376825
rand_spd,64,428,0.26735038491553004,0.2673503849155297,3.3306690738754696e-16,0.001239139,0.006604076
rand_spd,64,429,0.26666145487999837,0.26666145487999804,3.3306690738754696e-16,0.001217803,0.006382963
rand_spd,64,430,0.2673832628157084,0.26738326281570807,3.3306690738754696e-16,0.001317015,0.006549731
rand_spd,64,431,0.26619054405819087,0.26619054405819065,2.220446049250313e-16,0.001119384,0.005718266
rand_spd,64,432,0.26678358972502825,0.2667835897250279,3.3306690738754696e-16,0.001154644,0.00620996
rand_spd,64,433,0.265937759042733,0.26593775904273265,3.3306690738754696e-16,0.001172702,0.005952523
rand_spd,64,434,0.2657352826540374,0.26573528265403706,3.3306690738754696e-16,0.001267149,0.006499709
rand_spd,64,435,0.2662211291322201,0.2662211291322198,3.3306690738754696e-16,0.00126959,0.006254519
rand_spd,64,436,0.2668480557294169,0.26684805572941656,3.3306690738754696e-16,0.001138311,0.007735768
rand_spd,64,437,0.26588076863602333,0.2658807686360231,2.220446049250313e-16,0.001296448,0.006547421
rand_spd,64,438,0.265480807451792,0.26548080745179164,3.3306690738754696e-16,0.001239456,0.00615575
rand_spd,64,439,0.2668392533787852,0.26683925337878495,2.7755575615628914e-16,0.001272876,0.006468814
rand_spd,64,440,0.26681877597900777,0.2668187759790075,2.7755575615628914e-16,0.001197083,0.006300953
rand_spd,64,441,0.26560766797931046,0.2656076679793101,3.3306690738754696e-16,0.001172261,0.006531476
rand_spd,64,442,0.2677706982711267,0.26777069827112643,2.7755575615628914e-16,0.001462611,0.006418706
rand_spd,64,443,0.2674659317987615,0.2674659317987612,2.7755575615628914e-16,0.001216912,0.006833364
rand_spd,64,444,0.26671967161068477,0.2667196716106845,2.7755575615628914e-16,0.001285538,0.006553571
rand_spd,64,445,0.26611853260742335,0.2661185326074231,2.7755575615628914e-16,0.001172315,0.006295298
rand_spd,64,446,0.2659936100337235,0.26599361003372324,2.7755575615628914e-16,0.001180535,0.006519144
rand_spd,64,447,0.2659003765501054,0.26590037655010507,3.3306690738754696e-16,0.001203928,0.005987723
rand_spd,64,448,0.2660164835385175,0.2660164835385172,2.7755575615628914e-16,0.001168748,0.006461171
rand_spd,64,449,0.2665649416318729,0.26656494163187255,3.3306690738754696e-16,0.001162474,0.00626471
rand_spd,64,450,0.26515916214892615,0.2651591621489258,3.3306690738754696e-16,0.001191071,0.006453546
rand_spd,64,451,0.26756264040047995,0.26756264040047967,2.7755575615628914e-16,0.001204762,0.006483397
rand_spd,64,452,0.26489864217873255,0.26489864217873227,2.7755575615628914e-16,0.001203896,0.006664562
rand_spd,64,453,0.26598678639005074,0.26598678639005036,3.885780586188048e-16,0.001182876,0.006374108
rand_spd,64,454,0.2658750130783239,0.2658750130783236,2.7755575615628914e-16,0.001294626,0.006676384
rand_spd,64,455,0.2669972827068427,0.2669972827068424,2.7755575615628914e-16,0.001125604,0.005711201
rand_spd,64,456,0.2662755906194543,0.266275590619454,3.3306690738754696e-16,0.001161123,0.006155661
rand_spd,64,457,0.2666369195514118,0.2666369195514115,2.7755575615628914e-16,0.001189583,0.005954784
rand_spd,64,458,0.2659857906298959,0.26598579062989564,2.7755575615628914e-16,0.001199374,0.006509414
rand_spd,64,459,0.26637487286554223,0.2663748728655419,3.3306690738754696e-16,0.001224878,0.006503481
rand_spd,64,460,0.26673983300156,0.2667398330015596,3.885780586188048e-16,0.001356943,0.00642632
rand_spd,64,461,0.2666155494709179,0.26661554947091765,2.7755575615628914e-16,0.001142695,0.005954813
rand_spd,64,462,0.2668687400757534,0.2668687400757531,2.7755575615628914e-16,0.001179436,0.006040547
rand_spd,64,463,0.2658405920250158,0.2658405920250154,3.885780586188048e-16,0.001552938,0.006018
rand_spd,64,464,0.26580256095307475,0.2658025609530744,3.3306690738754696e-16,0.00137483,0.0065326
rand_spd,64,465,0.2669128516644475,0.2669128516644473,2.220446049250313e-16,0.001290005,0.006394858
rand_spd,64,466,0.2660965914169467,0.2660965914169464,2.7755575615628914e-16,0.00114117,0.006422965
rand_spd,64,467,0.2662464705808555,0.2662464705808551,3.885780586188048e-16,0.001292388,0.005867475
rand_spd,64,468,0.2669139225827281,0.2669139225827278,3.3306690738754696e-16,0.001214785,0.006652659
rand_spd,64,469,0.26714300327758417,0.2671430032775839,2.7755575615628914e-16,0.001241456,0.006499672
rand_spd,64,470,0.2670435120256312,0.26704351202563087,3.3306690738754696e-16,0.001514916,0.006496359
rand_spd,64,471,0.26777320752251904,0.26777320752251865,3.885780586188048e-16,0.001187826,0.006468168
rand_spd,64,472,0.2673092214222333,0.26730922142223296,3.3306690738754696e-16,0.001533565,0.006379566
rand_spd,64,473,0.2662111080852688,0.26621110808526843,3.885780586188048e-16,0.001214981,0.006609773
rand_spd,64,474,0.2674061562231891,0.2674061562231887,3.885780586188048e-16,0.001212362,0.006789142
rand_spd,64,475,0.2674875085440516,0.2674875085440513,3.3306690738754696e-16,0.001172452,0.006307233
rand_spd,64,476,0.2659058975515396,0.2659058975515392,3.885780586188048e-16,0.001162222,0.00651208
rand_spd,64,477,0.26551178012387316,0.2655117801238729,2.7755575615628914e-16,0.00119991,0.005973368
rand_spd,64,478,0.26616166061835644,0.26616166061835617,2.7755575615628914e-16,0.001134704,0.006279545
rand_spd,64,479,0.267133540414095,0.2671335404140947,2.7755575615628914e-16,0.001200891,0.00623632
rand_spd,64,480,0.2660558707734895,0.2660558707734892,3.3306690738754696e-16,0.001133188,0.006168879
rand_spd,64,481,0.26628306247371725,0.26628306247371697,2.7755575615628914e-16,0.001252643,0.006539187
rand_spd,64,482,0.26669927255231407,0.2666992725523138,2.7755575615628914e-16,0.001270001,0.006472441
rand_spd,64,483,0.26733039562859123,0.267330395628591,2.220446049250313e-16,0.001158797,0.006449524
rand_spd,64,484,0.26645664169107913,0.2664566416910788,3.3306690738754696e-16,0.001308458,0.006536952
rand_spd,64,485,0.2656182794349902,0.2656182794349899,3.3306690738754696e-16,0.001145556,0.00595725
rand_spd,64,486,0.26655342547188,0.26655342547187966,3.3306690738754696e-16,0.001163596,0.006004077
rand_spd,64,487,0.265066594705939,0.26506659470593874,2.7755575615628914e-16,0.001164628,0.005937878
rand_spd,64,488,0.26707718403420305,0.2670771840342027,3.3306690738754696e-16,0.001199356,0.006474114
rand_spd,64,489,0.26764636193774544,0.2676463619377451,3.3306690738754696e-16,0.001169764,0.006746763
rand_spd,64,490,0.26683312453437086,0.26683312453437047,3.885780586188048e-16,0.001214608,0.006580919
rand_spd,64,491,0.26622845474841683,0.26622845474841655,2.7755575615628914e-16,0.001218369,0.005965526
rand_spd,64,492,0.26631508460770426,0.26631508460770387,3.885780586188048e-16,0.00116911,0.00591423
rand_spd,64,493,0.2665153983328945,0.2665153983328942,2.7755575615628914e-16,0.001149475,0.005988707
rand_spd,64,494,0.26712510587236565,0.2671251058723653,3.3306690738754696e-16,0.001151097,0.005934303
rand_spd,64,495,0.26818653446435775,0.2681865344643575,2.7755575615628914e-16,0.001348631,0.006360745
rand_spd,64,496,0.2658364305484799,0.26583643054847955,3.3306690738754696e-16,0.001131933,0.006493124
rand_spd,64,497,0.267604350506163,0.26760435050616266,3.3306690738754696e-16,0.001162133,0.006206816
rand_spd,64,498,0.2666362428831669,0.2666362428831666,2.7755575615628914e-16,0.001142763,0.006318017
rand_spd,64,499,0.26642664703650293,0.2664266470365026,3.3306690738754696e-16,0.001265096,0.006494734
rand_spd,64,500,0.2660742051865868,0.26607420518658653,2.7755575615628914e-16,0.001171398,0.00628476
rand_spd,64,501,0.2660993366256421,0.26609933662564167,4.440892098500626e-16,0.001154859,0.006774851
rand_spd,64,502,0.2657845251234488,0.26578452512344847,3.3306690738754696e-16,0.001172321,0.006355327
rand_spd,64,503,0.26702000778599294,0.26702000778599255,3.885780586188048e-16,0.001215719,0.006614949
rand_spd,64,504,0.2668942334587611,0.2668942334587609,2.220446049250313e-16,0.001286934,0.006400205
rand_spd,64,505,0.2670655181870187,0.26706551818701846,2.220446049250313e-16,0.001157041,0.006571546
rand_spd,64,506,0.2668910231319823,0.26689102313198204,2.7755575615628914e-16,0.001259961,0.006030759
rand_spd,64,507,0.2671788198384348,0.26717881983843444,3.3306690738754696e-16,0.001115432,0.005969127
rand_spd,64,508,0.26570735164105436,0.2657073516410541,2.7755575615628914e-16,0.001164258,0.005967761
rand_spd,64,509,0.2662325155160614,0.2662325155160611,3.3306690738754696e-16,0.001224051,0.006093701
rand_spd,64,510,0.2660430256029373,0.266043025602937,2.7755575615628914e-16,0.00121391,0.006470552
rand_spd,64,511,0.26599341347330957,0.2659934134733093,2.7755575615628914e-16,0.001238017,0.006428238
rand_spd,64,512,0.26548029000696693,0.2654802900069666,3.3306690738754696e-16,0.001202575,0.006444806
rand_spd,64,513,0.2661363697732236,0.26613636977322325,3.3306690738754696e-16,0.001240895,0.006438838
rand_spd,64,514,0.26669336708907637,0.26669336708907604,3.3306690738754696e-16,0.001171416,0.006518464
rand_spd,64,515,0.2667209789444141,0.26672097894441377,3.3306690738754696e-16,0.001273012,0.006377092
rand_spd,64,516,0.26718798014678335,0.2671879801467831,2.7755575615628914e-16,0.001127016,0.006366948
rand_spd,64,517,0.266212769564786,0.2662127695647857,3.3306690738754696e-16,0.001214991,0.006132153
rand_spd,64,518,0.26628489415106255,0.26628489415106227,2.7755575615628914e-16,0.001229318,0.005849874
rand_spd,64,519,0.2668646793635954,0.2668646793635951,3.3306690738754696e-16,0.001223187,0.006529468
rand_spd,64,520,0.26619331651159184,0.2661933165115915,3.3306690738754696e-16,0.001258837,0.006015572
rand_spd,64,521,0.2667321660551916,0.2667321660551913,3.3306690738754696e-16,0.001116127,0.006165763
rand_spd,64,522,0.26666009585892764,0.2666600958589273,3.3306690738754696e-16,0.001288265,0.00620041
rand_spd,64,523,0.2667103283892502,0.2667103283892498,3.885780586188048e-16,0.001147372,0.006236319
rand_spd,64,524,0.2664430570842817,0.2664430570842814,2.7755575615628914e-16,0.001280149,0.006810878
rand_spd,64,525,0.26607628480026035,0.26607628480026,3.3306690738754696e-16,0.001151958,0.006371398
rand_spd,64,526,0.26669121586457833,0.26669121586457806,2.7755575615628914e-16,0.001176447,0.006572822
rand_spd,64,527,0.26690637011967994,0.2669063701196796,3.3306690738754696e-16,0.001167586,0.00641092
rand_spd,64,528,0.2670799704374562,0.26707997043745585,3.3306690738754696e-16,0.001221795,0.006592396
rand_spd,64,529,0.2662326750601008,0.2662326750601005,2.7755575615628914e-16,0.001277183,0.006473181
rand_spd,64,530,0.26676191136838906,0.2667619113683887,3.3306690738754696e-16,0.001171097,0.006294972
rand_spd,64,531,0.2663873818441136,0.26638738184411326,3.3306690738754696e-16,0.001254129,0.00596231
rand_spd,64,532,0.26590907839294936,0.26590907839294897,3.885780586188048e-16,0.004514818,0.006023205
rand_spd,64,533,0.26598389702681674,0.2659838970268164,3.3306690738754696e-16,0.001162961,0.006450195
rand_spd,64,534,0.2659617414496367,0.26596174144963636,3.3306690738754696e-16,0.001192343,0.006014134
rand_spd,64,535,0.26710247480952803,0.2671024748095277,3.3306690738754696e-16,0.001268633,0.006488094
rand_spd,64,536,0.2663151337065847,0.2663151337065844,3.3306690738754696e-16,0.001182713,0.00633593
rand_spd,64,537,0.2653900646581368,0.26539006465813647,3.3306690738754696e-16,0.001232887,0.00658405
rand_spd,64,538,0.26628478916767695,0.2662847891676766,3.3306690738754696e-16,0.001500059,0.006457285
rand_spd,64,539,0.2669123542543617,0.26691235425436144,2.7755575615628914e-16,0.00120534,0.006616144
rand_spd,64,540,0.2665535815194526,0.26655358151945224,3.3306690738754696e-16,0.001254195,0.005868401
rand_spd,64,541,0.26592659891817694,0.2659265989181766,3.3306690738754696e-16,0.001121202,0.005771746
rand_spd,64,542,0.2659811410111032,0.2659811410111029,3.3306690738754696e-16,0.001318066,0.006432275
rand_spd,64,543,0.2661284839632061,0.2661284839632058,2.7755575615628914e-16,0.001155125,0.006615479
rand_spd,64,544,0.2656053697113852,0.2656053697113849,3.3306690738754696e-16,0.001205339,0.006533437
rand_spd,64,545,0.266511094100421,0.2665110941004207,3.3306690738754696e-16,0.001171005,0.006810255
rand_spd,64,546,0.26687116871811334,0.26687116871811306,2.7755575615628914e-16,0.001329989,0.005630491
rand_spd,64,547,0.2658212634003923,0.26582126340039197,3.3306690738754696e-16,0.001132867,0.005820131
rand_spd,64,548,0.26583545809246917,0.26583545809246883,3.3306690738754696e-16,0.001197848,0.005815701
rand_spd,64,549,0.2657160137516265,0.26571601375162623,2.7755575615628914e-16,0.001243164,0.006045026
rand_spd,64,550,0.265973342174302,0.2659733421743017,3.3306690738754696e-16,0.001214048,0.006513656
rand_spd,64,551,0.26663272546442385,0.26663272546442357,2.7755575615628914e-16,0.001144111,0.006532635
rand_spd,64,552,0.26716413294118113,0.2671641329411808,3.3306690738754696e-16,0.001307057,0.006572521
rand_spd,64,553,0.2655047859170907,0.2655047859170904,2.7755575615628914e-16,0.001151652,0.006495988
rand_spd,64,554,0.26658480683435465,0.2665848068343543,3.3306690738754696e-16,0.001251905,0.006134934
rand_spd,64,555,0.2664245625551394,0.26642456255513913,2.7755575615628914e-16,0.001214534,0.006474504
rand_spd,64,556,0.2665776828242666,0.26657768282426636,2.220446049250313e-16,0.001171276,0.006577929
rand_spd,64,557,0.26575947278654294,0.2657594727865426,3.3306690738754696e-16,0.001367877,0.006337609
rand_spd,64,558,0.2667840399073074,0.26678403990730715,2.7755575615628914e-16,0.001109744,0.005991697
rand_spd,64,559,0.2656374394909126,0.2656374394909123,3.3306690738754696e-16,0.001188131,0.006126216
rand_spd,64,560,0.2676854005520137,0.26768540055201334,3.3306690738754696e-16,0.001215603,0.005955502
rand_spd,64,561,0.2657376991865749,0.2657376991865745,3.885780586188048e-16,0.001248463,0.006478538
rand_spd,64,562,0.2653503267092108,0.2653503267092105,3.3306690738754696e-16,0.001179944,0.006192564
rand_spd,64,563,0.2661984165909237,0.2661984165909234,2.7755575615628914e-16,0.001205137,0.006771583
rand_spd,64,564,0.26649105838661863,0.2664910583866183,3.3306690738754696e-16,0.0011716,0.006411294
rand_spd,64,565,0.2655562600324733,0.265556260032473,2.7755575615628914e-16,0.001275127,0.006557026
rand_spd,64,566,0.2662279315661825,0.2662279315661822,3.3306690738754696e-16,0.001111716,0.006007909
rand_spd,64,567,0.266407589189768,0.26640758918976765,3.3306690738754696e-16,0.001180673,0.006144815
rand_spd,64,568,0.2668144413252612,0.26681444132526094,2.7755575615628914e-16,0.001215905,0.006181896
rand_spd,64,569,0.2666193201630646,0.2666193201630643,3.3306690738754696e-16,0.001288151,0.006396268
rand_spd,64,570,0.26715149974480507,0.26715149974480473,3.3306690738754696e-16,0.001214536,0.006211091
rand_spd,64,571,0.26848025481131776,0.26848025481131743,3.3306690738754696e-16,0.001305987,0.00599757
rand_spd,64,572,0.2667878460768869,0.26678784607688655,3.3306690738754696e-16,0.001130333,0.006104566
rand_spd,64,573,0.2662184103996879,0.2662184103996876,3.3306690738754696e-16,0.001171075,0.006150857
rand_spd,64,574,0.2663774325399557,0.26637743253995544,2.7755575615628914e-16,0.001210745,0.00611956
rand_spd,64,575,0.2667587664011854,0.26675876640118507,3.3306690738754696e-16,0.001264397,0.006465459
rand_spd,64,576,0.26622598448025364,0.2662259844802533,3.3306690738754696e-16,0.001286965,0.006353073
rand_spd,64,577,0.2661797813391394,0.26617978133913905,3.3306690738754696e-16,0.001153865,0.006033735
rand_spd,64,578,0.2659770258846205,0.2659770258846202,3.3306690738754696e-16,0.001272278,0.006342413
rand_spd,64,579,0.2660957441055946,0.2660957441055942,3.885780586188048e-16,0.001190821,0.006532063
rand_spd,64,580,0.26758705889737383,0.2675870588973735,3.3306690738754696e-16,0.001265858,0.006507965
rand_spd,64,581,0.2661462671730979,0.2661462671730976,3.3306690738754696e-16,0.001176078,0.006198354
rand_spd,64,582,0.2661267626266333,0.266126762626633,3.3306690738754696e-16,0.001225921,0.00649161
rand_spd,64,583,0.2659347155159531,0.26593471551595277,3.3306690738754696e-16,0.001167533,0.006412823
rand_spd,64,584,0.26677265569404673,0.26677265569404646,2.7755575615628914e-16,0.001225874,0.006669952
rand_spd,64,585,0.26700909395131683,0.2670090939513165,3.3306690738754696e-16,0.001311268,0.006677939
rand_spd,64,586,0.26616418928348445,0.2661641892834841,3.3306690738754696e-16,0.001207181,0.00618912
rand_spd,64,587,0.26676130421232086,0.2667613042123205,3.3306690738754696e-16,0.001226965,0.006396317
rand_spd,64,588,0.2666985626583384,0.2666985626583381,3.3306690738754696e-16,0.001239678,0.006289474
rand_spd,64,589,0.2657728102293386,0.26577281022933824,3.3306690738754696e-16,0.001142752,0.00584642
rand_spd,64,590,0.26671008276913594,0.2667100827691356,3.3306690738754696e-16,0.001326428,0.006563912
rand_spd,64,591,0.2666005486919845,0.2666005486919842,3.3306690738754696e-16,0.001135045,0.006818472
rand_spd,64,592,0.2671961199066933,0.26719611990669295,3.3306690738754696e-16,0.001308188,0.006465491
rand_spd,64,593,0.26575050549170304,0.2657505054917028,2.220446049250313e-16,0.001155951,0.0065225
rand_spd,64,594,0.2679190671958947,0.26791906719589437,3.3306690738754696e-16,0.001231476,0.00622421
rand_spd,64,595,0.2671690108207004,0.26716901082070005,3.3306690738754696e-16,0.00121053,0.006666958
rand_spd,64,596,0.266878366877408,0.2668783668774077,3.3306690738754696e-16,0.001197256,0.006323279
rand_spd,64,597,0.2651920908109997,0.26519209081099937,3.3306690738754696e-16,0.001163077,0.00576352
rand_spd,64,598,0.2660242026886033,0.266024202688603,2.7755575615628914e-16,0.00131013,0.006593447
rand_spd,64,599,0.26585725212108907,0.26585725212108874,3.3306690738754696e-16,0.001138088,0.007033386
rand_spd,64,600,0.2656817860713696,0.2656817860713693,3.3306690738754696e-16,0.001341316,0.006773834
rand_spd,64,601,0.26590135579666707,0.2659013557966668,2.7755575615628914e-16,0.001148316,0.006464449
rand_spd,64,602,0.26766806008897964,0.2676680600889793,3.3306690738754696e-16,0.001206161,0.005899194
rand_spd,64,603,0.2671041027715208,0.26710410277152047,3.3306690738754696e-16,0.001170442,0.005760933
rand_spd,64,604,0.26603397483522434,0.26603397483522406,2.7755575615628914e-16,0.001331514,0.006629388
rand_spd,64,605,0.26677983287973556,0.2667798328797352,3.3306690738754696e-16,0.001111875,0.006146567
rand_spd,64,606,0.26601557124444447,0.2660155712444442,2.7755575615628914e-16,0.001352858,0.005965404
rand_spd,64,607,0.2663570651997786,0.26635706519977825,3.3306690738754696e-16,0.001134405,0.005717266
rand_spd,64,608,0.26660114846458577,0.26660114846458544,3.3306690738754696e-16,0.001247602,0.006481202
rand_spd,64,609,0.2654408726294894,0.265440872629489,3.885780586188048e-16,0.001178193,0.006278525
rand_spd,64,610,0.26681472492609787,0.26681472492609754,3.3306690738754696e-16,0.001239121,0.006632826
rand_spd,64,611,0.2661891017450533,0.2661891017450529,3.885780586188048e-16,0.001194737,0.00630322
rand_spd,64,612,0.26601959514344625,0.266019595143446,2.7755575615628914e-16,0.001209797,0.006484681
rand_spd,64,613,0.2671888149379019,0.26718881493790164,2.7755575615628914e-16,0.001159381,0.006345783
rand_spd,64,614,0.2662644766039432,0.26626447660394287,3.3306690738754696e-16,0.001218306,0.006817288
rand_spd,64,615,0.2671169350697557,0.26711693506975537,3.3306690738754696e-16,0.001279622,0.006442607
rand_spd,64,616,0.26665126952063006,0.2666512695206297,3.885780586188048e-16,0.001184485,0.006512726
rand_spd,64,617,0.26625424406963544,0.2662542440696352,2.220446049250313e-16,0.001300305,0.006032707
rand_spd,64,618,0.2663158029171123,0.266315802917112,3.3306690738754696e-16,0.001145034,0.00632398
rand_spd,64,619,0.26685680758040703,0.26685680758040664,3.885780586188048e-16,0.001141154,0.006177177
rand_spd,64,620,0.267117136718162,0.2671171367181616,3.885780586188048e-16,0.00115701,0.00614698
rand_spd,64,621,0.2659906415517377,0.26599064155173735,3.3306690738754696e-16,0.001238502,0.006550611
rand_spd,64,622,0.26723211308955025,0.26723211308954986,3.885780586188048e-16,0.001245171,0.006616746
rand_spd,64,623,0.2673557121780949,0.26735571217809456,3.3306690738754696e-16,0.00127008,0.006481134
rand_spd,64,624,0.2662771863160733,0.26627718631607306,2.220446049250313e-16,0.001154801,0.006489774
rand_spd,64,625,0.2665242274890718,0.2665242274890714,3.885780586188048e-16,0.001177502,0.006170806
rand_spd,64,626,0.2661917279289319,0.26619172792893164,2.7755575615628914e-16,0.001328868,0.006459538
rand_spd,64,627,0.2663008515894491,0.2663008515894488,3.3306690738754696e-16,0.001152964,0.005353954
rand_spd,64,628,0.2669573107607989,0.26695731076079865,2.7755575615628914e-16,0.001146205,0.006583667
rand_spd,64,629,0.2665000510189285,0.26650005101892815,3.3306690738754696e-16,0.001161894,0.006522077
rand_spd,64,630,0.26683387634752337,0.26683387634752315,2.220446049250313e-16,0.001255896,0.006507154
rand_spd,64,631,0.26687213020555695,0.2668721302055566,3.3306690738754696e-16,0.001163674,0.006569041
rand_spd,64,632,0.2661211432371458,0.2661211432371455,3.3306690738754696e-16,0.001829767,0.007433238
rand_spd,64,633,0.26640570507335787,0.26640570507335753,3.3306690738754696e-16,0.001597198,0.006051147
rand_spd,64,634,0.2664978628077164,0.26649786280771603,3.885780586188048e-16,0.001276755,0.006232798
rand_spd,64,635,0.2665276157972135,0.26652761579721324,2.7755575615628914e-16,0.00127095,0.006492932
rand_spd,64,636,0.26703781258640163,0.2670378125864013,3.3306690738754696e-16,0.0012949,0.006446091
rand_spd,64,637,0.26640694039190166,0.2664069403919013,3.3306690738754696e-16,0.001194985,0.006183933
rand_spd,64,638,0.2664024734359524,0.2664024734359521,3.3306690738754696e-16,0.001218239,0.006518262
rand_spd,64,639,0.26666793843937914,0.2666679384393788,3.3306690738754696e-16,0.001150248,0.006387876
rand_spd,64,640,0.2666680820614878,0.26666808206148745,3.3306690738754696e-16,0.001230432,0.006589
rand_spd,64,641,0.2670270936454558,0.26702709364545546,3.3306690738754696e-16,0.001274252,0.006446936
rand_spd,64,642,0.26587003244123136,0.2658700324412311,2.7755575615628914e-16,0.001171651,0.006201596
rand_spd,64,643,0.26669012632819156,0.2666901263281912,3.3306690738754696e-16,0.001300134,0.006077545
rand_spd,64,644,0.2662554134635169,0.2662554134635166,2.7755575615628914e-16,0.001128406,0.005869858
rand_spd,64,645,0.267136861983009,0.26713686198300857,4.440892098500626e-16,0.001269751,0.006079062
rand_spd,64,646,0.2667035774569723,0.266703577456972,3.3306690738754696e-16,0.001251036,0.006419889
rand_spd,64,647,0.2660849762513195,0.26608497625131916,3.3306690738754696e-16,0.00127215,0.006439559
rand_spd,64,648,0.26577324576249456,0.26577324576249417,3.885780586188048e-16,0.001171598,0.006204001
rand_spd,64,649,0.2657142654506243,0.26571426545062393,3.885780586188048e-16,0.001200506,0.006536762
rand_spd,64,650,0.2660928246063072,0.26609282460630673,4.440892098500626e-16,0.00115405,0.00642584
rand_spd,64,651,0.2655895139615049,0.26558951396150454,3.3306690738754696e-16,0.001193505,0.00653976
rand_spd,64,652,0.2664993290968512,0.26649932909685087,3.3306690738754696e-16,0.001333572,0.005874907
rand_spd,64,653,0.2664571490528726,0.26645714905287227,3.3306690738754696e-16,0.001143779,0.006158994
rand_spd,64,654,0.2660652932897666,0.2660652932897662,3.885780586188048e-16,0.00128613,0.006446345
rand_spd,64,655,0.2667213989451756,0.26672139894517527,3.3306690738754696e-16,0.00121434,0.00643816
rand_spd,64,656,0.26637429808942437,0.2663742980894241,2.7755575615628914e-16,0.001223251,0.006433518
rand_spd,64,657,0.26584274849719286,0.26584274849719247,3.885780586188048e-16,0.001129914,0.006565805
rand_spd,64,658,0.2666988758979763,0.266698875897976,3.3306690738754696e-16,0.001229972,0.006309536
rand_spd,64,659,0.2654466285319705,0.2654466285319702,2.7755575615628914e-16,0.001181874,0.006049628
rand_spd,64,660,0.2670977785618172,0.2670977785618168,3.885780586188048e-16,0.001134684,0.006574884
rand_spd,64,661,0.26791865033517454,0.2679186503351743,2.220446049250313e-16,0.001148423,0.006013778
rand_spd,64,662,0.2663565103734528,0.2663565103734524,3.885780586188048e-16,0.00123787,0.006506634
rand_spd,64,663,0.26635010992817904,0.26635010992817876,2.7755575615628914e-16,0.001248664,0.005856372
rand_spd,64,664,0.2660056237689014,0.26600562376890113,2.7755575615628914e-16,0.001131198,0.006092455
rand_spd,64,665,0.2664187171144297,0.2664187171144294,3.3306690738754696e-16,0.001258175,0.006373921
rand_spd,64,666,0.2655680422801527,0.2655680422801523,3.885780586188048e-16,0.001173916,0.006059286
rand_spd,64,667,0.2662707714478821,0.2662707714478818,2.7755575615628914e-16,0.001239523,0.006465319
rand_spd,64,668,0.266894044027321,0.26689404402732064,3.3306690738754696e-16,0.001169349,0.006531831
rand_spd,64,669,0.2666096759523741,0.2666096759523738,3.3306690738754696e-16,0.001271733,0.006389183
rand_spd,64,670,0.26707213849007294,0.26707213849007266,2.7755575615628914e-16,0.001170387,0.006454079
rand_spd,64,671,0.26582683690881254,0.26582683690881226,2.7755575615628914e-16,0.001262806,0.0061701
rand_spd,64,672,0.26636973449312246,0.26636973449312207,3.885780586188048e-16,0.001228755,0.006431476
rand_spd,64,673,0.2666211958802952,0.2666211958802949,2.7755575615628914e-16,0.001150292,0.006551372
rand_spd,64,674,0.26704449231177946,0.2670444923117791,3.3306690738754696e-16,0.001388898,0.006070876
rand_spd,64,675,0.2665923168838793,0.266592316883879,2.7755575615628914e-16,0.001141993,0.00618153
rand_spd,64,676,0.2674140500848279,0.26741405008482755,3.3306690738754696e-16,0.001270335,0.005740021
rand_spd,64,677,0.26725888889160715,0.2672588888916069,2.220446049250313e-16,0.001257701,0.005778066
rand_spd,64,678,0.26828401726521417,0.26828401726521384,3.3306690738754696e-16,0.001205282,0.006511866
rand_spd,64,679,0.26726052556777385,0.2672605255677735,3.3306690738754696e-16,0.001182896,0.006213506
rand_spd,64,680,0.26600665303700044,0.2660066530370001,3.3306690738754696e-16,0.001207694,0.006736336
rand_spd,64,681,0.2665603271242723,0.26656032712427197,3.3306690738754696e-16,0.001231638,0.006347641
rand_spd,64,682,0.26640680715794396,0.2664068071579437,2.7755575615628914e-16,0.001280552,0.006330297
rand_spd,64,683,0.2661593579142037,0.26615935791420336,3.3306690738754696e-16,0.001122277,0.006152613
rand_spd,64,684,0.26743794455429876,0.2674379445542984,3.3306690738754696e-16,0.001291318,0.005763012
rand_spd,64,685,0.2647939350990887,0.2647939350990885,2.220446049250313e-16,0.001268231,0.005945489
rand_spd,64,686,0.26718456955667597,0.26718456955667563,3.3306690738754696e-16,0.001277574,0.00648666
rand_spd,64,687,0.2662643696727381,0.26626436967273776,3.3306690738754696e-16,0.001187294,0.006249084
rand_spd,64,688,0.2665259191664107,0.2665259191664104,3.3306690738754696e-16,0.00128015,0.006084904
rand_spd,64,689,0.2655743452826093,0.265574345282609,3.3306690738754696e-16,0.001131473,0.006114214
rand_spd,64,690,0.26570834540077465,0.2657083454007743,3.3306690738754696e-16,0.001165878,0.005770796
rand_spd,64,691,0.2662434811663348,0.2662434811663345,2.7755575615628914e-16,0.001246108,0.005864535
rand_spd,64,692,0.2674369959045068,0.2674369959045065,3.3306690738754696e-16,0.001237689,0.006504953
rand_spd,64,693,0.2671552704334177,0.2671552704334174,2.7755575615628914e-16,0.001264351,0.006172988
rand_spd,64,694,0.2659080427147616,0.2659080427147614,2.220446049250313e-16,0.001141912,0.005705233
rand_spd,64,695,0.2666275816581655,0.2666275816581652,3.3306690738754696e-16,0.001198361,0.006327523
rand_spd,64,696,0.26650778678865794,0.26650778678865755,3.885780586188048e-16,0.001128197,0.006535387
rand_spd,64,697,0.26660092805327434,0.26660092805327396,3.885780586188048e-16,0.001301269,0.006445138
rand_spd,64,698,0.2654109561803537,0.26541095618035343,2.7755575615628914e-16,0.001165007,0.006208838
rand_spd,64,699,0.2657587567531195,0.26575875675311916,3.3306690738754696e-16,0.001237945,0.006692942
rand_spd,64,700,0.26614710583602375,0.26614710583602347,2.7755575615628914e-16,0.001150316,0.006382693
rand_spd,64,701,0.26665326419929375,0.26665326419929336,3.885780586188048e-16,0.001210605,0.006569219
rand_spd,64,702,0.2657969008610551,0.26579690086105473,3.885780586188048e-16,0.001643241,0.006788551
rand_spd,64,703,0.2656508191636988,0.2656508191636984,3.885780586188048e-16,0.001172998,0.006195933
rand_spd,64,704,0.2665094289160834,0.26650942891608304,3.885780586188048e-16,0.001210635,0.007387065
rand_spd,64,705,0.2670419132526124,0.267041913252612,3.885780586188048e-16,0.001202003,0.005878381
rand_spd,64,706,0.2660350487961929,0.26603504879619255,3.3306690738754696e-16,0.001156498,0.006112342
rand_spd,64,707,0.26616266872810135,0.26616266872810107,2.7755575615628914e-16,0.00127951,0.006445442
rand_spd,64,708,0.2656015880719211,0.26560158807192064,4.440892098500626e-16,0.001148936,0.006383445
rand_spd,64,709,0.266365185561451,0.26636518556145067,3.3306690738754696e-16,0.001244089,0.006468639
rand_spd,64,710,0.2657293751324462,0.26572937513244593,2.7755575615628914e-16,0.001235072,0.006450745
rand_spd,64,711,0.2657524632181682,0.26575246321816787,3.3306690738754696e-16,0.001147926,0.006674958
rand_spd,64,712,0.26638342117856717,0.2663834211785668,3.885780586188048e-16,0.001156254,0.006640283
rand_spd,64,713,0.2664384545282103,0.2664384545282099,3.885780586188048e-16,0.001301603,0.006333654
rand_spd,64,714,0.2668492767129139,0.26684927671291353,3.885780586188048e-16,0.001187216,0.00569258
rand_spd,64,715,0.2655496069777557,0.26554960697775537,3.3306690738754696e-16,0.001150597,0.006588924
rand_spd,64,716,0.26660314956949155,0.2666031495694912,3.3306690738754696e-16,0.001213691,0.006772309
rand_spd,64,717,0.26646834652025414,0.2664683465202538,3.3306690738754696e-16,0.00121536,0.006453297
rand_spd,64,718,0.2656212431637754,0.26562124316377506,3.3306690738754696e-16,0.001267255,0.006348838
rand_spd,64,719,0.26608156024825164,0.2660815602482513,3.3306690738754696e-16,0.001366858,0.006395388
rand_spd,64,720,0.2664956820373337,0.2664956820373335,2.220446049250313e-16,0.001252159,0.005745266
rand_spd,64,721,0.266827535670149,0.26682753567014866,3.3306690738754696e-16,0.001157722,0.006600594
rand_spd,64,722,0.2658762804750512,0.26587628047505085,3.3306690738754696e-16,0.001209019,0.006882831
rand_spd,64,723,0.26722927037950756,0.2672292703795073,2.7755575615628914e-16,0.001221227,0.006495052
rand_spd,64,724,0.2667640749727782,0.2667640749727779,3.3306690738754696e-16,0.001237471,0.005996269
rand_spd,64,725,0.26633822919483013,0.2663382291948298,3.3306690738754696e-16,0.001149782,0.006154211
rand_spd,64,726,0.26713104141838256,0.26713104141838223,3.3306690738754696e-16,0.001272412,0.006297482
rand_spd,64,727,0.2675453603707893,0.26754536037078896,3.3306690738754696e-16,0.001140081,0.006315232
rand_spd,64,728,0.2659667630267157,0.2659667630267153,3.885780586188048e-16,0.001230681,0.006678365
rand_spd,64,729,0.2663244957423689,0.26632449574236855,3.3306690738754696e-16,0.00116959,0.00642038
rand_spd,64,730,0.26728905305087675,0.26728905305087636,3.885780586188048e-16,0.001297116,0.006412701
rand_spd,64,731,0.26574940498436717,0.26574940498436694,2.220446049250313e-16,0.001164878,0.006724119
rand_spd,64,732,0.2673766853453641,0.2673766853453638,2.7755575615628914e-16,0.001265905,0.006221267
rand_spd,64,733,0.26667951400830364,0.2666795140083033,3.3306690738754696e-16,0.001741149,0.0083171
rand_spd,64,734,0.2662159183462131,0.2662159183462128,3.3306690738754696e-16,0.001715591,0.008019942
rand_spd,64,735,0.26574182886224146,0.2657418288622411,3.3306690738754696e-16,0.001356802,0.006427616
rand_spd,64,736,0.2669550739601993,0.26695507396019896,3.3306690738754696e-16,0.001382728,0.005823451
rand_spd,64,737,0.2666519320310931,0.2666519320310928,3.3306690738754696e-16,0.001154773,0.006547484
rand_spd,64,738,0.26640391553449383,0.26640391553449366,1.6653345369377348e-16,0.001230133,0.006836956
rand_spd,64,739,0.2667134025528323,0.26671340255283205,2.7755575615628914e-16,0.00123384,0.006435198
rand_spd,64,740,0.26673922132086086,0.26673922132086064,2.220446049250313e-16,0.00115062,0.006502129
rand_spd,64,741,0.26596547314166596,0.26596547314166563,3.3306690738754696e-16,0.001289968,0.006441192
rand_spd,64,742,0.266130369868508,0.26613036986850774,2.7755575615628914e-16,0.001519218,0.006880782
rand_spd,64,743,0.26738191367203923,0.2673819136720389,3.3306690738754696e-16,0.001557584,0.006150524
rand_spd,64,744,0.26589564061212545,0.2658956406121252,2.7755575615628914e-16,0.00127868,0.006708689
rand_spd,64,745,0.26646461724583187,0.2664646172458316,2.7755575615628914e-16,0.00149828,0.006419057
rand_spd,64,746,0.26607487902609667,0.26607487902609633,3.3306690738754696e-16,0.001468733,0.006413551
rand_spd,64,747,0.26628851225415345,0.2662885122541532,2.7755575615628914e-16,0.001208028,0.006456622
rand_spd,64,748,0.2669996594139954,0.26699965941399506,3.3306690738754696e-16,0.001165544,0.006689192
rand_spd,64,749,0.2676462158363451,0.2676462158363448,3.3306690738754696e-16,0.001386357,0.005955122
rand_spd,64,750,0.2666447184543498,0.26664471845434945,3.3306690738754696e-16,0.001134879,0.005684156
rand_spd,64,751,0.2669132952939685,0.2669132952939682,3.3306690738754696e-16,0.001163776,0.006018608
rand_spd,64,752,0.2672801177463115,0.26728011774631116,3.3306690738754696e-16,0.001259189,0.005855488
rand_spd,64,753,0.2667442553022523,0.2667442553022521,2.220446049250313e-16,0.001301922,0.006706053
rand_spd,64,754,0.2658126198279941,0.26581261982799376,3.3306690738754696e-16,0.001290271,0.006188049
rand_spd,64,755,0.26599599277098607,0.26599599277098573,3.3306690738754696e-16,0.001106187,0.006233399
rand_spd,64,756,0.26558829139721324,0.2655882913972129,3.3306690738754696e-16,0.001191448,0.006279131
rand_spd,64,757,0.26685168487729766,0.26685168487729727,3.885780586188048e-16,0.001141291,0.005816381
rand_spd,64,758,0.2673210036413009,0.26732100364130057,3.3306690738754696e-16,0.001310469,0.006451673
rand_spd,64,759,0.2666634239322133,0.266663423932213,3.3306690738754696e-16,0.001197506,0.006201744
rand_spd,64,760,0.26703110374202593,0.2670311037420256,3.3306690738754696e-16,0.001224055,0.006490817
rand_spd,64,761,0.2671673440257682,0.26716734402576786,3.3306690738754696e-16,0.001185543,0.006261947
rand_spd,64,762,0.2665954692952118,0.26659546929521144,3.3306690738754696e-16,0.001196632,0.006522659
rand_spd,64,763,0.26579354506434755,0.26579354506434727,2.7755575615628914e-16,0.001255225,0.006384387
rand_spd,64,764,0.2660825960837575,0.2660825960837571,3.885780586188048e-16,0.001189247,0.006188301
rand_spd,64,765,0.2658782002252969,0.26587820022529657,3.3306690738754696e-16,0.001271106,0.005879249
rand_spd,64,766,0.2664812173050238,0.2664812173050234,3.885780586188048e-16,0.001131179,0.005640862
rand_spd,64,767,0.2665836530730546,0.2665836530730543,2.7755575615628914e-16,0.001159719,0.006006365
rand_spd,64,768,0.26687947846735544,0.2668794784673551,3.3306690738754696e-16,0.00126793,0.005879516
rand_spd,64,769,0.26771521967454237,0.2677152196745421,2.7755575615628914e-16,0.001184476,0.006400403
rand_spd,64,770,0.26680078330637935,0.266800783306379,3.3306690738754696e-16,0.001238579,0.006569068
rand_spd,64,771,0.26625704368590614,0.2662570436859058,3.3306690738754696e-16,0.001202099,0.006654039
rand_spd,64,772,0.2678665822185341,0.26786658221853377,3.3306690738754696e-16,0.001226468,0.00633026
rand_spd,64,773,0.26604227338182124,0.2660422733818209,3.3306690738754696e-16,0.001227503,0.006465929
rand_spd,64,774,0.2672051191704841,0.2672051191704838,3.3306690738754696e-16,0.001213153,0.005839085
rand_spd,64,775,0.2662338945601051,0.2662338945601048,2.7755575615628914e-16,0.001180637,0.005717456
rand_spd,64,776,0.2669745553919802,0.26697455539197984,3.3306690738754696e-16,0.001168061,0.006300088
rand_spd,64,777,0.2665679966807558,0.2665679966807555,3.3306690738754696e-16,0.001159002,0.006631497
rand_spd,64,778,0.26552655367135647,0.2655265536713562,2.7755575615628914e-16,0.001264077,0.006523755
rand_spd,64,779,0.2658106395141926,0.26581063951419226,3.3306690738754696e-16,0.001247625,0.00645976
rand_spd,64,780,0.2674611780260375,0.26746117802603714,3.885780586188048e-16,0.001459355,0.006377523
rand_spd,64,781,0.2660021531817091,0.2660021531817088,3.3306690738754696e-16,0.001249281,0.005642855
rand_spd,64,782,0.2661492583875697,0.2661492583875693,3.885780586188048e-16,0.00115646,0.005787068
rand_spd,64,783,0.2668451357148037,0.2668451357148034,3.3306690738754696e-16,0.001154772,0.0067725
rand_spd,64,784,0.2667334993032739,0.26673349930327356,3.3306690738754696e-16,0.00121527,0.006442144
rand_spd,64,785,0.26647830102744857,0.26647830102744824,3.3306690738754696e-16,0.001383239,0.006000929
rand_spd,64,786,0.2657845068453558,0.26578450684535554,2.7755575615628914e-16,0.001714658,0.00683753
rand_spd,64,787,0.26630507766265926,0.26630507766265904,2.220446049250313e-16,0.001653306,0.007558201
rand_spd,64,788,0.26704118690702405,0.2670411869070238,2.7755575615628914e-16,0.00132105,0.006015825
rand_spd,64,789,0.26660143604216685,0.2666014360421665,3.3306690738754696e-16,0.001219221,0.006498378
rand_spd,64,790,0.2665743483744963,0.26657434837449595,3.3306690738754696e-16,0.001169529,0.006598722
rand_spd,64,791,0.26754256096513573,0.2675425609651354,3.3306690738754696e-16,0.001295385,0.006392826
rand_spd,64,792,0.26691725307996644,0.266917253079966,4.440892098500626e-16,0.001149835,0.006496168
rand_spd,64,793,0.26607854037807954,0.2660785403780792,3.3306690738754696e-16,0.001227307,0.006257622
rand_spd,64,794,0.26664816701379945,0.2666481670137991,3.3306690738754696e-16,0.00122068,0.006607344
rand_spd,64,795,0.2665418442867487,0.2665418442867484,3.3306690738754696e-16,0.00114846,0.006542917
rand_spd,64,796,0.26637180507988406,0.26637180507988373,3.3306690738754696e-16,0.001334027,0.006398056
rand_spd,64,797,0.26741168061056925,0.2674116806105689,3.3306690738754696e-16,0.001201961,0.005819748
rand_spd,64,798,0.26552220323114195,0.26552220323114156,3.885780586188048e-16,0.001173782,0.006457615
rand_spd,64,799,0.2666869258617704,0.2666869258617701,2.7755575615628914e-16,0.001156737,0.006895639
rand_spd,64,800,0.2664825641874694,0.266482564187469,3.885780586188048e-16,0.001225484,0.006492196
rand_spd,64,801,0.26562492942087956,0.2656249294208793,2.7755575615628914e-16,0.001163579,0.006468578
rand_spd,64,802,0.266502916359753,0.2665029163597527,2.7755575615628914e-16,0.001269821,0.006520354
rand_spd,64,803,0.26715301503956734,0.267153015039567,3.3306690738754696e-16,0.001169777,0.006447809
rand_spd,64,804,0.26601247520662397,0.26601247520662363,3.3306690738754696e-16,0.001254921,0.005778938
rand_spd,64,805,0.2664217119290052,0.2664217119290048,3.885780586188048e-16,0.001131146,0.00656723
rand_spd,64,806,0.2663559710132992,0.26635597101329894,2.7755575615628914e-16,0.001166325,0.006063539
rand_spd,64,807,0.2662137849154834,0.2662137849154831,3.3306690738754696e-16,0.001414819,0.005967639
rand_spd,64,808,0.26618950229229,0.2661895022922896,3.885780586188048e-16,0.001221307,0.00638918
rand_spd,64,809,0.2648648299893867,0.2648648299893864,3.3306690738754696e-16,0.001131981,0.00650429
rand_spd,64,810,0.2667948060830159,0.2667948060830156,3.3306690738754696e-16,0.001344028,0.006320155
rand_spd,64,811,0.26659552645307405,0.2665955264530737,3.3306690738754696e-16,0.001123041,0.005640892
rand_spd,64,812,0.2669392897899309,0.26693928978993064,2.7755575615628914e-16,0.001142424,0.006041645
rand_spd,64,813,0.26755278321421955,0.2675527832142192,3.3306690738754696e-16,0.001187658,0.006024828
rand_spd,64,814,0.2665891964952906,0.2665891964952902,3.885780586188048e-16,0.001251223,0.006577856
rand_spd,64,815,0.266011615059685,0.2660116150596847,3.3306690738754696e-16,0.001314662,0.00615959
rand_spd,64,816,0.26667603871364404,0.2666760387136437,3.3306690738754696e-16,0.001144501,0.006154015
rand_spd,64,817,0.26554681254066737,0.265546812540667,3.885780586188048e-16,0.001276522,0.006213017
rand_spd,64,818,0.2668186493861035,0.26681864938610317,3.3306690738754696e-16,0.001178548,0.005951058
rand_spd,64,819,0.2662536366831502,0.2662536366831499,3.3306690738754696e-16,0.001297925,0.00642291
rand_spd,64,820,0.26511478531010946,0.2651147853101091,3.3306690738754696e-16,0.001197844,0.006486806
rand_spd,64,821,0.2672526031293595,0.2672526031293591,3.885780586188048e-16,0.001218139,0.006431625
rand_spd,64,822,0.2664173733946123,0.26641737339461197,3.3306690738754696e-16,0.001136569,0.006339777
rand_spd,64,823,0.2668350479059694,0.26683504790596907,3.3306690738754696e-16,0.001204049,0.006589653
rand_spd,64,824,0.26665789716621857,0.2666578971662182,3.885780586188048e-16,0.001306901,0.0065762
rand_spd,64,825,0.26614224417828497,0.26614224417828464,3.3306690738754696e-16,0.001183684,0.006113451
rand_spd,64,826,0.26596932166920373,0.2659693216692034,3.3306690738754696e-16,0.001297612,0.006050853
rand_spd,64,827,0.26632104771118287,0.2663210477111826,2.7755575615628914e-16,0.00113368,0.005736049
rand_spd,64,828,0.267054500351191,0.26705450035119066,3.3306690738754696e-16,0.001185679,0.006020202
rand_spd,64,829,0.2656931815240159,0.2656931815240156,2.7755575615628914e-16,0.001177322,0.00611091
rand_spd,64,830,0.26612136394522506,0.26612136394522473,3.3306690738754696e-16,0.001158213,0.006583284
rand_spd,64,831,0.2669969326797153,0.26699693267971497,3.3306690738754696e-16,0.001286693,0.006550104
rand_spd,64,832,0.2662308671437987,0.26623086714379834,3.3306690738754696e-16,0.001155487,0.006425152
rand_spd,64,833,0.26672719351029933,0.2667271935102989,4.440892098500626e-16,0.001216981,0.006121427
rand_spd,64,834,0.266667846284189,0.2666678462841887,2.7755575615628914e-16,0.001223565,0.00654416
rand_spd,64,835,0.2656644174710637,0.2656644174710634,2.7755575615628914e-16,0.001241724,0.005858071
rand_spd,64,836,0.2671349808254823,0.2671349808254819,3.885780586188048e-16,0.001139323,0.006578997
rand_spd,64,837,0.2663227314472703,0.2663227314472701,2.220446049250313e-16,0.001163166,0.006115003
rand_spd,64,838,0.26716089411256844,0.2671608941125681,3.3306690738754696e-16,0.001164923,0.006751187
rand_spd,64,839,0.2674278193829001,0.2674278193828997,3.885780586188048e-16,0.001234147,0.006401117
rand_spd,64,840,0.2662182681608243,0.2662182681608239,3.885780586188048e-16,0.001162267,0.006437086
rand_spd,64,841,0.2665426854296477,0.26654268542964743,2.7755575615628914e-16,0.001373412,0.005939168
rand_spd,64,842,0.2661175137147867,0.2661175137147864,2.7755575615628914e-16,0.00125134,0.005595231
rand_spd,64,843,0.2672414493378129,0.2672414493378126,3.3306690738754696e-16,0.001138422,0.006439255
rand_spd,64,844,0.2677448396492952,0.2677448396492948,3.885780586188048e-16,0.001219589,0.006730119
rand_spd,64,845,0.26650065423514313,0.26650065423514285,2.7755575615628914e-16,0.001190339,0.006429711
rand_spd,64,846,0.2669092008582297,0.26690920085822945,2.7755575615628914e-16,0.001280332,0.005828338
rand_spd,64,847,0.2674872518793308,0.26748725187933053,2.7755575615628914e-16,0.001183433,0.006310499
rand_spd,64,848,0.26668094192252917,0.2666809419225288,3.885780586188048e-16,0.001176417,0.006058287
rand_spd,64,849,0.266575633965139,0.2665756339651386,3.885780586188048e-16,0.001190627,0.006253475
rand_spd,64,850,0.26634369652737766,0.2663436965273774,2.7755575615628914e-16,0.00123816,0.006679377
rand_spd,64,851,0.26760060675607444,0.26760060675607406,3.885780586188048e-16,0.001156852,0.006478267
rand_spd,64,852,0.26652484344469546,0.2665248434446951,3.3306690738754696e-16,0.001297836,0.006318543
rand_spd,64,853,0.2658176183180964,0.2658176183180961,3.3306690738754696e-16,0.001137578,0.006573846
rand_spd,64,854,0.2662310293463562,0.26623102934635584,3.3306690738754696e-16,0.001251419,0.006171359
rand_spd,64,855,0.2668435059187371,0.2668435059187368,3.3306690738754696e-16,0.001206746,0.006373955
rand_spd,64,856,0.26659535701526127,0.2665953570152609,3.885780586188048e-16,0.001156773,0.00670738
rand_spd,64,857,0.2660970901258131,0.2660970901258128,3.3306690738754696e-16,0.001334276,0.005833908
rand_spd,64,858,0.26596478511648597,0.2659647851164857,2.7755575615628914e-16,0.001208035,0.005567339
rand_spd,64,859,0.2665292077185186,0.26652920771851824,3.885780586188048e-16,0.001152,0.006417293
rand_spd,64,860,0.2660195711008839,0.2660195711008836,3.3306690738754696e-16,0.001222454,0.006700247
rand_spd,64,861,0.26662552951434554,0.2666255295143452,3.3306690738754696e-16,0.001223815,0.006424028
rand_spd,64,862,0.2668616499638364,0.266861649963836,3.885780586188048e-16,0.001156903,0.006433432
rand_spd,64,863,0.26642763424247556,0.2664276342424752,3.885780586188048e-16,0.001269798,0.006386013
rand_spd,64,864,0.2661191675006485,0.2661191675006482,3.3306690738754696e-16,0.001181676,0.006432626
rand_spd,64,865,0.26642937164536273,0.2664293716453625,2.220446049250313e-16,0.001248976,0.005789137
rand_spd,64,866,0.2657357586796955,0.26573575867969523,2.7755575615628914e-16,0.001133086,0.006322411
rand_spd,64,867,0.2671711931374597,0.26717119313745924,4.440892098500626e-16,0.001167395,0.006081859
rand_spd,64,868,0.26569832915732466,0.26569832915732433,3.3306690738754696e-16,0.001162799,0.006320434
rand_spd,64,869,0.26613679805068874,0.2661367980506884,3.3306690738754696e-16,0.001243865,0.006400315
rand_spd,64,870,0.2669943888245256,0.26699438882452525,3.3306690738754696e-16,0.001152697,0.006738138
rand_spd,64,871,0.2656708525840587,0.2656708525840583,3.885780586188048e-16,0.001359877,0.006514951
rand_spd,64,872,0.26515227451234796,0.26515227451234763,3.3306690738754696e-16,0.00112761,0.005700632
rand_spd,64,873,0.26691870747923635,0.2669187074792361,2.7755575615628914e-16,0.001166708,0.005745114
rand_spd,64,874,0.2663179058181113,0.26631790581811104,2.7755575615628914e-16,0.001265363,0.005891078
rand_spd,64,875,0.2662349675294969,0.2662349675294966,2.7755575615628914e-16,0.001279327,0.006509762
rand_spd,64,876,0.2662251583088228,0.2662251583088225,3.3306690738754696e-16,0.001292559,0.006226176
rand_spd,64,877,0.26564947780186154,0.26564947780186116,3.885780586188048e-16,0.001127198,0.006097496
rand_spd,64,878,0.2662097493292085,0.26620974932920816,3.3306690738754696e-16,0.001287802,0.006145114
rand_spd,64,879,0.2657990269835762,0.2657990269835759,3.3306690738754696e-16,0.001187596,0.005937712
rand_spd,64,880,0.2667372043773477,0.26673720437734744,2.7755575615628914e-16,0.001280619,0.006647622
rand_spd,64,881,0.26649787104952305,0.26649787104952266,3.885780586188048e-16,0.001205468,0.006166959
rand_spd,64,882,0.26583144193777136,0.26583144193777103,3.3306690738754696e-16,0.001222009,0.006501759
rand_spd,64,883,0.26627217071033965,0.2662721707103393,3.3306690738754696e-16,0.001156689,0.00631386
rand_spd,64,884,0.2660413393745897,0.2660413393745893,3.885780586188048e-16,0.001207962,0.006551959
rand_spd,64,885,0.26580095296963663,0.2658009529696363,3.3306690738754696e-16,0.001256105,0.006420503
rand_spd,64,886,0.2668145291997975,0.26681452919979703,4.440892098500626e-16,0.001179657,0.006230724
rand_spd,64,887,0.26630017361994957,0.2663001736199491,4.440892098500626e-16,0.001283267,0.006031297
rand_spd,64,888,0.26531118841951273,0.26531118841951246,2.7755575615628914e-16,0.001132719,0.005677399
rand_spd,64,889,0.2667573045750006,0.2667573045750003,2.7755575615628914e-16,0.001150459,0.005741751
rand_spd,64,890,0.2663935232637085,0.2663935232637082,3.3306690738754696e-16,0.001178494,0.006020399
rand_spd,64,891,0.2666767566672974,0.26667675666729707,3.3306690738754696e-16,0.001159868,0.00654672
rand_spd,64,892,0.26737579986969834,0.267375799869698,3.3306690738754696e-16,0.001287778,0.00644458
rand_spd,64,893,0.26681013831870354,0.2668101383187031,4.440892098500626e-16,0.001164641,0.006488482
rand_spd,64,894,0.26638284812342156,0.2663828481234211,4.440892098500626e-16,0.001242115,0.006331587
rand_spd,64,895,0.2664876038490847,0.2664876038490844,3.3306690738754696e-16,0.001215141,0.006746085
rand_spd,64,896,0.26556497787681776,0.2655649778768175,2.7755575615628914e-16,0.001254496,0.005969035
rand_spd,64,897,0.26652788792051,0.2665278879205098,2.220446049250313e-16,0.001152947,0.006613288
rand_spd,64,898,0.2666714937500289,0.2666714937500286,3.3306690738754696e-16,0.001176948,0.006119581
rand_spd,64,899,0.2651040417943555,0.26510404179435526,2.220446049250313e-16,0.001183871,0.006448395
rand_spd,64,900,0.26645782235009347,0.26645782235009313,3.3306690738754696e-16,0.001253157,0.006804081
rand_spd,64,901,0.2671070088589445,0.26710700885894423,2.7755575615628914e-16,0.001156505,0.006399574
rand_spd,64,902,0.26581820435857967,0.2658182043585794,2.7755575615628914e-16,0.001375723,0.005945417
rand_spd,64,903,0.2670267517512129,0.2670267517512126,2.7755575615628914e-16,0.001237124,0.005577392
rand_spd,64,904,0.2665490341134164,0.2665490341134161,3.3306690738754696e-16,0.001146151,0.006474614
rand_spd,64,905,0.2667620210109389,0.2667620210109386,2.7755575615628914e-16,0.001226352,0.006316658
rand_spd,64,906,0.26609119829208183,0.2660911982920815,3.3306690738754696e-16,0.001218629,0.006419382
rand_spd,64,907,0.26669685000424964,0.26669685000424936,2.7755575615628914e-16,0.001239079,0.005969909
rand_spd,64,908,0.2664442737200264,0.266444273720026,3.885780586188048e-16,0.001162356,0.006294168
rand_spd,64,909,0.26639148324024453,0.26639148324024425,2.7755575615628914e-16,0.001167437,0.006020293
rand_spd,64,910,0.2660657377885305,0.2660657377885302,2.7755575615628914e-16,0.00122005,0.006056706
rand_spd,64,911,0.2679906438235912,0.26799064382359095,2.7755575615628914e-16,0.001232395,0.006438282
rand_spd,64,912,0.26744984454747217,0.2674498445474718,3.885780586188048e-16,0.001156894,0.006496957
rand_spd,64,913,0.26676713892370485,0.2667671389237045,3.3306690738754696e-16,0.001253662,0.006411738
rand_spd,64,914,0.26719992376580454,0.2671999237658042,3.3306690738754696e-16,0.001145514,0.006383757
rand_spd,64,915,0.266232466642537,0.2662324666425367,3.3306690738754696e-16,0.001246298,0.006064495
rand_spd,64,916,0.26652625305399574,0.2665262530539953,4.440892098500626e-16,0.001225477,0.006462861
rand_spd,64,917,0.2663666918270811,0.26636669182708084,2.7755575615628914e-16,0.001146629,0.006494418
rand_spd,64,918,0.2665698033661894,0.26656980336618913,2.7755575615628914e-16,0.00139391,0.00594029
rand_spd,64,919,0.2669097449680848,0.26690974496808445,3.3306690738754696e-16,0.001252293,0.005549305
rand_spd,64,920,0.26707029198906446,0.2670702919890641,3.3306690738754696e-16,0.001113012,0.006520025
rand_spd,64,921,0.2649600902799311,0.2649600902799308,3.3306690738754696e-16,0.001207865,0.006255411
rand_spd,64,922,0.26544018075601944,0.2654401807560191,3.3306690738754696e-16,0.001228826,0.006393434
rand_spd,64,923,0.2668993279201836,0.2668993279201832,3.885780586188048e-16,0.001144608,0.006566649
rand_spd,64,924,0.2668670223368146,0.26686702233681425,3.3306690738754696e-16,0.001288973,0.006468179
rand_spd,64,925,0.26637958448426435,0.26637958448426396,3.885780586188048e-16,0.001171269,0.006504155
rand_spd,64,926,0.2661225187713771,0.26612251877137677,3.3306690738754696e-16,0.001321146,0.005774868
rand_spd,64,927,0.26632995634144124,0.2663299563414409,3.3306690738754696e-16,0.001133269,0.006361452
rand_spd,64,928,0.26661692817792493,0.26661692817792454,3.885780586188048e-16,0.001163139,0.006168111
rand_spd,64,929,0.2654755027795756,0.2654755027795753,2.7755575615628914e-16,0.001169948,0.006099401
rand_spd,64,930,0.26591559525336445,0.2659155952533641,3.3306690738754696e-16,0.001228685,0.006417812
rand_spd,64,931,0.26579176298469914,0.2657917629846987,4.440892098500626e-16,0.001154276,0.006611195
rand_spd,64,932,0.2653298352102587,0.2653298352102585,2.220446049250313e-16,0.001348485,0.005930961
rand_spd,64,933,0.266576567890035,0.26657656789003475,2.220446049250313e-16,0.001251068,0.005657699
rand_spd,64,934,0.2668094440901004,0.26680944409010005,3.3306690738754696e-16,0.001206176,0.006582716
rand_spd,64,935,0.26582713418063136,0.2658271341806311,2.7755575615628914e-16,0.001171042,0.006651784
rand_spd,64,936,0.26716523891271443,0.2671652389127141,3.3306690738754696e-16,0.001213583,0.006412687
rand_spd,64,937,0.2667553821344341,0.26675538213443384,2.7755575615628914e-16,0.001355622,0.005791263
rand_spd,64,938,0.26694699956672263,0.26694699956672224,3.885780586188048e-16,0.001147094,0.006291813
rand_spd,64,939,0.26648419199989887,0.26648419199989853,3.3306690738754696e-16,0.001408152,0.006092318
rand_spd,64,940,0.26573988443911645,0.26573988443911617,2.7755575615628914e-16,0.001161235,0.006066971
rand_spd,64,941,0.2665007757192216,0.26650077571922126,3.3306690738754696e-16,0.001266955,0.006418638
rand_spd,64,942,0.2673109271138991,0.2673109271138988,2.7755575615628914e-16,0.001160624,0.006546072
rand_spd,64,943,0.26638475269258066,0.26638475269258044,2.220446049250313e-16,0.001280845,0.006597695
rand_spd,64,944,0.2677502750069353,0.26775027500693493,3.885780586188048e-16,0.001157528,0.006409529
rand_spd,64,945,0.2666541435807748,0.2666541435807745,3.3306690738754696e-16,0.001239271,0.006155709
rand_spd,64,946,0.2660793896227199,0.26607938962271954,3.3306690738754696e-16,0.001216173,0.006605157
rand_spd,64,947,0.2653067966025762,0.2653067966025759,3.3306690738754696e-16,0.001177003,0.006498306
rand_spd,64,948,0.2669149098874889,0.26691490988748856,3.3306690738754696e-16,0.001355154,0.005921182
rand_spd,64,949,0.2667639558892848,0.2667639558892844,3.885780586188048e-16,0.001256958,0.005771723
rand_spd,64,950,0.2664135886501378,0.2664135886501374,3.885780586188048e-16,0.001195624,0.006563922
rand_spd,64,951,0.2663466574649003,0.2663466574649,3.3306690738754696e-16,0.001223004,0.006065572
rand_spd,64,952,0.26539526565349486,0.2653952656534944,4.440892098500626e-16,0.00121999,0.006507512
rand_spd,64,953,0.26695652169542344,0.26695652169542317,2.7755575615628914e-16,0.001156829,0.006503212
rand_spd,64,954,0.26625591553970646,0.2662559155397061,3.3306690738754696e-16,0.001297462,0.006384317
rand_spd,64,955,0.26606381036704635,0.266063810367046,3.3306690738754696e-16,0.001178168,0.006606196
rand_spd,64,956,0.26659098333828174,0.2665909833382813,4.440892098500626e-16,0.001327479,0.005890135
rand_spd,64,957,0.2667960079304496,0.2667960079304494,2.220446049250313e-16,0.001126191,0.005745091
rand_spd,64,958,0.26628944237519964,0.2662894423751993,3.3306690738754696e-16,0.001174716,0.005710106
rand_spd,64,959,0.2659946878867452,0.2659946878867448,3.885780586188048e-16,0.00115377,0.006418524
rand_spd,64,960,0.2670850244783506,0.2670850244783503,2.7755575615628914e-16,0.001265604,0.006558781
rand_spd,64,961,0.26608336964486146,0.2660833696448613,1.6653345369377348e-16,0.00117799,0.006235125
rand_spd,64,962,0.26539026085221556,0.26539026085221523,3.3306690738754696e-16,0.001322253,0.006128897
rand_spd,64,963,0.26530723829994657,0.26530723829994624,3.3306690738754696e-16,0.001129289,0.005847446
rand_spd,64,964,0.2668483615576703,0.26684836155766994,3.3306690738754696e-16,0.001163243,0.006201086
rand_spd,64,965,0.26642130483059184,0.2664213048305914,4.440892098500626e-16,0.001212183,0.005800862
rand_spd,64,966,0.2670073951152098,0.2670073951152095,3.3306690738754696e-16,0.001259494,0.006582959
rand_spd,64,967,0.26596439591962234,0.265964395919622,3.3306690738754696e-16,0.00131098,0.005939224
rand_spd,64,968,0.26677495193377126,0.26677495193377093,3.3306690738754696e-16,0.001132247,0.005793232
rand_spd,64,969,0.26581687429657724,0.2658168742965769,3.3306690738754696e-16,0.001145763,0.005671438
rand_spd,64,970,0.2672683843747233,0.26726838437472306,2.220446049250313e-16,0.001305602,0.00644004
rand_spd,64,971,0.2665156604515436,0.2665156604515433,3.3306690738754696e-16,0.001273537,0.006493446
rand_spd,64,972,0.2666669898796801,0.2666669898796798,3.3306690738754696e-16,0.001183715,0.006186941
rand_spd,64,973,0.2659675693693923,0.265967569369392,3.3306690738754696e-16,0.001211219,0.006476881
rand_spd,64,974,0.26737162181498897,0.26737162181498864,3.3306690738754696e-16,0.001147928,0.006387478
rand_spd,64,975,0.2678680338538734,0.2678680338538731,3.3306690738754696e-16,0.001190804,0.006489133
rand_spd,64,976,0.2657883354779377,0.2657883354779373,3.885780586188048e-16,0.001270191,0.006484756
rand_spd,64,977,0.26576011609339695,0.26576011609339667,2.7755575615628914e-16,0.001186134,0.006377753
rand_spd,64,978,0.2663186502724743,0.266318650272474,3.3306690738754696e-16,0.001239456,0.00657726
rand_spd,64,979,0.266654970096561,0.26665497009656064,3.3306690738754696e-16,0.001293029,0.005793717
rand_spd,64,980,0.2671529870870803,0.26715298708707996,3.3306690738754696e-16,0.001131698,0.006312305
rand_spd,64,981,0.2662650875230244,0.2662650875230241,3.3306690738754696e-16,0.001183896,0.005943342
rand_spd,64,982,0.2657119243016196,0.2657119243016192,3.885780586188048e-16,0.001165882,0.00636038
rand_spd,64,983,0.2663093034636133,0.266309303463613,3.3306690738754696e-16,0.00124269,0.006489952
rand_spd,64,984,0.26632343732749486,0.2663234373274945,3.3306690738754696e-16,0.001253924,0.00641193
rand_spd,64,985,0.26636663050328707,0.2663666305032868,2.7755575615628914e-16,0.001148606,0.006380564
rand_spd,64,986,0.26529859616569107,0.2652985961656908,2.7755575615628914e-16,0.00117807,0.006475142
rand_spd,64,987,0.26643762303814394,0.2664376230381436,3.3306690738754696e-16,0.001304442,0.005963227
rand_spd,64,988,0.26757954136863776,0.26757954136863743,3.3306690738754696e-16,0.001153425,0.005755626
rand_spd,64,989,0.26632579300179215,0.26632579300179193,2.220446049250313e-16,0.001194418,0.006105173
rand_spd,64,990,0.2674949053397454,0.26749490533974507,3.3306690738754696e-16,0.001235503,0.006709847
rand_spd,64,991,0.26669085742531556,0.26669085742531523,3.3306690738754696e-16,0.00122437,0.006422713
rand_spd,64,992,0.2672655492174434,0.2672655492174431,2.7755575615628914e-16,0.001256174,0.006404218
rand_spd,64,993,0.2660712559495435,0.26607125594954323,2.7755575615628914e-16,0.00134901,0.005944713
rand_spd,64,994,0.26704913802726493,0.2670491380272646,3.3306690738754696e-16,0.001211231,0.005747142
rand_spd,64,995,0.26616522746911625,0.26616522746911586,3.885780586188048e-16,0.001200298,0.00613826
rand_spd,64,996,0.2667132587276139,0.26671325872761353,3.885780586188048e-16,0.001181275,0.006838317
rand_spd,64,997,0.26600644725862316,0.2660064472586228,3.3306690738754696e-16,0.001242469,0.006617342
rand_spd,64,998,0.2663289832785232,0.2663289832785229,3.3306690738754696e-16,0.001355067,0.005372526
rand_spd,64,999,0.2669309584794749,0.2669309584794745,3.885780586188048e-16,0.001154959,0.006426946
rand_spd,64,1000,0.2652970857291282,0.26529708572912786,3.3306690738754696e-16,0.001161228,0.005897152
rand_spd,256,1,0.2585183262030705,0.25851832620306964,8.881784197001252e-16,0.006231979,0.027980315
rand_spd,256,2,0.2586074469448161,0.25860744694481513,9.43689570931383e-16,0.005989508,0.026851163
rand_spd,256,3,0.25858553239581017,0.2585855323958093,8.881784197001252e-16,0.005771288,0.026219642
rand_spd,256,4,0.25891836615988834,0.25891836615988745,8.881784197001252e-16,0.005982301,0.027982924
rand_spd,256,5,0.2582201582892354,0.25822015828923456,8.326672684688674e-16,0.0060681,0.025733448
rand_spd,256,6,0.2583602171829111,0.2583602171829102,8.881784197001252e-16,0.005870933,0.0270271
rand_spd,256,7,0.25837419666667444,0.25837419666667355,8.881784197001252e-16,0.005817444,0.025599144
rand_spd,256,8,0.25864129675828224,0.2586412967582813,9.43689570931383e-16,0.005901369,0.025991648
rand_spd,256,9,0.2582744896366377,0.2582744896366368,8.881784197001252e-16,0.005712639,0.026420542
rand_spd,256,10,0.2581797935604641,0.25817979356046333,7.771561172376096e-16,0.005764686,0.028003836
rand_spd,256,11,0.2581973949413028,0.2581973949413019,8.881784197001252e-16,0.005986431,0.025818187
rand_spd,256,12,0.2584772849858355,0.25847728498583467,8.326672684688674e-16,0.005785933,0.025474535
rand_spd,256,13,0.2583071455228601,0.2583071455228592,8.881784197001252e-16,0.005985175,0.026108971
rand_spd,256,14,0.2584553987945511,0.2584553987945502,8.881784197001252e-16,0.005874276,0.026168788
rand_spd,256,15,0.25864325507466684,0.258643255074666,8.326672684688674e-16,0.006012028,0.02583174
rand_spd,256,16,0.25851426659478977,0.25851426659478893,8.326672684688674e-16,0.005847591,0.02486234
rand_spd,256,17,0.25858006674977174,0.2585800667497709,8.326672684688674e-16,0.00578276,0.02545612
rand_spd,256,18,0.2582940605369041,0.25829406053690324,8.881784197001252e-16,0.00619731,0.025844426
rand_spd,256,19,0.2581400215879202,0.2581400215879193,8.881784197001252e-16,0.005881066,0.025683058
rand_spd,256,20,0.25861566806647623,0.25861566806647535,8.881784197001252e-16,0.005917197,0.025798827
rand_spd,256,21,0.25833925072707403,0.25833925072707314,8.881784197001252e-16,0.005783403,0.026428818
rand_spd,256,22,0.25847884940002414,0.25847884940002325,8.881784197001252e-16,0.005997086,0.02540074
rand_spd,256,23,0.25866720096919693,0.25866720096919604,8.881784197001252e-16,0.005791948,0.0264737
rand_spd,256,24,0.2584620132309891,0.2584620132309883,8.326672684688674e-16,0.00575935,0.02655103
rand_spd,256,25,0.2583325195441087,0.2583325195441078,8.881784197001252e-16,0.006039292,0.026721047
rand_spd,256,26,0.2583115349932997,0.2583115349932988,8.881784197001252e-16,0.005823612,0.024772661
rand_spd,256,27,0.2584343421256041,0.2584343421256032,9.43689570931383e-16,0.005815321,0.025943196
rand_spd,256,28,0.25852505939381265,0.25852505939381176,8.881784197001252e-16,0.005747627,0.026368636
rand_spd,256,29,0.25858355079813555,0.25858355079813466,8.881784197001252e-16,0.005766563,0.025738673
rand_spd,256,30,0.258262153509263,0.2582621535092621,8.881784197001252e-16,0.006093471,0.026154086
rand_spd,256,31,0.2583811626323098,0.2583811626323089,8.881784197001252e-16,0.005894548,0.025998907
rand_spd,256,32,0.25848944235128973,0.25848944235128885,8.881784197001252e-16,0.005793544,0.026096925
rand_spd,256,33,0.2584912333448833,0.25849123334488244,8.326672684688674e-16,0.006161217,0.027612004
rand_spd,256,34,0.25819311117652505,0.2581931111765241,9.43689570931383e-16,0.00607618,0.026698053
rand_spd,256,35,0.25858737757423006,0.25858737757422917,8.881784197001252e-16,0.005783902,0.026110179
rand_spd,256,36,0.2584428424629834,0.25844284246298255,8.326672684688674e-16,0.005895198,0.025460165
rand_spd,256,37,0.25860793999648307,0.2586079399964822,8.881784197001252e-16,0.005802972,0.026618781
rand_spd,256,38,0.25834333368689005,0.2583433336868892,8.326672684688674e-16,0.005852193,0.026088061
rand_spd,256,39,0.25818362931184274,0.25818362931184186,8.881784197001252e-16,0.005741647,0.027174221
rand_spd,256,40,0.258600421234681,0.25860042123468013,8.881784197001252e-16,0.005819349,0.022050079
rand_spd,256,41,0.2582343897099501,0.25823438970994916,9.43689570931383e-16,0.005749673,0.025292167
rand_spd,256,42,0.258424558814592,0.2584245588145911,8.881784197001252e-16,0.006042179,0.026240495
rand_spd,256,43,0.2582500538011076,0.2582500538011067,8.881784197001252e-16,0.005860398,0.026649988
rand_spd,256,44,0.258367970132998,0.2583679701329971,8.881784197001252e-16,0.005929794,0.027743605
rand_spd,256,45,0.25846417309201647,0.2584641730920156,8.881784197001252e-16,0.005742638,0.025786061
rand_spd,256,46,0.2582497006195764,0.2582497006195756,8.326672684688674e-16,0.006071246,0.026574829
rand_spd,256,47,0.25858745836643077,0.2585874583664299,8.881784197001252e-16,0.00574759,0.027461508
rand_spd,256,48,0.2584793035324364,0.25847930353243553,8.881784197001252e-16,0.005854741,0.027649901
rand_spd,256,49,0.25827118122008924,0.25827118122008835,8.881784197001252e-16,0.005747566,0.026705982
rand_spd,256,50,0.25859746409459305,0.2585974640945921,9.43689570931383e-16,0.005792834,0.028291466
rand_spd,256,51,0.2584958483487106,0.25849584834870964,9.43689570931383e-16,0.005796953,0.026487528
rand_spd,256,52,0.25840134838131085,0.2584013483813099,9.43689570931383e-16,0.005764423,0.027036149
rand_spd,256,53,0.25840293211132165,0.25840293211132076,8.881784197001252e-16,0.005784285,0.029077193
rand_spd,256,54,0.2585576764994441,0.2585576764994433,8.326672684688674e-16,0.005734207,0.026308691
rand_spd,256,55,0.25832292101397675,0.25832292101397586,8.881784197001252e-16,0.005789798,0.027684105
rand_spd,256,56,0.25842760697694,0.2584276069769391,8.881784197001252e-16,0.005758447,0.026016515
rand_spd,256,57,0.25844376317438134,0.2584437631743804,9.43689570931383e-16,0.006075912,0.026603542
rand_spd,256,58,0.25847797290411584,0.25847797290411495,8.881784197001252e-16,0.00596007,0.026621317
rand_spd,256,59,0.258278490083945,0.25827849008394416,8.326672684688674e-16,0.006115817,0.027568636
rand_spd,256,60,0.25840437550570305,0.25840437550570217,8.881784197001252e-16,0.00574212,0.028463498
rand_spd,256,61,0.2583788493270099,0.258378849327009,8.881784197001252e-16,0.006033864,0.025870711
rand_spd,256,62,0.25847381273618925,0.25847381273618847,7.771561172376096e-16,0.005721248,0.026614275
rand_spd,256,63,0.25847988496733554,0.2584798849673347,8.326672684688674e-16,0.0057643,0.026158348
rand_spd,256,64,0.258527334481362,0.25852733448136117,8.326672684688674e-16,0.005999077,0.026379088
rand_spd,256,65,0.2583768716906369,0.258376871690636,8.881784197001252e-16,0.005727732,0.024499926
rand_spd,256,66,0.25846058984295417,0.25846058984295334,8.326672684688674e-16,0.006022951,0.026512541
rand_spd,256,67,0.2586713224845855,0.25867132248458463,8.881784197001252e-16,0.005870565,0.026061623
rand_spd,256,68,0.25868839278894307,0.2586883927889421,9.43689570931383e-16,0.005821165,0.026340258
rand_spd,256,69,0.2583965990975174,0.2583965990975165,8.881784197001252e-16,0.00576613,0.025451708
rand_spd,256,70,0.2584166244556981,0.2584166244556972,8.881784197001252e-16,0.005755674,0.02587421
rand_spd,256,71,0.2588398814789324,0.2588398814789314,9.992007221626409e-16,0.006105447,0.028432604
rand_spd,256,72,0.25863171731705675,0.25863171731705586,8.881784197001252e-16,0.005814025,0.026635696
rand_spd,256,73,0.2584822068837681,0.2584822068837672,8.881784197001252e-16,0.005771071,0.025236851
rand_spd,256,74,0.2584442121966245,0.2584442121966236,8.881784197001252e-16,0.005787808,0.024439861
rand_spd,256,75,0.25852317948913406,0.25852317948913317,8.881784197001252e-16,0.006015785,0.026324453
rand_spd,256,76,0.2582132723437852,0.2582132723437844,8.326672684688674e-16,0.00581083,0.028796008
rand_spd,256,77,0.25821272694073266,0.2582127269407318,8.881784197001252e-16,0.005954673,0.023412922
rand_spd,256,78,0.2582189440909582,0.2582189440909573,8.881784197001252e-16,0.005801806,0.023984228
rand_spd,256,79,0.25849203102489926,0.25849203102489837,8.881784197001252e-16,0.005748679,0.02610765
rand_spd,256,80,0.258316885141952,0.25831688514195117,8.326672684688674e-16,0.005787407,0.025582848
rand_spd,256,81,0.25847631086196393,0.25847631086196304,8.881784197001252e-16,0.005871265,0.027996597
rand_spd,256,82,0.25804774990033863,0.2580477499003378,8.326672684688674e-16,0.005788002,0.02720704
rand_spd,256,83,0.2583392246582491,0.2583392246582482,8.881784197001252e-16,0.005985159,0.02605382
rand_spd,256,84,0.25845291959594413,0.25845291959594324,8.881784197001252e-16,0.005761652,0.025906128
rand_spd,256,85,0.25859793752075316,0.2585979375207523,8.881784197001252e-16,0.005763973,0.026283009
rand_spd,256,86,0.25844980174249094,0.25844980174249,9.43689570931383e-16,0.005767272,0.02678153
rand_spd,256,87,0.25854918127809845,0.25854918127809756,8.881784197001252e-16,0.005773696,0.025425254
rand_spd,256,88,0.2583150424738798,0.25831504247387893,8.881784197001252e-16,0.006177169,0.025204624
rand_spd,256,89,0.25834610500189154,0.25834610500189065,8.881784197001252e-16,0.005832403,0.025347905
rand_spd,256,90,0.2585901255767849,0.258590125576784,8.881784197001252e-16,0.005740176,0.026578999
rand_spd,256,91,0.25858507184114143,0.25858507184114055,8.881784197001252e-16,0.00576095,0.027546722
rand_spd,256,92,0.2585132247505258,0.2585132247505249,8.881784197001252e-16,0.005725671,0.025177533
rand_spd,256,93,0.2584163125543311,0.2584163125543301,9.992007221626409e-16,0.005971862,0.025690175
rand_spd,256,94,0.25853845743988585,0.258538457439885,8.326672684688674e-16,0.005909214,0.026036224
rand_spd,256,95,0.258289696993175,0.2582896969931742,7.771561172376096e-16,0.005790492,0.026689761
rand_spd,256,96,0.25812525606485826,0.25812525606485737,8.881784197001252e-16,0.006070071,0.025873279
rand_spd,256,97,0.2585614756757881,0.2585614756757872,8.881784197001252e-16,0.006430389,0.025807185
rand_spd,256,98,0.25863652703525075,0.2586365270352498,9.43689570931383e-16,0.005793633,0.024378118
rand_spd,256,99,0.25864698784753726,0.25864698784753637,8.881784197001252e-16,0.006073928,0.02418758
rand_spd,256,100,0.25837412702204965,0.2583741270220488,8.326672684688674e-16,0.005774572,0.027669093
rand_spd,256,101,0.25869744909356235,0.25869744909356146,8.881784197001252e-16,0.005783107,0.026983544
rand_spd,256,102,0.2582607011414059,0.25826070114140504,8.881784197001252e-16,0.005786645,0.025311414
rand_spd,256,103,0.25837720818486554,0.25837720818486465,8.881784197001252e-16,0.005936149,0.023029339
rand_spd,256,104,0.2585220621156788,0.2585220621156779,8.881784197001252e-16,0.005841904,0.024810569
rand_spd,256,105,0.2582668129282664,0.25826681292826553,8.881784197001252e-16,0.005735778,0.026693198
rand_spd,256,106,0.2582710080854476,0.25827100808544673,8.881784197001252e-16,0.005781837,0.025876135
rand_spd,256,107,0.2579875620578766,0.2579875620578757,8.881784197001252e-16,0.006001023,0.026941749
rand_spd,256,108,0.25861648797660247,0.2586164879766016,8.881784197001252e-16,0.005789191,0.025560228
rand_spd,256,109,0.25829413329364725,0.2582941332936464,8.326672684688674e-16,0.005795717,0.022981368
rand_spd,256,110,0.25862500750843426,0.25862500750843337,8.881784197001252e-16,0.005767584,0.024584789
rand_spd,256,111,0.25835655368831384,0.25835655368831295,8.881784197001252e-16,0.006002241,0.02639413
rand_spd,256,112,0.2582170995402112,0.2582170995402104,8.326672684688674e-16,0.005995274,0.027339367
rand_spd,256,113,0.2583877075183562,0.2583877075183553,8.881784197001252e-16,0.005775785,0.027189414
rand_spd,256,114,0.2582451166727682,0.25824511667276734,8.881784197001252e-16,0.008170177,0.028825827
rand_spd,256,115,0.258554605611402,0.2585546056114011,8.881784197001252e-16,0.005925248,0.026697267
rand_spd,256,116,0.2584391324992672,0.2584391324992663,8.881784197001252e-16,0.005826625,0.026107499
rand_spd,256,117,0.25832061591651884,0.258320615916518,8.326672684688674e-16,0.006844437,0.02720694
rand_spd,256,118,0.2585236610706747,0.25852366107067376,9.43689570931383e-16,0.005682678,0.026546304
rand_spd,256,119,0.2581920167225953,0.2581920167225944,8.881784197001252e-16,0.005817624,0.026031787
rand_spd,256,120,0.25863729313175815,0.25863729313175726,8.881784197001252e-16,0.005795828,0.026713961
rand_spd,256,121,0.2583994763013523,0.2583994763013514,8.881784197001252e-16,0.005749977,0.02715628
rand_spd,256,122,0.25852693355133927,0.2585269335513384,8.881784197001252e-16,0.005867093,0.026184834
rand_spd,256,123,0.25837379331225546,0.2583737933122546,8.881784197001252e-16,0.006108581,0.026515406
rand_spd,256,124,0.25817354472645626,0.25817354472645543,8.326672684688674e-16,0.005760704,0.026232378
rand_spd,256,125,0.2580903902987159,0.258090390298715,8.881784197001252e-16,0.005803262,0.026345071
rand_spd,256,126,0.2582898599232702,0.2582898599232693,8.881784197001252e-16,0.006052457,0.026007041
rand_spd,256,127,0.25826253362695706,0.25826253362695617,8.881784197001252e-16,0.006024166,0.027220482
rand_spd,256,128,0.2584770554293544,0.2584770554293535,8.881784197001252e-16,0.005860903,0.025088115
rand_spd,256,129,0.2585731814797327,0.25857318147973185,8.326672684688674e-16,0.005985976,0.02540991
rand_spd,256,130,0.25842371782705004,0.25842371782704915,8.881784197001252e-16,0.006079371,0.025852925
rand_spd,256,131,0.25865334820145486,0.25865334820145397,8.881784197001252e-16,0.00575673,0.025735971
rand_spd,256,132,0.2585024945947574,0.25850249459475655,8.326672684688674e-16,0.005830492,0.027224591
rand_spd,256,133,0.2586488470951498,0.2586488470951489,8.881784197001252e-16,0.005909719,0.023959624
rand_spd,256,134,0.25817553598191223,0.25817553598191134,8.881784197001252e-16,0.005818735,0.026464567
rand_spd,256,135,0.25839517656155137,0.2583951765615505,8.881784197001252e-16,0.005835948,0.025818811
rand_spd,256,136,0.2583125079522765,0.2583125079522756,8.881784197001252e-16,0.006018035,0.026533345
rand_spd,256,137,0.25824810641758883,0.2582481064175879,9.43689570931383e-16,0.005868738,0.02293668
rand_spd,256,138,0.25858134896512774,0.25858134896512686,8.881784197001252e-16,0.005776042,0.025811618
rand_spd,256,139,0.2584266231509431,0.2584266231509423,8.326672684688674e-16,0.00586023,0.025467464
rand_spd,256,140,0.2584837438242151,0.2584837438242142,8.881784197001252e-16,0.005807162,0.025955112
rand_spd,256,141,0.2583803378647545,0.2583803378647536,8.881784197001252e-16,0.005963265,0.025189079
rand_spd,256,142,0.2584626451517344,0.2584626451517335,8.881784197001252e-16,0.006083217,0.027039894
rand_spd,256,143,0.2583009418315741,0.2583009418315732,8.881784197001252e-16,0.00593064,0.026824153
rand_spd,256,144,0.2584849033768633,0.2584849033768624,8.881784197001252e-16,0.005831637,0.025774708
rand_spd,256,145,0.258571199116516,0.2585711991165151,8.881784197001252e-16,0.005847016,0.02644177
rand_spd,256,146,0.25863158273670467,0.2586315827367038,8.881784197001252e-16,0.005765385,0.02640873
rand_spd,256,147,0.2582867780757686,0.2582867780757677,8.881784197001252e-16,0.005969076,0.027002875
rand_spd,256,148,0.25868825661585987,0.258688256615859,8.881784197001252e-16,0.005799841,0.026914621
rand_spd,256,149,0.258274549408103,0.2582745494081021,8.881784197001252e-16,0.005677476,0.027502026
rand_spd,256,150,0.25851223268366463,0.2585122326836638,8.326672684688674e-16,0.005808979,0.026583486
rand_spd,256,151,0.25841852113465985,0.25841852113465896,8.881784197001252e-16,0.005680321,0.025911855
rand_spd,256,152,0.25837122215645847,0.2583712221564576,8.881784197001252e-16,0.006091477,0.02597156
rand_spd,256,153,0.25840891449054504,0.25840891449054415,8.881784197001252e-16,0.006080244,0.026402189
rand_spd,256,154,0.25885927236604206,0.25885927236604117,8.881784197001252e-16,0.005885809,0.026196544
rand_spd,256,155,0.25840380833641025,0.25840380833640936,8.881784197001252e-16,0.005922603,0.026628026
rand_spd,256,156,0.25830431888200417,0.2583043188820033,8.881784197001252e-16,0.005823754,0.027991144
rand_spd,256,157,0.2586034285858845,0.2586034285858836,8.881784197001252e-16,0.005874856,0.027829721
rand_spd,256,158,0.2587960823502638,0.2587960823502629,8.881784197001252e-16,0.006566763,0.027250322
rand_spd,256,159,0.2583462831560869,0.25834628315608593,9.43689570931383e-16,0.006009046,0.025555754
rand_spd,256,160,0.2582931210732368,0.25829312107323593,8.881784197001252e-16,0.005680505,0.026013658
rand_spd,256,161,0.2585397560063735,0.25853975600637263,8.881784197001252e-16,0.005793302,0.026107479
rand_spd,256,162,0.25840969607941894,0.258409696079418,9.43689570931383e-16,0.005768995,0.027650651
rand_spd,256,163,0.25843230108663573,0.25843230108663484,8.881784197001252e-16,0.005845533,0.025771644
rand_spd,256,164,0.2584351705994294,0.2584351705994285,8.881784197001252e-16,0.005722585,0.024868854
rand_spd,256,165,0.2585436088846824,0.25854360888468164,7.771561172376096e-16,0.005813934,0.027108049
rand_spd,256,166,0.25835599505627105,0.25835599505627016,8.881784197001252e-16,0.005783584,0.02588298
rand_spd,256,167,0.25865640885769553,0.25865640885769464,8.881784197001252e-16,0.005721166,0.02563301
rand_spd,256,168,0.2584798671446998,0.2584798671446989,8.881784197001252e-16,0.00604489,0.026355198
rand_spd,256,169,0.2581310464840485,0.25813104648404767,8.326672684688674e-16,0.005908427,0.025704261
rand_spd,256,170,0.2584277292384382,0.2584277292384373,8.881784197001252e-16,0.0058865,0.026682171
rand_spd,256,171,0.2586073389073414,0.2586073389073405,8.881784197001252e-16,0.00571988,0.025921659
rand_spd,256,172,0.25844951477783445,0.25844951477783357,8.881784197001252e-16,0.006067356,0.027836749
rand_spd,256,173,0.2584366197426788,0.2584366197426779,8.881784197001252e-16,0.006056909,0.027174682
rand_spd,256,174,0.25828349578719295,0.25828349578719206,8.881784197001252e-16,0.005829437,0.025513341
rand_spd,256,175,0.25837285353860134,0.25837285353860046,8.881784197001252e-16,0.005766429,0.023851433
rand_spd,256,176,0.2584678925988011,0.25846789259880026,8.326672684688674e-16,0.006061007,0.027580315
rand_spd,256,177,0.2584613908410289,0.258461390841028,9.43689570931383e-16,0.006004779,0.025304844
rand_spd,256,178,0.2584941385519943,0.25849413855199344,8.881784197001252e-16,0.006039115,0.025761001
rand_spd,256,179,0.25817478693512247,0.2581747869351216,8.881784197001252e-16,0.005775408,0.025746385
rand_spd,256,180,0.25823244152418995,0.25823244152418906,8.881784197001252e-16,0.005841161,0.025931382
rand_spd,256,181,0.25844921796285975,0.25844921796285886,8.881784197001252e-16,0.006760257,0.025924004
rand_spd,256,182,0.258930296634985,0.2589302966349841,8.881784197001252e-16,0.005759698,0.026492663
rand_spd,256,183,0.2584728161219404,0.2584728161219395,8.881784197001252e-16,0.006008676,0.027385572
rand_spd,256,184,0.2585403095818789,0.258540309581878,8.881784197001252e-16,0.005971972,0.027211518
rand_spd,256,185,0.2585203817449313,0.2585203817449304,8.881784197001252e-16,0.00575167,0.026702574
rand_spd,256,186,0.258256799840239,0.2582567998402382,8.326672684688674e-16,0.005854377,0.025942656
rand_spd,256,187,0.2584595950102323,0.2584595950102314,8.881784197001252e-16,0.00606471,0.025961666
rand_spd,256,188,0.2581671705643315,0.25816717056433064,8.881784197001252e-16,0.005892736,0.027302108
rand_spd,256,189,0.258510214612641,0.2585102146126401,8.881784197001252e-16,0.005870151,0.025700951
rand_spd,256,190,0.2582216623960203,0.2582216623960194,8.881784197001252e-16,0.00590323,0.025602808
rand_spd,256,191,0.2584349667607621,0.2584349667607612,8.881784197001252e-16,0.006015653,0.026234824
rand_spd,256,192,0.25889025127701876,0.25889025127701787,8.881784197001252e-16,0.005829362,0.026088204
rand_spd,256,193,0.2583185262358495,0.2583185262358487,7.771561172376096e-16,0.005842047,0.026193653
rand_spd,256,194,0.25835494036806556,0.25835494036806467,8.881784197001252e-16,0.005806505,0.027955147
rand_spd,256,195,0.25836218852639387,0.258362188526393,8.881784197001252e-16,0.005778148,0.025781131
rand_spd,256,196,0.2584522365704171,0.2584522365704162,8.881784197001252e-16,0.005991008,0.026331821
rand_spd,256,197,0.25854168348719375,0.2585416834871929,8.326672684688674e-16,0.005848367,0.025721284
rand_spd,256,198,0.2585569815775679,0.258556981577567,8.881784197001252e-16,0.006037389,0.027599491
rand_spd,256,199,0.2582699774222646,0.2582699774222637,8.881784197001252e-16,0.005782403,0.028005955
rand_spd,256,200,0.25849075296943785,0.25849075296943697,8.881784197001252e-16,0.005823135,0.02520984
rand_spd,256,201,0.25849566359902715,0.25849566359902626,8.881784197001252e-16,0.0067763,0.025434242
rand_spd,256,202,0.25860956154092474,0.2586095615409239,8.326672684688674e-16,0.005788558,0.025860001
rand_spd,256,203,0.2583417639071185,0.2583417639071176,8.881784197001252e-16,0.00602692,0.025114411
rand_spd,256,204,0.2584751079972185,0.2584751079972176,8.881784197001252e-16,0.005721332,0.027976736
rand_spd,256,205,0.2582658269849256,0.2582658269849248,8.326672684688674e-16,0.005876724,0.025424088
rand_spd,256,206,0.25839124500473026,0.25839124500472943,8.326672684688674e-16,0.005976322,0.025897612
rand_spd,256,207,0.2583922137694478,0.25839221376944693,8.881784197001252e-16,0.00578625,0.024040621
rand_spd,256,208,0.2584245037438888,0.2584245037438879,8.881784197001252e-16,0.005961121,0.024849043
rand_spd,256,209,0.2584409112363923,0.2584409112363914,8.881784197001252e-16,0.006882209,0.025600997
rand_spd,256,210,0.25820494110865516,0.2582049411086543,8.881784197001252e-16,0.005905772,0.024538458
rand_spd,256,211,0.258436674142899,0.2584366741428981,8.881784197001252e-16,0.00597444,0.025452273
rand_spd,256,212,0.25839441543899594,0.25839441543899505,8.881784197001252e-16,0.005905017,0.02626527
rand_spd,256,213,0.2585155587799442,0.2585155587799433,8.881784197001252e-16,0.005725761,0.027379145
rand_spd,256,214,0.2584693234165489,0.258469323416548,8.881784197001252e-16,0.006024532,0.026362873
rand_spd,256,215,0.25853267729123314,0.25853267729123225,8.881784197001252e-16,0.00577567,0.025740679
rand_spd,256,216,0.2584570407850691,0.2584570407850682,8.881784197001252e-16,0.005992899,0.026451199
rand_spd,256,217,0.258207521592428,0.2582075215924271,8.881784197001252e-16,0.005815463,0.027496454
rand_spd,256,218,0.25810243838937597,0.2581024383893751,8.881784197001252e-16,0.00576695,0.026053719
rand_spd,256,219,0.25831381247841234,0.2583138124784115,8.326672684688674e-16,0.005834286,0.027697954
rand_spd,256,220,0.2583876260313425,0.25838762603134163,8.881784197001252e-16,0.00572681,0.025843395
rand_spd,256,221,0.2583611734393573,0.25836117343935644,8.326672684688674e-16,0.006036608,0.025815872
rand_spd,256,222,0.2585627795090389,0.25856277950903805,8.326672684688674e-16,0.005784398,0.025495319
rand_spd,256,223,0.2586157818081874,0.2586157818081865,8.881784197001252e-16,0.005679334,0.025200492
rand_spd,256,224,0.2584253391289861,0.2584253391289852,8.881784197001252e-16,0.005770441,0.025646065
rand_spd,256,225,0.2587042603666776,0.2587042603666767,8.881784197001252e-16,0.005711362,0.025865576
rand_spd,256,226,0.2583249942347093,0.2583249942347084,8.881784197001252e-16,0.006004233,0.024670462
rand_spd,256,227,0.25834028711358753,0.25834028711358664,8.881784197001252e-16,0.005761637,0.025626622
rand_spd,256,228,0.2583364018274971,0.25833640182749623,8.881784197001252e-16,0.005844018,0.023831098
rand_spd,256,229,0.25859382871496445,0.25859382871496356,8.881784197001252e-16,0.005802187,0.026049867
rand_spd,256,230,0.25879662307088397,0.2587966230708831,8.881784197001252e-16,0.005760392,0.025399506
rand_spd,256,231,0.2586885152984797,0.2586885152984788,8.881784197001252e-16,0.005953642,0.026792513
rand_spd,256,232,0.25834393806875355,0.25834393806875267,8.881784197001252e-16,0.006002879,0.026183832
rand_spd,256,233,0.25864639714444476,0.2586463971444439,8.881784197001252e-16,0.005860487,0.02643291
rand_spd,256,234,0.25872938154045516,0.2587293815404543,8.881784197001252e-16,0.006150142,0.02641126
rand_spd,256,235,0.25848168766534,0.2584816876653392,8.326672684688674e-16,0.005880564,0.025746658
rand_spd,256,236,0.2584282345922582,0.25842823459225733,8.881784197001252e-16,0.005747572,0.025645885
rand_spd,256,237,0.2585580524760503,0.2585580524760494,8.881784197001252e-16,0.006062439,0.024043766
rand_spd,256,238,0.25831834252929786,0.258318342529297,8.881784197001252e-16,0.005756221,0.024916657
rand_spd,256,239,0.2584957485363087,0.2584957485363078,8.881784197001252e-16,0.005995914,0.026624341
rand_spd,256,240,0.25835442904300127,0.2583544290430004,8.881784197001252e-16,0.005788373,0.026179682
rand_spd,256,241,0.2586677993292254,0.25866779932922457,8.326672684688674e-16,0.005763163,0.025846987
rand_spd,256,242,0.2584237677666536,0.2584237677666526,9.992007221626409e-16,0.006733825,0.025623625
rand_spd,256,243,0.25854793019950134,0.25854793019950045,8.881784197001252e-16,0.005712194,0.027212915
rand_spd,256,244,0.2583785768080881,0.25837857680808723,8.881784197001252e-16,0.006059096,0.027897677
rand_spd,256,245,0.25834996802440324,0.25834996802440235,8.881784197001252e-16,0.005687269,0.024848283
rand_spd,256,246,0.25868573899139663,0.2586857389913957,9.43689570931383e-16,0.005862256,0.025765687
rand_spd,256,247,0.2584480655038141,0.2584480655038132,8.881784197001252e-16,0.005861304,0.026326719
rand_spd,256,248,0.2585454332800608,0.2585454332800599,8.881784197001252e-16,0.00574688,0.026290808
rand_spd,256,249,0.25830025245607346,0.2583002524560726,8.881784197001252e-16,0.005792612,0.027662172
rand_spd,256,250,0.2582816256924245,0.25828162569242363,8.881784197001252e-16,0.005700637,0.025596445
rand_spd,256,251,0.2584276143650463,0.2584276143650455,7.771561172376096e-16,0.005817105,0.025792972
rand_spd,256,252,0.2585709045406123,0.2585709045406115,8.326672684688674e-16,0.005755852,0.026417584
rand_spd,256,253,0.258502030284776,0.2585020302847751,8.881784197001252e-16,0.005773408,0.025909295
rand_spd,256,254,0.258366433207618,0.2583664332076171,8.881784197001252e-16,0.005766264,0.025700128
rand_spd,256,255,0.2583194792516117,0.2583194792516108,8.881784197001252e-16,0.005734489,0.024220449
rand_spd,256,256,0.2582292278898107,0.25822922788980973,9.43689570931383e-16,0.005902995,0.02475568
rand_spd,256,257,0.25862430547195364,0.25862430547195275,8.881784197001252e-16,0.005778743,0.027088675
rand_spd,256,258,0.2586189734265926,0.25861897342659174,8.881784197001252e-16,0.005782599,0.02655141
rand_spd,256,259,0.2585250679515816,0.25852506795158076,8.326672684688674e-16,0.005856137,0.027668056
rand_spd,256,260,0.25835380173596495,0.2583538017359641,8.326672684688674e-16,0.005858398,0.027713263
rand_spd,256,261,0.25842684934643595,0.25842684934643506,8.881784197001252e-16,0.005876274,0.026404458
rand_spd,256,262,0.2586696470364291,0.2586696470364282,8.881784197001252e-16,0.006010915,0.027307153
rand_spd,256,263,0.2584601162760927,0.25846011627609194,7.771561172376096e-16,0.005741541,0.027271739
rand_spd,256,264,0.25852853702547224,0.25852853702547135,8.881784197001252e-16,0.0059211,0.027163593
rand_spd,256,265,0.2584545595046081,0.2584545595046072,8.881784197001252e-16,0.006013153,0.027242788
rand_spd,256,266,0.25834135364119604,0.2583413536411952,8.326672684688674e-16,0.006558151,0.025568747
rand_spd,256,267,0.25832028967136345,0.25832028967136256,8.881784197001252e-16,0.005767109,0.027454195
rand_spd,256,268,0.2585049689953213,0.25850496899532044,8.881784197001252e-16,0.005808245,0.027384849
rand_spd,256,269,0.25810697175042774,0.25810697175042685,8.881784197001252e-16,0.005734281,0.026520989
rand_spd,256,270,0.2583285806733924,0.25832858067339154,8.881784197001252e-16,0.006200079,0.027342475
rand_spd,256,271,0.25841046478763396,0.2584104647876331,8.881784197001252e-16,0.005958696,0.02545939
rand_spd,256,272,0.25846479719818033,0.25846479719817944,8.881784197001252e-16,0.005734643,0.025877575
rand_spd,256,273,0.25850440377316075,0.25850440377315986,8.881784197001252e-16,0.005745276,0.026450966
rand_spd,256,274,0.25837227844070343,0.2583722784407025,9.43689570931383e-16,0.005707047,0.026114289
rand_spd,256,275,0.25840100891374435,0.2584010089137434,9.43689570931383e-16,0.005990843,0.027212147
rand_spd,256,276,0.2585018554476408,0.2585018554476399,8.881784197001252e-16,0.005869089,0.026533816
rand_spd,256,277,0.25859009097621305,0.25859009097621216,8.881784197001252e-16,0.00596208,0.026319533
rand_spd,256,278,0.25853339010401577,0.2585333901040149,8.881784197001252e-16,0.005776498,0.025979293
rand_spd,256,279,0.25809288668169367,0.2580928866816928,8.881784197001252e-16,0.005827726,0.025585122
rand_spd,256,280,0.2583444091843878,0.2583444091843869,8.881784197001252e-16,0.006002662,0.027460441
rand_spd,256,281,0.25821447111765,0.2582144711176491,8.881784197001252e-16,0.005705775,0.026291356
rand_spd,256,282,0.2584379572531718,0.2584379572531709,8.881784197001252e-16,0.005774878,0.025973071
rand_spd,256,283,0.25833820284218834,0.25833820284218745,8.881784197001252e-16,0.005775118,0.026605962
rand_spd,256,284,0.2586227336759959,0.25862273367599503,8.881784197001252e-16,0.005868097,0.026982057
rand_spd,256,285,0.25837853500588087,0.25837853500588,8.881784197001252e-16,0.005974408,0.025657699
rand_spd,256,286,0.2583774659668371,0.2583774659668362,8.881784197001252e-16,0.005863998,0.026047212
rand_spd,256,287,0.25826369416742984,0.2582636941674289,9.43689570931383e-16,0.005745923,0.025895634
rand_spd,256,288,0.25833736603120316,0.2583373660312022,9.43689570931383e-16,0.005703623,0.027060429
rand_spd,256,289,0.25839781889805097,0.2583978188980501,8.881784197001252e-16,0.005748743,0.027075425
rand_spd,256,290,0.25831545062973643,0.2583154506297356,8.326672684688674e-16,0.005748545,0.025540089
rand_spd,256,291,0.25828045167013264,0.25828045167013175,8.881784197001252e-16,0.005866754,0.027088753
rand_spd,256,292,0.2584582561736859,0.258458256173685,8.881784197001252e-16,0.005774236,0.026086015
rand_spd,256,293,0.25848128991431724,0.25848128991431635,8.881784197001252e-16,0.006107675,0.027330069
rand_spd,256,294,0.2584305051209968,0.2584305051209959,8.881784197001252e-16,0.005967946,0.025136032
rand_spd,256,295,0.2582012451213213,0.2582012451213204,8.881784197001252e-16,0.005735935,0.025916585
rand_spd,256,296,0.25855565079083936,0.25855565079083853,8.326672684688674e-16,0.006030355,0.026312541
rand_spd,256,297,0.2585015653244934,0.25850156532449253,8.881784197001252e-16,0.00601921,0.025688821
rand_spd,256,298,0.2583339646839358,0.25833396468393494,8.881784197001252e-16,0.005782846,0.026393385
rand_spd,256,299,0.2583362203782718,0.2583362203782709,8.881784197001252e-16,0.005818908,0.025481895
rand_spd,256,300,0.2583232017406186,0.25832320174061774,8.881784197001252e-16,0.005922866,0.026636537
rand_spd,256,301,0.25848497354803507,0.2584849735480342,8.881784197001252e-16,0.008027632,0.029870141
rand_spd,256,302,0.25860048092832516,0.25860048092832433,8.326672684688674e-16,0.005727284,0.022911995
rand_spd,256,303,0.2584760756916133,0.2584760756916124,8.881784197001252e-16,0.006137135,0.025389223
rand_spd,256,304,0.2583141191189969,0.258314119118996,8.881784197001252e-16,0.005880434,0.025240771
rand_spd,256,305,0.2585799519626546,0.2585799519626537,8.881784197001252e-16,0.005865992,0.026043268
rand_spd,256,306,0.258627936725231,0.2586279367252301,8.881784197001252e-16,0.005835449,0.023897589
rand_spd,256,307,0.25826403992139396,0.2582640399213931,8.881784197001252e-16,0.005728742,0.026098291
rand_spd,256,308,0.2586560622128023,0.2586560622128014,8.881784197001252e-16,0.005787258,0.023669798
rand_spd,256,309,0.25829795644015413,0.25829795644015324,8.881784197001252e-16,0.005786242,0.02509668
rand_spd,256,310,0.2583034708899457,0.2583034708899448,8.881784197001252e-16,0.006567345,0.025321815
rand_spd,256,311,0.2581504164182034,0.2581504164182025,8.881784197001252e-16,0.005788412,0.02466718
rand_spd,256,312,0.25840624392493755,0.25840624392493666,8.881784197001252e-16,0.005700343,0.02703756
rand_spd,256,313,0.25852638791058613,0.25852638791058524,8.881784197001252e-16,0.005785848,0.027119912
rand_spd,256,314,0.2583149840950943,0.2583149840950934,8.881784197001252e-16,0.005782928,0.02653085
rand_spd,256,315,0.2584277753703848,0.2584277753703839,8.881784197001252e-16,0.005791441,0.024741562
rand_spd,256,316,0.2586052444385983,0.2586052444385974,8.881784197001252e-16,0.005871018,0.026069586
rand_spd,256,317,0.2583785764891163,0.2583785764891154,8.881784197001252e-16,0.005752137,0.026610813
rand_spd,256,318,0.2583767987763557,0.25837679877635483,8.881784197001252e-16,0.006077726,0.025028608
rand_spd,256,319,0.25829948885009385,0.2582994888500929,9.43689570931383e-16,0.005771622,0.026331502
rand_spd,256,320,0.2583926649314005,0.2583926649313996,8.881784197001252e-16,0.005999714,0.023188901
rand_spd,256,321,0.2585384385138017,0.2585384385138008,8.881784197001252e-16,0.005748091,0.02594394
rand_spd,256,322,0.2585040009225938,0.2585040009225929,8.881784197001252e-16,0.005678671,0.026471224
rand_spd,256,323,0.2588093695957642,0.25880936959576334,8.881784197001252e-16,0.005905063,0.026187184
rand_spd,256,324,0.25845074810503804,0.2584507481050371,9.43689570931383e-16,0.005820354,0.023700692
rand_spd,256,325,0.2583601234250062,0.2583601234250053,8.881784197001252e-16,0.005798238,0.025665408
rand_spd,256,326,0.25843846545973354,0.2584384654597327,8.326672684688674e-16,0.005891189,0.025576522
rand_spd,256,327,0.25818217492587364,0.2581821749258728,8.326672684688674e-16,0.005834297,0.026371643
rand_spd,256,328,0.2585217612048255,0.2585217612048246,8.881784197001252e-16,0.005751123,0.027062809
rand_spd,256,329,0.2586000495796562,0.2586000495796553,8.881784197001252e-16,0.005838569,0.026307949
rand_spd,256,330,0.25848891551742464,0.25848891551742376,8.881784197001252e-16,0.006093355,0.025838817
rand_spd,256,331,0.258357616564775,0.25835761656477413,8.881784197001252e-16,0.005893245,0.025664046
rand_spd,256,332,0.25860097847397173,0.25860097847397084,8.881784197001252e-16,0.005746099,0.026892637
rand_spd,256,333,0.25846300741844264,0.25846300741844175,8.881784197001252e-16,0.005970869,0.026210223
rand_spd,256,334,0.2584517338802412,0.2584517338802403,8.881784197001252e-16,0.005731233,0.027567824
rand_spd,256,335,0.2586612367693983,0.2586612367693974,8.881784197001252e-16,0.006015016,0.026658636
rand_spd,256,336,0.25865268532815977,0.2586526853281589,8.881784197001252e-16,0.005731604,0.026653695
rand_spd,256,337,0.2583374623068372,0.25833746230683635,8.326672684688674e-16,0.005747118,0.024861264
rand_spd,256,338,0.25856335805903014,0.25856335805902914,9.992007221626409e-16,0.005891131,0.026062344
rand_spd,256,339,0.25837221041495745,0.25837221041495656,8.881784197001252e-16,0.005809136,0.024708906
rand_spd,256,340,0.2584806399352782,0.2584806399352773,8.881784197001252e-16,0.005864583,0.026076587
rand_spd,256,341,0.25840580160529764,0.25840580160529675,8.881784197001252e-16,0.005758519,0.027235745
rand_spd,256,342,0.2586305281761327,0.2586305281761318,8.881784197001252e-16,0.005832292,0.026831049
rand_spd,256,343,0.25829403109049176,0.2582940310904909,8.326672684688674e-16,0.00578585,0.026033178
rand_spd,256,344,0.25822775147504984,0.25822775147504895,8.881784197001252e-16,0.006007583,0.026091847
rand_spd,256,345,0.25837537781987013,0.25837537781986925,8.881784197001252e-16,0.006125796,0.027553654
rand_spd,256,346,0.2583840224086671,0.2583840224086662,8.881784197001252e-16,0.005705037,0.025636013
rand_spd,256,347,0.2583736829810671,0.2583736829810662,8.881784197001252e-16,0.006036117,0.026959754
rand_spd,256,348,0.25851037941808336,0.25851037941808247,8.881784197001252e-16,0.005798083,0.026462249
rand_spd,256,349,0.2584348439289614,0.25843484392896043,9.43689570931383e-16,0.005788578,0.024430463
rand_spd,256,350,0.2584782264527839,0.258478226452783,8.881784197001252e-16,0.005730743,0.026070069
rand_spd,256,351,0.2582941802109359,0.25829418021093503,8.881784197001252e-16,0.005978263,0.026687782
rand_spd,256,352,0.2584462517741436,0.25844625177414265,9.43689570931383e-16,0.006091551,0.027479487
rand_spd,256,353,0.25823245431401814,0.2582324543140173,8.326672684688674e-16,0.005867913,0.02738541
rand_spd,256,354,0.25866469036668455,0.25866469036668366,8.881784197001252e-16,0.005839402,0.026113863
rand_spd,256,355,0.2587094009596135,0.25870940095961253,9.43689570931383e-16,0.005747326,0.026654538
rand_spd,256,356,0.2585476729425907,0.2585476729425898,8.881784197001252e-16,0.006016349,0.025851165
rand_spd,256,357,0.2582359272009699,0.25823592720096905,8.326672684688674e-16,0.005818302,0.027392809
rand_spd,256,358,0.25839008903301075,0.25839008903300986,8.881784197001252e-16,0.005770893,0.026726476
rand_spd,256,359,0.25807821339694764,0.25807821339694675,8.881784197001252e-16,0.005759998,0.025857147
rand_spd,256,360,0.25840716301109096,0.25840716301109007,8.881784197001252e-16,0.005845572,0.026242458
rand_spd,256,361,0.258389795289423,0.25838979528942213,8.881784197001252e-16,0.005791157,0.024786038
rand_spd,256,362,0.25846368439115214,0.25846368439115125,8.881784197001252e-16,0.005703469,0.024565551
rand_spd,256,363,0.25845695707813565,0.25845695707813476,8.881784197001252e-16,0.005839871,0.025678883
rand_spd,256,364,0.25854327451046316,0.2585432745104623,8.881784197001252e-16,0.005899818,0.026069994
rand_spd,256,365,0.2585801092037763,0.25858010920377533,9.43689570931383e-16,0.005812004,0.02633716
rand_spd,256,366,0.25833242109642546,0.25833242109642457,8.881784197001252e-16,0.005738678,0.024983404
rand_spd,256,367,0.25854801562535,0.2585480156253491,8.881784197001252e-16,0.005763246,0.024938173
rand_spd,256,368,0.25833154421125554,0.2583315442112547,8.326672684688674e-16,0.005783246,0.024878198
rand_spd,256,369,0.2581304506031466,0.25813045060314566,9.43689570931383e-16,0.005797492,0.02559571
rand_spd,256,370,0.25833316825950753,0.25833316825950664,8.881784197001252e-16,0.005757486,0.026268173
rand_spd,256,371,0.2584459225351234,0.2584459225351225,8.881784197001252e-16,0.005720773,0.024886872
rand_spd,256,372,0.2585360108542377,0.25853601085423683,8.881784197001252e-16,0.005762775,0.026365925
rand_spd,256,373,0.2582202588293719,0.25822025882937105,8.326672684688674e-16,0.006002344,0.025567473
rand_spd,256,374,0.2585972763030299,0.25859727630302903,8.881784197001252e-16,0.00578906,0.026490418
rand_spd,256,375,0.25856654835667814,0.25856654835667725,8.881784197001252e-16,0.005844331,0.026921944
rand_spd,256,376,0.2584054657193957,0.2584054657193948,8.881784197001252e-16,0.005994159,0.025128865
rand_spd,256,377,0.2583160348277557,0.25831603482775484,8.881784197001252e-16,0.005737398,0.02811358
rand_spd,256,378,0.2585744873505804,0.2585744873505795,9.43689570931383e-16,0.00571874,0.028065872
rand_spd,256,379,0.2585468768773111,0.2585468768773102,8.881784197001252e-16,0.005798623,0.027387856
rand_spd,256,380,0.2584681952690267,0.2584681952690258,8.881784197001252e-16,0.006023782,0.024398051
rand_spd,256,381,0.25821777767329995,0.25821777767329906,8.881784197001252e-16,0.00578198,0.026948882
rand_spd,256,382,0.25819935898871577,0.2581993589887149,8.881784197001252e-16,0.005840302,0.025945114
rand_spd,256,383,0.25850318502436737,0.2585031850243666,7.771561172376096e-16,0.006119068,0.027103635
rand_spd,256,384,0.25832609494760317,0.25832609494760234,8.326672684688674e-16,0.005727689,0.026884628
rand_spd,256,385,0.2584036040503122,0.2584036040503113,8.881784197001252e-16,0.005794042,0.026516482
rand_spd,256,386,0.25873467974418823,0.25873467974418735,8.881784197001252e-16,0.005754992,0.02693024
rand_spd,256,387,0.25827705433000553,0.25827705433000464,8.881784197001252e-16,0.005903292,0.024908711
rand_spd,256,388,0.2583743780326684,0.25837437803266744,9.43689570931383e-16,0.005873804,0.026103638
rand_spd,256,389,0.2581677604354428,0.25816776043544193,8.881784197001252e-16,0.005778981,0.023601197
rand_spd,256,390,0.25837565676457075,0.25837565676456986,8.881784197001252e-16,0.006000196,0.026098252
rand_spd,256,391,0.25826910278471016,0.2582691027847093,8.326672684688674e-16,0.00599238,0.026619145
rand_spd,256,392,0.258410058614502,0.2584100586145011,8.881784197001252e-16,0.0057685,0.027016106
rand_spd,256,393,0.25849734714229455,0.25849734714229367,8.881784197001252e-16,0.005954093,0.026800819
rand_spd,256,394,0.25838277634990287,0.258382776349902,8.881784197001252e-16,0.005864712,0.027314568
rand_spd,256,395,0.25834676686288444,0.2583467668628836,8.326672684688674e-16,0.005807964,0.02552217
rand_spd,256,396,0.258218867240229,0.2582188672402282,8.326672684688674e-16,0.005819247,0.027332339
rand_spd,256,397,0.25826327159335416,0.2582632715933532,9.43689570931383e-16,0.005848192,0.026528388
rand_spd,256,398,0.25840070320823033,0.25840070320822944,8.881784197001252e-16,0.006024624,0.025560175
rand_spd,256,399,0.2583942345245905,0.2583942345245896,8.881784197001252e-16,0.00586258,0.024575887
rand_spd,256,400,0.25851806083187817,0.2585180608318773,8.881784197001252e-16,0.005751333,0.027168007
rand_spd,256,401,0.25864989579378267,0.2586498957937818,8.881784197001252e-16,0.005857783,0.02588309
rand_spd,256,402,0.2584575837378507,0.2584575837378498,8.881784197001252e-16,0.005744586,0.026716198
rand_spd,256,403,0.2585944219611724,0.2585944219611715,8.881784197001252e-16,0.00613836,0.026488677
rand_spd,256,404,0.2581942682280108,0.2581942682280099,8.881784197001252e-16,0.005813962,0.024573198
rand_spd,256,405,0.25814517448880564,0.25814517448880475,8.881784197001252e-16,0.005750497,0.027058195
rand_spd,256,406,0.258424225128384,0.2584242251283831,8.881784197001252e-16,0.005839673,0.027457199
rand_spd,256,407,0.25820905765293395,0.258209057652933,9.43689570931383e-16,0.005847789,0.027073908
rand_spd,256,408,0.2584549398531288,0.25845493985312795,8.326672684688674e-16,0.006072865,0.024644721
rand_spd,256,409,0.25838632737240874,0.25838632737240785,8.881784197001252e-16,0.006117933,0.026065939
rand_spd,256,410,0.2586903729385112,0.25869037293851027,9.43689570931383e-16,0.005839105,0.02627507
rand_spd,256,411,0.2582591076826467,0.2582591076826458,8.881784197001252e-16,0.005900617,0.026665022
rand_spd,256,412,0.2581227943798467,0.2581227943798458,8.881784197001252e-16,0.005694096,0.027588765
rand_spd,256,413,0.25845236825624657,0.2584523682562457,8.881784197001252e-16,0.005889839,0.027284705
rand_spd,256,414,0.25840465472904917,0.2584046547290483,8.881784197001252e-16,0.005697491,0.02486982
rand_spd,256,415,0.2583087765150008,0.2583087765149999,8.881784197001252e-16,0.006059326,0.027172586
rand_spd,256,416,0.2583610667501993,0.25836106675019843,8.881784197001252e-16,0.005937747,0.024423798
rand_spd,256,417,0.2587168270982773,0.2587168270982764,8.881784197001252e-16,0.005763334,0.026747602
rand_spd,256,418,0.25814539234173317,0.25814539234173234,8.326672684688674e-16,0.006021772,0.026357143
rand_spd,256,419,0.2584806306912745,0.25848063069127364,8.881784197001252e-16,0.005879723,0.026662147
rand_spd,256,420,0.2584926077102691,0.2584926077102682,8.881784197001252e-16,0.005702239,0.026559476
rand_spd,256,421,0.25822131859586184,0.25822131859586095,8.881784197001252e-16,0.005941536,0.026120232
rand_spd,256,422,0.2585905979671926,0.2585905979671917,8.881784197001252e-16,0.006013652,0.027425348
rand_spd,256,423,0.25827395479359094,0.25827395479359005,8.881784197001252e-16,0.005962244,0.026790868
rand_spd,256,424,0.2586551598628371,0.2586551598628363,7.771561172376096e-16,0.006183437,0.027023038
rand_spd,256,425,0.258611287451396,0.2586112874513951,8.881784197001252e-16,0.00581388,0.025881517
rand_spd,256,426,0.2583517706117039,0.258351770611703,8.881784197001252e-16,0.005781338,0.026755866
rand_spd,256,427,0.2585025605247828,0.25850256052478193,8.881784197001252e-16,0.005824963,0.024340931
rand_spd,256,428,0.258270333898386,0.25827033389838516,8.326672684688674e-16,0.005761866,0.02647442
rand_spd,256,429,0.25856210218266623,0.25856210218266534,8.881784197001252e-16,0.005999565,0.02693412
rand_spd,256,430,0.2581712914622127,0.2581712914622118,8.881784197001252e-16,0.005694661,0.025893319
rand_spd,256,431,0.2579654134108484,0.2579654134108475,8.881784197001252e-16,0.006032738,0.026669647
rand_spd,256,432,0.2583878808923751,0.2583878808923742,8.881784197001252e-16,0.005826992,0.026291013
rand_spd,256,433,0.258452992080809,0.25845299208080813,8.881784197001252e-16,0.00572285,0.024746057
rand_spd,256,434,0.2583816771813172,0.2583816771813163,8.881784197001252e-16,0.005811885,0.02593
rand_spd,256,435,0.25846762419846786,0.25846762419846697,8.881784197001252e-16,0.005747108,0.025817872
rand_spd,256,436,0.25842602081238747,0.2584260208123866,8.881784197001252e-16,0.005802012,0.025836396
rand_spd,256,437,0.25848949723095455,0.25848949723095366,8.881784197001252e-16,0.005805134,0.026261599
rand_spd,256,438,0.258457135585702,0.2584571355857011,8.881784197001252e-16,0.00574723,0.021653415
rand_spd,256,439,0.2584081171563626,0.25840811715636164,9.43689570931383e-16,0.005791648,0.026512975
rand_spd,256,440,0.2582125518059571,0.2582125518059562,8.881784197001252e-16,0.005772284,0.025850104
rand_spd,256,441,0.2583132664941514,0.2583132664941505,8.881784197001252e-16,0.005925446,0.027194994
rand_spd,256,442,0.2584692920014025,0.25846929200140156,9.43689570931383e-16,0.006082334,0.026379846
rand_spd,256,443,0.25817958281166137,0.2581795828116605,8.881784197001252e-16,0.005770879,0.02449747
rand_spd,256,444,0.2582856845037352,0.2582856845037343,8.881784197001252e-16,0.00599642,0.025724567
rand_spd,256,445,0.2586205226445337,0.25862052264453284,8.881784197001252e-16,0.005797696,0.026648627
rand_spd,256,446,0.25849219062395273,0.25849219062395185,8.881784197001252e-16,0.005745347,0.025891297
rand_spd,256,447,0.25853111744247564,0.25853111744247476,8.881784197001252e-16,0.005826276,0.025751359
rand_spd,256,448,0.25829475580497635,0.25829475580497546,8.881784197001252e-16,0.005754366,0.024339938
rand_spd,256,449,0.2584391489857288,0.2584391489857279,8.881784197001252e-16,0.006111004,0.024946672
rand_spd,256,450,0.25858901580120913,0.25858901580120824,8.881784197001252e-16,0.005890239,0.026462984
rand_spd,256,451,0.2584372707598124,0.25843727075981143,9.43689570931383e-16,0.005814335,0.023770397
rand_spd,256,452,0.25831404394573615,0.2583140439457352,9.43689570931383e-16,0.00588568,0.024925131
rand_spd,256,453,0.25870969232407853,0.25870969232407753,9.992007221626409e-16,0.005706861,0.02397262
rand_spd,256,454,0.25837621937316885,0.2583762193731679,9.43689570931383e-16,0.005825946,0.022360392
rand_spd,256,455,0.2584023122223589,0.258402312222358,8.881784197001252e-16,0.005995964,0.026166011
rand_spd,256,456,0.2582580721594699,0.258258072159469,8.881784197001252e-16,0.005717367,0.023515275
rand_spd,256,457,0.25867192435032393,0.25867192435032305,8.881784197001252e-16,0.005839474,0.024862149
rand_spd,256,458,0.2582755750476756,0.2582755750476748,8.326672684688674e-16,0.005790021,0.024800441
rand_spd,256,459,0.25846848103823833,0.25846848103823744,8.881784197001252e-16,0.00582092,0.025757781
rand_spd,256,460,0.2581509468095034,0.2581509468095025,8.881784197001252e-16,0.0060052,0.026525663
rand_spd,256,461,0.25804708978767654,0.25804708978767565,8.881784197001252e-16,0.005677424,0.023561859
rand_spd,256,462,0.2583030758476334,0.2583030758476325,8.881784197001252e-16,0.005876727,0.025023322
rand_spd,256,463,0.25857442124496777,0.2585744212449669,8.881784197001252e-16,0.005770874,0.025364296
rand_spd,256,464,0.25815995512008044,0.25815995512007955,8.881784197001252e-16,0.005847978,0.024701626
rand_spd,256,465,0.2586798518797698,0.25867985187976883,9.43689570931383e-16,0.005968454,0.026890179
rand_spd,256,466,0.2583847049574291,0.2583847049574282,8.881784197001252e-16,0.0057721,0.025906455
rand_spd,256,467,0.25874649530640237,0.2587464953064015,8.881784197001252e-16,0.008165579,0.029244989
rand_spd,256,468,0.25847966925262106,0.25847966925262017,8.881784197001252e-16,0.005861472,0.026842074
rand_spd,256,469,0.2583649462223227,0.2583649462223218,8.881784197001252e-16,0.005792521,0.027066739
rand_spd,256,470,0.2584975643030814,0.2584975643030805,8.881784197001252e-16,0.006050724,0.027430309
rand_spd,256,471,0.2584525773679128,0.2584525773679119,8.881784197001252e-16,0.005895476,0.024482665
rand_spd,256,472,0.2585031252382926,0.2585031252382917,8.881784197001252e-16,0.006075595,0.02580738
rand_spd,256,473,0.25849024119943237,0.2584902411994315,8.881784197001252e-16,0.005839345,0.02584549
rand_spd,256,474,0.25839870123166886,0.258398701231668,8.326672684688674e-16,0.005857443,0.024087074
rand_spd,256,475,0.2585095867892038,0.25850958678920294,8.881784197001252e-16,0.00579318,0.02728418
rand_spd,256,476,0.2584056011765104,0.2584056011765095,8.881784197001252e-16,0.005797231,0.025863822
rand_spd,256,477,0.25843024449072727,0.2584302444907264,8.881784197001252e-16,0.005773821,0.025979945
rand_spd,256,478,0.25859799940409384,0.25859799940409306,7.771561172376096e-16,0.006009467,0.025088363
rand_spd,256,479,0.25846636871345413,0.25846636871345324,8.881784197001252e-16,0.005737327,0.026419183
rand_spd,256,480,0.2582147351885035,0.2582147351885027,8.326672684688674e-16,0.006001023,0.025374936
rand_spd,256,481,0.25844981834616615,0.25844981834616526,8.881784197001252e-16,0.005830175,0.025142384
rand_spd,256,482,0.2584786458538361,0.25847864585383523,8.881784197001252e-16,0.00570218,0.027064994
rand_spd,256,483,0.2585923201074409,0.25859232010744,8.881784197001252e-16,0.005891243,0.025913455
rand_spd,256,484,0.2586138463070588,0.25861384630705797,8.326672684688674e-16,0.005973212,0.026885944
rand_spd,256,485,0.2583944017673396,0.2583944017673387,8.881784197001252e-16,0.00590553,0.026279219
rand_spd,256,486,0.25861277334544325,0.25861277334544236,8.881784197001252e-16,0.005916746,0.025449531
rand_spd,256,487,0.2585875710521391,0.25858757105213825,8.326672684688674e-16,0.005789355,0.027162061
rand_spd,256,488,0.258537321366419,0.25853732136641816,8.326672684688674e-16,0.006023595,0.027303039
rand_spd,256,489,0.2582374263907019,0.258237426390701,8.881784197001252e-16,0.00567643,0.026171912
rand_spd,256,490,0.25819190554661475,0.25819190554661386,8.881784197001252e-16,0.005829647,0.023210448
rand_spd,256,491,0.25846362267434336,0.2584636226743425,8.881784197001252e-16,0.005869521,0.025314779
rand_spd,256,492,0.2584014932860896,0.25840149328608875,8.326672684688674e-16,0.005787499,0.027305171
rand_spd,256,493,0.25833833882966034,0.25833833882965945,8.881784197001252e-16,0.005949256,0.026756463
rand_spd,256,494,0.2584962070269196,0.2584962070269187,8.881784197001252e-16,0.005748485,0.026584387
rand_spd,256,495,0.2584978767024525,0.2584978767024516,8.881784197001252e-16,0.005771335,0.02582607
rand_spd,256,496,0.2583818587758368,0.25838185877583586,9.43689570931383e-16,0.005765505,0.026626195
rand_spd,256,497,0.25825140616133696,0.2582514061613361,8.881784197001252e-16,0.005751006,0.026630438
rand_spd,256,498,0.2581350211676741,0.25813502116767323,8.881784197001252e-16,0.005981235,0.026801208
rand_spd,256,499,0.2581184298947314,0.25811842989473055,8.326672684688674e-16,0.005881506,0.026911561
rand_spd,256,500,0.25826044580324475,0.2582604458032439,8.326672684688674e-16,0.005758766,0.026658315
rand_spd,256,501,0.25866507558645574,0.25866507558645485,8.881784197001252e-16,0.005791948,0.026941696
rand_spd,256,502,0.2584070343807697,0.25840703438076873,9.43689570931383e-16,0.00573986,0.024334751
rand_spd,256,503,0.2584343144434643,0.2584343144434635,8.326672684688674e-16,0.005838934,0.02621928
rand_spd,256,504,0.258672181747233,0.2586721817472321,8.881784197001252e-16,0.005798981,0.024420456
rand_spd,256,505,0.25828925407064346,0.25828925407064257,8.881784197001252e-16,0.00579025,0.026733203
rand_spd,256,506,0.25861694834897453,0.25861694834897364,8.881784197001252e-16,0.00574867,0.027412768
rand_spd,256,507,0.25845479692996487,0.258454796929964,8.881784197001252e-16,0.005841498,0.026138654
rand_spd,256,508,0.258697565322535,0.25869756532253413,8.881784197001252e-16,0.005768604,0.026192966
rand_spd,256,509,0.25845767695936367,0.2584576769593628,8.881784197001252e-16,0.005837467,0.027711824
rand_spd,256,510,0.2587412984746158,0.2587412984746149,8.881784197001252e-16,0.005799724,0.025852351
rand_spd,256,511,0.2584763579256362,0.2584763579256354,8.326672684688674e-16,0.005767507,0.026561245
rand_spd,256,512,0.25854810373571907,0.2585481037357182,8.881784197001252e-16,0.006118267,0.026826455
rand_spd,256,513,0.2584412931363278,0.2584412931363269,8.881784197001252e-16,0.005965807,0.023984573
rand_spd,256,514,0.25836297737863284,0.25836297737863195,8.881784197001252e-16,0.00580066,0.027570338
rand_spd,256,515,0.2584747658997975,0.25847476589979657,9.43689570931383e-16,0.00582172,0.026497397
rand_spd,256,516,0.25837087251850993,0.25837087251850904,8.881784197001252e-16,0.005742939,0.025869126
rand_spd,256,517,0.25827685294303615,0.25827685294303526,8.881784197001252e-16,0.005775513,0.026796592
rand_spd,256,518,0.25843244463076814,0.25843244463076726,8.881784197001252e-16,0.005818196,0.023874825
rand_spd,256,519,0.25838668877835186,0.25838668877835097,8.881784197001252e-16,0.006108074,0.026013578
rand_spd,256,520,0.25848762360870114,0.2584876236087003,8.326672684688674e-16,0.005807481,0.024777159
rand_spd,256,521,0.25834848627536117,0.2583484862753603,8.881784197001252e-16,0.005834007,0.027262036
rand_spd,256,522,0.2584028019611604,0.2584028019611595,8.881784197001252e-16,0.005899784,0.026763692
rand_spd,256,523,0.2584349686438134,0.2584349686438125,8.881784197001252e-16,0.005712826,0.023728649
rand_spd,256,524,0.25833246337078825,0.2583324633707873,9.43689570931383e-16,0.005861165,0.026357759
rand_spd,256,525,0.25876747954780444,0.25876747954780355,8.881784197001252e-16,0.005792075,0.027205824
rand_spd,256,526,0.2586198966611835,0.2586198966611826,8.881784197001252e-16,0.005815439,0.026465227
rand_spd,256,527,0.2585074911305116,0.25850749113051075,8.326672684688674e-16,0.008561637,0.028485
rand_spd,256,528,0.2584496111073639,0.25844961110736303,8.881784197001252e-16,0.005822206,0.025041629
rand_spd,256,529,0.2583328181653108,0.25833281816530984,9.43689570931383e-16,0.005822583,0.025135583
rand_spd,256,530,0.25842576944387124,0.25842576944387036,8.881784197001252e-16,0.005711836,0.024925867
rand_spd,256,531,0.258388562271824,0.2583885622718231,8.881784197001252e-16,0.005836015,0.026904295
rand_spd,256,532,0.2584263675721721,0.2584263675721712,8.881784197001252e-16,0.005771728,0.026211286
rand_spd,256,533,0.25823931707507436,0.2582393170750735,8.326672684688674e-16,0.005744509,0.025605917
rand_spd,256,534,0.25836024618593884,0.25836024618593795,8.881784197001252e-16,0.005725035,0.025852264
rand_spd,256,535,0.2584292103165662,0.2584292103165653,8.881784197001252e-16,0.005751128,0.026815271
rand_spd,256,536,0.25839421202430163,0.25839421202430074,8.881784197001252e-16,0.005779462,0.025658613
rand_spd,256,537,0.25812779307132167,0.2581277930713208,8.881784197001252e-16,0.005952461,0.026566341
rand_spd,256,538,0.2586615490092432,0.2586615490092424,8.326672684688674e-16,0.006054965,0.025644147
rand_spd,256,539,0.2586038579696769,0.25860385796967594,9.43689570931383e-16,0.005836742,0.02659047
rand_spd,256,540,0.25843055942505583,0.25843055942505494,8.881784197001252e-16,0.005771491,0.028185009
rand_spd,256,541,0.2582816482315559,0.258281648231555,8.881784197001252e-16,0.005807174,0.026391371
rand_spd,256,542,0.25854042002938415,0.25854042002938327,8.881784197001252e-16,0.005813487,0.028183009
rand_spd,256,543,0.25858974915194693,0.25858974915194605,8.881784197001252e-16,0.005886467,0.025912317
rand_spd,256,544,0.2584619189135122,0.25846191891351133,8.881784197001252e-16,0.005804,0.027533579
rand_spd,256,545,0.25862403305550785,0.25862403305550696,8.881784197001252e-16,0.005796884,0.026250579
rand_spd,256,546,0.2586889711099179,0.258688971109917,8.881784197001252e-16,0.005725225,0.026675854
rand_spd,256,547,0.2583103831646188,0.2583103831646179,8.881784197001252e-16,0.005901781,0.028174684
rand_spd,256,548,0.25855523626123117,0.2585552362612303,8.881784197001252e-16,0.005783158,0.025895975
rand_spd,256,549,0.2585767663803959,0.258576766380395,8.881784197001252e-16,0.005898455,0.025982496
rand_spd,256,550,0.2584303608064483,0.2584303608064474,9.43689570931383e-16,0.005779658,0.027729811
rand_spd,256,551,0.25832385985905976,0.25832385985905887,8.881784197001252e-16,0.005925714,0.024590705
rand_spd,256,552,0.25857476574875266,0.25857476574875177,8.881784197001252e-16,0.005957957,0.024800063
rand_spd,256,553,0.25845520086483426,0.25845520086483337,8.881784197001252e-16,0.005788189,0.026777616
rand_spd,256,554,0.2585819756606011,0.2585819756606002,8.881784197001252e-16,0.005806748,0.027020624
rand_spd,256,555,0.2583225869540248,0.25832258695402394,8.881784197001252e-16,0.005939275,0.026080497
rand_spd,256,556,0.2583419979091137,0.25834199790911283,8.881784197001252e-16,0.005941359,0.02561722
rand_spd,256,557,0.2584840177218845,0.25848401772188356,9.43689570931383e-16,0.005760429,0.027341534
rand_spd,256,558,0.25820897652955854,0.25820897652955765,8.881784197001252e-16,0.005795547,0.027073003
rand_spd,256,559,0.25827630749798575,0.25827630749798486,8.881784197001252e-16,0.005725632,0.026785828
rand_spd,256,560,0.25855216927726943,0.2585521692772686,8.326672684688674e-16,0.005808042,0.027091751
rand_spd,256,561,0.2583746264973869,0.258374626497386,8.881784197001252e-16,0.005809887,0.025608386
rand_spd,256,562,0.2584484012112131,0.2584484012112122,8.881784197001252e-16,0.005747295,0.027077419
rand_spd,256,563,0.2585221939042042,0.25852219390420333,8.881784197001252e-16,0.005761919,0.026446518
rand_spd,256,564,0.2585563464643123,0.2585563464643114,8.881784197001252e-16,0.005806796,0.026938491
rand_spd,256,565,0.2585593823214531,0.2585593823214522,8.881784197001252e-16,0.005906725,0.025894942
rand_spd,256,566,0.2583230423408371,0.2583230423408362,8.881784197001252e-16,0.005796922,0.024690346
rand_spd,256,567,0.2584820737969244,0.2584820737969235,8.881784197001252e-16,0.006043083,0.027007725
rand_spd,256,568,0.25813572808235946,0.2581357280823586,8.881784197001252e-16,0.005767824,0.027377787
rand_spd,256,569,0.2580927332667533,0.2580927332667524,8.881784197001252e-16,0.005710483,0.023952705
rand_spd,256,570,0.25821443395523413,0.25821443395523325,8.881784197001252e-16,0.006069281,0.025984049
rand_spd,256,571,0.2583589728063091,0.2583589728063082,8.881784197001252e-16,0.005816215,0.026983352
rand_spd,256,572,0.25807808019612105,0.25807808019612016,8.881784197001252e-16,0.005927148,0.025210568
rand_spd,256,573,0.2583679102177234,0.25836791021772254,8.326672684688674e-16,0.005768686,0.027930785
rand_spd,256,574,0.2584497959645958,0.2584497959645949,8.881784197001252e-16,0.006133871,0.026398677
rand_spd,256,575,0.2584153436885169,0.258415343688516,8.881784197001252e-16,0.005774306,0.02557442
rand_spd,256,576,0.2583613752218799,0.25836137522187896,9.43689570931383e-16,0.005765664,0.027429731
rand_spd,256,577,0.2584430261832776,0.25844302618327675,8.326672684688674e-16,0.005919094,0.025921731
rand_spd,256,578,0.2586042754921824,0.2586042754921815,8.881784197001252e-16,0.00579141,0.02690988
rand_spd,256,579,0.25855773040580265,0.2585577304058018,8.326672684688674e-16,0.005935978,0.026769033
rand_spd,256,580,0.25832342607455694,0.2583234260745561,8.326672684688674e-16,0.005785525,0.024855
rand_spd,256,581,0.2584419809515369,0.25844198095153603,8.881784197001252e-16,0.005806336,0.02742245
rand_spd,256,582,0.2583815129369751,0.2583815129369742,8.881784197001252e-16,0.00578188,0.025925065
rand_spd,256,583,0.2583166121037714,0.2583166121037705,8.881784197001252e-16,0.005807036,0.027217894
rand_spd,256,584,0.25836496192847336,0.25836496192847247,8.881784197001252e-16,0.005777522,0.026844836
rand_spd,256,585,0.258428642103249,0.2584286421032481,8.881784197001252e-16,0.005901761,0.023970096
rand_spd,256,586,0.2585150512653542,0.2585150512653533,8.881784197001252e-16,0.008255449,0.028043982
rand_spd,256,587,0.2583016849623434,0.2583016849623425,8.881784197001252e-16,0.005754955,0.027297524
rand_spd,256,588,0.258309882675187,0.2583098826751861,8.881784197001252e-16,0.005716785,0.025679277
rand_spd,256,589,0.25830822315981633,0.2583082231598155,8.326672684688674e-16,0.005854158,0.026038716
rand_spd,256,590,0.25848529764573486,0.25848529764573397,8.881784197001252e-16,0.005778519,0.026974455
rand_spd,256,591,0.25821978448769944,0.25821978448769856,8.881784197001252e-16,0.00569774,0.02360824
rand_spd,256,592,0.2581995360950911,0.2581995360950902,8.881784197001252e-16,0.005703718,0.026742045
rand_spd,256,593,0.2585499223751367,0.2585499223751358,8.881784197001252e-16,0.005925622,0.025908052
rand_spd,256,594,0.25825022623347393,0.25825022623347305,8.881784197001252e-16,0.00583618,0.027071191
rand_spd,256,595,0.25850963561239027,0.2585096356123893,9.43689570931383e-16,0.005768272,0.024520047
rand_spd,256,596,0.25852761236556676,0.25852761236556593,8.326672684688674e-16,0.005811335,0.024759676
rand_spd,256,597,0.25843218724818035,0.25843218724817946,8.881784197001252e-16,0.00576627,0.026260739
rand_spd,256,598,0.25846367169707263,0.25846367169707174,8.881784197001252e-16,0.008096575,0.02686272
rand_spd,256,599,0.25855626814306937,0.25855626814306854,8.326672684688674e-16,0.005867302,0.02684039
rand_spd,256,600,0.25846416328469063,0.25846416328468974,8.881784197001252e-16,0.005795502,0.024652519
rand_spd,256,601,0.25848016642910926,0.25848016642910826,9.992007221626409e-16,0.005758156,0.024835413
rand_spd,256,602,0.2584739675312508,0.25847396753125,7.771561172376096e-16,0.005783798,0.026159101
rand_spd,256,603,0.2586241725583815,0.25862417255838066,8.326672684688674e-16,0.005718159,0.026826428
rand_spd,256,604,0.25852365963151513,0.25852365963151425,8.881784197001252e-16,0.006139709,0.023939491
rand_spd,256,605,0.25851715957786553,0.25851715957786464,8.881784197001252e-16,0.005732344,0.024344288
rand_spd,256,606,0.25858513273219075,0.2585851327321899,8.326672684688674e-16,0.005868404,0.02567794
rand_spd,256,607,0.2581932443109642,0.2581932443109633,8.881784197001252e-16,0.005836263,0.026005073
rand_spd,256,608,0.25819986509422593,0.25819986509422505,8.881784197001252e-16,0.005825997,0.02508446
rand_spd,256,609,0.25823389729513674,0.25823389729513585,8.881784197001252e-16,0.005801122,0.024192679
rand_spd,256,610,0.258139098677931,0.2581390986779301,8.881784197001252e-16,0.0079062,0.026016992
rand_spd,256,611,0.2584757046459006,0.2584757046458997,8.881784197001252e-16,0.006200937,0.026028997
rand_spd,256,612,0.25858214332214763,0.25858214332214674,8.881784197001252e-16,0.005804362,0.026175462
rand_spd,256,613,0.25842536264300303,0.25842536264300214,8.881784197001252e-16,0.005867858,0.026501684
rand_spd,256,614,0.25857230927346975,0.25857230927346886,8.881784197001252e-16,0.005909409,0.025871933
rand_spd,256,615,0.2583976541392928,0.25839765413929183,9.43689570931383e-16,0.005753961,0.026946713
rand_spd,256,616,0.25825118151371124,0.25825118151371035,8.881784197001252e-16,0.005789621,0.024548776
rand_spd,256,617,0.2585430500420355,0.2585430500420346,8.881784197001252e-16,0.005696053,0.026795343
rand_spd,256,618,0.25848523958209907,0.2584852395820982,8.881784197001252e-16,0.005835719,0.024296021
rand_spd,256,619,0.25843888388248537,0.2584388838824845,8.881784197001252e-16,0.005876099,0.02667439
rand_spd,256,620,0.25851730362485165,0.25851730362485076,8.881784197001252e-16,0.005791224,0.025391037
rand_spd,256,621,0.2585445383055324,0.2585445383055316,8.326672684688674e-16,0.005857661,0.025633356
rand_spd,256,622,0.25806290265315374,0.25806290265315285,8.881784197001252e-16,0.005865365,0.026314816
rand_spd,256,623,0.2583731769673081,0.2583731769673072,8.881784197001252e-16,0.005764802,0.025986615
rand_spd,256,624,0.25822767614229103,0.25822767614229014,8.881784197001252e-16,0.005743384,0.026251796
rand_spd,256,625,0.25851040382943,0.2585104038294292,8.326672684688674e-16,0.005832196,0.02402089
rand_spd,256,626,0.25832294684389184,0.25832294684389084,9.992007221626409e-16,0.005767966,0.024649173
rand_spd,256,627,0.2583811987708177,0.25838119877081683,8.881784197001252e-16,0.005764204,0.02340533
rand_spd,256,628,0.2584171158256151,0.2584171158256142,8.881784197001252e-16,0.005874774,0.024018785
rand_spd,256,629,0.25839453800024836,0.25839453800024753,8.326672684688674e-16,0.005933878,0.024491278
rand_spd,256,630,0.2584716882293203,0.25847168822931943,8.881784197001252e-16,0.005747321,0.025937154
rand_spd,256,631,0.25870282588280674,0.25870282588280585,8.881784197001252e-16,0.005773534,0.023777969
rand_spd,256,632,0.25837500267733166,0.25837500267733077,8.881784197001252e-16,0.005797953,0.023068267
rand_spd,256,633,0.2586093411517858,0.2586093411517849,8.881784197001252e-16,0.005758133,0.025964418
rand_spd,256,634,0.25851962930131306,0.25851962930131217,8.881784197001252e-16,0.005859451,0.023926454
rand_spd,256,635,0.2585694732468703,0.25856947324686935,9.43689570931383e-16,0.005804373,0.024364709
rand_spd,256,636,0.2584811172634244,0.25848111726342354,8.326672684688674e-16,0.005837266,0.025322732
rand_spd,256,637,0.25862064193540696,0.25862064193540607,8.881784197001252e-16,0.005850409,0.02489494
rand_spd,256,638,0.2585281800707792,0.2585281800707783,8.881784197001252e-16,0.005746839,0.02361291
rand_spd,256,639,0.25846608649777614,0.25846608649777525,8.881784197001252e-16,0.006003994,0.025197328
rand_spd,256,640,0.25839323635534245,0.25839323635534156,8.881784197001252e-16,0.007644732,0.030533519
rand_spd,256,641,0.25843363174227596,0.258433631742275,9.43689570931383e-16,0.005817509,0.024918579
rand_spd,256,642,0.2582111659719224,0.25821116597192156,8.326672684688674e-16,0.005895547,0.024564238
rand_spd,256,643,0.25837694915149106,0.2583769491514902,8.881784197001252e-16,0.005719634,0.025423856
rand_spd,256,644,0.25839768119769246,0.2583976811976916,8.881784197001252e-16,0.005930281,0.026051538
rand_spd,256,645,0.25835668697876923,0.25835668697876835,8.881784197001252e-16,0.005752718,0.026130615
rand_spd,256,646,0.2586907355074223,0.2586907355074214,8.881784197001252e-16,0.005773261,0.026749834
rand_spd,256,647,0.25828387148953763,0.25828387148953674,8.881784197001252e-16,0.005804991,0.025794048
rand_spd,256,648,0.25867498127683686,0.2586749812768359,9.43689570931383e-16,0.005872808,0.026934612
rand_spd,256,649,0.2582277011051543,0.2582277011051535,8.326672684688674e-16,0.005741395,0.026749254
rand_spd,256,650,0.25860723788987394,0.258607237889873,9.43689570931383e-16,0.005820795,0.025933349
rand_spd,256,651,0.25847680380214955,0.2584768038021486,9.43689570931383e-16,0.005776073,0.02598016
rand_spd,256,652,0.2583808357817293,0.2583808357817284,9.43689570931383e-16,0.005699314,0.022251931
rand_spd,256,653,0.2583310517548636,0.2583310517548627,8.881784197001252e-16,0.005801769,0.025703717
rand_spd,256,654,0.2584901561083609,0.25849015610836,8.881784197001252e-16,0.005794913,0.025920085
rand_spd,256,655,0.25829114945717807,0.2582911494571772,8.881784197001252e-16,0.007816884,0.027896449
rand_spd,256,656,0.25866161686688,0.258661616866879,9.992007221626409e-16,0.007774331,0.026855481
rand_spd,256,657,0.2584306109624968,0.2584306109624959,8.881784197001252e-16,0.005840319,0.025383674
rand_spd,256,658,0.2582756220817611,0.2582756220817602,8.881784197001252e-16,0.005803727,0.025789109
rand_spd,256,659,0.25836562342214475,0.25836562342214386,8.881784197001252e-16,0.006004928,0.025850112
rand_spd,256,660,0.25839865822586255,0.25839865822586167,8.881784197001252e-16,0.005780293,0.027393663
rand_spd,256,661,0.25835038570100943,0.2583503857010086,8.326672684688674e-16,0.005795698,0.024243094
rand_spd,256,662,0.2585393108572518,0.25853931085725085,9.43689570931383e-16,0.005820866,0.025822539
rand_spd,256,663,0.25848217218375363,0.25848217218375275,8.881784197001252e-16,0.005745752,0.025998799
rand_spd,256,664,0.2583578201702915,0.25835782017029063,8.881784197001252e-16,0.005732289,0.021713782
rand_spd,256,665,0.25824022411124914,0.25824022411124825,8.881784197001252e-16,0.00580949,0.025324634
rand_spd,256,666,0.2584854073552261,0.25848540735522524,8.881784197001252e-16,0.008509287,0.025698964
rand_spd,256,667,0.25851815733382555,0.25851815733382466,8.881784197001252e-16,0.0060505,0.025027515
rand_spd,256,668,0.25852165365016194,0.25852165365016105,8.881784197001252e-16,0.005779508,0.024703845
rand_spd,256,669,0.2588338701949315,0.2588338701949306,8.881784197001252e-16,0.005899721,0.024705314
rand_spd,256,670,0.25836610694423706,0.2583661069442362,8.881784197001252e-16,0.005756332,0.025650008
rand_spd,256,671,0.25850044997909016,0.2585004499790893,8.881784197001252e-16,0.005831458,0.025833253
rand_spd,256,672,0.2584085484989624,0.2584085484989615,8.881784197001252e-16,0.005869165,0.025916784
rand_spd,256,673,0.25828586994221187,0.258285869942211,8.881784197001252e-16,0.005924717,0.024433468
rand_spd,256,674,0.2587617125120477,0.2587617125120469,8.326672684688674e-16,0.005947919,0.026956737
rand_spd,256,675,0.25857104216365945,0.25857104216365856,8.881784197001252e-16,0.005828115,0.024025025
rand_spd,256,676,0.2585619785472946,0.25856197854729374,8.881784197001252e-16,0.005776286,0.025824876
rand_spd,256,677,0.25829559968172994,0.25829559968172916,7.771561172376096e-16,0.005785694,0.024268918
rand_spd,256,678,0.25821019274517004,0.25821019274516915,8.881784197001252e-16,0.005803735,0.025330601
rand_spd,256,679,0.2585100692815088,0.25851006928150794,8.881784197001252e-16,0.005745749,0.026734999
rand_spd,256,680,0.25837575572874893,0.25837575572874805,8.881784197001252e-16,0.005701098,0.025595838
rand_spd,256,681,0.2586514263266159,0.25865142632661503,8.881784197001252e-16,0.005789142,0.024633429
rand_spd,256,682,0.2585383741004416,0.2585383741004407,8.881784197001252e-16,0.006127592,0.026817679
rand_spd,256,683,0.2584903752575884,0.2584903752575875,8.881784197001252e-16,0.005851123,0.024823485
rand_spd,256,684,0.25831430492100454,0.25831430492100366,8.881784197001252e-16,0.005755792,0.027601017
rand_spd,256,685,0.258476962008069,0.2584769620080682,8.326672684688674e-16,0.005871266,0.024731703
rand_spd,256,686,0.258545965189099,0.25854596518909817,8.326672684688674e-16,0.00587166,0.026651306
rand_spd,256,687,0.2585050182367308,0.2585050182367299,8.881784197001252e-16,0.00606039,0.027145002
rand_spd,256,688,0.2581084577032068,0.25810845770320584,9.43689570931383e-16,0.005774624,0.027636441
rand_spd,256,689,0.25867305568105214,0.2586730556810512,9.43689570931383e-16,0.005718684,0.028571375
rand_spd,256,690,0.2582992014347409,0.25829920143474,8.881784197001252e-16,0.005831527,0.026578453
rand_spd,256,691,0.25837388753951135,0.25837388753951046,8.881784197001252e-16,0.005825962,0.028422056
rand_spd,256,692,0.2584323099708221,0.2584323099708213,8.326672684688674e-16,0.005969091,0.02630841
rand_spd,256,693,0.25838751019070877,0.25838751019070794,8.326672684688674e-16,0.006006748,0.026500313
rand_spd,256,694,0.2581900011395373,0.2581900011395364,8.881784197001252e-16,0.005795262,0.025065449
rand_spd,256,695,0.2586111701337817,0.2586111701337809,8.326672684688674e-16,0.005803219,0.025092871
rand_spd,256,696,0.25854562043063817,0.25854562043063734,8.326672684688674e-16,0.005983405,0.024670917
rand_spd,256,697,0.25850882003888337,0.2585088200388825,8.881784197001252e-16,0.005744902,0.026639467
rand_spd,256,698,0.25828562491609824,0.25828562491609736,8.881784197001252e-16,0.005852119,0.024201222
rand_spd,256,699,0.25849977668615215,0.25849977668615126,8.881784197001252e-16,0.005752037,0.0258589
rand_spd,256,700,0.2581896055064824,0.25818960550648146,9.43689570931383e-16,0.005962596,0.025946663
rand_spd,256,701,0.25833387795081164,0.2583338779508108,8.326672684688674e-16,0.00584055,0.025954776
rand_spd,256,702,0.25855846618902717,0.2585584661890262,9.43689570931383e-16,0.00578049,0.024567851
rand_spd,256,703,0.25844363473092646,0.2584436347309256,8.881784197001252e-16,0.005820349,0.02740113
rand_spd,256,704,0.258261232157203,0.25826123215720215,8.326672684688674e-16,0.008007533,0.030873032
rand_spd,256,705,0.2584695387929089,0.258469538792908,8.881784197001252e-16,0.005826018,0.027392048
rand_spd,256,706,0.2583803066199164,0.2583803066199155,8.881784197001252e-16,0.00585599,0.027026833
rand_spd,256,707,0.2585299743815888,0.2585299743815879,8.881784197001252e-16,0.005772725,0.025884183
rand_spd,256,708,0.25830856631191074,0.25830856631190985,8.881784197001252e-16,0.006422024,0.025846351
rand_spd,256,709,0.25836917377370555,0.25836917377370466,8.881784197001252e-16,0.005813846,0.026405816
rand_spd,256,710,0.25853645899139144,0.25853645899139055,8.881784197001252e-16,0.005778262,0.025087428
rand_spd,256,711,0.258450610032782,0.2584506100327811,9.43689570931383e-16,0.005789183,0.025668624
rand_spd,256,712,0.25848465669482873,0.25848465669482784,8.881784197001252e-16,0.00575703,0.025075718
rand_spd,256,713,0.25832565430506577,0.2583256543050649,8.881784197001252e-16,0.013046088,0.051836098
rand_spd,256,714,0.25853481646286625,0.25853481646286536,8.881784197001252e-16,0.013344859,0.041930998
rand_spd,256,715,0.25826972156168004,0.2582697215616792,8.326672684688674e-16,0.013012185,0.051586517
rand_spd,256,716,0.2585377362404438,0.2585377362404429,8.881784197001252e-16,0.012912663,0.051152565
rand_spd,256,717,0.25842080953176233,0.2584208095317615,8.326672684688674e-16,0.005690321,0.026447184
rand_spd,256,718,0.2580723769583648,0.25807237695836394,8.881784197001252e-16,0.005834414,0.025628924
rand_spd,256,719,0.2582679289334306,0.2582679289334297,8.881784197001252e-16,0.00580603,0.026605814
rand_spd,256,720,0.2584292621945399,0.258429262194539,8.881784197001252e-16,0.005953853,0.026293742
rand_spd,256,721,0.25835367376761614,0.2583536737676152,9.43689570931383e-16,0.012995807,0.057655166
rand_spd,256,722,0.25836867919418466,0.25836867919418377,8.881784197001252e-16,0.00886008,0.026576223
rand_spd,256,723,0.2582879662348328,0.2582879662348319,8.881784197001252e-16,0.005951331,0.027654993
rand_spd,256,724,0.2584493768032992,0.25844937680329844,7.771561172376096e-16,0.005737835,0.027040844
rand_spd,256,725,0.25825705691861284,0.258257056918612,8.326672684688674e-16,0.006009993,0.025809686
rand_spd,256,726,0.25827493237200533,0.25827493237200444,8.881784197001252e-16,0.005805771,0.025716007
rand_spd,256,727,0.25840991347901304,0.2584099134790121,9.43689570931383e-16,0.005800208,0.026419767
rand_spd,256,728,0.25842826061745955,0.25842826061745866,8.881784197001252e-16,0.005982398,0.028293995
rand_spd,256,729,0.25835884622491784,0.25835884622491695,8.881784197001252e-16,0.012876114,0.04135323
rand_spd,256,730,0.25818610617246884,0.25818610617246796,8.881784197001252e-16,0.005857435,0.026856169
rand_spd,256,731,0.2586086651624189,0.25860866516241804,8.881784197001252e-16,0.005849686,0.02602693
rand_spd,256,732,0.2582542670211058,0.258254267021105,8.326672684688674e-16,0.005807738,0.025964797
rand_spd,256,733,0.2585103525747275,0.2585103525747266,8.881784197001252e-16,0.005738179,0.028724406
rand_spd,256,734,0.2583879877810948,0.25838798778109384,9.43689570931383e-16,0.00583479,0.026709825
rand_spd,256,735,0.2585055876405341,0.2585055876405332,8.881784197001252e-16,0.006217255,0.026867795
rand_spd,256,736,0.2582482641084754,0.2582482641084745,8.881784197001252e-16,0.005772446,0.02529119
rand_spd,256,737,0.2585479815832245,0.2585479815832236,8.881784197001252e-16,0.005779621,0.026107071
rand_spd,256,738,0.25829408159938655,0.25829408159938566,8.881784197001252e-16,0.006027979,0.026300913
rand_spd,256,739,0.258468848107658,0.25846884810765713,8.881784197001252e-16,0.00581807,0.025673757
rand_spd,256,740,0.2582853671937193,0.2582853671937184,8.881784197001252e-16,0.005800651,0.026451928
rand_spd,256,741,0.2585160888331361,0.2585160888331351,9.992007221626409e-16,0.005905748,0.025329532
rand_spd,256,742,0.2583841065076324,0.2583841065076315,8.881784197001252e-16,0.005858381,0.026563872
rand_spd,256,743,0.2583446265653258,0.2583446265653249,8.881784197001252e-16,0.006577322,0.02600055
rand_spd,256,744,0.2585819712909569,0.258581971290956,8.881784197001252e-16,0.005825178,0.026369097
rand_spd,256,745,0.25861085695091696,0.258610856950916,9.43689570931383e-16,0.005926821,0.026772546
rand_spd,256,746,0.25844288126326137,0.2584428812632605,8.881784197001252e-16,0.005850713,0.02629173
rand_spd,256,747,0.25856294850255357,0.2585629485025527,8.881784197001252e-16,0.005819093,0.024067619
rand_spd,256,748,0.2586899268094134,0.2586899268094125,8.881784197001252e-16,0.006030057,0.024786549
rand_spd,256,749,0.2584358013692328,0.2584358013692319,8.881784197001252e-16,0.00576424,0.025818175
rand_spd,256,750,0.258601909944293,0.25860190994429216,8.326672684688674e-16,0.005767525,0.025683795
rand_spd,256,751,0.2585352260281705,0.2585352260281696,8.881784197001252e-16,0.005814391,0.026381239
rand_spd,256,752,0.25842434665441477,0.2584243466544139,8.881784197001252e-16,0.005986526,0.02440568
rand_spd,256,753,0.25863740429498744,0.25863740429498655,8.881784197001252e-16,0.005815611,0.02677276
rand_spd,256,754,0.25823918500777815,0.25823918500777726,8.881784197001252e-16,0.00576492,0.025859684
rand_spd,256,755,0.2583906608007569,0.25839066080075596,9.43689570931383e-16,0.00608103,0.025828015
rand_spd,256,756,0.25839294005386054,0.25839294005385965,8.881784197001252e-16,0.006027683,0.025906932
rand_spd,256,757,0.25834734387734387,0.258347343877343,8.881784197001252e-16,0.005781494,0.026815211
rand_spd,256,758,0.2584125032461196,0.2584125032461187,8.881784197001252e-16,0.00583818,0.026094181
rand_spd,256,759,0.25861415680361455,0.25861415680361366,8.881784197001252e-16,0.005768887,0.025343268
rand_spd,256,760,0.2582885998222564,0.2582885998222555,8.881784197001252e-16,0.005728798,0.02659127
rand_spd,256,761,0.2586027803381606,0.2586027803381597,8.881784197001252e-16,0.005885006,0.026282648
rand_spd,256,762,0.25878641242702377,0.25878641242702277,9.992007221626409e-16,0.005755012,0.026891795
rand_spd,256,763,0.2583263679459524,0.2583263679459515,8.881784197001252e-16,0.005775992,0.025119336
rand_spd,256,764,0.2582294821890403,0.25822948218903946,8.326672684688674e-16,0.005758816,0.026843947
rand_spd,256,765,0.2582715011590049,0.258271501159004,8.881784197001252e-16,0.005833034,0.024475386
rand_spd,256,766,0.25848352268193725,0.25848352268193636,8.881784197001252e-16,0.005812941,0.025969611
rand_spd,256,767,0.2582966413530557,0.2582966413530548,8.881784197001252e-16,0.005773649,0.025000042
rand_spd,256,768,0.25833617609751075,0.25833617609750986,8.881784197001252e-16,0.005812874,0.025807095
rand_spd,256,769,0.25828661922134954,0.2582866192213487,8.326672684688674e-16,0.005746945,0.025835161
rand_spd,256,770,0.25830216938530876,0.2583021693853078,9.43689570931383e-16,0.005826375,0.026242469
rand_spd,256,771,0.2582803907845894,0.25828039078458853,8.881784197001252e-16,0.007922847,0.028845271
rand_spd,256,772,0.25846361371470056,0.25846361371469967,8.881784197001252e-16,0.005875301,0.027030991
rand_spd,256,773,0.258724346200817,0.25872434620081614,8.881784197001252e-16,0.005775713,0.025838139
rand_spd,256,774,0.25837267083012344,0.25837267083012244,9.992007221626409e-16,0.005854025,0.026484417
rand_spd,256,775,0.25840998052251757,0.2584099805225167,8.881784197001252e-16,0.005830477,0.027594792
rand_spd,256,776,0.2583950212712762,0.2583950212712753,9.43689570931383e-16,0.005897134,0.026246299
rand_spd,256,777,0.2585490314939713,0.2585490314939704,8.881784197001252e-16,0.005756495,0.025968601
rand_spd,256,778,0.25830809334753974,0.25830809334753896,7.771561172376096e-16,0.006065937,0.026674009
rand_spd,256,779,0.2581844690068338,0.2581844690068329,8.881784197001252e-16,0.005725306,0.028172631
rand_spd,256,780,0.2584747802500205,0.25847478025001963,8.881784197001252e-16,0.005924846,0.027442159
rand_spd,256,781,0.2584015753981502,0.25840157539814934,8.326672684688674e-16,0.005781261,0.026707101
rand_spd,256,782,0.2585188601450814,0.2585188601450805,8.881784197001252e-16,0.005847423,0.024659124
rand_spd,256,783,0.25856887623517794,0.25856887623517705,8.881784197001252e-16,0.008111546,0.023983611
rand_spd,256,784,0.2584300193612462,0.2584300193612453,8.881784197001252e-16,0.005761953,0.027561211
rand_spd,256,785,0.258508896387798,0.2585088963877971,8.881784197001252e-16,0.006067191,0.027185392
rand_spd,256,786,0.2585211442741451,0.25852114427414424,8.326672684688674e-16,0.005835668,0.026029139
rand_spd,256,787,0.25820635765813876,0.2582063576581379,8.881784197001252e-16,0.005760357,0.026725567
rand_spd,256,788,0.2585399783635079,0.258539978363507,8.881784197001252e-16,0.005815849,0.026959612
rand_spd,256,789,0.2584131009315786,0.2584131009315777,8.881784197001252e-16,0.005748536,0.024762038
rand_spd,256,790,0.2585578454415798,0.2585578454415789,8.881784197001252e-16,0.005813923,0.026608362
rand_spd,256,791,0.2585209543691888,0.2585209543691879,8.881784197001252e-16,0.005820948,0.02612042
rand_spd,256,792,0.25814534083195145,0.25814534083195056,8.881784197001252e-16,0.00584399,0.025597448
rand_spd,256,793,0.2584643729890989,0.258464372989098,8.881784197001252e-16,0.005781102,0.02682079
rand_spd,256,794,0.2583853985102523,0.2583853985102514,8.881784197001252e-16,0.005764483,0.025990977
rand_spd,256,795,0.2585991168181752,0.2585991168181743,8.881784197001252e-16,0.006052483,0.024020909
rand_spd,256,796,0.25880075437584654,0.2588007543758456,9.43689570931383e-16,0.005778819,0.027068428
rand_spd,256,797,0.25845776228920164,0.25845776228920075,8.881784197001252e-16,0.005786351,0.024476523
rand_spd,256,798,0.25839026380769253,0.2583902638076917,8.326672684688674e-16,0.005847366,0.027042581
rand_spd,256,799,0.2582566234367886,0.25825662343678774,8.881784197001252e-16,0.005812653,0.025665752
rand_spd,256,800,0.25857041280827636,0.2585704128082755,8.881784197001252e-16,0.006046397,0.025982619
rand_spd,256,801,0.25820950588256114,0.25820950588256025,8.881784197001252e-16,0.005747039,0.027151763
rand_spd,256,802,0.2583162617972728,0.2583162617972719,8.881784197001252e-16,0.005769357,0.02417302
rand_spd,256,803,0.2584848618080721,0.2584848618080713,8.326672684688674e-16,0.005914433,0.026798684
rand_spd,256,804,0.2584386003745323,0.25843860037453154,7.771561172376096e-16,0.005733724,0.02550443
rand_spd,256,805,0.25833774892904793,0.25833774892904704,8.881784197001252e-16,0.005777128,0.027841981
rand_spd,256,806,0.2583186406592581,0.2583186406592572,8.881784197001252e-16,0.005826304,0.027302613
rand_spd,256,807,0.25838437982598644,0.25838437982598556,8.881784197001252e-16,0.005802088,0.02477724
rand_spd,256,808,0.2583044265422913,0.25830442654229047,8.326672684688674e-16,0.005789381,0.026178008
rand_spd,256,809,0.2583999016280232,0.2583999016280223,8.881784197001252e-16,0.00581168,0.024563094
rand_spd,256,810,0.2584255557520145,0.2584255557520136,8.881784197001252e-16,0.006051145,0.024629927
rand_spd,256,811,0.258711974735853,0.2587119747358521,8.881784197001252e-16,0.005749143,0.027454393
rand_spd,256,812,0.2587152047034012,0.2587152047034003,8.881784197001252e-16,0.005741255,0.024748655
rand_spd,256,813,0.2586566535466128,0.258656653546612,8.326672684688674e-16,0.005842049,0.026967982
rand_spd,256,814,0.25865054099207735,0.25865054099207646,8.881784197001252e-16,0.008652899,0.026177646
rand_spd,256,815,0.2582290523626745,0.25822905236267363,8.881784197001252e-16,0.00584958,0.025679859
rand_spd,256,816,0.25840689880104056,0.2584068988010397,8.881784197001252e-16,0.00583799,0.026625907
rand_spd,256,817,0.25845939095840215,0.25845939095840126,8.881784197001252e-16,0.005747219,0.02616869
rand_spd,256,818,0.2583562983342074,0.25835629833420654,8.881784197001252e-16,0.005858434,0.026717983
rand_spd,256,819,0.2583360509741156,0.2583360509741147,8.881784197001252e-16,0.005777394,0.026243096
rand_spd,256,820,0.2585748660100165,0.2585748660100156,8.881784197001252e-16,0.007863788,0.028683145
rand_spd,256,821,0.2585225876036594,0.25852258760365854,8.881784197001252e-16,0.008162916,0.03148113
rand_spd,256,822,0.25851690604669203,0.25851690604669114,8.881784197001252e-16,0.005799667,0.025976233
rand_spd,256,823,0.25852850868640675,0.2585285086864059,8.326672684688674e-16,0.005850573,0.023748817
rand_spd,256,824,0.25854287891908434,0.25854287891908345,8.881784197001252e-16,0.005785874,0.027718417
rand_spd,256,825,0.2586015727597927,0.25860157275979173,9.43689570931383e-16,0.005885535,0.024617446
rand_spd,256,826,0.2583410065459065,0.25834100654590564,8.881784197001252e-16,0.005846104,0.026666803
rand_spd,256,827,0.25841625920235284,0.25841625920235195,8.881784197001252e-16,0.005766414,0.025763635
rand_spd,256,828,0.2587305503634266,0.25873055036342574,8.881784197001252e-16,0.00582757,0.026222531
rand_spd,256,829,0.2586890266775155,0.2586890266775146,8.881784197001252e-16,0.005746269,0.025915608
rand_spd,256,830,0.25857957128450587,0.258579571284505,8.881784197001252e-16,0.005849262,0.027467263
rand_spd,256,831,0.25827585175278417,0.2582758517527833,8.881784197001252e-16,0.005944518,0.026430089
rand_spd,256,832,0.25837851803552847,0.25837851803552764,8.326672684688674e-16,0.005799581,0.027047051
rand_spd,256,833,0.25851764784206777,0.258517647842067,7.771561172376096e-16,0.005779995,0.02637155
rand_spd,256,834,0.2582684380712747,0.2582684380712737,9.992007221626409e-16,0.005734637,0.026810036
rand_spd,256,835,0.2583846336760198,0.2583846336760189,9.43689570931383e-16,0.005701285,0.027158355
rand_spd,256,836,0.2580043342283634,0.2580043342283625,8.881784197001252e-16,0.00577352,0.025860038
rand_spd,256,837,0.2582113921651132,0.2582113921651123,8.881784197001252e-16,0.005768825,0.027152002
rand_spd,256,838,0.25852633547540427,0.2585263354754033,9.43689570931383e-16,0.006058089,0.025596831
rand_spd,256,839,0.25819914666794,0.25819914666793914,8.881784197001252e-16,0.005861224,0.026150232
rand_spd,256,840,0.2584937221259869,0.25849372212598604,8.881784197001252e-16,0.005756438,0.026601441
rand_spd,256,841,0.2586367112341903,0.2586367112341894,8.881784197001252e-16,0.005811806,0.027546907
rand_spd,256,842,0.258724790111626,0.258724790111625,9.992007221626409e-16,0.00577104,0.026092224
rand_spd,256,843,0.2582770773980728,0.258277077398072,8.326672684688674e-16,0.005822444,0.026327267
rand_spd,256,844,0.2585980876055343,0.2585980876055335,8.326672684688674e-16,0.005779015,0.025865674
rand_spd,256,845,0.2583740105371885,0.2583740105371876,8.881784197001252e-16,0.005750889,0.025606548
rand_spd,256,846,0.2585218784201218,0.258521878420121,8.326672684688674e-16,0.005781276,0.027315489
rand_spd,256,847,0.25831325114545545,0.25831325114545456,8.881784197001252e-16,0.005761833,0.02488556
rand_spd,256,848,0.258331907041686,0.2583319070416851,8.881784197001252e-16,0.005774595,0.025584217
rand_spd,256,849,0.2585366975219084,0.2585366975219075,8.881784197001252e-16,0.005951557,0.025870183
rand_spd,256,850,0.25850534150008925,0.2585053415000883,9.43689570931383e-16,0.00577025,0.026232474
rand_spd,256,851,0.2582047423564587,0.2582047423564578,8.881784197001252e-16,0.005817099,0.025755189
rand_spd,256,852,0.2584081938939331,0.25840819389393227,8.326672684688674e-16,0.005726017,0.027239733
rand_spd,256,853,0.2585045518420364,0.25850455184203547,9.43689570931383e-16,0.005740265,0.025099478
rand_spd,256,854,0.25861712469562,0.2586171246956191,8.881784197001252e-16,0.00577107,0.025566111
rand_spd,256,855,0.2585293010689976,0.2585293010689967,8.881784197001252e-16,0.005736614,0.026047837
rand_spd,256,856,0.25828654149629465,0.25828654149629376,8.881784197001252e-16,0.006008627,0.025932684
rand_spd,256,857,0.25838718154474466,0.2583871815447437,9.43689570931383e-16,0.005799954,0.027215809
rand_spd,256,858,0.25831751800117364,0.25831751800117275,8.881784197001252e-16,0.005839758,0.026280832
rand_spd,256,859,0.2582701698644087,0.2582701698644078,8.881784197001252e-16,0.005915223,0.027223384
rand_spd,256,860,0.25847957916862657,0.2584795791686257,8.881784197001252e-16,0.005767821,0.025500622
rand_spd,256,861,0.258478895404721,0.2584788954047203,7.216449660063518e-16,0.005769355,0.026092754
rand_spd,256,862,0.25859845716939944,0.2585984571693985,9.43689570931383e-16,0.005745138,0.027541688
rand_spd,256,863,0.25822379885493657,0.2582237988549357,8.881784197001252e-16,0.005816507,0.027416402
rand_spd,256,864,0.25810310957651067,0.2581031095765098,8.881784197001252e-16,0.005852907,0.026703647
rand_spd,256,865,0.2583743129321161,0.2583743129321152,8.881784197001252e-16,0.006148319,0.025805204
rand_spd,256,866,0.2584238159168248,0.25842381591682395,8.326672684688674e-16,0.0059396,0.024971864
rand_spd,256,867,0.2586306539203203,0.2586306539203195,8.326672684688674e-16,0.005854177,0.026576228
rand_spd,256,868,0.25845986045948327,0.2584598604594824,8.881784197001252e-16,0.005869751,0.025607888
rand_spd,256,869,0.25852968412414007,0.2585296841241391,9.43689570931383e-16,0.006069125,0.026152244
rand_spd,256,870,0.2584196448825373,0.2584196448825364,9.43689570931383e-16,0.005748438,0.025386449
rand_spd,256,871,0.25841694840430113,0.25841694840430024,8.881784197001252e-16,0.005989681,0.025583129
rand_spd,256,872,0.25852599859346714,0.25852599859346626,8.881784197001252e-16,0.005811952,0.027691893
rand_spd,256,873,0.25846901171595166,0.2584690117159509,7.771561172376096e-16,0.005789736,0.026587407
rand_spd,256,874,0.2583820798716732,0.25838207987167233,8.881784197001252e-16,0.005833127,0.026580727
rand_spd,256,875,0.25853274256945086,0.25853274256944986,9.992007221626409e-16,0.005856071,0.025473773
rand_spd,256,876,0.2583093207679167,0.25830932076791585,8.326672684688674e-16,0.005764198,0.026012111
rand_spd,256,877,0.25808020348361504,0.2580802034836142,8.326672684688674e-16,0.005744192,0.025876013
rand_spd,256,878,0.2586445021124097,0.2586445021124088,8.881784197001252e-16,0.005699634,0.026567171
rand_spd,256,879,0.258530076881859,0.2585300768818581,8.881784197001252e-16,0.006098575,0.026495917
rand_spd,256,880,0.2581986857076034,0.25819868570760246,9.43689570931383e-16,0.005807351,0.026159052
rand_spd,256,881,0.2586067634487172,0.25860676344871636,8.326672684688674e-16,0.005795403,0.025771062
rand_spd,256,882,0.25846170863566514,0.2584617086356643,8.326672684688674e-16,0.006030842,0.026700853
rand_spd,256,883,0.2584884329375022,0.2584884329375013,8.881784197001252e-16,0.005994273,0.026659006
rand_spd,256,884,0.25838652306991855,0.25838652306991766,8.881784197001252e-16,0.005941484,0.025321016
rand_spd,256,885,0.25864369788639024,0.2586436978863893,9.43689570931383e-16,0.005803558,0.026874517
rand_spd,256,886,0.2585748927411075,0.2585748927411066,8.881784197001252e-16,0.005799437,0.027261293
rand_spd,256,887,0.2584565731068164,0.2584565731068155,8.881784197001252e-16,0.005955,0.02598299
rand_spd,256,888,0.25863447383329635,0.2586344738332954,9.43689570931383e-16,0.005860116,0.026784879
rand_spd,256,889,0.25852778566167156,0.25852778566167073,8.326672684688674e-16,0.00582517,0.028643621
rand_spd,256,890,0.2586846903840455,0.25868469038404457,9.43689570931383e-16,0.00581932,0.025954924
rand_spd,256,891,0.25836324319747034,0.25836324319746945,8.881784197001252e-16,0.005794357,0.024057632
rand_spd,256,892,0.2585813331643841,0.25858133316438314,9.43689570931383e-16,0.0058502,0.026910994
rand_spd,256,893,0.2584239071762804,0.25842390717627944,9.43689570931383e-16,0.005803015,0.028620359
rand_spd,256,894,0.25839637170609325,0.2583963717060924,8.326672684688674e-16,0.00581064,0.026246804
rand_spd,256,895,0.2583793415580367,0.2583793415580358,8.881784197001252e-16,0.005797273,0.027316396
rand_spd,256,896,0.25850186008554865,0.2585018600855478,8.326672684688674e-16,0.005806655,0.024410195
rand_spd,256,897,0.25831549550303684,0.25831549550303595,8.881784197001252e-16,0.005778241,0.027092904
rand_spd,256,898,0.2584359598406766,0.2584359598406757,8.881784197001252e-16,0.00587747,0.02817326
rand_spd,256,899,0.2582472126725775,0.2582472126725766,8.881784197001252e-16,0.005746706,0.026368973
rand_spd,256,900,0.25834856653637794,0.258348566536377,9.43689570931383e-16,0.005709208,0.026169586
rand_spd,256,901,0.2586924692137138,0.2586924692137129,8.881784197001252e-16,0.005929698,0.028300197
rand_spd,256,902,0.25830514510232866,0.25830514510232777,8.881784197001252e-16,0.005726794,0.026067552
rand_spd,256,903,0.2585161473596032,0.2585161473596023,8.881784197001252e-16,0.006133547,0.024473156
rand_spd,256,904,0.25846469714014136,0.2584646971401405,8.881784197001252e-16,0.005727267,0.02678273
rand_spd,256,905,0.2585134023822333,0.2585134023822324,8.881784197001252e-16,0.006066966,0.026652776
rand_spd,256,906,0.25837773877214193,0.25837773877214104,8.881784197001252e-16,0.005773726,0.026119658
rand_spd,256,907,0.25824841971459866,0.2582484197145978,8.881784197001252e-16,0.006039879,0.027334856
rand_spd,256,908,0.2582564193806404,0.25825641938063953,8.881784197001252e-16,0.00581964,0.028515887
rand_spd,256,909,0.2583289829127022,0.2583289829127013,8.881784197001252e-16,0.005799592,0.026593717
rand_spd,256,910,0.25837012578073515,0.25837012578073426,8.881784197001252e-16,0.005882187,0.028119733
rand_spd,256,911,0.2585723414954027,0.2585723414954018,8.881784197001252e-16,0.005804002,0.027242257
rand_spd,256,912,0.2587533190907965,0.25875331909079563,8.881784197001252e-16,0.005778871,0.026632598
rand_spd,256,913,0.25852160936840135,0.25852160936840046,8.881784197001252e-16,0.005717184,0.028048573
rand_spd,256,914,0.2584536465832515,0.2584536465832506,8.881784197001252e-16,0.005840101,0.027157333
rand_spd,256,915,0.25832565412032577,0.2583256541203249,8.881784197001252e-16,0.006133611,0.027972663
rand_spd,256,916,0.25846111678322653,0.25846111678322564,8.881784197001252e-16,0.006093108,0.027148672
rand_spd,256,917,0.25865065184362546,0.2586506518436245,9.43689570931383e-16,0.005776293,0.02656518
rand_spd,256,918,0.25821816745132636,0.2582181674513255,8.881784197001252e-16,0.005873806,0.027356437
rand_spd,256,919,0.25840929491740233,0.25840929491740144,8.881784197001252e-16,0.005735485,0.027097924
rand_spd,256,920,0.25826224176935836,0.2582622417693576,7.771561172376096e-16,0.005803219,0.025989908
rand_spd,256,921,0.25830273609526394,0.25830273609526305,8.881784197001252e-16,0.005795661,0.026722392
rand_spd,256,922,0.2590608982868648,0.2590608982868639,8.881784197001252e-16,0.005998138,0.026232782
rand_spd,256,923,0.25850058717219704,0.2585005871721961,9.43689570931383e-16,0.005734209,0.026135674
rand_spd,256,924,0.25839908093979147,0.2583990809397905,9.43689570931383e-16,0.005857475,0.026526923
rand_spd,256,925,0.25859210430444146,0.2585921043044406,8.881784197001252e-16,0.005828729,0.027099764
rand_spd,256,926,0.2583669750632587,0.2583669750632578,8.881784197001252e-16,0.005840548,0.028245749
rand_spd,256,927,0.25845107844546816,0.2584510784454673,8.881784197001252e-16,0.007697476,0.027264323
rand_spd,256,928,0.25878650797788244,0.25878650797788155,8.881784197001252e-16,0.005772917,0.028024666
rand_spd,256,929,0.2584850900288855,0.2584850900288847,7.771561172376096e-16,0.005808194,0.02799629
rand_spd,256,930,0.2586745444380784,0.2586745444380775,8.881784197001252e-16,0.005836162,0.028558153
rand_spd,256,931,0.2585317679569649,0.25853176795696403,8.881784197001252e-16,0.005959031,0.026617195
rand_spd,256,932,0.25837072058153676,0.2583707205815358,9.43689570931383e-16,0.005753689,0.026202994
rand_spd,256,933,0.2583716020134512,0.2583716020134503,9.43689570931383e-16,0.006000738,0.026323133
rand_spd,256,934,0.25835008910726487,0.258350089107264,8.881784197001252e-16,0.005771802,0.028235996
rand_spd,256,935,0.25875610038886615,0.25875610038886526,8.881784197001252e-16,0.00597089,0.026315232
rand_spd,256,936,0.2580677737160607,0.2580677737160598,8.881784197001252e-16,0.005767825,0.027039565
rand_spd,256,937,0.2586742678222221,0.2586742678222212,8.881784197001252e-16,0.005852194,0.025913921
rand_spd,256,938,0.25813589523008706,0.2581358952300862,8.881784197001252e-16,0.006049423,0.025922982
rand_spd,256,939,0.2584435078270115,0.2584435078270106,8.881784197001252e-16,0.005745304,0.028498403
rand_spd,256,940,0.25861547708782245,0.25861547708782157,8.881784197001252e-16,0.006091531,0.026941809
rand_spd,256,941,0.25861209496455734,0.25861209496455645,8.881784197001252e-16,0.005812083,0.029625785
rand_spd,256,942,0.258350178271455,0.2583501782714542,8.326672684688674e-16,0.006166062,0.027413612
rand_spd,256,943,0.25832079897868154,0.25832079897868065,8.881784197001252e-16,0.005859719,0.026405834
rand_spd,256,944,0.2585315804240644,0.2585315804240635,8.881784197001252e-16,0.006001029,0.027752916
rand_spd,256,945,0.2585061884985204,0.2585061884985196,8.326672684688674e-16,0.005818143,0.027708621
rand_spd,256,946,0.2584040012258564,0.2584040012258555,8.881784197001252e-16,0.005790041,0.026848921
rand_spd,256,947,0.2583770341321572,0.2583770341321563,8.881784197001252e-16,0.006054165,0.028571372
rand_spd,256,948,0.2583596100722558,0.2583596100722549,8.881784197001252e-16,0.005868779,0.028334823
rand_spd,256,949,0.25834868276727924,0.25834868276727835,8.881784197001252e-16,0.005785219,0.026023343
rand_spd,256,950,0.258457536756693,0.2584575367566921,8.881784197001252e-16,0.006153176,0.028140879
rand_spd,256,951,0.2583635385882648,0.2583635385882639,8.881784197001252e-16,0.005836035,0.026884399
rand_spd,256,952,0.2585236655063921,0.2585236655063912,8.881784197001252e-16,0.00583852,0.028691544
rand_spd,256,953,0.25835387414550454,0.25835387414550376,7.771561172376096e-16,0.006062613,0.027219855
rand_spd,256,954,0.2584492047948857,0.2584492047948848,8.881784197001252e-16,0.005924975,0.027350829
rand_spd,256,955,0.25857709224844033,0.25857709224843944,8.881784197001252e-16,0.005843484,0.027234109
rand_spd,256,956,0.25858602220304394,0.25858602220304305,8.881784197001252e-16,0.005783962,0.026819179
rand_spd,256,957,0.2584506315246792,0.25845063152467834,8.326672684688674e-16,0.005875924,0.025734914
rand_spd,256,958,0.2581573102823446,0.25815731028234373,8.881784197001252e-16,0.005995397,0.026488282
rand_spd,256,959,0.2585172066958369,0.25851720669583605,8.326672684688674e-16,0.006093896,0.027465556
rand_spd,256,960,0.2583733595779671,0.2583733595779662,8.881784197001252e-16,0.008225158,0.028125155
rand_spd,256,961,0.2584997239410806,0.25849972394107973,8.881784197001252e-16,0.005710567,0.025979355
rand_spd,256,962,0.2582509813496478,0.25825098134964697,8.326672684688674e-16,0.005853571,0.025963426
rand_spd,256,963,0.25827463607423634,0.25827463607423545,8.881784197001252e-16,0.005756099,0.025006304
rand_spd,256,964,0.2587436673945794,0.2587436673945785,8.881784197001252e-16,0.005809974,0.026772485
rand_spd,256,965,0.2584537588253449,0.258453758825344,8.881784197001252e-16,0.005995532,0.025359858
rand_spd,256,966,0.25825844040081575,0.25825844040081486,8.881784197001252e-16,0.005748499,0.027265502
rand_spd,256,967,0.2583757409210602,0.2583757409210593,8.881784197001252e-16,0.005902131,0.027519895
rand_spd,256,968,0.25859428913918375,0.25859428913918286,8.881784197001252e-16,0.005748905,0.026064034
rand_spd,256,969,0.25843229750249014,0.25843229750248925,8.881784197001252e-16,0.005717186,0.027724339
rand_spd,256,970,0.2585965110749773,0.2585965110749764,8.881784197001252e-16,0.005978086,0.028964999
rand_spd,256,971,0.25865427418823417,0.2586542741882333,8.881784197001252e-16,0.005786565,0.02722179
rand_spd,256,972,0.2585173586635309,0.2585173586635301,8.326672684688674e-16,0.006075931,0.029017869
rand_spd,256,973,0.2584184452130945,0.2584184452130936,8.881784197001252e-16,0.005914094,0.027135092
rand_spd,256,974,0.2584656226513404,0.25846562265133943,9.43689570931383e-16,0.005813451,0.029569054
rand_spd,256,975,0.25818017396678633,0.25818017396678544,8.881784197001252e-16,0.005861879,0.027099971
rand_spd,256,976,0.25830169738548925,0.25830169738548836,8.881784197001252e-16,0.005822925,0.02735506
rand_spd,256,977,0.25847730359628635,0.25847730359628546,8.881784197001252e-16,0.005799244,0.028275639
rand_spd,256,978,0.2584185702736718,0.25841857027367093,8.881784197001252e-16,0.005738023,0.028985388
rand_spd,256,979,0.2582895218263411,0.25828952182634024,8.326672684688674e-16,0.006040711,0.027160088
rand_spd,256,980,0.2584005149170894,0.2584005149170885,8.881784197001252e-16,0.005900469,0.028590148
rand_spd,256,981,0.2585387274072776,0.25853872740727674,8.881784197001252e-16,0.005787991,0.027508968
rand_spd,256,982,0.2583528259868931,0.2583528259868923,7.771561172376096e-16,0.005967637,0.028174958
rand_spd,256,983,0.258511838476531,0.2585118384765301,8.881784197001252e-16,0.006929474,0.02532759
rand_spd,256,984,0.25858070279097983,0.25858070279097894,8.881784197001252e-16,0.006925673,0.027164155
rand_spd,256,985,0.2584771718555687,0.2584771718555678,8.881784197001252e-16,0.007058503,0.029216628
rand_spd,256,986,0.2585444708648325,0.2585444708648316,8.881784197001252e-16,0.005879186,0.024437289
rand_spd,256,987,0.25854621730660016,0.25854621730659927,8.881784197001252e-16,0.00587782,0.028043955
rand_spd,256,988,0.25838819152420467,0.2583881915242038,8.881784197001252e-16,0.007035231,0.02713777
rand_spd,256,989,0.2585391408069538,0.25853914080695284,9.43689570931383e-16,0.005800765,0.028636538
rand_spd,256,990,0.25855659526031344,0.25855659526031255,8.881784197001252e-16,0.00620747,0.02912686
rand_spd,256,991,0.25872289608955545,0.25872289608955457,8.881784197001252e-16,0.005753004,0.027138512
rand_spd,256,992,0.2586847797177894,0.2586847797177885,8.881784197001252e-16,0.005809,0.026249901
rand_spd,256,993,0.25829550899606396,0.2582955089960631,8.881784197001252e-16,0.005806664,0.026267557
rand_spd,256,994,0.2584993824686616,0.2584993824686607,8.881784197001252e-16,0.006129954,0.026630395
rand_spd,256,995,0.2584226482468805,0.2584226482468796,8.881784197001252e-16,0.006000197,0.026498189
rand_spd,256,996,0.25836522189115513,0.25836522189115424,8.881784197001252e-16,0.00580444,0.026541784
rand_spd,256,997,0.258459745480738,0.2584597454807371,9.43689570931383e-16,0.005852593,0.027031129
rand_spd,256,998,0.258672438971376,0.2586724389713751,8.881784197001252e-16,0.006056122,0.026863834
rand_spd,256,999,0.2581748730306485,0.2581748730306476,8.881784197001252e-16,0.005991737,0.028031983
rand_spd,256,1000,0.2584316799709037,0.25843167997090283,8.881784197001252e-16,0.005785621,0.028324003
rand_spd,1024,1,0.2537000439157123,0.25370004391570417,8.1601392309949e-15,0.032572947,0.114808268
rand_spd,1024,2,0.25360694154269897,0.2536069415426908,8.1601392309949e-15,0.031634102,0.114842559
rand_spd,1024,3,0.25349993156438544,0.2534999315643773,8.1601392309949e-15,0.038114649,0.109713617
rand_spd,1024,4,0.25354921110995765,0.2535492111099494,8.271161533457416e-15,0.032575356,0.110003276
rand_spd,1024,5,0.2535123465540998,0.25351234655409166,8.1601392309949e-15,0.032266607,0.106756402
rand_spd,1024,6,0.2536032273165391,0.25360322731653095,8.1601392309949e-15,0.03223986,0.106711163
rand_spd,1024,7,0.25367491864525377,0.2536749186452456,8.1601392309949e-15,0.036458842,0.114731047
rand_spd,1024,8,0.25368900445698367,0.2536890044569755,8.1601392309949e-15,0.032309538,0.112287722
rand_spd,1024,9,0.25359586131815415,0.253595861318146,8.1601392309949e-15,0.03226044,0.105122062
rand_spd,1024,10,0.25351877446304383,0.2535187744630356,8.215650382226158e-15,0.032962109,0.111063496
rand_spd,1024,11,0.2536773484614599,0.25367734846145173,8.1601392309949e-15,0.031694092,0.112656168
rand_spd,1024,12,0.25366049844100796,0.25366049844099986,8.104628079763643e-15,0.03282136,0.115905289
rand_spd,1024,13,0.25348364717973376,0.2534836471797256,8.1601392309949e-15,0.032572065,0.108868053
rand_spd,1024,14,0.2535878270923391,0.253587827092331,8.104628079763643e-15,0.032386575,0.112421644
rand_spd,1024,15,0.2536152129113455,0.2536152129113374,8.104628079763643e-15,0.032486867,0.112586234
rand_spd,1024,16,0.25352174244365194,0.25352174244364384,8.104628079763643e-15,0.031963778,0.10610797
rand_spd,1024,17,0.25374816506835723,0.253748165068349,8.215650382226158e-15,0.031610978,0.106977058
rand_spd,1024,18,0.2535606423669416,0.2535606423669335,8.104628079763643e-15,0.031949565,0.11082056
rand_spd,1024,19,0.2536457694876535,0.2536457694876452,8.271161533457416e-15,0.032751357,0.111195693
rand_spd,1024,20,0.2532888370563509,0.2532888370563427,8.215650382226158e-15,0.032199536,0.106314718
rand_spd,1024,21,0.25354985640668787,0.2535498564066797,8.1601392309949e-15,0.032200701,0.102419089
rand_spd,1024,22,0.25360755928716655,0.25360755928715834,8.215650382226158e-15,0.031813623,0.111829952
rand_spd,1024,23,0.2534537157082463,0.25345371570823805,8.271161533457416e-15,0.031628883,0.101997941
rand_spd,1024,24,0.25364637035408705,0.25364637035407883,8.215650382226158e-15,0.031289668,0.110405769
rand_spd,1024,25,0.25352839171545366,0.25352839171544556,8.104628079763643e-15,0.032403582,0.101796057
rand_spd,1024,26,0.25354080963962206,0.25354080963961384,8.215650382226158e-15,0.032237062,0.108840396
rand_spd,1024,27,0.2535231996486671,0.25352319964865894,8.1601392309949e-15,0.033141145,0.112710491
rand_spd,1024,28,0.25369720471193197,0.2536972047119238,8.1601392309949e-15,0.033601315,0.112860488
rand_spd,1024,29,0.25340231754237147,0.25340231754236336,8.104628079763643e-15,0.032393164,0.109547247
rand_spd,1024,30,0.2536263768257953,0.2536263768257872,8.104628079763643e-15,0.032603754,0.103962699
rand_spd,1024,31,0.25360783577850105,0.25360783577849283,8.215650382226158e-15,0.032053291,0.109722119
rand_spd,1024,32,0.25367351015316847,0.25367351015316036,8.104628079763643e-15,0.033461137,0.112525865
rand_spd,1024,33,0.25364239110901465,0.2536423911090065,8.1601392309949e-15,0.032182207,0.112458628
rand_spd,1024,34,0.2536273380847325,0.2536273380847243,8.1601392309949e-15,0.032204094,0.112000392
rand_spd,1024,35,0.25378277721117104,0.2537827772111629,8.1601392309949e-15,0.032468129,0.106080364
rand_spd,1024,36,0.2535023626602328,0.25350236266022463,8.1601392309949e-15,0.033405004,0.10934382
rand_spd,1024,37,0.2536940089293246,0.2536940089293165,8.104628079763643e-15,0.03234077,0.111943347
rand_spd,1024,38,0.25353386553037055,0.25353386553036233,8.215650382226158e-15,0.032358544,0.111380557
rand_spd,1024,39,0.25357241940478886,0.2535724194047806,8.271161533457416e-15,0.032365457,0.109436903
rand_spd,1024,40,0.25362800511987416,0.253628005119866,8.1601392309949e-15,0.032067963,0.105667516
rand_spd,1024,41,0.2535084855800992,0.25350848558009104,8.1601392309949e-15,0.031760443,0.109335798
rand_spd,1024,42,0.2536114211060896,0.25361142110608137,8.215650382226158e-15,0.032183498,0.113086512
rand_spd,1024,43,0.25354980668066474,0.2535498066806564,8.326672684688674e-15,0.03263965,0.103224646
rand_spd,1024,44,0.25351101726747155,0.25351101726746333,8.215650382226158e-15,0.032523229,0.111795884
rand_spd,1024,45,0.253671103378491,0.2536711033784828,8.215650382226158e-15,0.032763554,0.108808515
rand_spd,1024,46,0.2536550600015083,0.2536550600015001,8.1601392309949e-15,0.032605896,0.106943492
rand_spd,1024,47,0.25351317508955346,0.2535131750895453,8.1601392309949e-15,0.032098825,0.110660593
rand_spd,1024,48,0.25368665035957566,0.25368665035956744,8.215650382226158e-15,0.031553043,0.113343161
rand_spd,1024,49,0.25362049520922586,0.25362049520921776,8.104628079763643e-15,0.03231023,0.111225439
rand_spd,1024,50,0.2535328756646315,0.2535328756646233,8.215650382226158e-15,0.032660346,0.108647778
rand_spd,1024,51,0.25341998976064267,0.25341998976063446,8.215650382226158e-15,0.03272522,0.113606804
rand_spd,1024,52,0.2534969991120747,0.2534969991120666,8.104628079763643e-15,0.033675897,0.110596038
rand_spd,1024,53,0.25353242627778844,0.2535324262777802,8.215650382226158e-15,0.03219981,0.11030158
rand_spd,1024,54,0.2535778743966298,0.25357787439662155,8.271161533457416e-15,0.032109584,0.110165901
rand_spd,1024,55,0.2536600899617218,0.2536600899617136,8.215650382226158e-15,0.03210542,0.109517075
rand_spd,1024,56,0.25375049034385744,0.2537504903438493,8.1601392309949e-15,0.03194223,0.106511192
rand_spd,1024,57,0.2536974724929369,0.2536974724929287,8.215650382226158e-15,0.031540049,0.108077576
rand_spd,1024,58,0.25366006795635715,0.25366006795634904,8.104628079763643e-15,0.03200707,0.109086065
rand_spd,1024,59,0.2535361918148747,0.25353619181486653,8.1601392309949e-15,0.032328522,0.107994909
rand_spd,1024,60,0.25331700627460896,0.2533170062746008,8.1601392309949e-15,0.031922538,0.109069401
rand_spd,1024,61,0.25380315630834027,0.2538031563083321,8.1601392309949e-15,0.032087137,0.109733069
rand_spd,1024,62,0.2536220340723488,0.2536220340723406,8.215650382226158e-15,0.032110437,0.107744345
rand_spd,1024,63,0.25365796559993964,0.2536579655999314,8.215650382226158e-15,0.031751267,0.112842808
rand_spd,1024,64,0.25367624105637293,0.2536762410563648,8.104628079763643e-15,0.032014552,0.103018278
rand_spd,1024,65,0.2537865481200894,0.2537865481200812,8.1601392309949e-15,0.031722302,0.105036129
rand_spd,1024,66,0.2535959965070211,0.25359599650701287,8.215650382226158e-15,0.03178548,0.103168553
rand_spd,1024,67,0.253727771069511,0.2537277710695028,8.215650382226158e-15,0.03177971,0.109910123
rand_spd,1024,68,0.2535572738263921,0.2535572738263839,8.215650382226158e-15,0.03201294,0.104311184
rand_spd,1024,69,0.25359702756331776,0.2535970275633096,8.1601392309949e-15,0.032466927,0.10800172
rand_spd,1024,70,0.25354984793011565,0.25354984793010754,8.104628079763643e-15,0.033002286,0.108020805
rand_spd,1024,71,0.253523132966793,0.25352313296678486,8.1601392309949e-15,0.032616328,0.114530972
rand_spd,1024,72,0.2535705469693182,0.2535705469693101,8.104628079763643e-15,0.032868776,0.105535637
rand_spd,1024,73,0.25362961804867656,0.25362961804866835,8.215650382226158e-15,0.031935657,0.106550386
rand_spd,1024,74,0.25378235205376215,0.25378235205375393,8.215650382226158e-15,0.032312237,0.106170222
rand_spd,1024,75,0.2536445534175365,0.25364455341752834,8.1601392309949e-15,0.03257457,0.114315938
rand_spd,1024,76,0.25357091022354267,0.2535709102235345,8.1601392309949e-15,0.031930508,0.108241459
rand_spd,1024,77,0.2535588017741229,0.2535588017741148,8.104628079763643e-15,0.031901429,0.110153906
rand_spd,1024,78,0.25349237363318416,0.25349237363317595,8.215650382226158e-15,0.03202123,0.109248899
rand_spd,1024,79,0.2537061491847101,0.25370614918470197,8.104628079763643e-15,0.032904163,0.114792847
rand_spd,1024,80,0.2535448442654042,0.25354484426539603,8.1601392309949e-15,0.032590403,0.106582948
rand_spd,1024,81,0.2536166866349611,0.2536166866349529,8.215650382226158e-15,0.032248287,0.1123981
rand_spd,1024,82,0.2536856547421975,0.25368565474218935,8.1601392309949e-15,0.031863492,0.110022719
rand_spd,1024,83,0.2536586050614826,0.2536586050614745,8.104628079763643e-15,0.032105439,0.107341994
rand_spd,1024,84,0.25362055195047095,0.2536205519504628,8.1601392309949e-15,0.032621552,0.109343427
rand_spd,1024,85,0.2537182339721007,0.2537182339720926,8.104628079763643e-15,0.032609633,0.110748879
rand_spd,1024,86,0.25362622321599476,0.25362622321598666,8.104628079763643e-15,0.031975939,0.112670247
rand_spd,1024,87,0.2534746560433016,0.2534746560432935,8.104628079763643e-15,0.032229819,0.108050174
rand_spd,1024,88,0.25364493744763306,0.2536449374476249,8.1601392309949e-15,0.03197372,0.113373778
rand_spd,1024,89,0.25367613176244946,0.2536761317624413,8.1601392309949e-15,0.032770466,0.109094965
rand_spd,1024,90,0.25357211343036273,0.2535721134303545,8.215650382226158e-15,0.03216341,0.10776372
rand_spd,1024,91,0.25355653026394254,0.25355653026393427,8.271161533457416e-15,0.032540555,0.106443746
rand_spd,1024,92,0.25349561001146187,0.25349561001145365,8.215650382226158e-15,0.03216035,0.107947379
rand_spd,1024,93,0.25358642828299843,0.2535864282829903,8.1601392309949e-15,0.032839644,0.110244734
rand_spd,1024,94,0.25369276519060674,0.25369276519059863,8.104628079763643e-15,0.033431258,0.098792737
rand_spd,1024,95,0.25369950090294097,0.2536995009029328,8.1601392309949e-15,0.031734321,0.113710038
rand_spd,1024,96,0.2536665121346656,0.2536665121346575,8.104628079763643e-15,0.032396084,0.111142846
rand_spd,1024,97,0.2535778894028751,0.253577889402867,8.104628079763643e-15,0.031839421,0.108007864
rand_spd,1024,98,0.2536643719866174,0.2536643719866092,8.215650382226158e-15,0.033066168,0.102866548
rand_spd,1024,99,0.25354236492763443,0.25354236492762633,8.104628079763643e-15,0.031957595,0.113509972
rand_spd,1024,100,0.2536637264261247,0.2536637264261166,8.104628079763643e-15,0.03220556,0.123946884
rand_spd,1024,101,0.25353355159283864,0.2535335515928305,8.1601392309949e-15,0.032392428,0.125754192
rand_spd,1024,102,0.2535363604676774,0.25353636046766925,8.1601392309949e-15,0.032732951,0.109705981
rand_spd,1024,103,0.25372026675884923,0.25372026675884113,8.104628079763643e-15,0.032940321,0.108607613
rand_spd,1024,104,0.2535594638965321,0.25355946389652395,8.1601392309949e-15,0.031532707,0.114067374
rand_spd,1024,105,0.2535210922692349,0.25352109226922676,8.1601392309949e-15,0.032585326,0.104463379
rand_spd,1024,106,0.25342988485598433,0.253429884855976,8.326672684688674e-15,0.032445016,0.107703032
rand_spd,1024,107,0.2535682553599831,0.2535682553599749,8.215650382226158e-15,0.032609469,0.113311575
rand_spd,1024,108,0.2534865591696234,0.2534865591696153,8.104628079763643e-15,0.032765872,0.110483472
rand_spd,1024,109,0.25340894986059476,0.25340894986058665,8.104628079763643e-15,0.032709971,0.107793811
rand_spd,1024,110,0.253403377877055,0.25340337787704686,8.1601392309949e-15,0.032225097,0.112879907
rand_spd,1024,111,0.2536158339790684,0.25361583397906023,8.1601392309949e-15,0.032521198,0.109251213
rand_spd,1024,112,0.2536480616289563,0.2536480616289482,8.104628079763643e-15,0.031934206,0.116418372
rand_spd,1024,113,0.2535351451289219,0.2535351451289138,8.104628079763643e-15,0.032156345,0.108612156
rand_spd,1024,114,0.2535722354727269,0.2535722354727188,8.104628079763643e-15,0.034460872,0.112226857
rand_spd,1024,115,0.2534657450250209,0.25346574502501273,8.1601392309949e-15,0.032535783,0.118581509
rand_spd,1024,116,0.2536781814235191,0.25367818142351095,8.1601392309949e-15,0.031761819,0.110673316
rand_spd,1024,117,0.25358075188468093,0.25358075188467283,8.104628079763643e-15,0.032287828,0.110510498
rand_spd,1024,118,0.2536065071415985,0.2536065071415903,8.215650382226158e-15,0.03311694,0.119139881
rand_spd,1024,119,0.2535283219930301,0.25352832199302194,8.1601392309949e-15,0.032387221,0.104867762
rand_spd,1024,120,0.2535237922365004,0.2535237922364923,8.104628079763643e-15,0.032332493,0.109514941
rand_spd,1024,121,0.2536530273675654,0.2536530273675572,8.215650382226158e-15,0.032899236,0.109291783
rand_spd,1024,122,0.2536129221567776,0.2536129221567695,8.104628079763643e-15,0.032531345,0.107322218
rand_spd,1024,123,0.25354294089456975,0.2535429408945616,8.1601392309949e-15,0.032472998,0.1072384
rand_spd,1024,124,0.25365399574476216,0.253653995744754,8.1601392309949e-15,0.03275201,0.111849571
rand_spd,1024,125,0.2533656695046402,0.253365669504632,8.1601392309949e-15,0.032076201,0.113475091
rand_spd,1024,126,0.25359756461629474,0.2535975646162865,8.215650382226158e-15,0.032536497,0.109733106
rand_spd,1024,127,0.25360038654883793,0.2536003865488297,8.215650382226158e-15,0.031934483,0.117631363
rand_spd,1024,128,0.2535365312446844,0.25353653124467634,8.049116928532385e-15,0.032524731,0.110262836
rand_spd,1024,129,0.2536340999671263,0.2536340999671182,8.104628079763643e-15,0.032471603,0.109890384
rand_spd,1024,130,0.25360245803427134,0.2536024580342631,8.215650382226158e-15,0.032526513,0.113603356
rand_spd,1024,131,0.2536567932817702,0.253656793281762,8.215650382226158e-15,0.032761415,0.114092074
rand_spd,1024,132,0.2537361804362123,0.2537361804362041,8.215650382226158e-15,0.031942965,0.11499774
rand_spd,1024,133,0.25336347444841056,0.2533634744484024,8.1601392309949e-15,0.032740704,0.113558265
rand_spd,1024,134,0.2535452036058611,0.2535452036058529,8.1601392309949e-15,0.031834702,0.110415999
rand_spd,1024,135,0.25357750894525966,0.2535775089452515,8.1601392309949e-15,0.032518057,0.112078466
rand_spd,1024,136,0.2534773750277051,0.2534773750276969,8.215650382226158e-15,0.032726428,0.113083094
rand_spd,1024,137,0.2536728103215396,0.25367281032153133,8.271161533457416e-15,0.032038629,0.110659613
rand_spd,1024,138,0.2535897765675474,0.25358977656753917,8.215650382226158e-15,0.032739673,0.114703754
rand_spd,1024,139,0.25345174268720944,0.2534517426872014,8.049116928532385e-15,0.032284625,0.114363027
rand_spd,1024,140,0.25350216283415544,0.2535021628341473,8.1601392309949e-15,0.032277951,0.113487808
rand_spd,1024,141,0.25367918914196314,0.2536791891419549,8.215650382226158e-15,0.032004089,0.1059317
rand_spd,1024,142,0.2535479302867634,0.2535479302867552,8.215650382226158e-15,0.031690815,0.116812401
rand_spd,1024,143,0.253665491876724,0.2536654918767159,8.104628079763643e-15,0.032501936,0.111262559
rand_spd,1024,144,0.253400399755453,0.25340039975544487,8.104628079763643e-15,0.032051,0.112969467
rand_spd,1024,145,0.2536012795246643,0.2536012795246562,8.104628079763643e-15,0.032562094,0.113572171
rand_spd,1024,146,0.25343755911045485,0.25343755911044674,8.104628079763643e-15,0.032478707,0.10704617
rand_spd,1024,147,0.2534954651217203,0.2534954651217121,8.1601392309949e-15,0.0323291,0.115853837
rand_spd,1024,148,0.25365939319391767,0.2536593931939095,8.1601392309949e-15,0.032096005,0.113732002
rand_spd,1024,149,0.25379030917899076,0.25379030917898265,8.104628079763643e-15,0.033125422,0.113518641
rand_spd,1024,150,0.25359051465481375,0.2535905146548056,8.1601392309949e-15,0.032387334,0.11273717
rand_spd,1024,151,0.25348180645074897,0.25348180645074087,8.104628079763643e-15,0.031965709,0.117266526
rand_spd,1024,152,0.2538919558988284,0.2538919558988202,8.215650382226158e-15,0.032573556,0.111486467
rand_spd,1024,153,0.2536989494399621,0.2536989494399539,8.1601392309949e-15,0.032289208,0.118467577
rand_spd,1024,154,0.2537678138736486,0.2537678138736405,8.104628079763643e-15,0.032524305,0.117865425
rand_spd,1024,155,0.25356138947932116,0.253561389479313,8.1601392309949e-15,0.032032342,0.114239772
rand_spd,1024,156,0.2536117900310249,0.2536117900310167,8.215650382226158e-15,0.031942678,0.115514356
rand_spd,1024,157,0.2536478665928821,0.25364786659287386,8.215650382226158e-15,0.033086791,0.111293304
rand_spd,1024,158,0.2535385858630941,0.2535385858630859,8.1601392309949e-15,0.032476495,0.102373816
rand_spd,1024,159,0.25369753948980717,0.25369753948979895,8.215650382226158e-15,0.032545062,0.11505134
rand_spd,1024,160,0.25363718957861175,0.25363718957860365,8.104628079763643e-15,0.032352975,0.112722646
rand_spd,1024,161,0.2537180031612749,0.25371800316126686,8.049116928532385e-15,0.032305768,0.113076313
rand_spd,1024,162,0.25375397751005024,0.2537539775100422,8.049116928532385e-15,0.03279433,0.114758081
rand_spd,1024,163,0.25359912096086534,0.2535991209608572,8.1601392309949e-15,0.032479436,0.113040354
rand_spd,1024,164,0.25361331836948414,0.2536133183694759,8.215650382226158e-15,0.031946415,0.110140945
rand_spd,1024,165,0.25366398605151097,0.25366398605150287,8.104628079763643e-15,0.032357586,0.10991978
rand_spd,1024,166,0.25365634291737443,0.2536563429173662,8.215650382226158e-15,0.031783996,0.113141338
rand_spd,1024,167,0.25358662107591085,0.25358662107590274,8.104628079763643e-15,0.032635236,0.112732374
rand_spd,1024,168,0.2535459333185987,0.2535459333185905,8.215650382226158e-15,0.032373479,0.11539635
rand_spd,1024,169,0.25374177486098093,0.25374177486097277,8.1601392309949e-15,0.032859341,0.115552899
rand_spd,1024,170,0.2535807805055594,0.2535807805055512,8.1601392309949e-15,0.032493275,0.116228675
rand_spd,1024,171,0.25366974548388604,0.2536697454838778,8.271161533457416e-15,0.032061804,0.117226744
rand_spd,1024,172,0.253713639306106,0.2537136393060978,8.215650382226158e-15,0.032062787,0.113100183
rand_spd,1024,173,0.25373323821725413,0.2537332382172459,8.215650382226158e-15,0.033224223,0.111171128
rand_spd,1024,174,0.25370925111145876,0.2537092511114506,8.1601392309949e-15,0.033480872,0.113518763
rand_spd,1024,175,0.253537418183923,0.2535374181839148,8.215650382226158e-15,0.032996211,0.10866385
rand_spd,1024,176,0.2535641485612546,0.25356414856124637,8.215650382226158e-15,0.032273812,0.117776233
rand_spd,1024,177,0.25349201619063166,0.2534920161906235,8.1601392309949e-15,0.032334016,0.111112317
rand_spd,1024,178,0.2535528481638272,0.25355284816381907,8.1601392309949e-15,0.032067522,0.114868553
rand_spd,1024,179,0.25358055090341325,0.2535805509034051,8.1601392309949e-15,0.032098768,0.11349553
rand_spd,1024,180,0.25381838456088607,0.2538183845608779,8.1601392309949e-15,0.032186426,0.103932452
rand_spd,1024,181,0.25355580257866167,0.25355580257865346,8.215650382226158e-15,0.032757994,0.116234402
rand_spd,1024,182,0.2536251217937195,0.2536251217937113,8.215650382226158e-15,0.07383862,0.113678805
rand_spd,1024,183,0.25341377218685524,0.2534137721868471,8.1601392309949e-15,0.032375195,0.119779736
rand_spd,1024,184,0.25345266484903245,0.25345266484902423,8.215650382226158e-15,0.03220736,0.110187615
rand_spd,1024,185,0.2536137045400098,0.25361370454000165,8.1601392309949e-15,0.032314887,0.107709178
rand_spd,1024,186,0.25341761483094166,0.25341761483093356,8.104628079763643e-15,0.031788434,0.100007296
rand_spd,1024,187,0.2538038709483249,0.25380387094831675,8.1601392309949e-15,0.074866856,0.152789416
rand_spd,1024,188,0.25343222418491684,0.2534322241849087,8.1601392309949e-15,0.032355098,0.109452257
rand_spd,1024,189,0.2535629324824726,0.2535629324824644,8.1601392309949e-15,0.031811958,0.113489485
rand_spd,1024,190,0.2535346808005866,0.2535346808005785,8.104628079763643e-15,0.032465705,0.111434816
rand_spd,1024,191,0.25359903489228564,0.2535990348922775,8.1601392309949e-15,0.052028304,0.133431492
rand_spd,1024,192,0.25351037137823523,0.253510371378227,8.215650382226158e-15,0.078221347,0.166966261
rand_spd,1024,193,0.2538033537177962,0.253803353717788,8.215650382226158e-15,0.032155836,0.107599679
rand_spd,1024,194,0.2535743950190662,0.253574395019058,8.215650382226158e-15,0.032295248,0.112212028
rand_spd,1024,195,0.2536520419051312,0.25365204190512297,8.215650382226158e-15,0.032495276,0.110048433
rand_spd,1024,196,0.2537446035878718,0.25374460358786366,8.1601392309949e-15,0.032568686,0.113445065
rand_spd,1024,197,0.25357423554120107,0.25357423554119296,8.104628079763643e-15,0.03197481,0.107637312
rand_spd,1024,198,0.25369521619369645,0.25369521619368823,8.215650382226158e-15,0.032249179,0.108425371
rand_spd,1024,199,0.25357755276103583,0.25357755276102767,8.1601392309949e-15,0.032334843,0.113072723
rand_spd,1024,200,0.2535781145899412,0.253578114589933,8.1601392309949e-15,0.032652931,0.110273373
rand_spd,1024,201,0.25358394502101195,0.2535839450210038,8.1601392309949e-15,0.032493295,0.117126128
rand_spd,1024,202,0.2536549559212113,0.25365495592120313,8.1601392309949e-15,0.032085262,0.115437468
rand_spd,1024,203,0.25351741434606595,0.2535174143460578,8.1601392309949e-15,0.032170475,0.109052472
rand_spd,1024,204,0.25359537647369257,0.2535953764736844,8.1601392309949e-15,0.032526763,0.112443213
rand_spd,1024,205,0.25350993679958245,0.2535099367995743,8.1601392309949e-15,0.032931103,0.109775323
rand_spd,1024,206,0.2536343408739404,0.2536343408739322,8.1601392309949e-15,0.03188537,0.112287915
rand_spd,1024,207,0.2535985872441661,0.253598587244158,8.104628079763643e-15,0.032317498,0.113549522
rand_spd,1024,208,0.2536771397154057,0.2536771397153975,8.1601392309949e-15,0.032508513,0.108348969
rand_spd,1024,209,0.2535709878070131,0.253570987807005,8.104628079763643e-15,0.03239459,0.114450269
rand_spd,1024,210,0.2535864878257879,0.2535864878257797,8.215650382226158e-15,0.031946592,0.111983381
rand_spd,1024,211,0.2534907029092065,0.25349070290919834,8.1601392309949e-15,0.032201257,0.11286816
rand_spd,1024,212,0.25378406696640127,0.25378406696639305,8.215650382226158e-15,0.031756341,0.114232499
rand_spd,1024,213,0.25365329033735223,0.253653290337344,8.215650382226158e-15,0.032145323,0.109014277
rand_spd,1024,214,0.25359253454937264,0.2535925345493644,8.215650382226158e-15,0.039597699,0.114500284
rand_spd,1024,215,0.2535706415680351,0.25357064156802694,8.1601392309949e-15,0.031570931,0.112241685
rand_spd,1024,216,0.2535612378139859,0.2535612378139777,8.1601392309949e-15,0.031857064,0.118358214
rand_spd,1024,217,0.25366438555907606,0.25366438555906784,8.215650382226158e-15,0.032141713,0.109872342
rand_spd,1024,218,0.25358390745877246,0.2535839074587643,8.1601392309949e-15,0.032585153,0.116892781
rand_spd,1024,219,0.2535787171468176,0.2535787171468095,8.104628079763643e-15,0.033318336,0.113037658
rand_spd,1024,220,0.2535564188284641,0.2535564188284559,8.1601392309949e-15,0.03242225,0.113171332
rand_spd,1024,221,0.2538158512375695,0.25381585123756134,8.1601392309949e-15,0.032546243,0.11673792
rand_spd,1024,222,0.25360584923296475,0.25360584923295665,8.104628079763643e-15,0.032509297,0.10918228
rand_spd,1024,223,0.25369695454032964,0.25369695454032154,8.104628079763643e-15,0.031976999,0.115466763
rand_spd,1024,224,0.25371028780264554,0.2537102878026373,8.215650382226158e-15,0.032560013,0.115403575
rand_spd,1024,225,0.2535587914252006,0.25355879142519244,8.1601392309949e-15,0.032466652,0.113139087
rand_spd,1024,226,0.253462492043017,0.25346249204300886,8.1601392309949e-15,0.032147477,0.111764247
rand_spd,1024,227,0.25356689377263913,0.2535668937726309,8.215650382226158e-15,0.032275644,0.106287196
rand_spd,1024,228,0.2536421615098789,0.2536421615098708,8.104628079763643e-15,0.032471294,0.109810212
rand_spd,1024,229,0.25357968874418696,0.25357968874417874,8.215650382226158e-15,0.032199635,0.115263192
rand_spd,1024,230,0.2535265279375459,0.25352652793753777,8.104628079763643e-15,0.032027566,0.112098848
rand_spd,1024,231,0.2535776882707906,0.2535776882707825,8.104628079763643e-15,0.031752927,0.115964529
rand_spd,1024,232,0.2535125653993601,0.253512565399352,8.104628079763643e-15,0.031743032,0.110264552
rand_spd,1024,233,0.25370580434412643,0.2537058043441183,8.104628079763643e-15,0.032698638,0.114961416
rand_spd,1024,234,0.2536411182462625,0.2536411182462543,8.215650382226158e-15,0.032099228,0.109759555
rand_spd,1024,235,0.25355471470789365,0.25355471470788543,8.215650382226158e-15,0.031885493,0.116309973
rand_spd,1024,236,0.2536980652945395,0.25369806529453137,8.104628079763643e-15,0.03161959,0.107144365
rand_spd,1024,237,0.25342838855840205,0.2534283885583939,8.1601392309949e-15,0.032540983,0.112073765
rand_spd,1024,238,0.253519171514158,0.2535191715141498,8.1601392309949e-15,0.032618045,0.107593666
rand_spd,1024,239,0.2534761513070434,0.2534761513070352,8.1601392309949e-15,0.032241046,0.109260114
rand_spd,1024,240,0.25363855701628163,0.2536385570162734,8.215650382226158e-15,0.032592492,0.109712523
rand_spd,1024,241,0.25365744768240484,0.2536574476823966,8.215650382226158e-15,0.031473846,0.109199239
rand_spd,1024,242,0.2539272404775836,0.2539272404775755,8.104628079763643e-15,0.032046006,0.113182863
rand_spd,1024,243,0.2535712313759219,0.25357123137591375,8.1601392309949e-15,0.03221366,0.108285698
rand_spd,1024,244,0.25359395595702194,0.2535939559570138,8.1601392309949e-15,0.032832798,0.118953918
rand_spd,1024,245,0.2535891848442661,0.2535891848442581,8.049116928532385e-15,0.032529174,0.111269068
rand_spd,1024,246,0.2538358396534262,0.25383583965341805,8.1601392309949e-15,0.032314515,0.11059412
rand_spd,1024,247,0.2536093653868527,0.25360936538684453,8.1601392309949e-15,0.032415216,0.113027735
rand_spd,1024,248,0.253381342142653,0.2533813421426449,8.104628079763643e-15,0.03221507,0.110381211
rand_spd,1024,249,0.2536342579896202,0.2536342579896121,8.104628079763643e-15,0.046214549,0.113005192
rand_spd,1024,250,0.25356709481103384,0.25356709481102563,8.215650382226158e-15,0.031986559,0.111719276
rand_spd,1024,251,0.2537258889339447,0.2537258889339365,8.215650382226158e-15,0.031970001,0.114815817
rand_spd,1024,252,0.2535975691062528,0.2535975691062446,8.215650382226158e-15,0.031995199,0.111548058
rand_spd,1024,253,0.2536922149115454,0.2536922149115371,8.326672684688674e-15,0.033333699,0.111823098
rand_spd,1024,254,0.25362301762964745,0.25362301762963924,8.215650382226158e-15,0.031609075,0.112936406
rand_spd,1024,255,0.25356946349363585,0.25356946349362774,8.104628079763643e-15,0.032504181,0.115316538
rand_spd,1024,256,0.25366465061876203,0.2536646506187539,8.1601392309949e-15,0.032896322,0.116796541
rand_spd,1024,257,0.25358414098192955,0.25358414098192145,8.104628079763643e-15,0.032124896,0.110844059
rand_spd,1024,258,0.25366660948688,0.25366660948687186,8.1601392309949e-15,0.033361912,0.10809901
rand_spd,1024,259,0.2536678848428886,0.25366788484288033,8.271161533457416e-15,0.032148956,0.108988024
rand_spd,1024,260,0.2535056101576129,0.25350561015760475,8.1601392309949e-15,0.031566866,0.099368019
rand_spd,1024,261,0.253572480050472,0.2535724800504639,8.104628079763643e-15,0.032501688,0.117959487
rand_spd,1024,262,0.25351147037162686,0.25351147037161864,8.215650382226158e-15,0.032011388,0.113778492
rand_spd,1024,263,0.2537254135303148,0.2537254135303067,8.104628079763643e-15,0.032714205,0.117614311
rand_spd,1024,264,0.2535172849428879,0.2535172849428797,8.215650382226158e-15,0.032343691,0.116875681
rand_spd,1024,265,0.25374393284916286,0.2537439328491547,8.1601392309949e-15,0.032238559,0.105399673
rand_spd,1024,266,0.2534456738158402,0.25344567381583205,8.1601392309949e-15,0.032571822,0.114100192
rand_spd,1024,267,0.25356648553107164,0.25356648553106353,8.104628079763643e-15,0.032452232,0.110798215
rand_spd,1024,268,0.253582362151531,0.25358236215152286,8.1601392309949e-15,0.032624802,0.114297398
rand_spd,1024,269,0.2535021527692817,0.2535021527692735,8.1601392309949e-15,0.032229841,0.117806696
rand_spd,1024,270,0.2536400607056883,0.25364006070568007,8.215650382226158e-15,0.032132548,0.112730632
rand_spd,1024,271,0.25383615039720026,0.25383615039719215,8.104628079763643e-15,0.032697674,0.11548592
rand_spd,1024,272,0.25350138801783034,0.25350138801782224,8.104628079763643e-15,0.032383872,0.113876316
rand_spd,1024,273,0.2536749946420013,0.253674994641993,8.271161533457416e-15,0.032991728,0.109934635
rand_spd,1024,274,0.25362084964222303,0.2536208496422148,8.215650382226158e-15,0.032926261,0.116512471
rand_spd,1024,275,0.25369862752128985,0.25369862752128175,8.104628079763643e-15,0.032262665,0.113996144
rand_spd,1024,276,0.25360563262410063,0.25360563262409247,8.1601392309949e-15,0.031652565,0.114008828
rand_spd,1024,277,0.2536623389072095,0.2536623389072013,8.215650382226158e-15,0.03321699,0.118159065
rand_spd,1024,278,0.2537639843075462,0.25376398430753794,8.271161533457416e-15,0.032460647,0.113020668
rand_spd,1024,279,0.2536430181846088,0.2536430181846006,8.215650382226158e-15,0.032144499,0.115900439
rand_spd,1024,280,0.253451229862342,0.25345122986233376,8.215650382226158e-15,0.032520472,0.120898127
rand_spd,1024,281,0.25362438932445214,0.2536243893244439,8.215650382226158e-15,0.032268183,0.11134573
rand_spd,1024,282,0.25353752082330117,0.253537520823293,8.1601392309949e-15,0.032343506,0.115143762
rand_spd,1024,283,0.2534334173603966,0.2534334173603883,8.271161533457416e-15,0.032345453,0.111793666
rand_spd,1024,284,0.2536699949333852,0.253669994933377,8.215650382226158e-15,0.031559802,0.119730924
rand_spd,1024,285,0.25371926990188415,0.253719269901876,8.1601392309949e-15,0.032265682,0.114897551
rand_spd,1024,286,0.2537775635597316,0.2537775635597234,8.1601392309949e-15,0.032590492,0.11719553
rand_spd,1024,287,0.25370417658952443,0.25370417658951633,8.104628079763643e-15,0.031718895,0.112119708
rand_spd,1024,288,0.25354644857195285,0.2535464485719448,8.049116928532385e-15,0.032147721,0.113861641
rand_spd,1024,289,0.253587836933775,0.2535878369337669,8.104628079763643e-15,0.032361822,0.118227851
rand_spd,1024,290,0.2537057121012805,0.2537057121012724,8.104628079763643e-15,0.032125781,0.118279616
rand_spd,1024,291,0.25380657056343153,0.2538065705634234,8.1601392309949e-15,0.032961332,0.120985401
rand_spd,1024,292,0.2537753929961855,0.2537753929961774,8.104628079763643e-15,0.032123755,0.113575283
rand_spd,1024,293,0.25358405918873234,0.2535840591887241,8.215650382226158e-15,0.03205054,0.113010617
rand_spd,1024,294,0.2536559906325026,0.2536559906324944,8.215650382226158e-15,0.03176016,0.119388903
rand_spd,1024,295,0.25341260352792094,0.2534126035279128,8.1601392309949e-15,0.031909104,0.111889117
rand_spd,1024,296,0.25355229233617244,0.25355229233616433,8.104628079763643e-15,0.032469749,0.115160286
rand_spd,1024,297,0.25359982150207266,0.2535998215020645,8.1601392309949e-15,0.033597243,0.112965908
rand_spd,1024,298,0.2535954483854464,0.2535954483854381,8.271161533457416e-15,0.031910189,0.114373763
rand_spd,1024,299,0.253713762590424,0.2537137625904158,8.215650382226158e-15,0.032583558,0.113605855
rand_spd,1024,300,0.25353880236608833,0.25353880236608023,8.104628079763643e-15,0.031888772,0.111502595
rand_spd,1024,301,0.2534556068652547,0.25345560686524654,8.1601392309949e-15,0.032128875,0.116730813
rand_spd,1024,302,0.25380664718115836,0.25380664718115026,8.104628079763643e-15,0.032545042,0.114420739
rand_spd,1024,303,0.253423273962346,0.2534232739623378,8.1601392309949e-15,0.032175502,0.114947834
rand_spd,1024,304,0.25358688191106454,0.25358688191105644,8.104628079763643e-15,0.03287718,0.116309025
rand_spd,1024,305,0.2534534990197252,0.25345349901971703,8.1601392309949e-15,0.032307148,0.113146908
rand_spd,1024,306,0.2536858442873397,0.2536858442873316,8.104628079763643e-15,0.032199686,0.112065749
rand_spd,1024,307,0.25357952107984155,0.25357952107983345,8.104628079763643e-15,0.03261413,0.113594499
rand_spd,1024,308,0.2534275279017182,0.25342752790171,8.1601392309949e-15,0.032026044,0.114295375
rand_spd,1024,309,0.25343155788999455,0.25343155788998634,8.215650382226158e-15,0.032670279,0.114349199
rand_spd,1024,310,0.25373841465067354,0.2537384146506654,8.1601392309949e-15,0.032483984,0.114687528
rand_spd,1024,311,0.2536475685120257,0.2536475685120175,8.215650382226158e-15,0.032038188,0.117690905
rand_spd,1024,312,0.253747972268823,0.2537479722688149,8.104628079763643e-15,0.032462021,0.112614296
rand_spd,1024,313,0.2535344099572505,0.25353440995724225,8.271161533457416e-15,0.03242027,0.114943097
rand_spd,1024,314,0.25352106835737376,0.2535210683573656,8.1601392309949e-15,0.032676505,0.112117486
rand_spd,1024,315,0.25370536684774087,0.25370536684773265,8.215650382226158e-15,0.031674718,0.113246451
rand_spd,1024,316,0.2534763009647411,0.253476300964733,8.104628079763643e-15,0.031730425,0.112691463
rand_spd,1024,317,0.2537538938029236,0.2537538938029155,8.104628079763643e-15,0.032036565,0.116449301
rand_spd,1024,318,0.2536282437246705,0.25362824372466225,8.271161533457416e-15,0.031835577,0.111985587
rand_spd,1024,319,0.25369039175968916,0.25369039175968106,8.104628079763643e-15,0.032085837,0.113392882
rand_spd,1024,320,0.2537366726638761,0.2537366726638679,8.215650382226158e-15,0.032542722,0.10673089
rand_spd,1024,321,0.25365146834285196,0.25365146834284386,8.104628079763643e-15,0.032009473,0.11676144
rand_spd,1024,322,0.2536676008109082,0.25366760081090006,8.1601392309949e-15,0.032146508,0.113157574
rand_spd,1024,323,0.2536007218746477,0.25360072187463956,8.1601392309949e-15,0.032588034,0.107145352
rand_spd,1024,324,0.25358022438943667,0.25358022438942845,8.215650382226158e-15,0.032408999,0.114446139
rand_spd,1024,325,0.2536546474236016,0.25365464742359345,8.1601392309949e-15,0.032419201,0.116590078
rand_spd,1024,326,0.25353054298621025,0.2535305429862021,8.1601392309949e-15,0.032127998,0.111833879
rand_spd,1024,327,0.25373021070415386,0.25373021070414575,8.104628079763643e-15,0.032130762,0.112302806
rand_spd,1024,328,0.2535662590610497,0.2535662590610415,8.1601392309949e-15,0.032274917,0.113031575
rand_spd,1024,329,0.25382000304666014,0.25382000304665203,8.104628079763643e-15,0.033304996,0.110289676
rand_spd,1024,330,0.2535067847164025,0.25350678471639426,8.215650382226158e-15,0.033067474,0.111760292
rand_spd,1024,331,0.2536795427620358,0.2536795427620276,8.215650382226158e-15,0.032093571,0.111423036
rand_spd,1024,332,0.2535555594488328,0.25355555944882463,8.1601392309949e-15,0.03187611,0.115135212
rand_spd,1024,333,0.2534539320958391,0.25345393209583106,8.049116928532385e-15,0.031324796,0.115649178
rand_spd,1024,334,0.25347303238675056,0.25347303238674235,8.215650382226158e-15,0.031941112,0.116853789
rand_spd,1024,335,0.2534684570902927,0.2534684570902846,8.104628079763643e-15,0.032922657,0.112985423
rand_spd,1024,336,0.25366237341483516,0.25366237341482706,8.104628079763643e-15,0.032729392,0.115338724
rand_spd,1024,337,0.25356496023167,0.2535649602316619,8.104628079763643e-15,0.032002795,0.110942612
rand_spd,1024,338,0.2536738579779428,0.25367385797793457,8.215650382226158e-15,0.031960173,0.109355539
rand_spd,1024,339,0.2536600063044866,0.25366000630447844,8.1601392309949e-15,0.032636339,0.112553032
rand_spd,1024,340,0.25363476924966794,0.25363476924965966,8.271161533457416e-15,0.03228993,0.11305033
rand_spd,1024,341,0.25372519980918146,0.25372519980917324,8.215650382226158e-15,0.03219756,0.115323072
rand_spd,1024,342,0.2535463492836714,0.2535463492836633,8.104628079763643e-15,0.032781715,0.110151648
rand_spd,1024,343,0.25360181371470136,0.2536018137146933,8.049116928532385e-15,0.032086234,0.112830804
rand_spd,1024,344,0.2534131388436586,0.25341313884365047,8.1601392309949e-15,0.031771363,0.114944046
rand_spd,1024,345,0.25388038313669214,0.253880383136684,8.1601392309949e-15,0.032369806,0.106572562
rand_spd,1024,346,0.2535164487589255,0.2535164487589173,8.1601392309949e-15,0.032371041,0.113359133
rand_spd,1024,347,0.25367393580908804,0.25367393580907976,8.271161533457416e-15,0.032643953,0.106410058
rand_spd,1024,348,0.2538071373385957,0.25380713733858756,8.1601392309949e-15,0.031638151,0.11968676
rand_spd,1024,349,0.25350446846855285,0.25350446846854474,8.104628079763643e-15,0.031933255,0.116458801
rand_spd,1024,350,0.2534701889193179,0.2534701889193097,8.1601392309949e-15,0.032841607,0.111487558
rand_spd,1024,351,0.253678469964463,0.2536784699644549,8.104628079763643e-15,0.031786477,0.108609822
rand_spd,1024,352,0.2535361877093288,0.25353618770932057,8.215650382226158e-15,0.032251277,0.112721722
rand_spd,1024,353,0.2536814490138994,0.2536814490138912,8.1601392309949e-15,0.032251219,0.10997352
rand_spd,1024,354,0.25345477955195705,0.2534547795519489,8.1601392309949e-15,0.0325229,0.113744423
rand_spd,1024,355,0.25358621022945804,0.25358621022944977,8.271161533457416e-15,0.031941762,0.114929159
rand_spd,1024,356,0.2537164394597888,0.2537164394597806,8.1601392309949e-15,0.031880453,0.112371462
rand_spd,1024,357,0.253756092069652,0.2537560920696437,8.271161533457416e-15,0.035247564,0.113561118
rand_spd,1024,358,0.2537245631651964,0.25372456316518827,8.1601392309949e-15,0.032099665,0.11467062
rand_spd,1024,359,0.25351525877979925,0.25351525877979103,8.215650382226158e-15,0.033239025,0.108201465
rand_spd,1024,360,0.2536463951551938,0.25364639515518567,8.1601392309949e-15,0.031596794,0.114555516
rand_spd,1024,361,0.2536323917420998,0.2536323917420917,8.104628079763643e-15,0.031798978,0.113003025
rand_spd,1024,362,0.25368868357396396,0.25368868357395574,8.215650382226158e-15,0.031873342,0.108000517
rand_spd,1024,363,0.2538342779607597,0.2538342779607515,8.215650382226158e-15,0.032043,0.113621683
rand_spd,1024,364,0.25347437650515753,0.2534743765051494,8.104628079763643e-15,0.03151897,0.117048645
rand_spd,1024,365,0.25350347971696,0.2535034797169519,8.104628079763643e-15,0.03212772,0.11130326
rand_spd,1024,366,0.2537108873528254,0.2537108873528172,8.1601392309949e-15,0.032866624,0.112460665
rand_spd,1024,367,0.2537190775356383,0.2537190775356301,8.215650382226158e-15,0.032180776,0.112096686
rand_spd,1024,368,0.2536307003974198,0.2536307003974117,8.104628079763643e-15,0.032047871,0.113496608
rand_spd,1024,369,0.2537836361518053,0.2537836361517971,8.215650382226158e-15,0.032139019,0.112301937
rand_spd,1024,370,0.25368219546215254,0.25368219546214443,8.104628079763643e-15,0.032061246,0.113104906
rand_spd,1024,371,0.2537023277425558,0.25370232774254764,8.1601392309949e-15,0.032896001,0.110883143
rand_spd,1024,372,0.25381026461921924,0.25381026461921113,8.104628079763643e-15,0.032567492,0.113646257
rand_spd,1024,373,0.2534481240369932,0.253448124036985,8.1601392309949e-15,0.033284401,0.112770513
rand_spd,1024,374,0.25360551458709346,0.2536055145870853,8.1601392309949e-15,0.031849867,0.108170848
rand_spd,1024,375,0.2537266390800815,0.25372663908007326,8.215650382226158e-15,0.031580302,0.111302105
rand_spd,1024,376,0.2535623103526912,0.2535623103526831,8.104628079763643e-15,0.032315015,0.11477953
rand_spd,1024,377,0.2537307852377498,0.25373078523774156,8.215650382226158e-15,0.032476065,0.113911618
rand_spd,1024,378,0.25359953590747775,0.2535995359074696,8.1601392309949e-15,0.032442758,0.118796434
rand_spd,1024,379,0.2537791969767047,0.25377919697669654,8.1601392309949e-15,0.032432013,0.10124335
rand_spd,1024,380,0.25363671651114,0.2536367165111318,8.215650382226158e-15,0.032078981,0.103900331
rand_spd,1024,381,0.2533496647595557,0.2533496647595475,8.215650382226158e-15,0.032457291,0.104170305
rand_spd,1024,382,0.25384487705334985,0.2538448770533417,8.1601392309949e-15,0.032540605,0.114992815
rand_spd,1024,383,0.253502364678463,0.25350236467845494,8.049116928532385e-15,0.032947717,0.106534496
rand_spd,1024,384,0.25366250278078495,0.25366250278077673,8.215650382226158e-15,0.032835232,0.112135159
rand_spd,1024,385,0.25376470559599545,0.25376470559598724,8.215650382226158e-15,0.032082894,0.112404679
rand_spd,1024,386,0.2538280132600523,0.25382801326004417,8.104628079763643e-15,0.032259611,0.113419641
rand_spd,1024,387,0.25356625002007965,0.25356625002007144,8.215650382226158e-15,0.031820036,0.114147817
rand_spd,1024,388,0.2536236546246877,0.25362365462467956,8.1601392309949e-15,0.032282971,0.108038459
rand_spd,1024,389,0.2534123614794232,0.25341236147941515,8.049116928532385e-15,0.032532927,0.10672644
rand_spd,1024,390,0.25359134433603026,0.2535913443360221,8.1601392309949e-15,0.03300371,0.115314119
rand_spd,1024,391,0.2534774115151214,0.2534774115151132,8.1601392309949e-15,0.032183515,0.116449632
rand_spd,1024,392,0.2535221274826329,0.25352212748262476,8.1601392309949e-15,0.033044514,0.114001495
rand_spd,1024,393,0.25356654064983725,0.2535665406498291,8.1601392309949e-15,0.032551418,0.10912954
rand_spd,1024,394,0.2535099476309906,0.2535099476309825,8.104628079763643e-15,0.031865985,0.113258838
rand_spd,1024,395,0.2536262324816345,0.25362623248162636,8.1601392309949e-15,0.032271057,0.1107892
rand_spd,1024,396,0.2535561996124435,0.25355619961243536,8.1601392309949e-15,0.032474517,0.115157473
rand_spd,1024,397,0.25355836187997305,0.2535583618799649,8.1601392309949e-15,0.032517576,0.113637577
rand_spd,1024,398,0.25353950587303337,0.25353950587302515,8.215650382226158e-15,0.031666322,0.115959064
rand_spd,1024,399,0.2536123835394434,0.25361238353943516,8.215650382226158e-15,0.032296644,0.114027997
rand_spd,1024,400,0.25384157475557884,0.2538415747555706,8.215650382226158e-15,0.034667107,0.113367189
rand_spd,1024,401,0.25335154469271365,0.2533515446927055,8.1601392309949e-15,0.032333369,0.110431897
rand_spd,1024,402,0.25385372187636834,0.25385372187636024,8.104628079763643e-15,0.033628432,0.111207463
rand_spd,1024,403,0.2538627364776151,0.2538627364776069,8.215650382226158e-15,0.032057268,0.108506635
rand_spd,1024,404,0.2534629996242535,0.2534629996242454,8.104628079763643e-15,0.032586741,0.11410998
rand_spd,1024,405,0.2536303786376188,0.2536303786376106,8.1601392309949e-15,0.032761479,0.112356481
rand_spd,1024,406,0.2535254647397614,0.25352546473975324,8.1601392309949e-15,0.032538142,0.110199957
rand_spd,1024,407,0.25351098894772056,0.25351098894771235,8.215650382226158e-15,0.033041109,0.108786295
rand_spd,1024,408,0.2537741124832264,0.2537741124832183,8.104628079763643e-15,0.033843021,0.115393083
rand_spd,1024,409,0.2534446010694921,0.2534446010694839,8.215650382226158e-15,0.032444381,0.117565712
rand_spd,1024,410,0.2534525937812144,0.25345259378120627,8.104628079763643e-15,0.037716799,0.108960243
rand_spd,1024,411,0.25357766533310083,0.2535776653330926,8.215650382226158e-15,0.032692813,0.11413727
rand_spd,1024,412,0.2536328248367031,0.25363282483669486,8.215650382226158e-15,0.031884851,0.110938295
rand_spd,1024,413,0.2536296064325985,0.25362960643259036,8.1601392309949e-15,0.03255633,0.114537708
rand_spd,1024,414,0.25357668048003773,0.25357668048002957,8.1601392309949e-15,0.031970523,0.107310965
rand_spd,1024,415,0.253754695267755,0.2537546952677467,8.326672684688674e-15,0.031879539,0.110417062
rand_spd,1024,416,0.25367194866065995,0.2536719486606518,8.1601392309949e-15,0.031993776,0.111989997
rand_spd,1024,417,0.25365259728036155,0.2536525972803534,8.1601392309949e-15,0.032062348,0.112002781
rand_spd,1024,418,0.25362630158345806,0.2536263015834499,8.1601392309949e-15,0.040635853,0.116172781
rand_spd,1024,419,0.2535602455632508,0.2535602455632426,8.215650382226158e-15,0.031670734,0.115247959
rand_spd,1024,420,0.2535280965998741,0.25352809659986597,8.104628079763643e-15,0.032227856,0.107845173
rand_spd,1024,421,0.25353375515195004,0.2535337551519418,8.215650382226158e-15,0.032820788,0.11877785
rand_spd,1024,422,0.2536640837648761,0.253664083764868,8.104628079763643e-15,0.032000154,0.111428519
rand_spd,1024,423,0.253569321069085,0.25356932106907687,8.104628079763643e-15,0.032225572,0.116191304
rand_spd,1024,424,0.2536378138862833,0.25363781388627504,8.271161533457416e-15,0.032115487,0.11811983
rand_spd,1024,425,0.2535742126081572,0.2535742126081491,8.104628079763643e-15,0.031889066,0.106556551
rand_spd,1024,426,0.2536763958413145,0.25367639584130636,8.1601392309949e-15,0.031907133,0.114947335
rand_spd,1024,427,0.2536414466472596,0.2536414466472516,8.049116928532385e-15,0.03260453,0.10719471
rand_spd,1024,428,0.25356179104397286,0.25356179104396465,8.215650382226158e-15,0.03283282,0.112237528
rand_spd,1024,429,0.2537082768737093,0.2537082768737012,8.104628079763643e-15,0.039907343,0.115475365
rand_spd,1024,430,0.2537116408099365,0.25371164080992836,8.1601392309949e-15,0.032678634,0.10941342
rand_spd,1024,431,0.25357014873812944,0.2535701487381213,8.1601392309949e-15,0.076024482,0.150324312
rand_spd,1024,432,0.2536410531959919,0.2536410531959837,8.215650382226158e-15,0.032033736,0.104636231
rand_spd,1024,433,0.2536261374092758,0.25362613740926765,8.1601392309949e-15,0.031142816,0.115985154
rand_spd,1024,434,0.2535784601810994,0.25357846018109126,8.1601392309949e-15,0.032030032,0.108546704
rand_spd,1024,435,0.25360831325524347,0.2536083132552354,8.049116928532385e-15,0.032128436,0.108747545
rand_spd,1024,436,0.253537236588508,0.2535372365884998,8.215650382226158e-15,0.033074194,0.112411613
rand_spd,1024,437,0.2534996520765574,0.2534996520765493,8.104628079763643e-15,0.07413068,0.139998967
rand_spd,1024,438,0.253748615216139,0.2537486152161308,8.215650382226158e-15,0.032285457,0.108269695
rand_spd,1024,439,0.253576588493062,0.25357658849305387,8.1601392309949e-15,0.037292139,0.112054151
rand_spd,1024,440,0.253672570924899,0.2536725709248908,8.1601392309949e-15,0.032082676,0.111939721
rand_spd,1024,441,0.253472725743027,0.25347272574301877,8.215650382226158e-15,0.079948276,0.138027182
rand_spd,1024,442,0.2535835169464446,0.2535835169464365,8.104628079763643e-15,0.032540293,0.117738728
rand_spd,1024,443,0.25348171933358016,0.25348171933357205,8.104628079763643e-15,0.032388682,0.108130346
rand_spd,1024,444,0.2535985914012638,0.2535985914012557,8.104628079763643e-15,0.032653171,0.114060497
rand_spd,1024,445,0.25354847542550535,0.25354847542549713,8.215650382226158e-15,0.032057309,0.114886531
rand_spd,1024,446,0.25353808363538444,0.2535380836353763,8.1601392309949e-15,0.031969889,0.112463095
rand_spd,1024,447,0.2536248169039042,0.25362481690389604,8.1601392309949e-15,0.032116164,0.108194933
rand_spd,1024,448,0.2535480742984449,0.2535480742984368,8.104628079763643e-15,0.031649048,0.112088421
rand_spd,1024,449,0.25364917286787125,0.2536491728678631,8.1601392309949e-15,0.031952436,0.108048469
rand_spd,1024,450,0.2536588730809329,0.2536588730809248,8.104628079763643e-15,0.03230118,0.115655962
rand_spd,1024,451,0.25357533419089906,0.25357533419089084,8.215650382226158e-15,0.031973599,0.114277114
rand_spd,1024,452,0.253659588300891,0.2536595883008829,8.104628079763643e-15,0.032259468,0.115223874
rand_spd,1024,453,0.2537503941591344,0.25375039415912626,8.1601392309949e-15,0.032339024,0.110656432
rand_spd,1024,454,0.2537581385436349,0.25375813854362667,8.215650382226158e-15,0.032144501,0.115906692
rand_spd,1024,455,0.2533941280528279,0.25339412805281974,8.1601392309949e-15,0.032196163,0.11237291
rand_spd,1024,456,0.2535529692142874,0.25355296921427917,8.215650382226158e-15,0.032488609,0.111229845
rand_spd,1024,457,0.25360124251304533,0.2536012425130371,8.215650382226158e-15,0.032034377,0.107831993
rand_spd,1024,458,0.25368660086086997,0.25368660086086187,8.104628079763643e-15,0.031532729,0.111944241
rand_spd,1024,459,0.25342705313120995,0.2534270531312018,8.1601392309949e-15,0.032315933,0.105808405
rand_spd,1024,460,0.2535190887663497,0.25351908876634155,8.1601392309949e-15,0.032254808,0.111523936
rand_spd,1024,461,0.2535518819294502,0.25355188192944206,8.1601392309949e-15,0.03202753,0.106396994
rand_spd,1024,462,0.25364090892368374,0.2536409089236755,8.215650382226158e-15,0.031908412,0.111483775
rand_spd,1024,463,0.25355390126598326,0.2535539012659751,8.1601392309949e-15,0.033173583,0.112200865
rand_spd,1024,464,0.2535365363685412,0.25353653636853296,8.215650382226158e-15,0.032012827,0.112328026
rand_spd,1024,465,0.2537098009409306,0.2537098009409223,8.271161533457416e-15,0.03250844,0.117555175
rand_spd,1024,466,0.2536735628413043,0.25367356284129616,8.1601392309949e-15,0.032835355,0.112939492
rand_spd,1024,467,0.2536418260389303,0.2536418260389221,8.215650382226158e-15,0.031942887,0.10659719
rand_spd,1024,468,0.25358734303221114,0.2535873430322029,8.215650382226158e-15,0.031958763,0.110689749
rand_spd,1024,469,0.2537197465102057,0.2537197465101975,8.1601392309949e-15,0.031974372,0.112248476
rand_spd,1024,470,0.2536749625065782,0.2536749625065701,8.104628079763643e-15,0.031895981,0.1151188
rand_spd,1024,471,0.2534762528772115,0.25347625287720327,8.215650382226158e-15,0.03201886,0.114388763
rand_spd,1024,472,0.2534158244308498,0.2534158244308416,8.215650382226158e-15,0.031800764,0.112948174
rand_spd,1024,473,0.25364334425218554,0.2536433442521773,8.215650382226158e-15,0.031993783,0.109997399
rand_spd,1024,474,0.25370080489889274,0.2537008048988845,8.215650382226158e-15,0.032402247,0.107121358
rand_spd,1024,475,0.25352966068557253,0.2535296606855643,8.215650382226158e-15,0.032266501,0.1124413
rand_spd,1024,476,0.2536626107455515,0.25366261074554336,8.1601392309949e-15,0.032250399,0.111606551
rand_spd,1024,477,0.2538205243008041,0.253820524300796,8.104628079763643e-15,0.032229008,0.116360834
rand_spd,1024,478,0.25366284107555964,0.2536628410755514,8.215650382226158e-15,0.031971795,0.110388711
rand_spd,1024,479,0.25350782822541107,0.25350782822540296,8.104628079763643e-15,0.032408796,0.11443616
rand_spd,1024,480,0.25359976652089894,0.25359976652089083,8.104628079763643e-15,0.031910659,0.113385572
rand_spd,1024,481,0.25363737014510596,0.25363737014509774,8.215650382226158e-15,0.03267168,0.107822468
rand_spd,1024,482,0.25337866092335387,0.25337866092334577,8.104628079763643e-15,0.032202029,0.11526956
rand_spd,1024,483,0.2534963191318174,0.2534963191318093,8.104628079763643e-15,0.032078658,0.10908021
rand_spd,1024,484,0.25365705623098855,0.25365705623098034,8.215650382226158e-15,0.03757248,0.107937417
rand_spd,1024,485,0.25362273940145,0.2536227394014418,8.215650382226158e-15,0.033054037,0.115317228
rand_spd,1024,486,0.2535689916281983,0.2535689916281902,8.104628079763643e-15,0.032391896,0.115902643
rand_spd,1024,487,0.253594386663152,0.25359438666314377,8.215650382226158e-15,0.031699493,0.108698369
rand_spd,1024,488,0.2537026769776804,0.25370267697767224,8.1601392309949e-15,0.032452626,0.109934811
rand_spd,1024,489,0.2535260486408219,0.2535260486408138,8.104628079763643e-15,0.032241673,0.112265206
rand_spd,1024,490,0.25359082904361163,0.25359082904360347,8.1601392309949e-15,0.032298631,0.117118589
rand_spd,1024,491,0.25370945891154645,0.2537094589115383,8.1601392309949e-15,0.032469058,0.112399463
rand_spd,1024,492,0.25362239890809163,0.2536223989080835,8.104628079763643e-15,0.032173002,0.117597681
rand_spd,1024,493,0.25363630768220385,0.25363630768219564,8.215650382226158e-15,0.032808368,0.115740633
rand_spd,1024,494,0.2536141431856596,0.2536141431856515,8.104628079763643e-15,0.032296339,0.114023354
rand_spd,1024,495,0.253622804132758,0.2536228041327498,8.215650382226158e-15,0.032062196,0.112878727
rand_spd,1024,496,0.2537008493895825,0.2537008493895743,8.1601392309949e-15,0.031985211,0.111744693
rand_spd,1024,497,0.25367246801119975,0.2536724680111916,8.1601392309949e-15,0.032139449,0.113209016
rand_spd,1024,498,0.2535304648509262,0.253530464850918,8.1601392309949e-15,0.031750952,0.112576827
rand_spd,1024,499,0.25357331329491567,0.25357331329490745,8.215650382226158e-15,0.031629564,0.114276378
rand_spd,1024,500,0.2536732840030602,0.25367328400305206,8.1601392309949e-15,0.03131237,0.114516865
rand_spd,1024,501,0.253517210116915,0.2535172101169069,8.104628079763643e-15,0.031523388,0.11012721
rand_spd,1024,502,0.25360401713833175,0.2536040171383236,8.1601392309949e-15,0.032457084,0.106901393
rand_spd,1024,503,0.2535903411459536,0.2535903411459454,8.1601392309949e-15,0.032646575,0.120784111
rand_spd,1024,504,0.25380899781488947,0.2538089978148812,8.271161533457416e-15,0.032381899,0.106578272
rand_spd,1024,505,0.2536640834780492,0.253664083478041,8.215650382226158e-15,0.032608276,0.103448979
rand_spd,1024,506,0.2536031743125398,0.25360317431253165,8.1601392309949e-15,0.03226142,0.112232241
rand_spd,1024,507,0.25357973147649254,0.2535797314764844,8.1601392309949e-15,0.031841528,0.105236355
rand_spd,1024,508,0.2535682989175407,0.25356829891753246,8.215650382226158e-15,0.033477729,0.116034887
rand_spd,1024,509,0.25369266569150206,0.253692665691494,8.049116928532385e-15,0.031720576,0.112219288
rand_spd,1024,510,0.2535160376203361,0.25351603762032787,8.215650382226158e-15,0.031914785,0.112776986
rand_spd,1024,511,0.2534497854722939,0.25344978547228564,8.271161533457416e-15,0.032475225,0.10965779
rand_spd,1024,512,0.25360081039382504,0.2536008103938168,8.215650382226158e-15,0.032380789,0.112574526
rand_spd,1024,513,0.25369779274170623,0.25369779274169807,8.1601392309949e-15,0.032234045,0.113002624
rand_spd,1024,514,0.25360308676109017,0.25360308676108206,8.104628079763643e-15,0.032938339,0.114344609
rand_spd,1024,515,0.2535831758322836,0.2535831758322755,8.104628079763643e-15,0.031787976,0.114370327
rand_spd,1024,516,0.25373847296187807,0.25373847296186985,8.215650382226158e-15,0.046611721,0.11019506
rand_spd,1024,517,0.2535741268342256,0.2535741268342175,8.104628079763643e-15,0.032140983,0.117649393
rand_spd,1024,518,0.25365980485159595,0.25365980485158784,8.104628079763643e-15,0.03179748,0.11446127
rand_spd,1024,519,0.25346685304092414,0.25346685304091593,8.215650382226158e-15,0.031961644,0.109710033
rand_spd,1024,520,0.2536121404656561,0.253612140465648,8.104628079763643e-15,0.032594284,0.11014502
rand_spd,1024,521,0.2535780574182654,0.2535780574182572,8.215650382226158e-15,0.032407582,0.112934759
rand_spd,1024,522,0.25383000298466546,0.2538300029846573,8.1601392309949e-15,0.032738453,0.114170033
rand_spd,1024,523,0.253536949910042,0.2535369499100338,8.215650382226158e-15,0.032687123,0.111591977
rand_spd,1024,524,0.25372892250646417,0.25372892250645596,8.215650382226158e-15,0.031811818,0.112436596
rand_spd,1024,525,0.25359885992309855,0.2535988599230904,8.1601392309949e-15,0.032089968,0.113531122
rand_spd,1024,526,0.2535612321024024,0.2535612321023942,8.215650382226158e-15,0.032078418,0.107726436
rand_spd,1024,527,0.25375326719983926,0.25375326719983105,8.215650382226158e-15,0.032323564,0.110250939
rand_spd,1024,528,0.25365736202296457,0.2536573620229564,8.1601392309949e-15,0.031962788,0.110031775
rand_spd,1024,529,0.25362002389744326,0.25362002389743515,8.104628079763643e-15,0.032557176,0.110485597
rand_spd,1024,530,0.25346497732136913,0.25346497732136103,8.104628079763643e-15,0.050256942,0.109351086
rand_spd,1024,531,0.25363533332430604,0.25363533332429794,8.104628079763643e-15,0.032577523,0.107786386
rand_spd,1024,532,0.25363088391546734,0.2536308839154592,8.1601392309949e-15,0.032598909,0.10864564
rand_spd,1024,533,0.25352216670367705,0.25352216670366895,8.104628079763643e-15,0.032057032,0.107734535
rand_spd,1024,534,0.25358791507495165,0.25358791507494355,8.104628079763643e-15,0.032180958,0.119076747
rand_spd,1024,535,0.2535953163023598,0.25359531630235166,8.1601392309949e-15,0.032498598,0.114950484
rand_spd,1024,536,0.25347972400496505,0.25347972400495683,8.215650382226158e-15,0.031684595,0.110010687
rand_spd,1024,537,0.2535228297775441,0.253522829777536,8.104628079763643e-15,0.032215028,0.11948845
rand_spd,1024,538,0.25345453387638,0.25345453387637185,8.1601392309949e-15,0.032796198,0.110083117
rand_spd,1024,539,0.2534862388780008,0.25348623887799265,8.1601392309949e-15,0.031881251,0.119899819
rand_spd,1024,540,0.2536948096521767,0.25369480965216856,8.1601392309949e-15,0.032481329,0.115593237
rand_spd,1024,541,0.25365687910370616,0.25365687910369794,8.215650382226158e-15,0.031846247,0.115279142
rand_spd,1024,542,0.25361676710682474,0.25361676710681663,8.104628079763643e-15,0.032153069,0.113316611
rand_spd,1024,543,0.2534838144635046,0.2534838144634965,8.104628079763643e-15,0.032289161,0.107695977
rand_spd,1024,544,0.253685747060563,0.2536857470605549,8.104628079763643e-15,0.032381975,0.111092501
rand_spd,1024,545,0.25357721813541007,0.25357721813540185,8.215650382226158e-15,0.039206882,0.116701292
rand_spd,1024,546,0.2535840983919455,0.2535840983919374,8.104628079763643e-15,0.032414095,0.106675023
rand_spd,1024,547,0.2536285930241734,0.25362859302416524,8.1601392309949e-15,0.032557082,0.108771946
rand_spd,1024,548,0.25361715806680657,0.25361715806679846,8.104628079763643e-15,0.031976192,0.107638802
rand_spd,1024,549,0.2536394473680899,0.2536394473680817,8.215650382226158e-15,0.040542295,0.113205669
rand_spd,1024,550,0.25365193501246003,0.2536519350124519,8.104628079763643e-15,0.032573122,0.10702593
rand_spd,1024,551,0.2535729505548569,0.25357295055484874,8.1601392309949e-15,0.032923872,0.113288163
rand_spd,1024,552,0.25375251528232784,0.2537525152823197,8.1601392309949e-15,0.032814395,0.119880601
rand_spd,1024,553,0.25373414958136215,0.25373414958135404,8.104628079763643e-15,0.032383437,0.11612814
rand_spd,1024,554,0.253496604278141,0.25349660427813286,8.1601392309949e-15,0.032149281,0.11261777
rand_spd,1024,555,0.25352302892454637,0.2535230289245382,8.1601392309949e-15,0.031878534,0.109254683
rand_spd,1024,556,0.2533610481208184,0.25336104812081023,8.1601392309949e-15,0.031886247,0.11233261
rand_spd,1024,557,0.2537189829970817,0.25371898299707357,8.104628079763643e-15,0.032410631,0.111313764
rand_spd,1024,558,0.2536729092160425,0.2536729092160344,8.104628079763643e-15,0.031693994,0.106235248
rand_spd,1024,559,0.2535936895894849,0.2535936895894767,8.215650382226158e-15,0.033357752,0.116019056
rand_spd,1024,560,0.2535676583851912,0.25356765838518297,8.215650382226158e-15,0.032209031,0.110974276
rand_spd,1024,561,0.2535790387385936,0.2535790387385854,8.215650382226158e-15,0.031521767,0.11549127
rand_spd,1024,562,0.253654914195063,0.25365491419505476,8.215650382226158e-15,0.032783505,0.109023184
rand_spd,1024,563,0.25357383898058405,0.25357383898057595,8.104628079763643e-15,0.032380805,0.111544117
rand_spd,1024,564,0.2534055761282296,0.25340557612822145,8.1601392309949e-15,0.031723046,0.103322664
rand_spd,1024,565,0.25368146286904825,0.25368146286904014,8.104628079763643e-15,0.031436652,0.112102946
rand_spd,1024,566,0.2537082498727146,0.2537082498727065,8.104628079763643e-15,0.032257575,0.109532974
rand_spd,1024,567,0.2536417890829646,0.2536417890829565,8.104628079763643e-15,0.032299501,0.116020504
rand_spd,1024,568,0.2535636199925974,0.2535636199925892,8.215650382226158e-15,0.032311235,0.11170615
rand_spd,1024,569,0.2535935316177345,0.2535935316177264,8.104628079763643e-15,0.031501847,0.112667388
rand_spd,1024,570,0.253611673905122,0.2536116739051139,8.104628079763643e-15,0.031933379,0.113412276
rand_spd,1024,571,0.2536373558824768,0.25363735588246866,8.1601392309949e-15,0.031798046,0.105110974
rand_spd,1024,572,0.2536716800192453,0.25367168001923707,8.215650382226158e-15,0.031856809,0.114001485
rand_spd,1024,573,0.25340676224013714,0.253406762240129,8.1601392309949e-15,0.032081319,0.113634098
rand_spd,1024,574,0.2535094516825305,0.25350945168252237,8.104628079763643e-15,0.03221123,0.112917402
rand_spd,1024,575,0.2534209171062522,0.2534209171062441,8.104628079763643e-15,0.032457124,0.113425994
rand_spd,1024,576,0.2537042818778694,0.25370428187786126,8.1601392309949e-15,0.031888713,0.111674706
rand_spd,1024,577,0.2536933981839989,0.25369339818399067,8.215650382226158e-15,0.031640541,0.111899334
rand_spd,1024,578,0.25355325506521587,0.2535532550652077,8.1601392309949e-15,0.031653537,0.104606678
rand_spd,1024,579,0.25353072172892466,0.25353072172891655,8.104628079763643e-15,0.032716044,0.116368138
rand_spd,1024,580,0.2536053472825517,0.25360534728254347,8.215650382226158e-15,0.032451762,0.115543472
rand_spd,1024,581,0.2535473083967708,0.2535473083967627,8.104628079763643e-15,0.032356443,0.113235579
rand_spd,1024,582,0.2535684186423177,0.25356841864230956,8.1601392309949e-15,0.032176064,0.114546656
rand_spd,1024,583,0.25366282148470326,0.25366282148469504,8.215650382226158e-15,0.032995141,0.115162864
rand_spd,1024,584,0.2535545581450727,0.2535545581450646,8.104628079763643e-15,0.032136535,0.115171977
rand_spd,1024,585,0.25360544759612486,0.2536054475961167,8.1601392309949e-15,0.032464913,0.115625975
rand_spd,1024,586,0.25357572113628996,0.25357572113628185,8.104628079763643e-15,0.032970423,0.110735557
rand_spd,1024,587,0.2537197794083101,0.25371977940830187,8.215650382226158e-15,0.032759274,0.113635242
rand_spd,1024,588,0.2536642829415375,0.2536642829415294,8.104628079763643e-15,0.031835981,0.112732098
rand_spd,1024,589,0.2535409323754639,0.2535409323754556,8.271161533457416e-15,0.032177853,0.117106616
rand_spd,1024,590,0.25349254853274455,0.2534925485327364,8.1601392309949e-15,0.032407883,0.112415514
rand_spd,1024,591,0.25352143123546805,0.2535214312354599,8.1601392309949e-15,0.032432653,0.115554577
rand_spd,1024,592,0.25384739762922687,0.2538473976292187,8.1601392309949e-15,0.031814229,0.117009142
rand_spd,1024,593,0.2534603441972473,0.2534603441972391,8.1601392309949e-15,0.031588024,0.114533876
rand_spd,1024,594,0.25379406126923937,0.2537940612692312,8.1601392309949e-15,0.032201053,0.11114688
rand_spd,1024,595,0.25374016332370214,0.253740163323694,8.1601392309949e-15,0.032061015,0.115683797
rand_spd,1024,596,0.25355700160277866,0.25355700160277045,8.215650382226158e-15,0.032386339,0.116429683
rand_spd,1024,597,0.25373464261461387,0.25373464261460565,8.215650382226158e-15,0.031992089,0.108022004
rand_spd,1024,598,0.2536527763274871,0.25365277632747896,8.1601392309949e-15,0.032224425,0.11541056
rand_spd,1024,599,0.2536093677520108,0.25360936775200277,8.049116928532385e-15,0.032471416,0.111319011
rand_spd,1024,600,0.2536995391184462,0.25369953911843807,8.1601392309949e-15,0.032706878,0.117237808
rand_spd,1024,601,0.2535125173867013,0.2535125173866931,8.1601392309949e-15,0.032043328,0.10859885
rand_spd,1024,602,0.25351683214056603,0.2535168321405578,8.215650382226158e-15,0.032073557,0.135434955
rand_spd,1024,603,0.2535704014073764,0.2535704014073683,8.104628079763643e-15,0.033110248,0.113203173
rand_spd,1024,604,0.25359133209051127,0.25359133209050305,8.215650382226158e-15,0.031370336,0.112618139
rand_spd,1024,605,0.25365672951430424,0.2536567295142961,8.1601392309949e-15,0.032183188,0.109492606
rand_spd,1024,606,0.2535178157517562,0.25351781575174803,8.1601392309949e-15,0.032711378,0.111549575
rand_spd,1024,607,0.25357091981004404,0.2535709198100358,8.215650382226158e-15,0.032279518,0.115626928
rand_spd,1024,608,0.2536186874266534,0.25361868742664523,8.1601392309949e-15,0.032837631,0.111651516
rand_spd,1024,609,0.25356091076079673,0.2535609107607886,8.104628079763643e-15,0.032486653,0.115120109
rand_spd,1024,610,0.25335103422766964,0.2533510342276614,8.215650382226158e-15,0.031730047,0.115556984
rand_spd,1024,611,0.2534808452206857,0.25348084522067754,8.1601392309949e-15,0.032345951,0.113576367
rand_spd,1024,612,0.2537457813071493,0.2537457813071411,8.215650382226158e-15,0.032270822,0.109813238
rand_spd,1024,613,0.25354002804160797,0.25354002804159975,8.215650382226158e-15,0.032025971,0.111936082
rand_spd,1024,614,0.2537083544840732,0.253708354484065,8.215650382226158e-15,0.032029345,0.112354718
rand_spd,1024,615,0.2534669429519394,0.25346694295193123,8.1601392309949e-15,0.032171896,0.111552539
rand_spd,1024,616,0.2535864585043178,0.2535864585043098,8.049116928532385e-15,0.032879096,0.107163075
rand_spd,1024,617,0.253739360095202,0.25373936009519377,8.215650382226158e-15,0.032336691,0.113964349
rand_spd,1024,618,0.25350511185968005,0.25350511185967195,8.104628079763643e-15,0.033521349,0.112518361
rand_spd,1024,619,0.2537071681803727,0.2537071681803646,8.104628079763643e-15,0.031800507,0.110643907
rand_spd,1024,620,0.25351199022616416,0.25351199022615606,8.104628079763643e-15,0.032041254,0.116287712
rand_spd,1024,621,0.2534976440674646,0.2534976440674565,8.104628079763643e-15,0.032741218,0.11898725
rand_spd,1024,622,0.25365296236795437,0.25365296236794616,8.215650382226158e-15,0.032487087,0.111692364
rand_spd,1024,623,0.253555976979071,0.25355597697906285,8.1601392309949e-15,0.032067693,0.108873486
rand_spd,1024,624,0.253666884746698,0.2536668847466899,8.104628079763643e-15,0.032710435,0.114716461
rand_spd,1024,625,0.2536473110277336,0.25364731102772536,8.215650382226158e-15,0.032391154,0.113151364
rand_spd,1024,626,0.2535661470930671,0.25356614709305886,8.215650382226158e-15,0.032422643,0.110197075
rand_spd,1024,627,0.25361812290689506,0.25361812290688684,8.215650382226158e-15,0.03252445,0.110900695
rand_spd,1024,628,0.2536390184220341,0.2536390184220259,8.215650382226158e-15,0.032035404,0.111862613
rand_spd,1024,629,0.25363806227911595,0.25363806227910773,8.215650382226158e-15,0.03146011,0.113412164
rand_spd,1024,630,0.25365655745972104,0.2536565574597129,8.1601392309949e-15,0.031913423,0.104438861
rand_spd,1024,631,0.2535080501694249,0.25350805016941674,8.1601392309949e-15,0.032066943,0.114034894
rand_spd,1024,632,0.2536478089757344,0.2536478089757262,8.215650382226158e-15,0.032030235,0.110117659
rand_spd,1024,633,0.2536528812513821,0.25365288125137386,8.215650382226158e-15,0.031783989,0.104718887
rand_spd,1024,634,0.25350121405556847,0.2535012140555603,8.1601392309949e-15,0.031365655,0.114618929
rand_spd,1024,635,0.2534352013014471,0.253435201301439,8.104628079763643e-15,0.032234765,0.114443795
rand_spd,1024,636,0.2536770199003884,0.2536770199003802,8.1601392309949e-15,0.032497249,0.106876457
rand_spd,1024,637,0.2535182885380009,0.2535182885379927,8.215650382226158e-15,0.032208006,0.113533362
rand_spd,1024,638,0.25352749064704694,0.2535274906470389,8.049116928532385e-15,0.031622783,0.106257702
rand_spd,1024,639,0.25364694581167907,0.25364694581167085,8.215650382226158e-15,0.032646159,0.108104916
rand_spd,1024,640,0.2537155049324576,0.25371550493244943,8.1601392309949e-15,0.032288091,0.102240352
rand_spd,1024,641,0.25366017905188604,0.25366017905187793,8.104628079763643e-15,0.032025231,0.115354672
rand_spd,1024,642,0.25367116361905134,0.25367116361904324,8.104628079763643e-15,0.032060435,0.10370637
rand_spd,1024,643,0.25344669330958713,0.25344669330957903,8.104628079763643e-15,0.032388644,0.113396241
rand_spd,1024,644,0.2534667238709236,0.25346672387091546,8.1601392309949e-15,0.031743096,0.109314507
rand_spd,1024,645,0.253579905344229,0.2535799053442209,8.049116928532385e-15,0.032267591,0.111712929
rand_spd,1024,646,0.2535069980552746,0.2535069980552665,8.104628079763643e-15,0.032694579,0.105998908
rand_spd,1024,647,0.2535562872038564,0.2535562872038483,8.104628079763643e-15,0.032472299,0.113607343
rand_spd,1024,648,0.2535221913890362,0.25352219138902804,8.1601392309949e-15,0.031636956,0.110945322
rand_spd,1024,649,0.2535522978562424,0.25355229785623423,8.1601392309949e-15,0.033231946,0.114847604
rand_spd,1024,650,0.253542978001978,0.25354297800196984,8.1601392309949e-15,0.032132548,0.109377495
rand_spd,1024,651,0.2536881905958521,0.25368819059584397,8.1601392309949e-15,0.03437072,0.115290396
rand_spd,1024,652,0.25361534187020524,0.25361534187019713,8.104628079763643e-15,0.032764272,0.114984097
rand_spd,1024,653,0.2536823445406872,0.253682344540679,8.215650382226158e-15,0.03245699,0.112455355
rand_spd,1024,654,0.25353985173404076,0.25353985173403254,8.215650382226158e-15,0.032032767,0.107928505
rand_spd,1024,655,0.25370510075852465,0.25370510075851654,8.104628079763643e-15,0.031691976,0.105665076
rand_spd,1024,656,0.25358444046093254,0.25358444046092443,8.104628079763643e-15,0.032339855,0.108103036
rand_spd,1024,657,0.2535563004120602,0.25355630041205207,8.104628079763643e-15,0.032538303,0.107148351
rand_spd,1024,658,0.2536731899373878,0.2536731899373796,8.215650382226158e-15,0.031905163,0.117867575
rand_spd,1024,659,0.25372649135582775,0.25372649135581965,8.104628079763643e-15,0.033228308,0.108441442
rand_spd,1024,660,0.2536806043409687,0.2536806043409605,8.1601392309949e-15,0.032538074,0.109682463
rand_spd,1024,661,0.2537856283326329,0.25378562833262475,8.1601392309949e-15,0.032246901,0.117501524
rand_spd,1024,662,0.25371939777554325,0.25371939777553515,8.104628079763643e-15,0.051711459,0.126508492
rand_spd,1024,663,0.25353329791381773,0.2535332979138095,8.215650382226158e-15,0.031835261,0.1147633
rand_spd,1024,664,0.2535107074945894,0.25351070749458127,8.1601392309949e-15,0.032091022,0.110807999
rand_spd,1024,665,0.2535125976015737,0.2535125976015656,8.104628079763643e-15,0.032640428,0.115474978
rand_spd,1024,666,0.25358584979294374,0.2535858497929356,8.1601392309949e-15,0.032165999,0.112541001
rand_spd,1024,667,0.2535516354117983,0.2535516354117901,8.215650382226158e-15,0.032344829,0.113415992
rand_spd,1024,668,0.2534865399294897,0.2534865399294816,8.104628079763643e-15,0.032834463,0.109300005
rand_spd,1024,669,0.253566990315714,0.25356699031570584,8.1601392309949e-15,0.03214155,0.106469157
rand_spd,1024,670,0.25353342526656525,0.25353342526655703,8.215650382226158e-15,0.032243005,0.110805759
rand_spd,1024,671,0.2535168871851616,0.25351688718515347,8.104628079763643e-15,0.032878946,0.109662414
rand_spd,1024,672,0.25363529847081717,0.2536352984708091,8.049116928532385e-15,0.032089564,0.1100503
rand_spd,1024,673,0.25354779808157973,0.2535477980815715,8.215650382226158e-15,0.032802198,0.113211842
rand_spd,1024,674,0.2537715816810105,0.25377158168100233,8.1601392309949e-15,0.032574663,0.111429796
rand_spd,1024,675,0.25351557724600493,0.25351557724599677,8.1601392309949e-15,0.032427136,0.109440734
rand_spd,1024,676,0.2535617018673806,0.2535617018673724,8.1601392309949e-15,0.052360721,0.143754284
rand_spd,1024,677,0.25358669072715917,0.25358669072715107,8.104628079763643e-15,0.031896105,0.113303845
rand_spd,1024,678,0.25364938984215935,0.2536493898421512,8.1601392309949e-15,0.032120018,0.103737017
rand_spd,1024,679,0.25353199123198933,0.25353199123198117,8.1601392309949e-15,0.05491953,0.113581778
rand_spd,1024,680,0.25365226781093236,0.25365226781092415,8.215650382226158e-15,0.031919579,0.11065817
rand_spd,1024,681,0.2536541314847169,0.2536541314847087,8.1601392309949e-15,0.033115324,0.112001874
rand_spd,1024,682,0.25366197658432926,0.25366197658432116,8.104628079763643e-15,0.032254277,0.115184135
rand_spd,1024,683,0.2535831887752049,0.25358318877519676,8.1601392309949e-15,0.034001973,0.112466739
rand_spd,1024,684,0.2535263230831924,0.2535263230831843,8.104628079763643e-15,0.031931445,0.10651383
rand_spd,1024,685,0.2535656301413417,0.25356563014133354,8.1601392309949e-15,0.032097427,0.11791128
rand_spd,1024,686,0.2534690542004963,0.2534690542004882,8.104628079763643e-15,0.031656107,0.106461817
rand_spd,1024,687,0.25358027680799194,0.2535802768079837,8.271161533457416e-15,0.085534127,0.149751733
rand_spd,1024,688,0.2536000494043676,0.2536000494043595,8.104628079763643e-15,0.032625786,0.112514443
rand_spd,1024,689,0.25374426116913584,0.25374426116912774,8.104628079763643e-15,0.031829258,0.113649712
rand_spd,1024,690,0.2535713352943865,0.25357133529437836,8.1601392309949e-15,0.059074448,0.112784559
rand_spd,1024,691,0.2535245294811132,0.253524529481105,8.215650382226158e-15,0.032204645,0.116290495
rand_spd,1024,692,0.25363675940500524,0.25363675940499714,8.104628079763643e-15,0.03136484,0.113048455
rand_spd,1024,693,0.25355740225776185,0.25355740225775375,8.104628079763643e-15,0.032022333,0.111274941
rand_spd,1024,694,0.25365820290332064,0.2536582029033125,8.1601392309949e-15,0.032877661,0.111126784
rand_spd,1024,695,0.2537919437584501,0.253791943758442,8.104628079763643e-15,0.03259067,0.110527625
rand_spd,1024,696,0.253442571793264,0.25344257179325586,8.1601392309949e-15,0.03183741,0.112705464
rand_spd,1024,697,0.2535794067249208,0.2535794067249127,8.104628079763643e-15,0.031817555,0.113411424
rand_spd,1024,698,0.2535127398178149,0.2535127398178068,8.104628079763643e-15,0.031785132,0.109335449
rand_spd,1024,699,0.2536739600532502,0.25367396005324205,8.1601392309949e-15,0.032382408,0.102537996
rand_spd,1024,700,0.2534948601590136,0.2534948601590054,8.215650382226158e-15,0.032597609,0.113058723
rand_spd,1024,701,0.2536208764861771,0.25362087648616893,8.1601392309949e-15,0.032564558,0.111045928
rand_spd,1024,702,0.25369301385846826,0.25369301385846016,8.104628079763643e-15,0.032869632,0.115465782
rand_spd,1024,703,0.25369525240893576,0.25369525240892754,8.215650382226158e-15,0.032722331,0.118091466
rand_spd,1024,704,0.25359208926949695,0.2535920892694888,8.1601392309949e-15,0.032173524,0.110698724
rand_spd,1024,705,0.2534536144055672,0.253453614405559,8.1601392309949e-15,0.032350276,0.112446238
rand_spd,1024,706,0.25375821418185557,0.2537582141818474,8.1601392309949e-15,0.031868521,0.108040374
rand_spd,1024,707,0.25377906839715764,0.2537790683971495,8.1601392309949e-15,0.032136142,0.109779686
rand_spd,1024,708,0.2536619570651725,0.25366195706516426,8.271161533457416e-15,0.031800061,0.111068225
rand_spd,1024,709,0.2536811513359005,0.25368115133589236,8.1601392309949e-15,0.032489219,0.119783271
rand_spd,1024,710,0.25380918622079424,0.25380918622078613,8.104628079763643e-15,0.031814791,0.112754247
rand_spd,1024,711,0.25341324808454585,0.25341324808453763,8.215650382226158e-15,0.032167042,0.107346024
rand_spd,1024,712,0.25353503244211834,0.2535350324421102,8.1601392309949e-15,0.033541623,0.114664455
rand_spd,1024,713,0.2537168297540879,0.25371682975407966,8.215650382226158e-15,0.031882894,0.114348536
rand_spd,1024,714,0.2536985124843748,0.25369851248436665,8.1601392309949e-15,0.031572854,0.108204321
rand_spd,1024,715,0.2535772939269573,0.2535772939269492,8.104628079763643e-15,0.032614467,0.110699127
rand_spd,1024,716,0.2536683894509717,0.25366838945096354,8.1601392309949e-15,0.032366376,0.114559179
rand_spd,1024,717,0.2535720676397921,0.253572067639784,8.104628079763643e-15,0.032293683,0.112418417
rand_spd,1024,718,0.253863815645381,0.2538638156453729,8.104628079763643e-15,0.032266444,0.111950005
rand_spd,1024,719,0.25357742721521087,0.25357742721520266,8.215650382226158e-15,0.032331511,0.111242639
rand_spd,1024,720,0.25362294460950224,0.253622944609494,8.215650382226158e-15,0.034635659,0.109300971
rand_spd,1024,721,0.2537057082983825,0.2537057082983744,8.104628079763643e-15,0.032134733,0.113575709
rand_spd,1024,722,0.2535792727759291,0.25357927277592096,8.1601392309949e-15,0.032117303,0.111135102
rand_spd,1024,723,0.2536493151901376,0.2536493151901295,8.104628079763643e-15,0.032060306,0.10730156
rand_spd,1024,724,0.2534394321406757,0.2534394321406675,8.215650382226158e-15,0.032348059,0.109878933
rand_spd,1024,725,0.2535211819153356,0.2535211819153275,8.104628079763643e-15,0.031930863,0.107820254
rand_spd,1024,726,0.2537450354648319,0.2537450354648238,8.104628079763643e-15,0.03188364,0.112844841
rand_spd,1024,727,0.25371877086859335,0.25371877086858513,8.215650382226158e-15,0.032451974,0.110805666
rand_spd,1024,728,0.253553144137062,0.2535531441370538,8.1601392309949e-15,0.031910376,0.110109955
rand_spd,1024,729,0.2534288428823173,0.2534288428823091,8.215650382226158e-15,0.031467822,0.105591122
rand_spd,1024,730,0.2535329532271441,0.2535329532271358,8.271161533457416e-15,0.03189683,0.111028218
rand_spd,1024,731,0.2537136140250361,0.253713614025028,8.104628079763643e-15,0.033515434,0.118751187
rand_spd,1024,732,0.25365855486617583,0.2536585548661677,8.1601392309949e-15,0.031997771,0.105554881
rand_spd,1024,733,0.2537153892818648,0.25371538928185666,8.1601392309949e-15,0.032472125,0.109730693
rand_spd,1024,734,0.25353270573511016,0.253532705735102,8.1601392309949e-15,0.034893284,0.112064345
rand_spd,1024,735,0.2535332003299022,0.2535332003298941,8.049116928532385e-15,0.031809089,0.111224723
rand_spd,1024,736,0.25357244155246733,0.2535724415524592,8.104628079763643e-15,0.03286081,0.112531927
rand_spd,1024,737,0.25363980595746355,0.25363980595745533,8.215650382226158e-15,0.032639316,0.110266765
rand_spd,1024,738,0.25345012522335203,0.2534501252233438,8.215650382226158e-15,0.031918777,0.108933046
rand_spd,1024,739,0.2536000769610162,0.253600076961008,8.215650382226158e-15,0.039500771,0.109955344
rand_spd,1024,740,0.2537548383111344,0.2537548383111262,8.1601392309949e-15,0.031965441,0.111951347
rand_spd,1024,741,0.2535016861366001,0.25350168613659196,8.1601392309949e-15,0.032122017,0.110486958
rand_spd,1024,742,0.2534638749985862,0.2534638749985781,8.104628079763643e-15,0.031821501,0.114592037
rand_spd,1024,743,0.2536629829131412,0.253662982913133,8.215650382226158e-15,0.032732902,0.106585214
rand_spd,1024,744,0.2536241673646101,0.25362416736460186,8.215650382226158e-15,0.032231312,0.112410448
rand_spd,1024,745,0.25351411141834923,0.2535141114183412,8.049116928532385e-15,0.031761864,0.111607559
rand_spd,1024,746,0.2536997450455971,0.25369974504558895,8.1601392309949e-15,0.032110349,0.112946804
rand_spd,1024,747,0.25367218739709074,0.2536721873970827,8.049116928532385e-15,0.032426065,0.118171715
rand_spd,1024,748,0.2536666430562295,0.2536666430562214,8.104628079763643e-15,0.04658705,0.117511162
rand_spd,1024,749,0.2536558823129256,0.25365588231291747,8.104628079763643e-15,0.032241576,0.111517937
rand_spd,1024,750,0.2536575762764422,0.2536575762764341,8.104628079763643e-15,0.032194652,0.113330473
rand_spd,1024,751,0.2535015807750109,0.2535015807750027,8.215650382226158e-15,0.032278042,0.115845914
rand_spd,1024,752,0.2535994993787997,0.2535994993787915,8.215650382226158e-15,0.032262102,0.111960737
rand_spd,1024,753,0.25361052166368564,0.2536105216636774,8.215650382226158e-15,0.032179397,0.109584628
rand_spd,1024,754,0.2536640661806551,0.2536640661806469,8.215650382226158e-15,0.031993216,0.111266581
rand_spd,1024,755,0.2536681818776221,0.2536681818776139,8.1601392309949e-15,0.032327714,0.123665943
rand_spd,1024,756,0.2534832872036305,0.2534832872036223,8.215650382226158e-15,0.031731748,0.114226759
rand_spd,1024,757,0.2535676963838833,0.2535676963838751,8.215650382226158e-15,0.032465562,0.108011236
rand_spd,1024,758,0.253524041175568,0.2535240411755599,8.104628079763643e-15,0.032599902,0.119000514
rand_spd,1024,759,0.2536709236973748,0.25367092369736666,8.1601392309949e-15,0.032244451,0.109434548
rand_spd,1024,760,0.2537126875145364,0.25371268751452813,8.271161533457416e-15,0.036001951,0.110548527
rand_spd,1024,761,0.2535948367580925,0.25359483675808436,8.1601392309949e-15,0.032375213,0.113254562
rand_spd,1024,762,0.25365838150028985,0.2536583815002818,8.049116928532385e-15,0.032036187,0.115100248
rand_spd,1024,763,0.25374316332657726,0.25374316332656904,8.215650382226158e-15,0.032235769,0.114718988
rand_spd,1024,764,0.2535894736388379,0.2535894736388297,8.1601392309949e-15,0.031781529,0.115864808
rand_spd,1024,765,0.2535884434061221,0.2535884434061139,8.1601392309949e-15,0.032218614,0.110211712
rand_spd,1024,766,0.25358259890619633,0.25358259890618823,8.104628079763643e-15,0.032545655,0.117523688
rand_spd,1024,767,0.25339885963279557,0.25339885963278747,8.104628079763643e-15,0.032681011,0.113740565
rand_spd,1024,768,0.2537156224472706,0.2537156224472624,8.1601392309949e-15,0.032238312,0.110205335
rand_spd,1024,769,0.2537645761972659,0.25376457619725773,8.1601392309949e-15,0.031933933,0.112296944
rand_spd,1024,770,0.2536168580484825,0.25361685804847434,8.1601392309949e-15,0.031852509,0.110936917
rand_spd,1024,771,0.2536305474417685,0.25363054744176033,8.1601392309949e-15,0.032534085,0.108745246
rand_spd,1024,772,0.25363390504796307,0.25363390504795486,8.215650382226158e-15,0.032311141,0.110040332
rand_spd,1024,773,0.2535875123428674,0.2535875123428592,8.215650382226158e-15,0.03193927,0.103194237
rand_spd,1024,774,0.2536269950274079,0.25362699502739977,8.104628079763643e-15,0.032033393,0.11305005
rand_spd,1024,775,0.25361580735488753,0.2536158073548794,8.1601392309949e-15,0.032621307,0.110964693
rand_spd,1024,776,0.253526389242603,0.2535263892425949,8.104628079763643e-15,0.031801833,0.111692013
rand_spd,1024,777,0.2537605814594303,0.2537605814594222,8.104628079763643e-15,0.032026722,0.107868605
rand_spd,1024,778,0.2535824252799955,0.25358242527998737,8.1601392309949e-15,0.031980464,0.110657318
rand_spd,1024,779,0.2535827402143375,0.2535827402143294,8.104628079763643e-15,0.031931368,0.116140706
rand_spd,1024,780,0.2536156363214683,0.2536156363214601,8.1601392309949e-15,0.03239626,0.111714877
rand_spd,1024,781,0.25350637481801525,0.25350637481800714,8.104628079763643e-15,0.032706347,0.113751611
rand_spd,1024,782,0.2535742324623203,0.25357423246231214,8.1601392309949e-15,0.03186143,0.110111886
rand_spd,1024,783,0.25354030528422816,0.25354030528421995,8.215650382226158e-15,0.032477298,0.108490497
rand_spd,1024,784,0.25374768036438233,0.2537476803643741,8.215650382226158e-15,0.035105889,0.1159497
rand_spd,1024,785,0.2535478875912201,0.253547887591212,8.104628079763643e-15,0.031776072,0.1163045
rand_spd,1024,786,0.25356998694238503,0.25356998694237687,8.1601392309949e-15,0.031907789,0.112438225
rand_spd,1024,787,0.2537466226167194,0.25374662261671116,8.215650382226158e-15,0.032336051,0.115392253
rand_spd,1024,788,0.2535114999446213,0.25351149994461314,8.1601392309949e-15,0.032153228,0.118306324
rand_spd,1024,789,0.25365285911669105,0.25365285911668295,8.104628079763643e-15,0.03254113,0.10246136
rand_spd,1024,790,0.2533761278703293,0.2533761278703211,8.215650382226158e-15,0.032126891,0.103862382
rand_spd,1024,791,0.25371268833812716,0.25371268833811905,8.104628079763643e-15,0.032700813,0.114685268
rand_spd,1024,792,0.2537377892564549,0.2537377892564468,8.104628079763643e-15,0.032844001,0.117018452
rand_spd,1024,793,0.2537198961053044,0.25371989610529616,8.215650382226158e-15,0.032262698,0.111705262
rand_spd,1024,794,0.25363796096674024,0.253637960966732,8.215650382226158e-15,0.03232201,0.116228684
rand_spd,1024,795,0.2537707763391005,0.25377077633909234,8.1601392309949e-15,0.032475201,0.112515476
rand_spd,1024,796,0.25352175420726697,0.2535217542072588,8.1601392309949e-15,0.032690798,0.10936653
rand_spd,1024,797,0.2534908563142461,0.253490856314238,8.104628079763643e-15,0.031927129,0.10595232
rand_spd,1024,798,0.2536400475087256,0.25364004750871755,8.049116928532385e-15,0.039020585,0.111611782
rand_spd,1024,799,0.25344499568189216,0.25344499568188394,8.215650382226158e-15,0.031629289,0.10897826
rand_spd,1024,800,0.2536511123491711,0.2536511123491629,8.215650382226158e-15,0.031912181,0.107994356
rand_spd,1024,801,0.25348049742442097,0.2534804974244128,8.1601392309949e-15,0.031960174,0.109521493
rand_spd,1024,802,0.2534720394998624,0.25347203949985436,8.049116928532385e-15,0.032375001,0.112785692
rand_spd,1024,803,0.253666561891345,0.25366656189133685,8.1601392309949e-15,0.03228418,0.103842715
rand_spd,1024,804,0.253597948783069,0.2535979487830608,8.215650382226158e-15,0.032291923,0.10525054
rand_spd,1024,805,0.25370060709539305,0.2537006070953849,8.1601392309949e-15,0.03223733,0.116256427
rand_spd,1024,806,0.2535998603290576,0.2535998603290495,8.104628079763643e-15,0.032432109,0.111441944
rand_spd,1024,807,0.25352799292787925,0.25352799292787104,8.215650382226158e-15,0.032020451,0.110863549
rand_spd,1024,808,0.2535244899020347,0.2535244899020266,8.104628079763643e-15,0.033766974,0.105547164
rand_spd,1024,809,0.25344587767139853,0.2534458776713904,8.1601392309949e-15,0.031854153,0.107288491
rand_spd,1024,810,0.2537925818840581,0.25379258188405,8.104628079763643e-15,0.031797434,0.11281849
rand_spd,1024,811,0.2535077292062991,0.25350772920629094,8.1601392309949e-15,0.032277183,0.109807244
rand_spd,1024,812,0.2536590737855598,0.25365907378555164,8.1601392309949e-15,0.032013783,0.1152464
rand_spd,1024,813,0.2535527980253302,0.253552798025322,8.215650382226158e-15,0.03199126,0.111983471
rand_spd,1024,814,0.25366349578750796,0.25366349578749975,8.215650382226158e-15,0.03189808,0.107534911
rand_spd,1024,815,0.25372691339024994,0.2537269133902418,8.1601392309949e-15,0.033151435,0.117620201
rand_spd,1024,816,0.25358234905117066,0.2535823490511625,8.1601392309949e-15,0.034093237,0.10728949
rand_spd,1024,817,0.25347590158444727,0.25347590158443917,8.104628079763643e-15,0.031427452,0.116367851
rand_spd,1024,818,0.2537348575293627,0.2537348575293545,8.215650382226158e-15,0.0323288,0.108955708
rand_spd,1024,819,0.2533725359277924,0.25337253592778425,8.1601392309949e-15,0.032602606,0.114425581
rand_spd,1024,820,0.2536453945883157,0.2536453945883076,8.104628079763643e-15,0.031934331,0.119786327
rand_spd,1024,821,0.2534776416613684,0.2534776416613602,8.1601392309949e-15,0.032208149,0.119509711
rand_spd,1024,822,0.25354512922128464,0.25354512922127653,8.104628079763643e-15,0.032412433,0.107587893
rand_spd,1024,823,0.2535610054658099,0.2535610054658018,8.104628079763643e-15,0.032634339,0.113684753
rand_spd,1024,824,0.253651697747851,0.25365169774784285,8.1601392309949e-15,0.032232041,0.112310733
rand_spd,1024,825,0.2535686730534473,0.2535686730534391,8.215650382226158e-15,0.032150907,0.115651353
rand_spd,1024,826,0.25353788914984626,0.25353788914983816,8.104628079763643e-15,0.032492587,0.102614845
rand_spd,1024,827,0.2537273228404881,0.25372732284047994,8.1601392309949e-15,0.031627439,0.112376542
rand_spd,1024,828,0.25366070190333395,0.2536607019033257,8.271161533457416e-15,0.032344086,0.1054156
rand_spd,1024,829,0.2535758655397392,0.25357586553973105,8.1601392309949e-15,0.032879638,0.113196978
rand_spd,1024,830,0.25381816962455833,0.2538181696245501,8.215650382226158e-15,0.031732995,0.108266393
rand_spd,1024,831,0.2535550153363198,0.2535550153363116,8.215650382226158e-15,0.032284067,0.11699763
rand_spd,1024,832,0.2536959582123341,0.25369595821232593,8.1601392309949e-15,0.032254238,0.110382044
rand_spd,1024,833,0.2535893595889791,0.25358935958897094,8.1601392309949e-15,0.032533731,0.115250154
rand_spd,1024,834,0.25374896093971955,0.2537489609397114,8.1601392309949e-15,0.032472916,0.111555227
rand_spd,1024,835,0.253583498042787,0.2535834980427789,8.104628079763643e-15,0.043961236,0.120271148
rand_spd,1024,836,0.2534682042232971,0.25346820422328886,8.215650382226158e-15,0.032419465,0.114942345
rand_spd,1024,837,0.2536010836121369,0.2536010836121287,8.215650382226158e-15,0.033235941,0.113085265
rand_spd,1024,838,0.253604384770398,0.2536043847703899,8.104628079763643e-15,0.032069535,0.105003232
rand_spd,1024,839,0.25363498283553093,0.2536349828355227,8.215650382226158e-15,0.031501553,0.113074351
rand_spd,1024,840,0.2536281412034039,0.2536281412033958,8.104628079763643e-15,0.031910186,0.107593534
rand_spd,1024,841,0.25354777611290347,0.2535477761128953,8.1601392309949e-15,0.031765872,0.115734121
rand_spd,1024,842,0.25367189293271036,0.25367189293270215,8.215650382226158e-15,0.032617654,0.109502798
rand_spd,1024,843,0.253699815941188,0.25369981594117985,8.1601392309949e-15,0.035509974,0.117566489
rand_spd,1024,844,0.2536940339849315,0.25369403398492324,8.271161533457416e-15,0.031756421,0.102254984
rand_spd,1024,845,0.2534966348546341,0.25349663485462587,8.215650382226158e-15,0.032601917,0.109766463
rand_spd,1024,846,0.2537723224749435,0.2537723224749355,8.049116928532385e-15,0.031553155,0.108088454
rand_spd,1024,847,0.25357839312412284,0.2535783931241146,8.215650382226158e-15,0.031354034,0.116105239
rand_spd,1024,848,0.2535959257221552,0.25359592572214706,8.1601392309949e-15,0.032333038,0.102708142
rand_spd,1024,849,0.25353384516967237,0.25353384516966415,8.215650382226158e-15,0.033070858,0.112828676
rand_spd,1024,850,0.253504132959204,0.25350413295919577,8.215650382226158e-15,0.032141744,0.114734307
rand_spd,1024,851,0.2538066288973826,0.25380662889737443,8.1601392309949e-15,0.032177501,0.106223766
rand_spd,1024,852,0.2536351866813364,0.25363518668132823,8.1601392309949e-15,0.032808489,0.112458
rand_spd,1024,853,0.253458601176007,0.25345860117599894,8.049116928532385e-15,0.032769143,0.11360351
rand_spd,1024,854,0.25348786736726375,0.25348786736725554,8.215650382226158e-15,0.032529703,0.114042399
rand_spd,1024,855,0.2537367056520155,0.2537367056520074,8.104628079763643e-15,0.032259367,0.103078112
rand_spd,1024,856,0.25353651289952,0.25353651289951185,8.1601392309949e-15,0.032243986,0.10911364
rand_spd,1024,857,0.2535110797806505,0.2535110797806424,8.104628079763643e-15,0.031950134,0.11049594
rand_spd,1024,858,0.25354675154362916,0.25354675154362094,8.215650382226158e-15,0.031905566,0.119203346
rand_spd,1024,859,0.25354911611244507,0.25354911611243697,8.104628079763643e-15,0.032546384,0.118212117
rand_spd,1024,860,0.2535171199902132,0.2535171199902051,8.104628079763643e-15,0.032404525,0.11087379
rand_spd,1024,861,0.2535841461522371,0.253584146152229,8.104628079763643e-15,0.03228855,0.108973808
rand_spd,1024,862,0.25355474742646267,0.2535547474264545,8.1601392309949e-15,0.032283545,0.107946606
rand_spd,1024,863,0.2536454226566065,0.25364542265659834,8.1601392309949e-15,0.032732154,0.116649958
rand_spd,1024,864,0.2536692971205118,0.2536692971205035,8.271161533457416e-15,0.031981339,0.112408962
rand_spd,1024,865,0.25340926687854354,0.25340926687853543,8.104628079763643e-15,0.032290909,0.11287932
rand_spd,1024,866,0.2535607948648038,0.25356079486479555,8.271161533457416e-15,0.032034105,0.110801507
rand_spd,1024,867,0.2537053248089992,0.25370532480899105,8.1601392309949e-15,0.032343028,0.113431553
rand_spd,1024,868,0.25367806929635867,0.25367806929635045,8.215650382226158e-15,0.044644151,0.107939753
rand_spd,1024,869,0.2536208148864794,0.2536208148864713,8.104628079763643e-15,0.032228798,0.113030494
rand_spd,1024,870,0.2536124710632068,0.25361247106319856,8.215650382226158e-15,0.038546635,0.117341056
rand_spd,1024,871,0.2535717302082914,0.2535717302082831,8.271161533457416e-15,0.032323118,0.111313529
rand_spd,1024,872,0.25337086445334694,0.2533708644533389,8.049116928532385e-15,0.033044777,0.105698036
rand_spd,1024,873,0.2536267413947041,0.253626741394696,8.104628079763643e-15,0.032423012,0.111813719
rand_spd,1024,874,0.25375804149960185,0.25375804149959363,8.215650382226158e-15,0.032071874,0.106302339
rand_spd,1024,875,0.25363962781891936,0.25363962781891114,8.215650382226158e-15,0.037407354,0.114046861
rand_spd,1024,876,0.2536285952957954,0.25362859529578724,8.1601392309949e-15,0.032541467,0.110978129
rand_spd,1024,877,0.2535864443481509,0.25358644434814276,8.1601392309949e-15,0.032108805,0.115593476
rand_spd,1024,878,0.25347165905935937,0.25347165905935126,8.104628079763643e-15,0.032036955,0.115554334
rand_spd,1024,879,0.25377693706280935,0.2537769370628012,8.1601392309949e-15,0.032170789,0.111634887
rand_spd,1024,880,0.2536137964093395,0.2536137964093313,8.215650382226158e-15,0.032263717,0.107533329
rand_spd,1024,881,0.25353000622714267,0.25353000622713456,8.104628079763643e-15,0.041498592,0.110806158
rand_spd,1024,882,0.25344368106122256,0.2534436810612144,8.1601392309949e-15,0.03225086,0.11313413
rand_spd,1024,883,0.25359363055893175,0.2535936305589236,8.1601392309949e-15,0.03269299,0.109616838
rand_spd,1024,884,0.25367232957746505,0.25367232957745695,8.104628079763643e-15,0.032017241,0.112240839
rand_spd,1024,885,0.2537493145474768,0.25374931454746863,8.1601392309949e-15,0.031715441,0.114938595
rand_spd,1024,886,0.25367786943614395,0.25367786943613585,8.104628079763643e-15,0.032628522,0.111784147
rand_spd,1024,887,0.2535375612203016,0.2535375612202934,8.1601392309949e-15,0.031995055,0.113205511
rand_spd,1024,888,0.2535494562394329,0.25354945623942465,8.271161533457416e-15,0.032370453,0.114652124
rand_spd,1024,889,0.25359665737051434,0.2535966573705062,8.1601392309949e-15,0.03240049,0.109731187
rand_spd,1024,890,0.25363538675565617,0.25363538675564795,8.215650382226158e-15,0.031833656,0.111170119
rand_spd,1024,891,0.25341304953489646,0.25341304953488825,8.215650382226158e-15,0.032112566,0.113744252
rand_spd,1024,892,0.2536367391334343,0.25363673913342616,8.1601392309949e-15,0.032431229,0.107916384
rand_spd,1024,893,0.25365886127450477,0.2536588612744966,8.1601392309949e-15,0.032382983,0.10226857
rand_spd,1024,894,0.2535122907474138,0.25351229074740567,8.1601392309949e-15,0.032004093,0.109121504
rand_spd,1024,895,0.25359328676370607,0.25359328676369797,8.104628079763643e-15,0.03261442,0.114611246
rand_spd,1024,896,0.2535638278877845,0.25356382788777626,8.215650382226158e-15,0.032185423,0.113494222
rand_spd,1024,897,0.25377479693363963,0.2537747969336315,8.1601392309949e-15,0.032222361,0.111053768
rand_spd,1024,898,0.25365986201565666,0.2536598620156485,8.1601392309949e-15,0.032428849,0.11378786
rand_spd,1024,899,0.253494210902387,0.25349421090237884,8.1601392309949e-15,0.032253698,0.113222685
rand_spd,1024,900,0.25370772177924944,0.25370772177924134,8.104628079763643e-15,0.032424275,0.114957288
rand_spd,1024,901,0.25333571273791516,0.25333571273790695,8.215650382226158e-15,0.031729156,0.112188471
rand_spd,1024,902,0.25355982267025096,0.2535598226702428,8.1601392309949e-15,0.031855917,0.106017347
rand_spd,1024,903,0.2534201044069296,0.25342010440692136,8.215650382226158e-15,0.032418052,0.11281159
rand_spd,1024,904,0.25368539469342605,0.25368539469341794,8.104628079763643e-15,0.031835211,0.108616664
rand_spd,1024,905,0.2535882716893721,0.25358827168936393,8.1601392309949e-15,0.031709892,0.108786256
rand_spd,1024,906,0.25372511528063996,0.2537251152806318,8.1601392309949e-15,0.032147259,0.114610948
rand_spd,1024,907,0.2535538128373322,0.25355381283732403,8.1601392309949e-15,0.032417288,0.118739967
rand_spd,1024,908,0.2536468126864542,0.2536468126864461,8.104628079763643e-15,0.032354262,0.112037021
rand_spd,1024,909,0.25358170809960884,0.2535817080996007,8.1601392309949e-15,0.032158426,0.110841944
rand_spd,1024,910,0.25359547482289796,0.2535954748228898,8.1601392309949e-15,0.032536173,0.107080426
rand_spd,1024,911,0.25359061486461737,0.25359061486460915,8.215650382226158e-15,0.032909267,0.11696236
rand_spd,1024,912,0.25379807762410517,0.25379807762409706,8.104628079763643e-15,0.032308322,0.112897127
rand_spd,1024,913,0.25364110332233597,0.25364110332232775,8.215650382226158e-15,0.031936267,0.112263496
rand_spd,1024,914,0.2535842319550921,0.253584231955084,8.104628079763643e-15,0.03222381,0.100800674
rand_spd,1024,915,0.2534440559362516,0.2534440559362434,8.1601392309949e-15,0.032561483,0.109172284
rand_spd,1024,916,0.2535763098993285,0.2535763098993203,8.215650382226158e-15,0.032074569,0.114578528
rand_spd,1024,917,0.253510858585874,0.25351085858586586,8.1601392309949e-15,0.03238218,0.108864899
rand_spd,1024,918,0.2535249076608764,0.25352490766086827,8.104628079763643e-15,0.032066312,0.109702822
rand_spd,1024,919,0.25369018528640885,0.2536901852864007,8.1601392309949e-15,0.032057137,0.109410263
rand_spd,1024,920,0.2535364814392893,0.2535364814392812,8.104628079763643e-15,0.031918401,0.111310007
rand_spd,1024,921,0.2536226474240719,0.25362264742406376,8.1601392309949e-15,0.031971611,0.110805603
rand_spd,1024,922,0.253668528322172,0.2536685283221639,8.104628079763643e-15,0.032868644,0.113160007
rand_spd,1024,923,0.2535988302146327,0.25359883021462454,8.1601392309949e-15,0.032184017,0.114485099
rand_spd,1024,924,0.25367428075681914,0.25367428075681103,8.104628079763643e-15,0.032011783,0.114398968
rand_spd,1024,925,0.2535070092911475,0.25350700929113945,8.049116928532385e-15,0.031558252,0.116269323
rand_spd,1024,926,0.25365664706244734,0.2536566470624391,8.215650382226158e-15,0.032262981,0.111546853
rand_spd,1024,927,0.2534816477372472,0.25348164773723914,8.049116928532385e-15,0.031917685,0.112156253
rand_spd,1024,928,0.2536544519973826,0.25365445199737446,8.1601392309949e-15,0.031714288,0.112020886
rand_spd,1024,929,0.253633364485929,0.25363336448592094,8.049116928532385e-15,0.031744273,0.106213573
rand_spd,1024,930,0.25370301472483453,0.2537030147248264,8.104628079763643e-15,0.032273503,0.1174684
rand_spd,1024,931,0.2534925746130838,0.25349257461307567,8.104628079763643e-15,0.037394564,0.106018232
rand_spd,1024,932,0.2533992847695893,0.2533992847695812,8.104628079763643e-15,0.032129463,0.108287995
rand_spd,1024,933,0.25360680441725975,0.2536068044172516,8.1601392309949e-15,0.031829344,0.109130542
rand_spd,1024,934,0.2536624486481402,0.25366244864813203,8.1601392309949e-15,0.033262608,0.108612776
rand_spd,1024,935,0.25369461316473757,0.25369461316472947,8.104628079763643e-15,0.032024477,0.111561656
rand_spd,1024,936,0.2537139290869877,0.2537139290869796,8.104628079763643e-15,0.032264763,0.104908462
rand_spd,1024,937,0.25357988266428105,0.25357988266427284,8.215650382226158e-15,0.032339442,0.1075688
rand_spd,1024,938,0.25358360096609467,0.2535836009660865,8.1601392309949e-15,0.033175383,0.111469303
rand_spd,1024,939,0.25360193346214543,0.2536019334621373,8.1601392309949e-15,0.032524337,0.113713102
rand_spd,1024,940,0.25350155890279713,0.2535015589027889,8.215650382226158e-15,0.031810915,0.111663409
rand_spd,1024,941,0.2535904404736324,0.2535904404736243,8.104628079763643e-15,0.083176472,0.159185538
rand_spd,1024,942,0.25362524728758745,0.2536252472875793,8.1601392309949e-15,0.032366624,0.111030008
rand_spd,1024,943,0.2537439662356342,0.25374396623562606,8.1601392309949e-15,0.039193276,0.111210302
rand_spd,1024,944,0.2535820643978411,0.2535820643978329,8.215650382226158e-15,0.032323978,0.108554927
rand_spd,1024,945,0.2533137848517452,0.25331378485173706,8.1601392309949e-15,0.031637303,0.115600471
rand_spd,1024,946,0.2534347065448693,0.2534347065448613,8.049116928532385e-15,0.032226079,0.109539146
rand_spd,1024,947,0.2535161464874477,0.25351614648743953,8.1601392309949e-15,0.032189897,0.104105339
rand_spd,1024,948,0.2537811881001873,0.2537811881001792,8.104628079763643e-15,0.032016571,0.113401903
rand_spd,1024,949,0.25354083701242364,0.2535408370124155,8.1601392309949e-15,0.031762582,0.105283016
rand_spd,1024,950,0.25362544957047173,0.2536254495704637,8.049116928532385e-15,0.032037594,0.113316793
rand_spd,1024,951,0.2536466246338741,0.25364662463386595,8.1601392309949e-15,0.032366134,0.104560234
rand_spd,1024,952,0.25368473230854854,0.25368473230854044,8.104628079763643e-15,0.031964945,0.105212651
rand_spd,1024,953,0.2536552571870497,0.25365525718704146,8.215650382226158e-15,0.032114721,0.114124293
rand_spd,1024,954,0.2536860870627365,0.25368608706272827,8.215650382226158e-15,0.032168599,0.103609196
rand_spd,1024,955,0.2535569123007812,0.2535569123007731,8.104628079763643e-15,0.032051081,0.115491338
rand_spd,1024,956,0.2534550208196542,0.25345502081964594,8.271161533457416e-15,0.032508694,0.111262698
rand_spd,1024,957,0.25369707885159093,0.2536970788515827,8.215650382226158e-15,0.031691589,0.116922091
rand_spd,1024,958,0.25363189873654785,0.2536318987365397,8.1601392309949e-15,0.032076701,0.115107951
rand_spd,1024,959,0.2535837064625815,0.2535837064625733,8.215650382226158e-15,0.03226584,0.11388315
rand_spd,1024,960,0.2534554510018948,0.25345545100188666,8.1601392309949e-15,0.032736197,0.112160988
rand_spd,1024,961,0.25368590806307895,0.25368590806307084,8.104628079763643e-15,0.032192152,0.111199955
rand_spd,1024,962,0.2534313369835209,0.2534313369835127,8.1601392309949e-15,0.031877409,0.114424749
rand_spd,1024,963,0.2536177900999756,0.25361779009996743,8.1601392309949e-15,0.032769364,0.114055387
rand_spd,1024,964,0.2537527758169729,0.2537527758169648,8.104628079763643e-15,0.032411484,0.108239459
rand_spd,1024,965,0.2537286315643663,0.25372863156435815,8.1601392309949e-15,0.032034268,0.111746697
rand_spd,1024,966,0.2538065259142894,0.2538065259142812,8.215650382226158e-15,0.032316224,0.11219921
rand_spd,1024,967,0.2535008874372469,0.2535008874372387,8.215650382226158e-15,0.032089711,0.116738065
rand_spd,1024,968,0.25362614693456137,0.25362614693455326,8.104628079763643e-15,0.032500399,0.104230923
rand_spd,1024,969,0.25377158386744436,0.25377158386743626,8.104628079763643e-15,0.032316262,0.116962202
rand_spd,1024,970,0.25362910583223436,0.25362910583222614,8.215650382226158e-15,0.032645531,0.113496052
rand_spd,1024,971,0.2534739303990354,0.2534739303990271,8.271161533457416e-15,0.032846147,0.108078213
rand_spd,1024,972,0.2535706622497336,0.25357066224972535,8.271161533457416e-15,0.03242366,0.110703073
rand_spd,1024,973,0.25363940434692783,0.25363940434691973,8.104628079763643e-15,0.031897987,0.113746075
rand_spd,1024,974,0.2534142584320712,0.25341425843206306,8.1601392309949e-15,0.032048384,0.111780169
rand_spd,1024,975,0.25363581816449005,0.25363581816448183,8.215650382226158e-15,0.032171318,0.112237906
rand_spd,1024,976,0.2535631578260547,0.2535631578260465,8.215650382226158e-15,0.032120244,0.114152017
rand_spd,1024,977,0.2537031231065289,0.25370312310652077,8.1601392309949e-15,0.031811799,0.102958529
rand_spd,1024,978,0.25380296854402407,0.2538029685440159,8.1601392309949e-15,0.031925825,0.111633712
rand_spd,1024,979,0.25361250670958563,0.2536125067095774,8.215650382226158e-15,0.031949706,0.108111107
rand_spd,1024,980,0.25352625495786646,0.25352625495785835,8.104628079763643e-15,0.032007275,0.115761396
rand_spd,1024,981,0.25356489988625924,0.25356489988625114,8.104628079763643e-15,0.032369128,0.113809338
rand_spd,1024,982,0.2537696454403087,0.25376964544030056,8.1601392309949e-15,0.032798903,0.112796459
rand_spd,1024,983,0.25350485961222197,0.2535048596122138,8.1601392309949e-15,0.032383187,0.109718688
rand_spd,1024,984,0.25366122875541314,0.2536612287554049,8.215650382226158e-15,0.033006913,0.115617284
rand_spd,1024,985,0.25353178989069297,0.25353178989068487,8.104628079763643e-15,0.032571895,0.113194302
rand_spd,1024,986,0.2537571557381545,0.2537571557381463,8.215650382226158e-15,0.032192997,0.109947512
rand_spd,1024,987,0.2537703300789264,0.25377033007891825,8.1601392309949e-15,0.032506869,0.113984392
rand_spd,1024,988,0.25380953246949783,0.2538095324694897,8.1601392309949e-15,0.032119698,0.113474179
rand_spd,1024,989,0.253633524821937,0.25363352482192897,8.049116928532385e-15,0.031523943,0.119816069
rand_spd,1024,990,0.25357397687278677,0.25357397687277866,8.104628079763643e-15,0.032154469,0.109531193
rand_spd,1024,991,0.25364085185512547,0.2536408518551173,8.1601392309949e-15,0.032376365,0.111687098
rand_spd,1024,992,0.25344268713208024,0.25344268713207213,8.104628079763643e-15,0.035992203,0.107619939
rand_spd,1024,993,0.25350616519505514,0.25350616519504704,8.104628079763643e-15,0.032482347,0.111702853
rand_spd,1024,994,0.2535596348828875,0.2535596348828794,8.104628079763643e-15,0.032042338,0.112420711
rand_spd,1024,995,0.25350791501438913,0.2535079150143809,8.215650382226158e-15,0.032243332,0.107382103
rand_spd,1024,996,0.2534372399338795,0.2534372399338713,8.215650382226158e-15,0.032292454,0.111863322
rand_spd,1024,997,0.25368967018400235,0.2536896701839942,8.1601392309949e-15,0.032610647,0.111994047
rand_spd,1024,998,0.25361984940875326,0.2536198494087451,8.1601392309949e-15,0.032554092,0.110094543
rand_spd,1024,999,0.25361852699257864,0.25361852699257054,8.104628079763643e-15,0.032332268,0.111473155
rand_spd,1024,1000,0.2536785585501348,0.25367855855012666,8.1601392309949e-15,0.032132515,0.11633955
rand_spd,4096,1,0.2514339312186554,0.25143393121861846,3.697042672001771e-14,0.282810875,0.555136438
rand_spd,4096,2,0.2512812206120961,0.2512812206120592,3.6914915568786455e-14,0.275514662,0.56330343
rand_spd,4096,3,0.2513752513291538,0.2513752513291168,3.697042672001771e-14,0.27867512,0.544088662
rand_spd,4096,4,0.25138211592975535,0.2513821159297184,3.697042672001771e-14,0.27520098,0.569372602
rand_spd,4096,5,0.2512630339940767,0.25126303399403976,3.6914915568786455e-14,0.278747778,0.575038642
rand_spd,4096,6,0.25134732143903665,0.2513473214389997,3.697042672001771e-14,0.278282124,0.572482336
rand_spd,4096,7,0.2513630554605006,0.2513630554604636,3.697042672001771e-14,0.275623289,0.595052059
rand_spd,4096,8,0.25148836761568166,0.2514883676156448,3.68594044175552e-14,0.278220594,0.550825373
rand_spd,4096,9,0.25141872868035225,0.2514187286803153,3.697042672001771e-14,0.288824082,0.545507241
rand_spd,4096,10,0.2514397971031352,0.25143979710309833,3.68594044175552e-14,0.275585467,0.551969222
rand_spd,4096,11,0.2514380982862894,0.2514380982862524,3.697042672001771e-14,0.291080463,0.561421035
rand_spd,4096,12,0.25131099384648925,0.2513109938464523,3.697042672001771e-14,0.277798236,0.552083879
rand_spd,4096,13,0.2513451745761411,0.2513451745761041,3.697042672001771e-14,0.279305696,0.55542362
rand_spd,4096,14,0.25146562821266155,0.2514656282126247,3.68594044175552e-14,0.279991832,0.552403006
rand_spd,4096,15,0.2512970473423039,0.25129704734226704,3.68594044175552e-14,0.276912662,0.552759577
rand_spd,4096,16,0.25138430044287874,0.2513843004428418,3.6914915568786455e-14,0.283258535,0.556291722
rand_spd,4096,17,0.2513359058917725,0.2513359058917356,3.6914915568786455e-14,0.277948694,0.543784775
rand_spd,4096,18,0.2512912316510059,0.251291231650969,3.6914915568786455e-14,0.279817394,0.563603969
rand_spd,4096,19,0.25133280651774886,0.251332806517712,3.68594044175552e-14,0.28931448,0.577796229
rand_spd,4096,20,0.25128552601291176,0.25128552601287496,3.680389326632394e-14,0.319496931,0.580859154
rand_spd,4096,21,0.2513836402749086,0.25138364027487176,3.68594044175552e-14,0.277784909,0.555620293
rand_spd,4096,22,0.2513520085770998,0.2513520085770628,3.697042672001771e-14,0.276489779,0.568114322
rand_spd,4096,23,0.25140840471929526,0.25140840471925835,3.6914915568786455e-14,0.276658514,0.580073489
rand_spd,4096,24,0.25128839985727686,0.25128839985723994,3.6914915568786455e-14,0.277946746,0.561957145
rand_spd,4096,25,0.25141890260781014,0.25141890260777316,3.697042672001771e-14,0.28359277,0.563841669
rand_spd,4096,26,0.2513468481469768,0.25134684814693986,3.6914915568786455e-14,0.27650384,0.554372963
rand_spd,4096,27,0.2513516736567937,0.25135167365675676,3.6914915568786455e-14,0.27901552,0.549182428
rand_spd,4096,28,0.2513824737441888,0.2513824737441519,3.6914915568786455e-14,0.278652038,0.592514335
rand_spd,4096,29,0.25127677298008494,0.251276772980048,3.6914915568786455e-14,0.280378255,0.546077685
rand_spd,4096,30,0.25134664454317773,0.25134664454314076,3.697042672001771e-14,0.276510397,0.555555041
rand_spd,4096,31,0.25148554871231454,0.2514855487122776,3.697042672001771e-14,0.277912407,0.538204144
rand_spd,4096,32,0.2513601541628037,0.2513601541627668,3.6914915568786455e-14,0.280141341,0.54058017
rand_spd,4096,33,0.2514534331230818,0.25145343312304486,3.697042672001771e-14,0.276565702,0.541838328
rand_spd,4096,34,0.2513704321661455,0.2513704321661086,3.6914915568786455e-14,0.277477133,0.546968528
rand_spd,4096,35,0.25127674924737825,0.2512767492473414,3.68594044175552e-14,0.278879137,0.555499003
rand_spd,4096,36,0.2513372065883073,0.25133720658827047,3.68594044175552e-14,0.278059933,0.541756168
rand_spd,4096,37,0.25153452140655785,0.2515345214065209,3.697042672001771e-14,0.277774393,0.556781924
rand_spd,4096,38,0.251393719701917,0.25139371970188,3.697042672001771e-14,0.276506169,0.542678941
rand_spd,4096,39,0.2513543924006911,0.25135439240065427,3.680389326632394e-14,0.277540085,0.553702122
rand_spd,4096,40,0.25137782397841607,0.25137782397837916,3.6914915568786455e-14,0.280550781,0.559692127
rand_spd,4096,41,0.2513775279350226,0.25137752793498563,3.697042672001771e-14,0.279257082,0.573102813
rand_spd,4096,42,0.251278006037469,0.25127800603743206,3.697042672001771e-14,0.280446721,0.545792742
rand_spd,4096,43,0.2513235754467261,0.2513235754466892,3.6914915568786455e-14,0.282027815,0.527629108
rand_spd,4096,44,0.2513664873009991,0.2513664873009622,3.68594044175552e-14,0.280894771,0.556501371
rand_spd,4096,45,0.25142191809549125,0.25142191809545433,3.6914915568786455e-14,0.298752595,0.557123605
rand_spd,4096,46,0.2513301002204561,0.2513301002204192,3.6914915568786455e-14,0.307917525,0.537443014
rand_spd,4096,47,0.2513571489200044,0.25135714891996747,3.6914915568786455e-14,0.276704741,0.543579223
rand_spd,4096,48,0.25121047188839674,0.2512104718883599,3.68594044175552e-14,0.277633155,0.539008581
rand_spd,4096,49,0.25147498728328394,0.251474987283247,3.6914915568786455e-14,0.279117599,0.544655012
rand_spd,4096,50,0.2513066566894811,0.25130665668944424,3.68594044175552e-14,0.279775423,0.54734824
rand_spd,4096,51,0.251452030193448,0.25145203019341106,3.6914915568786455e-14,0.277633175,0.551117958
rand_spd,4096,52,0.25134580990382815,0.2513458099037912,3.697042672001771e-14,0.278277058,0.541543549
rand_spd,4096,53,0.25144898593305426,0.2514489859330173,3.697042672001771e-14,0.276541553,0.5514866
rand_spd,4096,54,0.2514025270708036,0.25140252707076677,3.68594044175552e-14,0.278683962,0.55577417
rand_spd,4096,55,0.25133475413459216,0.2513347541345552,3.697042672001771e-14,0.278288974,0.560760818
rand_spd,4096,56,0.2514044692803922,0.2514044692803553,3.68594044175552e-14,0.279641364,0.553525966
rand_spd,4096,57,0.25128090920741986,0.25128090920738294,3.6914915568786455e-14,0.280290128,0.579393006
rand_spd,4096,58,0.25132154075291585,0.25132154075287894,3.6914915568786455e-14,0.281106737,0.564426797
rand_spd,4096,59,0.25136742647453875,0.251367426474502,3.674838211509268e-14,0.281342919,0.577329282
rand_spd,4096,60,0.25146843509965366,0.2514684350996168,3.68594044175552e-14,0.280161866,0.559956517
rand_spd,4096,61,0.251394912143522,0.2513949121434851,3.6914915568786455e-14,0.279444758,0.558136764
rand_spd,4096,62,0.2513440100887208,0.2513440100886839,3.6914915568786455e-14,0.300308606,0.547970529
rand_spd,4096,63,0.2514063505284421,0.25140635052840526,3.68594044175552e-14,0.279053208,0.540061394
rand_spd,4096,64,0.2512892567916961,0.2512892567916592,3.6914915568786455e-14,0.276922506,0.558320017
rand_spd,4096,65,0.2513583303087989,0.25135833030876203,3.68594044175552e-14,0.277691565,0.555796554
rand_spd,4096,66,0.2513671981370637,0.2513671981370268,3.6914915568786455e-14,0.279781604,0.571283267
rand_spd,4096,67,0.25132928420426043,0.25132928420422357,3.68594044175552e-14,0.279105596,0.588083687
rand_spd,4096,68,0.25134978628475363,0.25134978628471666,3.697042672001771e-14,0.279038248,0.559037594
rand_spd,4096,69,0.2514507032606671,0.2514507032606302,3.6914915568786455e-14,0.279989965,0.552015103
rand_spd,4096,70,0.25131499890720577,0.2513149989071688,3.697042672001771e-14,0.2790823,0.555640707
rand_spd,4096,71,0.25143424443982115,0.2514342444397842,3.697042672001771e-14,0.280103248,0.559667718
rand_spd,4096,72,0.2513619802621699,0.2513619802621329,3.697042672001771e-14,0.280930571,0.56432622
rand_spd,4096,73,0.2514840423641026,0.25148404236406574,3.68594044175552e-14,0.278770905,0.547888006
rand_spd,4096,74,0.2514146371230508,0.2514146371230139,3.6914915568786455e-14,0.279368557,0.528790526
rand_spd,4096,75,0.25131901720679045,0.2513190172067534,3.702593787124897e-14,0.28326565,0.568965731
rand_spd,4096,76,0.2514576886638422,0.2514576886638053,3.6914915568786455e-14,0.279093348,0.561894785
rand_spd,4096,77,0.2513383808589266,0.25133838085888965,3.697042672001771e-14,0.280665913,0.562443695
rand_spd,4096,78,0.2514373183847059,0.251437318384669,3.6914915568786455e-14,0.27674397,0.551131134
rand_spd,4096,79,0.2512513267065152,0.2512513267064783,3.68594044175552e-14,0.278687627,0.547018194
rand_spd,4096,80,0.2514464846945699,0.25144648469453296,3.697042672001771e-14,0.283225965,0.565226375
rand_spd,4096,81,0.25137571849091983,0.25137571849088286,3.697042672001771e-14,0.277669384,0.554863807
rand_spd,4096,82,0.25133765447241413,0.25133765447237716,3.697042672001771e-14,0.28067576,0.558386857
rand_spd,4096,83,0.2513112731708379,0.251311273170801,3.6914915568786455e-14,0.278327885,0.544703113
rand_spd,4096,84,0.2513602843476818,0.25136028434764474,3.708144902248023e-14,0.278772497,0.556550721
rand_spd,4096,85,0.2514464195552931,0.2514464195552561,3.702593787124897e-14,0.279563941,0.548164678
rand_spd,4096,86,0.2514853503749224,0.25148535037488556,3.68594044175552e-14,0.278232269,0.564838361
rand_spd,4096,87,0.2513307678167342,0.2513307678166973,3.6914915568786455e-14,0.278211253,0.552642102
rand_spd,4096,88,0.25133477446609176,0.25133477446605473,3.702593787124897e-14,0.27879189,0.554266808
rand_spd,4096,89,0.25122185522641166,0.2512218552263748,3.68594044175552e-14,0.2821322,0.558773883
rand_spd,4096,90,0.25148468871889373,0.25148468871885676,3.697042672001771e-14,0.278051138,0.560528898
rand_spd,4096,91,0.2513460387392761,0.2513460387392393,3.680389326632394e-14,0.276992638,0.557812308
rand_spd,4096,92,0.2513610919835673,0.25136109198353046,3.68594044175552e-14,0.276728712,0.557687223
rand_spd,4096,93,0.2514519304275587,0.25145193042752184,3.68594044175552e-14,0.285642033,0.544246137
rand_spd,4096,94,0.2513103960763746,0.2513103960763376,3.702593787124897e-14,0.278025957,0.544133126
rand_spd,4096,95,0.25139627407118187,0.2513962740711449,3.697042672001771e-14,0.276999851,0.561885759
rand_spd,4096,96,0.2513585484134098,0.2513585484133728,3.702593787124897e-14,0.277973131,0.548080152
rand_spd,4096,97,0.25134504113327094,0.2513450411332341,3.68594044175552e-14,0.278068683,0.543377495
rand_spd,4096,98,0.2512778260014976,0.2512778260014607,3.6914915568786455e-14,0.280100285,0.563220695
rand_spd,4096,99,0.25138583492743233,0.2513858349273954,3.6914915568786455e-14,0.281717795,0.567241519
rand_spd,4096,100,0.2513145615875773,0.2513145615875404,3.6914915568786455e-14,0.278739253,0.545387679
rand_spd,4096,101,0.25136392234822874,0.2513639223481918,3.6914915568786455e-14,0.282257777,0.565324542
rand_spd,4096,102,0.2513420113258236,0.25134201132578676,3.68594044175552e-14,0.276916049,0.539141728
rand_spd,4096,103,0.2514453404875279,0.251445340487491,3.6914915568786455e-14,0.284310508,0.568078816
rand_spd,4096,104,0.25135340009166557,0.2513534000916285,3.708144902248023e-14,0.276994239,0.545138368
rand_spd,4096,105,0.251351748901522,0.25135174890148515,3.68594044175552e-14,0.277616843,0.541958486
rand_spd,4096,106,0.25144387241550853,0.25144387241547156,3.697042672001771e-14,0.279187096,0.533655195
rand_spd,4096,107,0.25147209865107384,0.25147209865103687,3.697042672001771e-14,0.281850651,0.552360712
rand_spd,4096,108,0.25133587869652857,0.2513358786964917,3.68594044175552e-14,0.277958892,0.554948322
rand_spd,4096,109,0.25128881833112177,0.2512888183310849,3.68594044175552e-14,0.303327163,0.565087115
rand_spd,4096,110,0.25124953941722794,0.251249539417191,3.6914915568786455e-14,0.279087304,0.558802952
rand_spd,4096,111,0.2513901603701451,0.2513901603701081,3.702593787124897e-14,0.279372872,0.560739414
rand_spd,4096,112,0.25126461015045537,0.25126461015041845,3.6914915568786455e-14,0.280749403,0.556854342
rand_spd,4096,113,0.2513954735646688,0.25139547356463177,3.702593787124897e-14,0.279123748,0.54822819
rand_spd,4096,114,0.2512927404857258,0.25129274048568895,3.68594044175552e-14,0.276938079,0.540712822
rand_spd,4096,115,0.25138124572421855,0.2513812457241816,3.697042672001771e-14,0.279529666,0.551973574
rand_spd,4096,116,0.25126549447824875,0.2512654944782118,3.697042672001771e-14,0.276883949,0.550902842
rand_spd,4096,117,0.25136731440495047,0.2513673144049136,3.68594044175552e-14,0.278861063,0.54752011
rand_spd,4096,118,0.25141024388380373,0.2514102438837668,3.6914915568786455e-14,0.278130695,0.559748452
rand_spd,4096,119,0.25139841300666915,0.25139841300663224,3.6914915568786455e-14,0.278611503,0.54243822
rand_spd,4096,120,0.25139649522612645,0.2513964952260896,3.68594044175552e-14,0.277314285,0.569298313
rand_spd,4096,121,0.2514265957995361,0.25142659579949916,3.6914915568786455e-14,0.277501398,0.551771033
rand_spd,4096,122,0.25136983283766967,0.25136983283763276,3.6914915568786455e-14,0.27678847,0.572345064
rand_spd,4096,123,0.25136057942642304,0.25136057942638607,3.697042672001771e-14,0.278741883,0.566837637
rand_spd,4096,124,0.25127824166099566,0.25127824166095875,3.6914915568786455e-14,0.279143501,0.565287944
rand_spd,4096,125,0.25143093624790797,0.251430936247871,3.697042672001771e-14,0.281443158,0.550782282
rand_spd,4096,126,0.2514007329359263,0.25140073293588944,3.68594044175552e-14,0.279569329,0.549088475
rand_spd,4096,127,0.2514255600664307,0.2514255600663938,3.68594044175552e-14,0.278745164,0.55393842
rand_spd,4096,128,0.25135874093386024,0.2513587409338233,3.6914915568786455e-14,0.279405768,0.544370136
rand_spd,4096,129,0.2514890230415153,0.2514890230414784,3.6914915568786455e-14,0.280483664,0.536981959
rand_spd,4096,130,0.2512881024388382,0.25128810243880123,3.697042672001771e-14,0.280939998,0.564931636
rand_spd,4096,131,0.2513907201916471,0.25139072019161013,3.697042672001771e-14,0.278805656,0.560352892
rand_spd,4096,132,0.2514097728869462,0.2514097728869093,3.6914915568786455e-14,0.280784678,0.551383387
rand_spd,4096,133,0.25133653754951585,0.251336537549479,3.68594044175552e-14,0.279701309,0.546514033
rand_spd,4096,134,0.25138461249782784,0.25138461249779076,3.708144902248023e-14,0.278230139,0.547083919
rand_spd,4096,135,0.25128257753644695,0.25128257753641,3.697042672001771e-14,0.280677069,0.547063516
rand_spd,4096,136,0.2514193300974272,0.2514193300973902,3.697042672001771e-14,0.278996736,0.544089828
rand_spd,4096,137,0.25139346401482493,0.25139346401478796,3.697042672001771e-14,0.280671099,0.560644318
rand_spd,4096,138,0.2514539241712001,0.2514539241711632,3.6914915568786455e-14,0.276987109,0.543113613
rand_spd,4096,139,0.2514349629432295,0.2514349629431925,3.697042672001771e-14,0.27902158,0.539445542
rand_spd,4096,140,0.2513547538957455,0.25135475389570866,3.68594044175552e-14,0.276415149,0.552669689
rand_spd,4096,141,0.251386180310985,0.25138618031094806,3.6914915568786455e-14,0.278905719,0.541532473
rand_spd,4096,142,0.2513663243115881,0.2513663243115512,3.6914915568786455e-14,0.278409046,0.568062748
rand_spd,4096,143,0.25125706004025405,0.25125706004021714,3.6914915568786455e-14,0.277795509,0.558046175
rand_spd,4096,144,0.2514873746296104,0.2514873746295733,3.708144902248023e-14,0.278411354,0.554979162
rand_spd,4096,145,0.2513423749592821,0.2513423749592452,3.68594044175552e-14,0.28298678,0.545136768
rand_spd,4096,146,0.25143285737392373,0.2514328573738868,3.6914915568786455e-14,0.278531596,0.553094717
rand_spd,4096,147,0.25132395418255354,0.2513239541825167,3.68594044175552e-14,0.280253466,0.55501364
rand_spd,4096,148,0.2514234388850622,0.2514234388850252,3.697042672001771e-14,0.276107089,0.55607055
rand_spd,4096,149,0.25145191129025224,0.2514519112902153,3.6914915568786455e-14,0.282518924,0.548845463
rand_spd,4096,150,0.2512851831409547,0.2512851831409178,3.6914915568786455e-14,0.275873429,0.537971408
rand_spd,4096,151,0.2514409901747536,0.2514409901747166,3.697042672001771e-14,0.28051057,0.554131302
rand_spd,4096,152,0.25139179553828855,0.25139179553825164,3.6914915568786455e-14,0.275278857,0.556908092
rand_spd,4096,153,0.2514551050162259,0.25145510501618895,3.697042672001771e-14,0.278393183,0.557877583
rand_spd,4096,154,0.25136023745364133,0.25136023745360436,3.697042672001771e-14,0.276706377,0.539815824
rand_spd,4096,155,0.2513752067449797,0.2513752067449428,3.6914915568786455e-14,0.280556642,0.552715152
rand_spd,4096,156,0.2514321879782985,0.25143218797826145,3.708144902248023e-14,0.275512365,0.538737173
rand_spd,4096,157,0.25136590582740076,0.2513659058273638,3.697042672001771e-14,0.280920707,0.549848714
rand_spd,4096,158,0.2513365655160078,0.251336565515971,3.680389326632394e-14,0.275916924,0.540322715
rand_spd,4096,159,0.2513144046753488,0.2513144046753118,3.702593787124897e-14,0.276878311,0.548340863
rand_spd,4096,160,0.25145034131309757,0.25145034131306054,3.702593787124897e-14,0.276160962,0.55690624
rand_spd,4096,161,0.2514712955957171,0.2514712955956801,3.702593787124897e-14,0.278077556,0.563895781
rand_spd,4096,162,0.25133850137344366,0.2513385013734067,3.697042672001771e-14,0.275545444,0.548391876
rand_spd,4096,163,0.2513381643471681,0.25133816434713113,3.697042672001771e-14,0.286342777,0.554763674
rand_spd,4096,164,0.25141930517237515,0.25141930517233824,3.6914915568786455e-14,0.277910534,0.546290101
rand_spd,4096,165,0.2512542445535842,0.25125424455354733,3.68594044175552e-14,0.286761009,0.560149373
rand_spd,4096,166,0.2514221560359438,0.25142215603590695,3.68594044175552e-14,0.27746141,0.552116193
rand_spd,4096,167,0.25133365016005654,0.25133365016001963,3.6914915568786455e-14,0.28039309,0.550090373
rand_spd,4096,168,0.2513546891275387,0.2513546891275018,3.6914915568786455e-14,0.277539721,0.553191882
rand_spd,4096,169,0.2513360284719322,0.2513360284718951,3.708144902248023e-14,0.279668406,0.556596628
rand_spd,4096,170,0.25129308078252593,0.251293080782489,3.6914915568786455e-14,0.275754782,0.548357563
rand_spd,4096,171,0.2514180403807354,0.25141804038069854,3.68594044175552e-14,0.275745159,0.555174974
rand_spd,4096,172,0.2514780122061225,0.25147801220608546,3.702593787124897e-14,0.278196597,0.553764145
rand_spd,4096,173,0.25148957045522086,0.251489570455184,3.68594044175552e-14,0.278338458,0.549190855
rand_spd,4096,174,0.2514342350276339,0.25143423502759704,3.68594044175552e-14,0.279148863,0.551778728
rand_spd,4096,175,0.25146601779949396,0.2514660177994571,3.68594044175552e-14,0.276802316,0.553221009
rand_spd,4096,176,0.2513976219075507,0.25139762190751386,3.68594044175552e-14,0.280157542,0.557282962
rand_spd,4096,177,0.251374817007233,0.25137481700719616,3.68594044175552e-14,0.276772948,0.574084088
rand_spd,4096,178,0.25135688055833877,0.2513568805583019,3.68594044175552e-14,0.279686545,0.559537299
rand_spd,4096,179,0.2513154624521449,0.25131546245210795,3.697042672001771e-14,0.277465169,0.566886204
rand_spd,4096,180,0.2512827621280135,0.2512827621279765,3.697042672001771e-14,0.309969954,0.556987515
rand_spd,4096,181,0.2512944884772326,0.2512944884771957,3.6914915568786455e-14,0.278177859,0.556739595
rand_spd,4096,182,0.2514209744323737,0.2514209744323368,3.6914915568786455e-14,0.279029746,0.553158044
rand_spd,4096,183,0.2514062355732605,0.2514062355732235,3.697042672001771e-14,0.278756028,0.543832344
rand_spd,4096,184,0.2513318684382768,0.2513318684382399,3.6914915568786455e-14,0.277881501,0.554743795
rand_spd,4096,185,0.2514158916885846,0.25141589168854767,3.6914915568786455e-14,0.277948442,0.576254209
rand_spd,4096,186,0.25140295988170897,0.251402959881672,3.697042672001771e-14,0.278141677,0.541151923
rand_spd,4096,187,0.2512782544807162,0.25127825448067936,3.68594044175552e-14,0.276613182,0.569545436
rand_spd,4096,188,0.25138318841533175,0.2513831884152949,3.68594044175552e-14,0.27805449,0.56586925
rand_spd,4096,189,0.2514931776514499,0.25149317765141305,3.68594044175552e-14,0.277942446,0.55006647
rand_spd,4096,190,0.25126611598542464,0.2512661159853878,3.68594044175552e-14,0.279759798,0.537581191
rand_spd,4096,191,0.2513566529013504,0.25135665290131354,3.68594044175552e-14,0.280042005,0.53835593
rand_spd,4096,192,0.2513976432431652,0.2513976432431283,3.6914915568786455e-14,0.279030206,0.542026658
rand_spd,4096,193,0.25131697146265275,0.25131697146261583,3.6914915568786455e-14,0.277072254,0.552870965
rand_spd,4096,194,0.2514573533936122,0.2514573533935753,3.6914915568786455e-14,0.279310422,0.542331264
rand_spd,4096,195,0.2514067501120169,0.25140675011197994,3.697042672001771e-14,0.27854452,0.554850283
rand_spd,4096,196,0.2514230710545899,0.251423071054553,3.68594044175552e-14,0.278901772,0.554013538
rand_spd,4096,197,0.25146948750442794,0.25146948750439096,3.697042672001771e-14,0.277337263,0.561431987
rand_spd,4096,198,0.2512992340276826,0.2512992340276457,3.6914915568786455e-14,0.278000972,0.55770752
rand_spd,4096,199,0.2514298638077434,0.25142986380770643,3.697042672001771e-14,0.287305091,0.556154669
rand_spd,4096,200,0.2514212215751308,0.2514212215750939,3.6914915568786455e-14,0.278798159,0.555900608
rand_spd,4096,201,0.2513354636699195,0.2513354636698825,3.697042672001771e-14,0.277596499,0.565064351
rand_spd,4096,202,0.25136674135921994,0.25136674135918297,3.697042672001771e-14,0.27825708,0.558121255
rand_spd,4096,203,0.2514469886846705,0.2514469886846336,3.6914915568786455e-14,0.277743938,0.545792185
rand_spd,4096,204,0.2513728053630075,0.25137280536297063,3.68594044175552e-14,0.278605441,0.555631542
rand_spd,4096,205,0.25133076900192663,0.2513307690018897,3.6914915568786455e-14,0.277601571,0.555176205
rand_spd,4096,206,0.25149518260403986,0.2514951826040029,3.697042672001771e-14,0.330185224,0.554663722
rand_spd,4096,207,0.25138080408575153,0.25138080408571456,3.697042672001771e-14,0.279369239,0.556493283
rand_spd,4096,208,0.25146930310807275,0.2514693031080358,3.697042672001771e-14,0.277116941,0.559424406
rand_spd,4096,209,0.2513965865724961,0.25139658657245906,3.702593787124897e-14,0.279180908,0.567470044
rand_spd,4096,210,0.25148119616832404,0.2514811961682872,3.68594044175552e-14,0.277411216,0.555065701
rand_spd,4096,211,0.25125128741434866,0.25125128741431174,3.6914915568786455e-14,0.277597318,0.540775324
rand_spd,4096,212,0.2515170273322935,0.2515170273322565,3.697042672001771e-14,0.281538303,0.550432186
rand_spd,4096,213,0.2514589501972182,0.25145895019718123,3.697042672001771e-14,0.28674852,0.554210638
rand_spd,4096,214,0.25136424459343154,0.2513642445933946,3.6914915568786455e-14,0.278975293,0.549144954
rand_spd,4096,215,0.2513212841488809,0.25132128414884386,3.702593787124897e-14,0.277220979,0.558340029
rand_spd,4096,216,0.251479401573894,0.2514794015738569,3.708144902248023e-14,0.278571375,0.548827375
rand_spd,4096,217,0.25127825959374683,0.25127825959370986,3.697042672001771e-14,0.276621967,0.56796644
rand_spd,4096,218,0.2513442120812612,0.2513442120812242,3.697042672001771e-14,0.277299045,0.559855563
rand_spd,4096,219,0.2513882350665743,0.25138823506653746,3.68594044175552e-14,0.281745181,0.55485736
rand_spd,4096,220,0.2511990914045084,0.25119909140447144,3.697042672001771e-14,0.280133889,0.561373388
rand_spd,4096,221,0.25139389273953755,0.25139389273950064,3.6914915568786455e-14,0.277386433,0.557777287
rand_spd,4096,222,0.25145036487165023,0.25145036487161315,3.708144902248023e-14,0.278432334,0.565203465
rand_spd,4096,223,0.2513268462886627,0.2513268462886257,3.697042672001771e-14,0.278123916,0.570654665
rand_spd,4096,224,0.2515414346296794,0.25154143462964235,3.702593787124897e-14,0.27758181,0.551853333
rand_spd,4096,225,0.25129284020119097,0.2512928402011541,3.68594044175552e-14,0.277279209,0.562404242
rand_spd,4096,226,0.25130077197982786,0.25130077197979106,3.680389326632394e-14,0.27810385,0.566733857
rand_spd,4096,227,0.2514866731973717,0.2514866731973348,3.6914915568786455e-14,0.277492178,0.554093688
rand_spd,4096,228,0.25135535855071783,0.25135535855068086,3.697042672001771e-14,0.277414014,0.544448113
rand_spd,4096,229,0.25141747587722874,0.2514174758771917,3.702593787124897e-14,0.279517641,0.557771586
rand_spd,4096,230,0.2512965012084621,0.25129650120842517,3.6914915568786455e-14,0.277950604,0.560061027
rand_spd,4096,231,0.2512447254741209,0.251244725474084,3.6914915568786455e-14,0.279105163,0.576686573
rand_spd,4096,232,0.2513524183616358,0.2513524183615989,3.6914915568786455e-14,0.276656655,0.563411954
rand_spd,4096,233,0.2512705794975108,0.25127057949747383,3.697042672001771e-14,0.276360831,0.543048245
rand_spd,4096,234,0.2513834675264883,0.2513834675264514,3.6914915568786455e-14,0.279609336,0.560085587
rand_spd,4096,235,0.25136540561500714,0.2513654056149703,3.68594044175552e-14,0.276814611,0.559474172
rand_spd,4096,236,0.2514873862747562,0.25148738627471917,3.702593787124897e-14,0.277718198,0.553527081
rand_spd,4096,237,0.25131198694673573,0.25131198694669893,3.680389326632394e-14,0.275841806,0.556360518
rand_spd,4096,238,0.25127395242812894,0.25127395242809203,3.6914915568786455e-14,0.281820283,0.562286352
rand_spd,4096,239,0.2513041492781591,0.2513041492781221,3.697042672001771e-14,0.276491181,0.583630544
rand_spd,4096,240,0.2513577844526166,0.25135778445257967,3.6914915568786455e-14,0.280412073,0.557356199
rand_spd,4096,241,0.25141207794807646,0.2514120779480396,3.68594044175552e-14,0.27840836,0.56023479
rand_spd,4096,242,0.25132670962859105,0.25132670962855413,3.6914915568786455e-14,0.279063344,0.550265942
rand_spd,4096,243,0.2514299728678378,0.2514299728678008,3.702593787124897e-14,0.314488148,0.570619358
rand_spd,4096,244,0.25134553169279067,0.2513455316927538,3.68594044175552e-14,0.281004111,0.557496073
rand_spd,4096,245,0.2512934471240062,0.25129344712396934,3.68594044175552e-14,0.277507844,0.555926059
rand_spd,4096,246,0.25127751282884775,0.2512775128288108,3.697042672001771e-14,0.28100771,0.56088447
rand_spd,4096,247,0.25126307464270387,0.25126307464266695,3.6914915568786455e-14,0.282389805,0.590775473
rand_spd,4096,248,0.2512245907217336,0.25122459072169673,3.68594044175552e-14,0.277851911,0.551830687
rand_spd,4096,249,0.25140698484916174,0.25140698484912477,3.697042672001771e-14,0.278272771,0.545009501
rand_spd,4096,250,0.25131559184837754,0.2513155918483407,3.68594044175552e-14,0.279174864,0.54537441
rand_spd,4096,251,0.2514518145856449,0.251451814585608,3.6914915568786455e-14,0.278991082,0.570779313
rand_spd,4096,252,0.2513901398041874,0.2513901398041504,3.697042672001771e-14,0.279130682,0.569167075
rand_spd,4096,253,0.2513923423841002,0.2513923423840633,3.68594044175552e-14,0.279028605,0.540671309
rand_spd,4096,254,0.2514434949696081,0.25144349496957125,3.68594044175552e-14,0.281110691,0.554617701
rand_spd,4096,255,0.25133411218154006,0.2513341121815031,3.697042672001771e-14,0.279152386,0.558475476
rand_spd,4096,256,0.25146370551110087,0.25146370551106384,3.702593787124897e-14,0.276390076,0.575933287
rand_spd,4096,257,0.25131931680200803,0.2513193168019711,3.6914915568786455e-14,0.281282012,0.565155308
rand_spd,4096,258,0.2514255956912046,0.2514255956911677,3.6914915568786455e-14,0.280053635,0.56946231
rand_spd,4096,259,0.2513482661402799,0.25134826614024297,3.6914915568786455e-14,0.276244129,0.561806909
rand_spd,4096,260,0.2514868882964718,0.2514868882964349,3.6914915568786455e-14,0.276031052,0.552733343
rand_spd,4096,261,0.25129884822721266,0.2512988482271758,3.68594044175552e-14,0.278675834,0.554719007
rand_spd,4096,262,0.251358373325917,0.2513583733258801,3.68594044175552e-14,0.278052841,0.555147858
rand_spd,4096,263,0.25147268733828526,0.2514726873382483,3.697042672001771e-14,0.281783767,0.578252866
rand_spd,4096,264,0.25141450954048267,0.2514145095404457,3.697042672001771e-14,0.27773515,0.588691741
rand_spd,4096,265,0.2514357784760011,0.25143577847596416,3.697042672001771e-14,0.279502736,0.537410466
rand_spd,4096,266,0.2513208755129292,0.25132087551289234,3.68594044175552e-14,0.277043523,0.538429287
rand_spd,4096,267,0.2512660090698225,0.25126600906978563,3.68594044175552e-14,0.280093128,0.593106988
rand_spd,4096,268,0.25144831517004657,0.2514483151700097,3.68594044175552e-14,0.278876679,0.581719918
rand_spd,4096,269,0.251300174638563,0.2513001746385261,3.6914915568786455e-14,0.278932436,0.559931562
rand_spd,4096,270,0.25142177113239167,0.25142177113235475,3.6914915568786455e-14,0.278730554,0.548937995
rand_spd,4096,271,0.25135075433344145,0.2513507543334044,3.702593787124897e-14,0.278581625,0.558623249
rand_spd,4096,272,0.2514100504075146,0.2514100504074777,3.68594044175552e-14,0.278219985,0.565729926
rand_spd,4096,273,0.2514027674564036,0.2514027674563666,3.702593787124897e-14,0.278170614,0.555776482
rand_spd,4096,274,0.25157647504822106,0.2515764750481841,3.697042672001771e-14,0.277407931,0.586888856
rand_spd,4096,275,0.2514064829196399,0.25140648291960294,3.697042672001771e-14,0.279868775,0.549264233
rand_spd,4096,276,0.25131333116767884,0.25131333116764204,3.680389326632394e-14,0.278380923,0.581640611
rand_spd,4096,277,0.2514107483031443,0.25141074830310733,3.697042672001771e-14,0.278423941,0.555860648
rand_spd,4096,278,0.2514039286132322,0.2514039286131953,3.68594044175552e-14,0.275759589,0.547752056
rand_spd,4096,279,0.2513677397046936,0.2513677397046567,3.6914915568786455e-14,0.277774474,0.55508318
rand_spd,4096,280,0.2515033860987141,0.2515033860986771,3.697042672001771e-14,0.277397311,0.589650713
rand_spd,4096,281,0.25141087912603804,0.2514108791260011,3.697042672001771e-14,0.277020137,0.569814343
rand_spd,4096,282,0.2514302871329363,0.2514302871328994,3.6914915568786455e-14,0.280652903,0.556487181
rand_spd,4096,283,0.2513489170634272,0.2513489170633903,3.6914915568786455e-14,0.27886062,0.578869887
rand_spd,4096,284,0.25145570769424364,0.2514557076942067,3.6914915568786455e-14,0.280485796,0.577535297
rand_spd,4096,285,0.2515061798535174,0.25150617985348045,3.697042672001771e-14,0.277432293,0.568924999
rand_spd,4096,286,0.25138278296692224,0.25138278296688527,3.697042672001771e-14,0.280712399,0.541001919
rand_spd,4096,287,0.2513536198806201,0.2513536198805832,3.6914915568786455e-14,0.282832233,0.555602257
rand_spd,4096,288,0.25141703900614415,0.2514170390061071,3.702593787124897e-14,0.273977821,0.540410755
rand_spd,4096,289,0.2514747805275771,0.2514747805275401,3.702593787124897e-14,0.285688112,0.540080489
rand_spd,4096,290,0.2512855446289006,0.2512855446288637,3.6914915568786455e-14,0.282185406,0.552386459
rand_spd,4096,291,0.251395524262403,0.25139552426236605,3.697042672001771e-14,0.278280959,0.558413445
rand_spd,4096,292,0.25142111062477496,0.2514211106247379,3.708144902248023e-14,0.278583763,0.595989823
rand_spd,4096,293,0.25155038081995307,0.25155038081991604,3.702593787124897e-14,0.277356963,0.586715782
rand_spd,4096,294,0.25130234273082647,0.25130234273078966,3.680389326632394e-14,0.277972929,0.546006548
rand_spd,4096,295,0.25133881655835427,0.2513388165583173,3.697042672001771e-14,0.277646021,0.591165472
rand_spd,4096,296,0.25142148466946573,0.2514214846694288,3.6914915568786455e-14,0.2775903,0.540326746
rand_spd,4096,297,0.25132314225424063,0.25132314225420366,3.697042672001771e-14,0.282116922,0.587367886
rand_spd,4096,298,0.2514215005227834,0.2514215005227464,3.697042672001771e-14,0.282745368,0.594423952
rand_spd,4096,299,0.2513511114537175,0.25135111145368066,3.68594044175552e-14,0.277965999,0.564519372
rand_spd,4096,300,0.25144984553937116,0.2514498455393343,3.68594044175552e-14,0.277204972,0.569670542
rand_spd,4096,301,0.2513456630950825,0.25134566309504563,3.68594044175552e-14,0.276929642,0.569947269
rand_spd,4096,302,0.25135677849200283,0.25135677849196586,3.697042672001771e-14,0.278798059,0.611367507
rand_spd,4096,303,0.25137043635110673,0.25137043635106987,3.68594044175552e-14,0.278766362,0.55497293
rand_spd,4096,304,0.2512962933560982,0.25129629335606135,3.68594044175552e-14,0.276777712,0.576181623
rand_spd,4096,305,0.2514645538910009,0.25146455389096395,3.697042672001771e-14,0.278390421,0.580108142
rand_spd,4096,306,0.2513339533955225,0.2513339533954854,3.708144902248023e-14,0.276826579,0.583025969
rand_spd,4096,307,0.2513614941954488,0.2513614941954119,3.68594044175552e-14,0.278622367,0.573274323
rand_spd,4096,308,0.2514521713441646,0.2514521713441276,3.697042672001771e-14,0.278299194,0.578934127
rand_spd,4096,309,0.2513752777294219,0.251375277729385,3.6914915568786455e-14,0.277122748,0.585964783
rand_spd,4096,310,0.25143231135256455,0.25143231135252764,3.6914915568786455e-14,0.277008025,0.587801841
rand_spd,4096,311,0.2515105036353757,0.2515105036353388,3.6914915568786455e-14,0.278847093,0.587958511
rand_spd,4096,312,0.2513970698112106,0.2513970698111736,3.702593787124897e-14,0.278238303,0.557085978
rand_spd,4096,313,0.25143365004896484,0.25143365004892787,3.697042672001771e-14,0.280257237,0.563120725
rand_spd,4096,314,0.25139220073857815,0.2513922007385411,3.702593787124897e-14,0.280155001,0.561777688
rand_spd,4096,315,0.25142593942219454,0.25142593942215763,3.6914915568786455e-14,0.277423752,0.558314821
rand_spd,4096,316,0.2514662407676636,0.2514662407676267,3.6914915568786455e-14,0.277759575,0.552161571
rand_spd,4096,317,0.2513796769823851,0.25137967698234825,3.68594044175552e-14,0.276731369,0.579889776
rand_spd,4096,318,0.25137059835440173,0.25137059835436476,3.697042672001771e-14,0.279801152,0.559862836
rand_spd,4096,319,0.2513383425652915,0.25133834256525456,3.6914915568786455e-14,0.278824159,0.558508251
rand_spd,4096,320,0.25137057624330245,0.2513705762432655,3.697042672001771e-14,0.278187643,0.562206564
rand_spd,4096,321,0.25141198236387957,0.25141198236384266,3.6914915568786455e-14,0.278971258,0.582278597
rand_spd,4096,322,0.25134420028690097,0.2513442002868641,3.68594044175552e-14,0.278337549,0.590195188
rand_spd,4096,323,0.2513843391943344,0.2513843391942976,3.680389326632394e-14,0.276949195,0.582445622
rand_spd,4096,324,0.2514423017521569,0.25144230175211996,3.697042672001771e-14,0.277599141,0.562545222
rand_spd,4096,325,0.2513682158295393,0.2513682158295025,3.680389326632394e-14,0.275912464,0.574145246
rand_spd,4096,326,0.251430553512249,0.2514305535122121,3.6914915568786455e-14,0.279270905,0.599035622
rand_spd,4096,327,0.25148043367624334,0.2514804336762064,3.6914915568786455e-14,0.278963707,0.598913256
rand_spd,4096,328,0.2514827753872766,0.25148277538723957,3.702593787124897e-14,0.279695021,0.589655513
rand_spd,4096,329,0.25133970364849,0.2513397036484531,3.6914915568786455e-14,0.275571498,0.561772153
rand_spd,4096,330,0.2513256454423408,0.2513256454423039,3.6914915568786455e-14,0.277807112,0.586950679
rand_spd,4096,331,0.2513963728193394,0.25139637281930255,3.68594044175552e-14,0.278053661,0.572519569
rand_spd,4096,332,0.2513367622435669,0.2513367622435299,3.697042672001771e-14,0.287206891,0.560605243
rand_spd,4096,333,0.25132300753487585,0.2513230075348389,3.697042672001771e-14,0.278312996,0.535700477
rand_spd,4096,334,0.2513376782326662,0.25133767823262926,3.6914915568786455e-14,0.277050473,0.587593158
rand_spd,4096,335,0.251234464304407,0.2512344643043701,3.6914915568786455e-14,0.278713612,0.58539221
rand_spd,4096,336,0.25137722593821155,0.2513772259381747,3.68594044175552e-14,0.279143845,0.576712999
rand_spd,4096,337,0.2513913994789057,0.2513913994788689,3.680389326632394e-14,0.274769781,0.597264657
rand_spd,4096,338,0.2512824382452175,0.2512824382451806,3.6914915568786455e-14,0.277679732,0.577830464
rand_spd,4096,339,0.2513717999438254,0.25137179994378855,3.68594044175552e-14,0.278181676,0.586243541
rand_spd,4096,340,0.2514039314014305,0.25140393140139367,3.68594044175552e-14,0.279706234,0.571679437
rand_spd,4096,341,0.25131095646445134,0.2513109564644144,3.6914915568786455e-14,0.27732816,0.565473794
rand_spd,4096,342,0.25142706666126874,0.2514270666612319,3.68594044175552e-14,0.27903071,0.563731364
rand_spd,4096,343,0.2514409753309612,0.2514409753309243,3.6914915568786455e-14,0.279576502,0.554961451
rand_spd,4096,344,0.2513516574298406,0.25135165742980364,3.697042672001771e-14,0.277345401,0.528417384
rand_spd,4096,345,0.2513192087303642,0.25131920873032726,3.6914915568786455e-14,0.279086844,0.583043429
rand_spd,4096,346,0.2513645717746567,0.25136457177461974,3.697042672001771e-14,0.276422352,0.56383967
rand_spd,4096,347,0.2513537610139543,0.2513537610139174,3.6914915568786455e-14,0.277140552,0.559102255
rand_spd,4096,348,0.2514723669757157,0.2514723669756787,3.697042672001771e-14,0.276729493,0.543867104
rand_spd,4096,349,0.25146259686698785,0.2514625968669509,3.697042672001771e-14,0.276128107,0.54117448
rand_spd,4096,350,0.25147423230559834,0.2514742323055615,3.68594044175552e-14,0.274683041,0.550881125
rand_spd,4096,351,0.2512917231696514,0.25129172316961457,3.68594044175552e-14,0.276995145,0.544006556
rand_spd,4096,352,0.25139636033934853,0.2513963603393116,3.6914915568786455e-14,0.276763275,0.574114049
rand_spd,4096,353,0.2513219987006194,0.25132199870058247,3.6914915568786455e-14,0.279424035,0.562812876
rand_spd,4096,354,0.25136768275166627,0.2513676827516295,3.674838211509268e-14,0.27548645,0.548732794
rand_spd,4096,355,0.2512673071078703,0.25126730710783335,3.697042672001771e-14,0.278433643,0.548565433
rand_spd,4096,356,0.25136243309106304,0.25136243309102596,3.708144902248023e-14,0.277216563,0.567175308
rand_spd,4096,357,0.25139140860452985,0.2513914086044929,3.697042672001771e-14,0.27747519,0.57904306
rand_spd,4096,358,0.25137998381345944,0.2513799838134225,3.6914915568786455e-14,0.279316653,0.563845885
rand_spd,4096,359,0.2513587705110414,0.25135877051100447,3.6914915568786455e-14,0.276701327,0.55128132
rand_spd,4096,360,0.25142606512951643,0.25142606512947946,3.697042672001771e-14,0.277586537,0.533665253
rand_spd,4096,361,0.251468125931779,0.251468125931742,3.697042672001771e-14,0.277946105,0.584578737
rand_spd,4096,362,0.25129516615880315,0.2512951661587662,3.697042672001771e-14,0.277962225,0.566033448
rand_spd,4096,363,0.2514425575175793,0.25144255751754235,3.697042672001771e-14,0.277798698,0.544595248
rand_spd,4096,364,0.2513445917728612,0.25134459177282426,3.697042672001771e-14,0.277138595,0.56008338
rand_spd,4096,365,0.25128441260606266,0.2512844126060258,3.68594044175552e-14,0.278637935,0.556264456
rand_spd,4096,366,0.25130801620511495,0.2513080162050781,3.68594044175552e-14,0.276509749,0.552962395
rand_spd,4096,367,0.2513604405482324,0.2513604405481956,3.680389326632394e-14,0.422116222,0.583822072
rand_spd,4096,368,0.2514369749675023,0.2514369749674653,3.697042672001771e-14,0.280254537,0.559968192
rand_spd,4096,369,0.2512521098960319,0.25125210989599506,3.68594044175552e-14,0.274868734,0.574687951
rand_spd,4096,370,0.2515003233911513,0.25150032339111433,3.697042672001771e-14,0.277844754,0.576924793
rand_spd,4096,371,0.25137307385734226,0.2513730738573053,3.697042672001771e-14,0.278276372,0.5392047
rand_spd,4096,372,0.2514071132769519,0.25140711327691495,3.697042672001771e-14,0.277437127,0.573678239
rand_spd,4096,373,0.2514008121601808,0.25140081216014387,3.6914915568786455e-14,0.279020722,0.550102916
rand_spd,4096,374,0.2513533434667648,0.2513533434667279,3.6914915568786455e-14,0.278393858,0.566488332
rand_spd,4096,375,0.25152458033095276,0.2515245803309158,3.697042672001771e-14,0.27835552,0.565515953
rand_spd,4096,376,0.2513902875708132,0.2513902875707763,3.6914915568786455e-14,0.278720114,0.570218408
rand_spd,4096,377,0.25132699816971843,0.2513269981696815,3.6914915568786455e-14,0.27918986,0.539500466
rand_spd,4096,378,0.2514166022170966,0.25141660221705964,3.697042672001771e-14,0.276238032,0.570259608
rand_spd,4096,379,0.25137813775180723,0.2513781377517703,3.6914915568786455e-14,0.277304124,0.562257325
rand_spd,4096,380,0.2514344463124276,0.2514344463123907,3.6914915568786455e-14,0.278400203,0.5642743
rand_spd,4096,381,0.2513913485997983,0.2513913485997613,3.697042672001771e-14,0.277901429,0.594238037
rand_spd,4096,382,0.25147273938623765,0.25147273938620074,3.6914915568786455e-14,0.276275749,0.588546932
rand_spd,4096,383,0.2511897143378859,0.251189714337849,3.6914915568786455e-14,0.279510296,0.57818962
rand_spd,4096,384,0.25129028254069163,0.2512902825406547,3.6914915568786455e-14,0.280559718,0.591545378
rand_spd,4096,385,0.2513925715154785,0.25139257151544164,3.68594044175552e-14,0.276732365,0.549564377
rand_spd,4096,386,0.2513478731132775,0.25134787311324064,3.68594044175552e-14,0.289342067,0.593421956
rand_spd,4096,387,0.25141062138001097,0.251410621379974,3.697042672001771e-14,0.27542533,0.570729459
rand_spd,4096,388,0.25137490125572465,0.2513749012556877,3.697042672001771e-14,0.27748063,0.574113984
rand_spd,4096,389,0.25144825742233967,0.25144825742230276,3.6914915568786455e-14,0.278879462,0.55113799
rand_spd,4096,390,0.2513026879477814,0.2513026879477444,3.697042672001771e-14,0.27897908,0.566516563
rand_spd,4096,391,0.2513302250500642,0.2513302250500273,3.6914915568786455e-14,0.279309936,0.584917312
rand_spd,4096,392,0.2514102341489941,0.2514102341489572,3.6914915568786455e-14,0.278179827,0.552545744
rand_spd,4096,393,0.2514142522294553,0.2514142522294183,3.697042672001771e-14,0.281656211,0.541464996
rand_spd,4096,394,0.25135173243926023,0.2513517324392233,3.6914915568786455e-14,0.279017636,0.577102993
rand_spd,4096,395,0.25143046792495677,0.2514304679249198,3.697042672001771e-14,0.28066194,0.544179886
rand_spd,4096,396,0.25132143626789416,0.2513214362678572,3.697042672001771e-14,0.279852294,0.554649287
rand_spd,4096,397,0.2514368807332698,0.25143688073323295,3.68594044175552e-14,0.278598716,0.570222307
rand_spd,4096,398,0.25126940786014323,0.25126940786010626,3.697042672001771e-14,0.279640096,0.600724275
rand_spd,4096,399,0.2514073964470654,0.2514073964470284,3.697042672001771e-14,0.279951393,0.569540058
rand_spd,4096,400,0.251418760131114,0.25141876013107706,3.697042672001771e-14,0.280528581,0.579869287
rand_spd,4096,401,0.25133468173480406,0.2513346817347671,3.697042672001771e-14,0.278199848,0.556547356
rand_spd,4096,402,0.2513073554861845,0.25130735548614763,3.68594044175552e-14,0.280809551,0.558579259
rand_spd,4096,403,0.25144413704773655,0.2514441370476996,3.697042672001771e-14,0.278078023,0.556897955
rand_spd,4096,404,0.25137414489905957,0.25137414489902266,3.6914915568786455e-14,0.276520735,0.580452335
rand_spd,4096,405,0.251446460704745,0.2514464607047081,3.6914915568786455e-14,0.279153778,0.580302984
rand_spd,4096,406,0.2513760940466354,0.2513760940465985,3.6914915568786455e-14,0.282459032,0.584786902
rand_spd,4096,407,0.2512811643607435,0.25128116436070663,3.68594044175552e-14,0.326426093,0.544678854
rand_spd,4096,408,0.25139053636281095,0.251390536362774,3.697042672001771e-14,0.279627651,0.551714453
rand_spd,4096,409,0.25135678858294425,0.2513567885829074,3.68594044175552e-14,0.276791672,0.565512937
rand_spd,4096,410,0.2512896742027404,0.2512896742027035,3.6914915568786455e-14,0.278447499,0.539451958
rand_spd,4096,411,0.25138141930211005,0.25138141930207314,3.6914915568786455e-14,0.277813522,0.669002495
rand_spd,4096,412,0.2514174191417853,0.25141741914174837,3.6914915568786455e-14,0.279225203,0.563315926
rand_spd,4096,413,0.2513451338574243,0.2513451338573874,3.6914915568786455e-14,0.275961889,0.567837735
rand_spd,4096,414,0.2514544073131807,0.25145440731314367,3.702593787124897e-14,0.278990127,0.58960463
rand_spd,4096,415,0.251326162298389,0.25132616229835214,3.68594044175552e-14,0.277625624,0.553067563
rand_spd,4096,416,0.25134398888991155,0.2513439888898746,3.697042672001771e-14,0.279477405,0.578894627
rand_spd,4096,417,0.2513905029958609,0.2513905029958239,3.702593787124897e-14,0.278205227,0.5657826
rand_spd,4096,418,0.25144493898567305,0.25144493898563597,3.708144902248023e-14,0.277869684,0.587427324
rand_spd,4096,419,0.2512363385543346,0.25123633855429767,3.6914915568786455e-14,0.280301501,0.583516352
rand_spd,4096,420,0.2515044686271735,0.2515044686271366,3.6914915568786455e-14,0.342342106,0.565553197
rand_spd,4096,421,0.2514691156229746,0.25146911562293767,3.6914915568786455e-14,0.280383356,0.566360594
rand_spd,4096,422,0.25148626334385565,0.2514862633438188,3.68594044175552e-14,0.279273775,0.600440919
rand_spd,4096,423,0.2513367475901481,0.25133674759011115,3.697042672001771e-14,0.279539679,0.584834182
rand_spd,4096,424,0.2513955360007865,0.25139553600074954,3.697042672001771e-14,0.2779168,0.550415637
rand_spd,4096,425,0.25130569874158554,0.25130569874154857,3.697042672001771e-14,0.281921884,0.582812071
rand_spd,4096,426,0.2513565764538079,0.2513565764537709,3.697042672001771e-14,0.279625227,0.575939118
rand_spd,4096,427,0.2513702894729065,0.2513702894728696,3.6914915568786455e-14,0.277495614,0.574073793
rand_spd,4096,428,0.25142717875146164,0.2514271787514248,3.68594044175552e-14,0.279816943,0.574684843
rand_spd,4096,429,0.25132429049119337,0.25132429049115657,3.680389326632394e-14,0.28344054,0.559180971
rand_spd,4096,430,0.25130292464884607,0.2513029246488091,3.697042672001771e-14,0.279235218,0.570753913
rand_spd,4096,431,0.25135472061080416,0.2513547206107672,3.697042672001771e-14,0.278143204,0.558553698
rand_spd,4096,432,0.2514137522248911,0.25141375222485407,3.702593787124897e-14,0.280796793,0.554690265
rand_spd,4096,433,0.2513620514718739,0.2513620514718369,3.702593787124897e-14,0.276575537,0.57240509
rand_spd,4096,434,0.25144380901260555,0.25144380901256863,3.6914915568786455e-14,0.279513486,0.560427647
rand_spd,4096,435,0.25135455564619846,0.2513545556461615,3.697042672001771e-14,0.279842326,0.568719108
rand_spd,4096,436,0.2513346278871172,0.2513346278870802,3.697042672001771e-14,0.277143957,0.548001933
rand_spd,4096,437,0.25133074885183326,0.25133074885179635,3.6914915568786455e-14,0.279466378,0.567530611
rand_spd,4096,438,0.25137320919987943,0.25137320919984246,3.697042672001771e-14,0.277880197,0.564933199
rand_spd,4096,439,0.2513619772875155,0.25136197728747856,3.697042672001771e-14,0.276815307,0.594402896
rand_spd,4096,440,0.2513461042236446,0.2513461042236076,3.702593787124897e-14,0.278860695,0.538976871
rand_spd,4096,441,0.25147662803146825,0.2514766280314313,3.697042672001771e-14,0.278078655,0.571975706
rand_spd,4096,442,0.25151566434608325,0.2515156643460463,3.697042672001771e-14,0.279506732,0.570357059
rand_spd,4096,443,0.2514717982388649,0.251471798238828,3.6914915568786455e-14,0.276136833,0.567183826
rand_spd,4096,444,0.2515042269156225,0.25150422691558566,3.68594044175552e-14,0.280240602,0.583952107
rand_spd,4096,445,0.251454309139124,0.2514543091390871,3.68594044175552e-14,0.277266437,0.582784311
rand_spd,4096,446,0.2513976343005892,0.2513976343005523,3.6914915568786455e-14,0.279037284,0.563898584
rand_spd,4096,447,0.2512679920858151,0.25126799208577827,3.680389326632394e-14,0.348178129,0.574796324
rand_spd,4096,448,0.2513991504519515,0.2513991504519146,3.6914915568786455e-14,0.278833367,0.59862966
rand_spd,4096,449,0.25136705822426525,0.2513670582242284,3.68594044175552e-14,0.277378704,0.588753495
rand_spd,4096,450,0.2513533408672049,0.25135334086716793,3.697042672001771e-14,0.278023701,0.56780014
rand_spd,4096,451,0.2513066433443594,0.2513066433443225,3.6914915568786455e-14,0.286677494,0.556800987
rand_spd,4096,452,0.2513380700919529,0.25133807009191594,3.697042672001771e-14,0.278668347,0.588803161
rand_spd,4096,453,0.2513262039529675,0.25132620395293065,3.68594044175552e-14,0.279996616,0.606485249
rand_spd,4096,454,0.25139121907078327,0.2513912190707463,3.697042672001771e-14,0.290960357,0.565269411
rand_spd,4096,455,0.2514242883421837,0.25142428834214686,3.68594044175552e-14,0.278748252,0.585696526
rand_spd,4096,456,0.25136287293954435,0.25136287293950743,3.6914915568786455e-14,0.279543855,0.56107867
rand_spd,4096,457,0.2513767026845514,0.25137670268451456,3.68594044175552e-14,0.279249829,0.575610302
rand_spd,4096,458,0.25136067834272,0.2513606783426831,3.6914915568786455e-14,0.279849871,0.606979699
rand_spd,4096,459,0.2513452860757686,0.25134528607573164,3.697042672001771e-14,0.280204076,0.572940589
rand_spd,4096,460,0.25139242168559855,0.2513924216855617,3.68594044175552e-14,0.279663855,0.567033855
rand_spd,4096,461,0.2514908750559901,0.2514908750559531,3.702593787124897e-14,0.277663384,0.577919002
rand_spd,4096,462,0.25139535417097064,0.25139535417093367,3.697042672001771e-14,0.279696121,0.576571475
rand_spd,4096,463,0.2511892280855304,0.25118922808549354,3.68594044175552e-14,0.278038284,0.597678465
rand_spd,4096,464,0.25133380208521,0.2513338020851731,3.6914915568786455e-14,0.277462255,0.581751477
rand_spd,4096,465,0.2514579259241972,0.25145792592416033,3.68594044175552e-14,0.278383207,0.565106074
rand_spd,4096,466,0.2512899821380978,0.2512899821380608,3.697042672001771e-14,0.277443824,0.575502951
rand_spd,4096,467,0.2514842392139418,0.2514842392139048,3.702593787124897e-14,0.277774529,0.573946255
rand_spd,4096,468,0.2513103436094461,0.2513103436094091,3.697042672001771e-14,0.278043282,0.573795948
rand_spd,4096,469,0.25133970804488037,0.2513397080448435,3.68594044175552e-14,0.278092528,0.572922708
rand_spd,4096,470,0.25130164273440453,0.2513016427343676,3.6914915568786455e-14,0.279929307,0.572779911
rand_spd,4096,471,0.25138197196332285,0.25138197196328593,3.6914915568786455e-14,0.278103246,0.562551073
rand_spd,4096,472,0.2513869969164036,0.25138699691636673,3.68594044175552e-14,0.278623037,0.562706074
rand_spd,4096,473,0.25137589290255774,0.2513758929025208,3.6914915568786455e-14,0.386542596,0.586796901
rand_spd,4096,474,0.251392090879651,0.25139209087961406,3.6914915568786455e-14,0.278725609,0.600457654
rand_spd,4096,475,0.2514433411196786,0.25144334111964156,3.702593787124897e-14,0.278143405,0.577318758
rand_spd,4096,476,0.25139013601912485,0.2513901360190879,3.697042672001771e-14,0.280890927,0.542337745
rand_spd,4096,477,0.25125757144077293,0.25125757144073607,3.68594044175552e-14,0.277483074,0.559743059
rand_spd,4096,478,0.2513475564655327,0.2513475564654957,3.697042672001771e-14,0.277835009,0.605110806
rand_spd,4096,479,0.2514583590878056,0.2514583590877687,3.6914915568786455e-14,0.279828313,0.570879142
rand_spd,4096,480,0.25137396015431646,0.2513739601542796,3.68594044175552e-14,0.281148379,0.545019463
rand_spd,4096,481,0.2513799716857316,0.25137997168569476,3.68594044175552e-14,0.278151391,0.561528043
rand_spd,4096,482,0.25132401581625247,0.2513240158162155,3.697042672001771e-14,0.278175437,0.548324314
rand_spd,4096,483,0.25132356636477154,0.2513235663647346,3.697042672001771e-14,0.27789687,0.567020106
rand_spd,4096,484,0.25138618878619257,0.25138618878615565,3.6914915568786455e-14,0.278214242,0.580354251
rand_spd,4096,485,0.25147048595312754,0.25147048595309063,3.6914915568786455e-14,0.279139671,0.601103633
rand_spd,4096,486,0.2513948336043276,0.25139483360429066,3.697042672001771e-14,0.280582299,0.577992994
rand_spd,4096,487,0.2513633125758959,0.251363312575859,3.6914915568786455e-14,0.279606161,0.580414306
rand_spd,4096,488,0.25139037632384215,0.2513903763238053,3.68594044175552e-14,0.316528702,0.584295768
rand_spd,4096,489,0.2514262280798795,0.25142622807984255,3.697042672001771e-14,0.277457366,0.589196729
rand_spd,4096,490,0.2513639062112684,0.25136390621123156,3.68594044175552e-14,0.285111937,0.562458509
rand_spd,4096,491,0.25132051669198857,0.2513205166919516,3.697042672001771e-14,0.278226569,0.567396805
rand_spd,4096,492,0.251425835950487,0.25142583595045004,3.697042672001771e-14,0.281315085,0.578972698
rand_spd,4096,493,0.2514389188879152,0.2514389188878782,3.697042672001771e-14,0.280922972,0.556264146
rand_spd,4096,494,0.25132995352390936,0.2513299535238724,3.697042672001771e-14,0.277060064,0.580020514
rand_spd,4096,495,0.251291625371547,0.25129162537151006,3.6914915568786455e-14,0.275257314,0.551748847
rand_spd,4096,496,0.2513958161579598,0.2513958161579229,3.6914915568786455e-14,0.278199598,0.568139574
rand_spd,4096,497,0.25134697582051424,0.2513469758204773,3.6914915568786455e-14,0.279662627,0.548805642
rand_spd,4096,498,0.2513022035611121,0.25130220356107524,3.68594044175552e-14,0.282761236,0.551925932
rand_spd,4096,499,0.2513745177262901,0.25137451772625324,3.68594044175552e-14,0.275653537,0.559695266
rand_spd,4096,500,0.2515393317668701,0.25153933176683313,3.697042672001771e-14,0.335423999,0.560910315
rand_spd,4096,501,0.25144788897984116,0.2514478889798042,3.697042672001771e-14,0.274896443,0.595098044
rand_spd,4096,502,0.2513851335770399,0.25138513357700293,3.697042672001771e-14,0.27558341,0.598498136
rand_spd,4096,503,0.25136875284103205,0.2513687528409952,3.68594044175552e-14,0.279287603,0.545088843
rand_spd,4096,504,0.251275542685026,0.2512755426849891,3.6914915568786455e-14,0.280456815,0.547585027
rand_spd,4096,505,0.25137838926357287,0.251378389263536,3.68594044175552e-14,0.27569065,0.552945888
rand_spd,4096,506,0.25137571612089404,0.2513757161208571,3.697042672001771e-14,0.275661448,0.547265662
rand_spd,4096,507,0.2513942448094724,0.2513942448094355,3.6914915568786455e-14,0.279194969,0.570905695
rand_spd,4096,508,0.2513762730387589,0.251376273038722,3.6914915568786455e-14,0.276965727,0.559566853
rand_spd,4096,509,0.25137266495710836,0.2513726649570714,3.697042672001771e-14,0.277712836,0.551433406
rand_spd,4096,510,0.2513509017580467,0.2513509017580097,3.697042672001771e-14,0.27596492,0.579364593
rand_spd,4096,511,0.2513637572313138,0.25136375723127685,3.697042672001771e-14,0.277468406,0.538461151
rand_spd,4096,512,0.2513507239879689,0.25135072398793207,3.68594044175552e-14,0.276702623,0.580437816
rand_spd,4096,513,0.2514274596998817,0.25142745969984476,3.6914915568786455e-14,0.277461985,0.57704548
rand_spd,4096,514,0.25139821431301806,0.25139821431298115,3.6914915568786455e-14,0.276081842,0.546472459
rand_spd,4096,515,0.25147139416898356,0.2514713941689466,3.697042672001771e-14,0.278776779,0.553065238
rand_spd,4096,516,0.25141730262208833,0.25141730262205136,3.697042672001771e-14,0.276297958,0.559150038
rand_spd,4096,517,0.25139683860569706,0.25139683860566003,3.702593787124897e-14,0.278379582,0.577629952
rand_spd,4096,518,0.25144380847726405,0.2514438084772271,3.697042672001771e-14,0.280496072,0.5720123
rand_spd,4096,519,0.25131409535891636,0.25131409535887944,3.6914915568786455e-14,0.277825286,0.572467232
rand_spd,4096,520,0.2514512695685413,0.25145126956850433,3.697042672001771e-14,0.277396005,0.572995184
rand_spd,4096,521,0.25134870137535054,0.25134870137531357,3.697042672001771e-14,0.277785734,0.577361382
rand_spd,4096,522,0.2512923271278696,0.25129232712783267,3.6914915568786455e-14,0.276829509,0.532608999
rand_spd,4096,523,0.2513153617745759,0.2513153617745389,3.702593787124897e-14,0.275975124,0.555842485
rand_spd,4096,524,0.25137104030579777,0.2513710403057607,3.708144902248023e-14,0.276362692,0.56221617
rand_spd,4096,525,0.2513381374271784,0.25133813742714145,3.697042672001771e-14,0.276973808,0.558302976
rand_spd,4096,526,0.2514060683886783,0.2514060683886414,3.6914915568786455e-14,0.27813178,0.559667894
rand_spd,4096,527,0.2514820517429879,0.25148205174295085,3.702593787124897e-14,0.443383376,0.564987572
rand_spd,4096,528,0.25144006184496387,0.25144006184492684,3.702593787124897e-14,0.279305222,0.538149572
rand_spd,4096,529,0.2513538557679465,0.25135385576790953,3.697042672001771e-14,0.276854433,0.548409409
rand_spd,4096,530,0.25155989559023956,0.2515598955902026,3.697042672001771e-14,0.274821507,0.539572319
rand_spd,4096,531,0.25134819853273643,0.25134819853269946,3.697042672001771e-14,0.280952742,0.544453285
rand_spd,4096,532,0.2514301532591874,0.25143015325915047,3.6914915568786455e-14,0.281527882,0.57883068
rand_spd,4096,533,0.2513975808548535,0.2513975808548166,3.68594044175552e-14,0.276043697,0.545140506
rand_spd,4096,534,0.2514120149148825,0.2514120149148456,3.6914915568786455e-14,0.277112746,0.568058743
rand_spd,4096,535,0.2512778257712714,0.25127782577123453,3.68594044175552e-14,0.274696259,0.543140988
rand_spd,4096,536,0.25132192457634567,0.25132192457630875,3.6914915568786455e-14,0.279937158,0.525361462
rand_spd,4096,537,0.251392048337197,0.25139204833716006,3.697042672001771e-14,0.277646254,0.543869902
rand_spd,4096,538,0.251460012949187,0.25146001294915005,3.697042672001771e-14,0.278820032,0.542359997
rand_spd,4096,539,0.25139522202938996,0.251395222029353,3.697042672001771e-14,0.27603522,0.54317186
rand_spd,4096,540,0.25150940823950224,0.25150940823946527,3.697042672001771e-14,0.276772624,0.539185078
rand_spd,4096,541,0.2514267898499946,0.25142678984995764,3.697042672001771e-14,0.274692206,0.553495913
rand_spd,4096,542,0.25147681898284296,0.25147681898280605,3.6914915568786455e-14,0.274930762,0.545424693
rand_spd,4096,543,0.25133729585004855,0.2513372958500116,3.697042672001771e-14,0.275585981,0.534422102
rand_spd,4096,544,0.25135144379868973,0.2513514437986529,3.68594044175552e-14,0.279114632,0.550501425
rand_spd,4096,545,0.25132978557269114,0.2513297855726541,3.702593787124897e-14,0.276134919,0.538729582
rand_spd,4096,546,0.2513409779776168,0.2513409779775798,3.697042672001771e-14,0.282420621,0.551769779
rand_spd,4096,547,0.25129877939993733,0.25129877939990036,3.697042672001771e-14,0.279742982,0.550209922
rand_spd,4096,548,0.2514185316719508,0.25141853167191386,3.6914915568786455e-14,0.278018792,0.537866308
rand_spd,4096,549,0.2513788517011866,0.25137885170114976,3.68594044175552e-14,0.278148147,0.54766463
rand_spd,4096,550,0.2512908506274633,0.2512908506274264,3.6914915568786455e-14,0.276562186,0.531709651
rand_spd,4096,551,0.2513153336091472,0.2513153336091103,3.6914915568786455e-14,0.273263896,0.554484992
rand_spd,4096,552,0.2514327355685331,0.2514327355684961,3.697042672001771e-14,0.279135422,0.541606821
rand_spd,4096,553,0.25144936039341337,0.2514493603933765,3.68594044175552e-14,0.280339944,0.553133696
rand_spd,4096,554,0.251367367028243,0.25136736702820617,3.68594044175552e-14,0.27860407,0.5671628
rand_spd,4096,555,0.25137021775260765,0.2513702177525707,3.697042672001771e-14,0.281585942,0.538388258
rand_spd,4096,556,0.2513101381198033,0.25131013811976644,3.68594044175552e-14,0.278338001,0.537572276
rand_spd,4096,557,0.2514498599156761,0.251449859915639,3.708144902248023e-14,0.279770357,0.556815628
rand_spd,4096,558,0.2513914607584378,0.2513914607584009,3.6914915568786455e-14,0.280017902,0.544415224
rand_spd,4096,559,0.2513014030034643,0.2513014030034274,3.6914915568786455e-14,0.279419551,0.539789441
rand_spd,4096,560,0.2512410193765388,0.25124101937650195,3.68594044175552e-14,0.279873365,0.535487004
rand_spd,4096,561,0.251318369118765,0.2513183691187282,3.680389326632394e-14,0.277009857,0.532369284
rand_spd,4096,562,0.2514282224008602,0.25142822240082335,3.68594044175552e-14,0.276132197,0.534605407
rand_spd,4096,563,0.2514056167227609,0.25140561672272405,3.68594044175552e-14,0.279135686,0.542578549
rand_spd,4096,564,0.2515186277542861,0.25151862775424916,3.6914915568786455e-14,0.278707184,0.564401914
rand_spd,4096,565,0.25138703227822967,0.2513870322781928,3.68594044175552e-14,0.279198553,0.543908714
rand_spd,4096,566,0.2513549170449093,0.2513549170448724,3.6914915568786455e-14,0.279644659,0.533793776
rand_spd,4096,567,0.2514026172893306,0.25140261728929375,3.68594044175552e-14,0.276746121,0.573010153
rand_spd,4096,568,0.25135157437713407,0.2513515743770971,3.697042672001771e-14,0.27677165,0.544079612
rand_spd,4096,569,0.2514106393806005,0.2514106393805635,3.697042672001771e-14,0.282869735,0.542318655
rand_spd,4096,570,0.2514389186346144,0.25143891863457746,3.6914915568786455e-14,0.279305235,0.558113338
rand_spd,4096,571,0.2513791504463469,0.2513791504463099,3.702593787124897e-14,0.279662012,0.534788545
rand_spd,4096,572,0.25143623164299544,0.25143623164295853,3.6914915568786455e-14,0.280067584,0.545547406
rand_spd,4096,573,0.2514138641951262,0.2514138641950893,3.68594044175552e-14,0.281058279,0.552623087
rand_spd,4096,574,0.2514155291704536,0.2514155291704166,3.702593787124897e-14,0.279991049,0.533780034
rand_spd,4096,575,0.2513038080426333,0.2513038080425964,3.6914915568786455e-14,0.284666039,0.538103622
rand_spd,4096,576,0.2514801463061609,0.251480146306124,3.6914915568786455e-14,0.276424749,0.565149534
rand_spd,4096,577,0.2513328213134476,0.25133282131341067,3.6914915568786455e-14,0.307473457,0.552318407
rand_spd,4096,578,0.2512347509452138,0.2512347509451769,3.6914915568786455e-14,0.280004793,0.573016006
rand_spd,4096,579,0.25132408716977556,0.2513240871697387,3.68594044175552e-14,0.281218421,0.557873548
rand_spd,4096,580,0.2513043857101971,0.2513043857101602,3.68594044175552e-14,0.468890289,0.561425105
rand_spd,4096,581,0.25144212052922355,0.25144212052918663,3.6914915568786455e-14,0.278000494,0.586043494
rand_spd,4096,582,0.25147825031180715,0.2514782503117703,3.68594044175552e-14,0.280770397,0.577092197
rand_spd,4096,583,0.2514822226613985,0.2514822226613615,3.702593787124897e-14,0.283752308,0.566152187
rand_spd,4096,584,0.25145580335038314,0.2514558033503463,3.68594044175552e-14,0.280933013,0.583826235
rand_spd,4096,585,0.2513372360147301,0.2513372360146932,3.6914915568786455e-14,0.282744454,0.563553662
rand_spd,4096,586,0.2513702174716894,0.2513702174716525,3.6914915568786455e-14,0.293018078,0.573214464
rand_spd,4096,587,0.25123507847381427,0.2512350784737774,3.68594044175552e-14,0.281898662,0.567527117
rand_spd,4096,588,0.2513341774041012,0.2513341774040643,3.6914915568786455e-14,0.281109053,0.547852733
rand_spd,4096,589,0.2513200015797114,0.2513200015796746,3.680389326632394e-14,0.281426258,0.573671075
rand_spd,4096,590,0.25132389271316075,0.25132389271312383,3.6914915568786455e-14,0.282553983,0.585932329
rand_spd,4096,591,0.25146435283132806,0.25146435283129104,3.702593787124897e-14,0.279186236,0.598188814
rand_spd,4096,592,0.2514133034317708,0.2514133034317339,3.6914915568786455e-14,0.277840083,0.590237536
rand_spd,4096,593,0.2512876388829361,0.2512876388828992,3.6914915568786455e-14,0.278231748,0.562291862
rand_spd,4096,594,0.2513564034994759,0.25135640349943905,3.68594044175552e-14,0.279799302,0.549271368
rand_spd,4096,595,0.2511894513669289,0.25118945136689197,3.6914915568786455e-14,0.278538328,0.575779986
rand_spd,4096,596,0.2513562125265753,0.2513562125265384,3.6914915568786455e-14,0.280747788,0.574313673
rand_spd,4096,597,0.25146988658008684,0.25146988658004993,3.6914915568786455e-14,0.278055044,0.565385961
rand_spd,4096,598,0.2513537225831157,0.2513537225830788,3.6914915568786455e-14,0.278659316,0.571500146
rand_spd,4096,599,0.251362992257006,0.251362992256969,3.697042672001771e-14,0.273744052,0.559484356
rand_spd,4096,600,0.2513132315915531,0.2513132315915163,3.680389326632394e-14,0.280414403,0.561395527
rand_spd,4096,601,0.2513908471189897,0.2513908471189527,3.697042672001771e-14,0.2779661,0.573752003
rand_spd,4096,602,0.25139456325898274,0.25139456325894577,3.697042672001771e-14,0.282788862,0.561869627
rand_spd,4096,603,0.25126824046900176,0.25126824046896484,3.6914915568786455e-14,0.275759914,0.565634665
rand_spd,4096,604,0.2513423287219135,0.2513423287218765,3.697042672001771e-14,0.277200476,0.56389074
rand_spd,4096,605,0.25129395566477236,0.2512939556647354,3.697042672001771e-14,0.276829312,0.543085054
rand_spd,4096,606,0.25132910997422214,0.2513291099741852,3.6914915568786455e-14,0.281947892,0.559693927
rand_spd,4096,607,0.25141746449884106,0.25141746449880426,3.680389326632394e-14,0.320080374,0.554852533
rand_spd,4096,608,0.25136516479676346,0.2513651647967265,3.697042672001771e-14,0.277212924,0.576761331
rand_spd,4096,609,0.2513550639573827,0.2513550639573457,3.702593787124897e-14,0.279456173,0.552096813
rand_spd,4096,610,0.25143217669150963,0.2514321766914726,3.702593787124897e-14,0.281274751,0.550620973
rand_spd,4096,611,0.251479461002906,0.2514794610028691,3.6914915568786455e-14,0.280571405,0.562876107
rand_spd,4096,612,0.2513962417595157,0.25139624175947883,3.68594044175552e-14,0.287092481,0.540169548
rand_spd,4096,613,0.25138589066230116,0.2513858906622642,3.697042672001771e-14,0.277567484,0.556991574
rand_spd,4096,614,0.2513619674022771,0.2513619674022402,3.6914915568786455e-14,0.276722598,0.556944749
rand_spd,4096,615,0.251442159294704,0.25144215929466707,3.6914915568786455e-14,0.276596189,0.558675756
rand_spd,4096,616,0.2514501857419551,0.25145018574191813,3.697042672001771e-14,0.281245117,0.53509682
rand_spd,4096,617,0.2514021446575287,0.2514021446574917,3.697042672001771e-14,0.277250459,0.560148715
rand_spd,4096,618,0.25139399850671457,0.25139399850667754,3.702593787124897e-14,0.279815287,0.558101404
rand_spd,4096,619,0.25140329534783834,0.2514032953478014,3.6914915568786455e-14,0.278268964,0.572718944
rand_spd,4096,620,0.25141356416433963,0.25141356416430266,3.697042672001771e-14,0.28072925,0.536284933
rand_spd,4096,621,0.251475684644208,0.2514756846441711,3.6914915568786455e-14,0.278183758,0.575726574
rand_spd,4096,622,0.25140729358725084,0.25140729358721386,3.697042672001771e-14,0.280238649,0.54822434
rand_spd,4096,623,0.25138493975574483,0.2513849397557079,3.6914915568786455e-14,0.280029546,0.584123984
rand_spd,4096,624,0.2514122843506147,0.2514122843505778,3.6914915568786455e-14,0.278786017,0.541525411
rand_spd,4096,625,0.25132724018174707,0.2513272401817101,3.697042672001771e-14,0.280676372,0.55622929
rand_spd,4096,626,0.251343970046457,0.25134397004642,3.697042672001771e-14,0.279809975,0.548154257
rand_spd,4096,627,0.25125797321868604,0.2512579732186491,3.6914915568786455e-14,0.278097085,0.539659586
rand_spd,4096,628,0.25143947658081617,0.2514394765807793,3.68594044175552e-14,0.277978184,0.549267433
rand_spd,4096,629,0.2513926230816769,0.25139262308163995,3.697042672001771e-14,0.278567419,0.562547941
rand_spd,4096,630,0.25143748302124724,0.25143748302121033,3.6914915568786455e-14,0.276529417,0.558413125
rand_spd,4096,631,0.2513575017492227,0.25135750174918575,3.697042672001771e-14,0.276944556,0.541160058
rand_spd,4096,632,0.2513690011365497,0.2513690011365128,3.6914915568786455e-14,0.280105647,0.569619496
rand_spd,4096,633,0.2514271445156742,0.2514271445156373,3.6914915568786455e-14,0.282312602,0.558846147
rand_spd,4096,634,0.25141354847553926,0.25141354847550224,3.702593787124897e-14,0.276060697,0.550349143
rand_spd,4096,635,0.25132582292085676,0.2513258229208199,3.68594044175552e-14,0.276274502,0.561247668
rand_spd,4096,636,0.2513378846195153,0.2513378846194783,3.697042672001771e-14,0.280307643,0.556182616
rand_spd,4096,637,0.251348765232694,0.251348765232657,3.702593787124897e-14,0.277148643,0.554571707
rand_spd,4096,638,0.25145565241293627,0.25145565241289936,3.6914915568786455e-14,0.276374813,0.568145149
rand_spd,4096,639,0.2514272130174451,0.25142721301740817,3.6914915568786455e-14,0.27796961,0.553126767
rand_spd,4096,640,0.2513834804253759,0.2513834804253389,3.697042672001771e-14,0.281860387,0.558161416
rand_spd,4096,641,0.25134091036411493,0.2513409103640779,3.702593787124897e-14,0.279012604,0.569224032
rand_spd,4096,642,0.2513884204391937,0.2513884204391567,3.697042672001771e-14,0.278895474,0.57906779
rand_spd,4096,643,0.2513668620825844,0.2513668620825474,3.702593787124897e-14,0.280099476,0.53660671
rand_spd,4096,644,0.25136895866240627,0.2513689586623693,3.697042672001771e-14,0.279567486,0.565752833
rand_spd,4096,645,0.2514446959286823,0.2514446959286454,3.6914915568786455e-14,0.275944566,0.582372409
rand_spd,4096,646,0.25148591129874226,0.2514859112987054,3.68594044175552e-14,0.278311489,0.555010469
rand_spd,4096,647,0.25130583974740917,0.25130583974737214,3.702593787124897e-14,0.277662152,0.57412248
rand_spd,4096,648,0.25121925637434983,0.25121925637431297,3.68594044175552e-14,0.281043608,0.575698666
rand_spd,4096,649,0.25136117990663515,0.2513611799065982,3.697042672001771e-14,0.276555913,0.588614749
rand_spd,4096,650,0.25130598081730887,0.2513059808172719,3.697042672001771e-14,0.280671821,0.563976031
rand_spd,4096,651,0.251327579023995,0.251327579023958,3.697042672001771e-14,0.278527129,0.555579467
rand_spd,4096,652,0.2513613237029203,0.2513613237028833,3.702593787124897e-14,0.278123647,0.545134315
rand_spd,4096,653,0.25140832948049313,0.25140832948045616,3.697042672001771e-14,0.276608286,0.581262177
rand_spd,4096,654,0.2514257094813804,0.25142570948134346,3.6914915568786455e-14,0.277816194,0.560662959
rand_spd,4096,655,0.25136647540292295,0.2513664754028861,3.68594044175552e-14,0.280049319,0.586977022
rand_spd,4096,656,0.25147013246750494,0.2514701324674681,3.68594044175552e-14,0.278667258,0.562643145
rand_spd,4096,657,0.2513075912452655,0.25130759124522856,3.697042672001771e-14,0.277578342,0.564833461
rand_spd,4096,658,0.251386587582643,0.25138658758260607,3.6914915568786455e-14,0.278760538,0.57496333
rand_spd,4096,659,0.2513635197981939,0.2513635197981569,3.697042672001771e-14,0.275916449,0.549532975
rand_spd,4096,660,0.25122699663458264,0.25122699663454573,3.6914915568786455e-14,0.278952356,0.584955305
rand_spd,4096,661,0.25141962671169277,0.25141962671165596,3.680389326632394e-14,0.276826729,0.572121425
rand_spd,4096,662,0.251336125514079,0.2513361255140421,3.6914915568786455e-14,0.27878742,0.547338589
rand_spd,4096,663,0.25133690420465293,0.2513369042046159,3.702593787124897e-14,0.282490159,0.549121576
rand_spd,4096,664,0.2513346806604156,0.25133468066037873,3.68594044175552e-14,0.276205606,0.552798503
rand_spd,4096,665,0.25139987277283404,0.251399872772797,3.702593787124897e-14,0.275870302,0.5745843
rand_spd,4096,666,0.25128128359169305,0.2512812835916562,3.68594044175552e-14,0.279712421,0.569681427
rand_spd,4096,667,0.25145140215128914,0.2514514021512521,3.702593787124897e-14,0.276344568,0.553275978
rand_spd,4096,668,0.25133045452445696,0.25133045452442004,3.6914915568786455e-14,0.279957306,0.598646736
rand_spd,4096,669,0.2514134547620008,0.2514134547619638,3.697042672001771e-14,0.277143936,0.575441883
rand_spd,4096,670,0.25127229617632574,0.2512722961762889,3.68594044175552e-14,0.275426715,0.552063358
rand_spd,4096,671,0.2514067419252224,0.25140674192518553,3.68594044175552e-14,0.274932167,0.551184157
rand_spd,4096,672,0.25146783751834517,0.25146783751830815,3.702593787124897e-14,0.274952341,0.548477053
rand_spd,4096,673,0.2514513768515658,0.2514513768515289,3.6914915568786455e-14,0.274582,0.531425312
rand_spd,4096,674,0.25132137090832635,0.2513213709082895,3.68594044175552e-14,0.291956964,0.515969197
rand_spd,4096,675,0.25138848798757607,0.2513884879875391,3.697042672001771e-14,0.2738575,0.543226219
rand_spd,4096,676,0.25137182691047694,0.2513718269104401,3.68594044175552e-14,0.27968388,0.532504854
rand_spd,4096,677,0.2513735521907077,0.2513735521906708,3.6914915568786455e-14,0.276884859,0.545403917
rand_spd,4096,678,0.25137753794175827,0.2513775379417213,3.697042672001771e-14,0.275382399,0.540933976
rand_spd,4096,679,0.25145928392958067,0.2514592839295437,3.697042672001771e-14,0.278965795,0.53475328
rand_spd,4096,680,0.25139465377291764,0.2513946537728807,3.6914915568786455e-14,0.27717782,0.544433829
rand_spd,4096,681,0.2512875806631462,0.2512875806631092,3.702593787124897e-14,0.273843796,0.571841579
rand_spd,4096,682,0.25136346330955733,0.25136346330952036,3.697042672001771e-14,0.277878968,0.584671297
rand_spd,4096,683,0.2514393590855984,0.2514393590855613,3.708144902248023e-14,0.277202447,0.534855778
rand_spd,4096,684,0.2512993198821533,0.25129931988211635,3.697042672001771e-14,0.276022566,0.565438036
rand_spd,4096,685,0.25139604302264207,0.25139604302260515,3.6914915568786455e-14,0.278525145,0.581223259
rand_spd,4096,686,0.2513081216072172,0.25130812160718036,3.68594044175552e-14,0.278384502,0.586898045
rand_spd,4096,687,0.25139934223760124,0.2513993422375643,3.6914915568786455e-14,0.27887166,0.555359201
rand_spd,4096,688,0.25136982309564376,0.25136982309560685,3.6914915568786455e-14,0.279366282,0.548880235
rand_spd,4096,689,0.2513590416120702,0.2513590416120333,3.68594044175552e-14,0.27718428,0.564755684
rand_spd,4096,690,0.25139165479573217,0.2513916547956952,3.697042672001771e-14,0.276619795,0.533159797
rand_spd,4096,691,0.2514756206869744,0.25147562068693735,3.702593787124897e-14,0.275956496,0.57800249
rand_spd,4096,692,0.251340932580364,0.251340932580327,3.697042672001771e-14,0.274557774,0.574448268
rand_spd,4096,693,0.2514383907716775,0.2514383907716406,3.6914915568786455e-14,0.276377859,0.542960767
rand_spd,4096,694,0.25126139077122794,0.2512613907711911,3.68594044175552e-14,0.278497716,0.564487515
rand_spd,4096,695,0.2514646717332806,0.25146467173324366,3.6914915568786455e-14,0.277428032,0.556461568
rand_spd,4096,696,0.2513442355403057,0.25134423554026875,3.697042672001771e-14,0.283220032,0.555682023
rand_spd,4096,697,0.2514491775100927,0.25144917751005574,3.697042672001771e-14,0.275029365,0.558238161
rand_spd,4096,698,0.25134645820592677,0.2513464582058898,3.697042672001771e-14,0.278578854,0.557375175
rand_spd,4096,699,0.2513849093944119,0.2513849093943749,3.697042672001771e-14,0.276258203,0.604517501
rand_spd,4096,700,0.2514030885635554,0.2514030885635184,3.702593787124897e-14,0.278349717,0.553148408
rand_spd,4096,701,0.2514313910382551,0.25143139103821815,3.697042672001771e-14,0.277629876,0.539067024
rand_spd,4096,702,0.2514115583498824,0.2514115583498454,3.697042672001771e-14,0.36489235,0.55513172
rand_spd,4096,703,0.25126049015979274,0.25126049015975593,3.680389326632394e-14,0.276584927,0.553546542
rand_spd,4096,704,0.2512576216059939,0.25125762160595694,3.697042672001771e-14,0.281350013,0.564287929
rand_spd,4096,705,0.2512896314091554,0.25128963140911853,3.68594044175552e-14,0.273435519,0.540911834
rand_spd,4096,706,0.2515275581919722,0.2515275581919352,3.702593787124897e-14,0.278556037,0.557009488
rand_spd,4096,707,0.25130415889996655,0.2513041588999297,3.68594044175552e-14,0.2803438,0.562408772
rand_spd,4096,708,0.25133457419421684,0.2513345741941799,3.6914915568786455e-14,0.278668037,0.552481742
rand_spd,4096,709,0.2514441354229443,0.2514441354229074,3.6914915568786455e-14,0.28367442,0.550327966
rand_spd,4096,710,0.2513445101511531,0.2513445101511162,3.6914915568786455e-14,0.277420472,0.559992258
rand_spd,4096,711,0.25140184326128884,0.251401843261252,3.68594044175552e-14,0.277995593,0.54268364
rand_spd,4096,712,0.2514124287258443,0.2514124287258073,3.697042672001771e-14,0.27522073,0.567381785
rand_spd,4096,713,0.2514302384501092,0.2514302384500722,3.702593787124897e-14,0.277450977,0.566730771
rand_spd,4096,714,0.25130410976002066,0.2513041097599838,3.68594044175552e-14,0.282433084,0.552595069
rand_spd,4096,715,0.2514455127034418,0.2514455127034048,3.697042672001771e-14,0.274774165,0.566443883
rand_spd,4096,716,0.25132099273995934,0.2513209927399225,3.68594044175552e-14,0.278351357,0.603804264
rand_spd,4096,717,0.25138539732707815,0.2513853973270412,3.697042672001771e-14,0.277950112,0.565675203
rand_spd,4096,718,0.2513006713094913,0.2513006713094544,3.6914915568786455e-14,0.279639445,0.53980752
rand_spd,4096,719,0.25132397247779625,0.25132397247775945,3.680389326632394e-14,0.278673166,0.574556151
rand_spd,4096,720,0.25138575609541575,0.2513857560953788,3.697042672001771e-14,0.276894042,0.56813553
rand_spd,4096,721,0.2512782984521341,0.25127829845209715,3.697042672001771e-14,0.280263676,0.558887732
rand_spd,4096,722,0.2514455990226864,0.25144559902264946,3.6914915568786455e-14,0.278998688,0.587120236
rand_spd,4096,723,0.25139635392295884,0.25139635392292176,3.708144902248023e-14,0.275241258,0.558985345
rand_spd,4096,724,0.2513227641786194,0.25132276417858246,3.6914915568786455e-14,0.279361819,0.562744587
rand_spd,4096,725,0.2512961741447101,0.25129617414467326,3.68594044175552e-14,0.276753997,0.568759434
rand_spd,4096,726,0.251422004795963,0.25142200479592597,3.702593787124897e-14,0.27871211,0.58440116
rand_spd,4096,727,0.2514469925669688,0.2514469925669318,3.697042672001771e-14,0.280069079,0.558729121
rand_spd,4096,728,0.25134223958940044,0.2513422395893635,3.6914915568786455e-14,0.277277192,0.567819085
rand_spd,4096,729,0.2515255751178353,0.25152557511779833,3.697042672001771e-14,0.280430956,0.5810146
rand_spd,4096,730,0.2512968894730104,0.25129688947297346,3.6914915568786455e-14,0.279233819,0.577393766
rand_spd,4096,731,0.2513033266818328,0.25130332668179584,3.697042672001771e-14,0.278476511,0.548988972
rand_spd,4096,732,0.251427745770605,0.25142774577056815,3.68594044175552e-14,0.282180135,0.552730668
rand_spd,4096,733,0.2514461522282102,0.2514461522281733,3.6914915568786455e-14,0.277679502,0.551546572
rand_spd,4096,734,0.2514024343217349,0.2514024343216979,3.702593787124897e-14,0.27736877,0.568357679
rand_spd,4096,735,0.25126629355442026,0.2512662935543833,3.697042672001771e-14,0.277505961,0.564033113
rand_spd,4096,736,0.25141622610410924,0.25141622610407227,3.697042672001771e-14,0.279777409,0.57960558
rand_spd,4096,737,0.2512890276877658,0.25128902768772887,3.6914915568786455e-14,0.276254508,0.561261106
rand_spd,4096,738,0.25129201657534717,0.25129201657531025,3.6914915568786455e-14,0.279480702,0.567065134
rand_spd,4096,739,0.2512240466735999,0.25122404667356296,3.6914915568786455e-14,0.290615561,0.60136168
rand_spd,4096,740,0.2513898631967137,0.25138986319667667,3.702593787124897e-14,0.282695949,0.547282535
rand_spd,4096,741,0.2514147698233416,0.2514147698233047,3.6914915568786455e-14,0.278539983,0.55956487
rand_spd,4096,742,0.2514294959200281,0.25142949591999125,3.68594044175552e-14,0.284084723,0.572145975
rand_spd,4096,743,0.2513986258811538,0.2513986258811169,3.6914915568786455e-14,0.277312598,0.560530526
rand_spd,4096,744,0.2513632417502279,0.2513632417501908,3.708144902248023e-14,0.278694252,0.597746586
rand_spd,4096,745,0.2513091837195604,0.2513091837195235,3.6914915568786455e-14,0.278984226,0.562668391
rand_spd,4096,746,0.25136376115644204,0.2513637611564052,3.68594044175552e-14,0.276580931,0.563203088
rand_spd,4096,747,0.25120928571373907,0.2512092857137021,3.697042672001771e-14,0.27804641,0.530474683
rand_spd,4096,748,0.25152325675795256,0.2515232567579157,3.68594044175552e-14,0.278737545,0.553365111
rand_spd,4096,749,0.2514870071173661,0.2514870071173292,3.6914915568786455e-14,0.280556165,0.560760463
rand_spd,4096,750,0.25138807275772235,0.25138807275768543,3.6914915568786455e-14,0.277080546,0.58381676
rand_spd,4096,751,0.2513271077828528,0.25132710778281586,3.6914915568786455e-14,0.276398856,0.564583201
rand_spd,4096,752,0.25133171150407824,0.25133171150404127,3.697042672001771e-14,0.277982152,0.569269428
rand_spd,4096,753,0.25133157933797495,0.2513315793379381,3.68594044175552e-14,0.283632552,0.540004966
rand_spd,4096,754,0.2513574282304217,0.2513574282303847,3.697042672001771e-14,0.274577934,0.555211909
rand_spd,4096,755,0.2513560368519065,0.25135603685186947,3.702593787124897e-14,0.27762727,0.547048535
rand_spd,4096,756,0.2513167685171193,0.25131676851708246,3.68594044175552e-14,0.276111122,0.570717795
rand_spd,4096,757,0.2513949464335234,0.25139494643348653,3.68594044175552e-14,0.278204271,0.584390156
rand_spd,4096,758,0.2513307213609886,0.2513307213609517,3.6914915568786455e-14,0.283584467,0.543542255
rand_spd,4096,759,0.25131944297996894,0.2513194429799321,3.68594044175552e-14,0.277767165,0.567499172
rand_spd,4096,760,0.2513603408433691,0.2513603408433322,3.6914915568786455e-14,0.279829048,0.565896224
rand_spd,4096,761,0.2513326015604833,0.2513326015604464,3.6914915568786455e-14,0.277803481,0.561077156
rand_spd,4096,762,0.2513409799166248,0.2513409799165878,3.697042672001771e-14,0.277942685,0.582345301
rand_spd,4096,763,0.25133789127242634,0.2513378912723894,3.6914915568786455e-14,0.276350489,0.579611607
rand_spd,4096,764,0.2513733545625671,0.25137335456253024,3.68594044175552e-14,0.277275374,0.560235123
rand_spd,4096,765,0.2513499714842353,0.25134997148419835,3.697042672001771e-14,0.276840916,0.555510573
rand_spd,4096,766,0.25137772236358497,0.2513777223635481,3.68594044175552e-14,0.27820121,0.551696895
rand_spd,4096,767,0.2514644108990138,0.2514644108989768,3.697042672001771e-14,0.280968125,0.542843695
rand_spd,4096,768,0.2513799920766603,0.25137999207662326,3.702593787124897e-14,0.278740531,0.546992864
rand_spd,4096,769,0.2512742961575384,0.25127429615750146,3.6914915568786455e-14,0.280825895,0.569559568
rand_spd,4096,770,0.25129419395537195,0.2512941939553351,3.68594044175552e-14,0.279959025,0.536182929
rand_spd,4096,771,0.25124642509492473,0.2512464250948878,3.6914915568786455e-14,0.280578582,0.574987119
rand_spd,4096,772,0.2514895228734852,0.2514895228734482,3.697042672001771e-14,0.280732108,0.578484231
rand_spd,4096,773,0.25133341665212156,0.25133341665208464,3.6914915568786455e-14,0.277301392,0.552686498
rand_spd,4096,774,0.2514036743319396,0.25140367433190275,3.68594044175552e-14,0.282047174,0.553142057
rand_spd,4096,775,0.25120791974444606,0.2512079197444092,3.68594044175552e-14,0.278604321,0.552074812
rand_spd,4096,776,0.2513417340925949,0.25134173409255794,3.697042672001771e-14,0.278757328,0.552609621
rand_spd,4096,777,0.25139563251526154,0.2513956325152245,3.702593787124897e-14,0.277814971,0.550389221
rand_spd,4096,778,0.25136624748966147,0.2513662474896245,3.697042672001771e-14,0.277842105,0.560260046
rand_spd,4096,779,0.2514582098258146,0.25145820982577766,3.697042672001771e-14,0.314550371,0.561694436
rand_spd,4096,780,0.25138719294860873,0.2513871929485718,3.6914915568786455e-14,0.289323968,0.557679158
rand_spd,4096,781,0.2513157664854636,0.2513157664854267,3.6914915568786455e-14,0.2786186,0.554220007
rand_spd,4096,782,0.2514268374909564,0.2514268374909195,3.6914915568786455e-14,0.281805031,0.570012015
rand_spd,4096,783,0.25129560940001666,0.2512956093999798,3.68594044175552e-14,0.279046493,0.55305187
rand_spd,4096,784,0.25136225069747914,0.2513622506974423,3.68594044175552e-14,0.27737074,0.553203928
rand_spd,4096,785,0.25128431466832907,0.251284314668292,3.708144902248023e-14,0.279483179,0.54855873
rand_spd,4096,786,0.2514154781731246,0.25141547817308757,3.702593787124897e-14,0.279573416,0.551308567
rand_spd,4096,787,0.2513221702803356,0.2513221702802987,3.6914915568786455e-14,0.286997366,0.573180919
rand_spd,4096,788,0.2513555733718534,0.2513555733718164,3.697042672001771e-14,0.278939983,0.554488008
rand_spd,4096,789,0.25143480999902945,0.25143480999899254,3.6914915568786455e-14,0.282751441,0.559417298
rand_spd,4096,790,0.2513855265628977,0.25138552656286073,3.697042672001771e-14,0.282105804,0.569803078
rand_spd,4096,791,0.25137538029978945,0.25137538029975265,3.680389326632394e-14,0.280813023,0.573362329
rand_spd,4096,792,0.2513757658863895,0.2513757658863525,3.697042672001771e-14,0.279834058,0.566883918
rand_spd,4096,793,0.2514667636246478,0.2514667636246109,3.6914915568786455e-14,0.277628236,0.552621129
rand_spd,4096,794,0.25129262112687667,0.25129262112683975,3.6914915568786455e-14,0.328911667,0.559458703
rand_spd,4096,795,0.2514276413643407,0.2514276413643038,3.6914915568786455e-14,0.280357041,0.582891738
rand_spd,4096,796,0.2513178204651874,0.2513178204651505,3.6914915568786455e-14,0.277859222,0.558450053
rand_spd,4096,797,0.2513236271153387,0.2513236271153017,3.697042672001771e-14,0.277482364,0.555214266
rand_spd,4096,798,0.2513173184603677,0.25131731846033084,3.68594044175552e-14,0.284671716,0.564729015
rand_spd,4096,799,0.25132098303314804,0.2513209830331112,3.68594044175552e-14,0.280332142,0.576787455
rand_spd,4096,800,0.25135788790349983,0.2513578879034628,3.702593787124897e-14,0.275291763,0.549687964
rand_spd,4096,801,0.2514098104954245,0.2514098104953875,3.697042672001771e-14,0.281050992,0.609657846
rand_spd,4096,802,0.2514437207296344,0.25144372072959736,3.702593787124897e-14,0.280667446,0.557305573
rand_spd,4096,803,0.2512974735764037,0.25129747357636667,3.702593787124897e-14,0.279769338,0.560635354
rand_spd,4096,804,0.25141889003064716,0.25141889003061024,3.6914915568786455e-14,0.278129874,0.557092306
rand_spd,4096,805,0.25126845746405396,0.25126845746401705,3.6914915568786455e-14,0.290672428,0.562854119
rand_spd,4096,806,0.25145875444806925,0.2514587544480323,3.697042672001771e-14,0.274341293,0.567370229
rand_spd,4096,807,0.2513255474755329,0.251325547475496,3.68594044175552e-14,0.280933616,0.54386503
rand_spd,4096,808,0.25143148908794477,0.25143148908790774,3.702593787124897e-14,0.275814451,0.57693498
rand_spd,4096,809,0.25131646585208,0.2513164658520431,3.6914915568786455e-14,0.277904101,0.57474269
rand_spd,4096,810,0.251308806228384,0.25130880622834706,3.6914915568786455e-14,0.280868034,0.546660982
rand_spd,4096,811,0.25135362759875374,0.2513536275987167,3.702593787124897e-14,0.278447638,0.567931476
rand_spd,4096,812,0.25131352218635467,0.2513135221863178,3.68594044175552e-14,0.278067918,0.556963532
rand_spd,4096,813,0.251395090316739,0.25139509031670204,3.697042672001771e-14,0.27825321,0.561619734
rand_spd,4096,814,0.2514202183059503,0.25142021830591343,3.68594044175552e-14,0.278694702,0.573969711
rand_spd,4096,815,0.25126119036710454,0.25126119036706757,3.697042672001771e-14,0.277259225,0.574385778
rand_spd,4096,816,0.2514709680698856,0.2514709680698486,3.702593787124897e-14,0.281882533,0.559648966
rand_spd,4096,817,0.2512435258636583,0.25124352586362136,3.6914915568786455e-14,0.276546734,0.55133199
rand_spd,4096,818,0.2514320295568399,0.25143202955680294,3.697042672001771e-14,0.278053526,0.566993957
rand_spd,4096,819,0.25133732962954736,0.25133732962951033,3.702593787124897e-14,0.278896162,0.565402023
rand_spd,4096,820,0.251378368787385,0.25137836878734815,3.68594044175552e-14,0.279044014,0.550344532
rand_spd,4096,821,0.25144914467874496,0.251449144678708,3.697042672001771e-14,0.277448492,0.549870202
rand_spd,4096,822,0.2513478701928646,0.25134787019282767,3.6914915568786455e-14,0.281263185,0.544116666
rand_spd,4096,823,0.2515051727922419,0.2515051727922049,3.697042672001771e-14,0.276792215,0.57093707
rand_spd,4096,824,0.25143017791624395,0.251430177916207,3.697042672001771e-14,0.279920432,0.585902742
rand_spd,4096,825,0.2513468497398612,0.2513468497398243,3.6914915568786455e-14,0.278961966,0.562564568
rand_spd,4096,826,0.2514374868450555,0.2514374868450185,3.702593787124897e-14,0.278916954,0.543729904
rand_spd,4096,827,0.25136589124790504,0.25136589124786807,3.697042672001771e-14,0.277976737,0.559974016
rand_spd,4096,828,0.25138104950552337,0.25138104950548645,3.6914915568786455e-14,0.278751529,0.575804068
rand_spd,4096,829,0.25133644314187664,0.25133644314183967,3.697042672001771e-14,0.279609714,0.540258902
rand_spd,4096,830,0.2514677776757214,0.25146777767568457,3.68594044175552e-14,0.279264195,0.546322725
rand_spd,4096,831,0.25144812389843013,0.2514481238983932,3.6914915568786455e-14,0.280583048,0.566084899
rand_spd,4096,832,0.2514084759597494,0.2514084759597125,3.6914915568786455e-14,0.279918511,0.564840436
rand_spd,4096,833,0.25156649098688527,0.2515664909868483,3.697042672001771e-14,0.278834652,0.561805487
rand_spd,4096,834,0.25131299029101045,0.2513129902909736,3.68594044175552e-14,0.280666756,0.583922304
rand_spd,4096,835,0.25135159918540884,0.2513515991853719,3.6914915568786455e-14,0.280590345,0.549766312
rand_spd,4096,836,0.25141501699930374,0.2514150169992669,3.68594044175552e-14,0.2762438,0.557374575
rand_spd,4096,837,0.25143049156729524,0.2514304915672583,3.697042672001771e-14,0.279133068,0.55684749
rand_spd,4096,838,0.25141092299747586,0.2514109229974389,3.697042672001771e-14,0.280701459,0.61880926
rand_spd,4096,839,0.2514468087540446,0.25144680875400766,3.697042672001771e-14,0.281715028,0.545863049
rand_spd,4096,840,0.25145053808864476,0.25145053808860773,3.702593787124897e-14,0.277507477,0.559523116
rand_spd,4096,841,0.2513314531276396,0.2513314531276027,3.6914915568786455e-14,0.279567185,0.584541911
rand_spd,4096,842,0.25136319310540384,0.251363193105367,3.68594044175552e-14,0.280635616,0.555318255
rand_spd,4096,843,0.2513719417611148,0.25137194176107797,3.68594044175552e-14,0.279150234,0.555549918
rand_spd,4096,844,0.25141346659661895,0.251413466596582,3.697042672001771e-14,0.278799021,0.54981075
rand_spd,4096,845,0.2513327042642136,0.2513327042641767,3.6914915568786455e-14,0.280025569,0.564863293
rand_spd,4096,846,0.2512803383718416,0.2512803383718047,3.6914915568786455e-14,0.279092823,0.557804085
rand_spd,4096,847,0.25127006814986547,0.25127006814982855,3.6914915568786455e-14,0.280794535,0.570187121
rand_spd,4096,848,0.2514529970249428,0.2514529970249059,3.68594044175552e-14,0.332148851,0.587668751
rand_spd,4096,849,0.2513423939848019,0.25134239398476493,3.697042672001771e-14,0.287874536,0.544207182
rand_spd,4096,850,0.2514454391713192,0.2514454391712823,3.68594044175552e-14,0.28216195,0.56111737
rand_spd,4096,851,0.25128849733776343,0.25128849733772657,3.68594044175552e-14,0.275709576,0.549056336
rand_spd,4096,852,0.2514587207852724,0.2514587207852355,3.6914915568786455e-14,0.276668281,0.565773476
rand_spd,4096,853,0.251455729415095,0.251455729415058,3.697042672001771e-14,0.27585536,0.556847434
rand_spd,4096,854,0.2514151523843356,0.25141515238429873,3.68594044175552e-14,0.280084959,0.576313263
rand_spd,4096,855,0.2513730154581339,0.25137301545809704,3.68594044175552e-14,0.27959988,0.592700364
rand_spd,4096,856,0.2513209326211576,0.25132093262112076,3.68594044175552e-14,0.278727334,0.551636224
rand_spd,4096,857,0.2514890371657346,0.25148903716569765,3.697042672001771e-14,0.29762587,0.561504659
rand_spd,4096,858,0.25124839417740924,0.25124839417737227,3.697042672001771e-14,0.278120756,0.561894485
rand_spd,4096,859,0.251336872788732,0.2513368727886951,3.6914915568786455e-14,0.277738994,0.574552439
rand_spd,4096,860,0.2512760279858724,0.25127602798583554,3.68594044175552e-14,0.281873743,0.585737582
rand_spd,4096,861,0.2513494138701678,0.2513494138701309,3.6914915568786455e-14,0.280667188,0.577045324
rand_spd,4096,862,0.25144786906141026,0.25144786906137323,3.702593787124897e-14,0.283228212,0.599761421
rand_spd,4096,863,0.2513738870624715,0.2513738870624346,3.6914915568786455e-14,0.278024685,0.570592213
rand_spd,4096,864,0.25146195182175374,0.2514619518217167,3.702593787124897e-14,0.280912522,0.565511213
rand_spd,4096,865,0.25124285118390316,0.2512428511838663,3.68594044175552e-14,0.280063369,0.552116404
rand_spd,4096,866,0.2514363609913415,0.25143636099130456,3.6914915568786455e-14,0.279444094,0.579776951
rand_spd,4096,867,0.25138224144233157,0.25138224144229465,3.6914915568786455e-14,0.277319454,0.56365849
rand_spd,4096,868,0.2512979342106922,0.2512979342106553,3.68594044175552e-14,0.280216825,0.573267863
rand_spd,4096,869,0.2514796813558454,0.2514796813558085,3.6914915568786455e-14,0.280540893,0.601106962
rand_spd,4096,870,0.25132993977940604,0.2513299397793691,3.6914915568786455e-14,0.277913651,0.559816124
rand_spd,4096,871,0.25139100640896245,0.2513910064089255,3.697042672001771e-14,0.28081293,0.594310941
rand_spd,4096,872,0.25132312170448895,0.25132312170445215,3.680389326632394e-14,0.278041482,0.562213106
rand_spd,4096,873,0.25134452852020295,0.2513445285201659,3.702593787124897e-14,0.277359002,0.557704146
rand_spd,4096,874,0.25145899463786653,0.25145899463782956,3.697042672001771e-14,0.288308768,0.551331483
rand_spd,4096,875,0.251352234430162,0.251352234430125,3.702593787124897e-14,0.277182023,0.575717672
rand_spd,4096,876,0.25132722311303596,0.251327223112999,3.697042672001771e-14,0.280538632,0.564262798
rand_spd,4096,877,0.2514147385446119,0.2514147385445749,3.697042672001771e-14,0.280653808,0.556130846
rand_spd,4096,878,0.2514092584872501,0.2514092584872133,3.680389326632394e-14,0.2815867,0.577216053
rand_spd,4096,879,0.2513595906330368,0.2513595906329999,3.6914915568786455e-14,0.278808574,0.569353778
rand_spd,4096,880,0.2513965606452652,0.2513965606452283,3.6914915568786455e-14,0.280961759,0.562192537
rand_spd,4096,881,0.25141431722008306,0.2514143172200461,3.697042672001771e-14,0.27979285,0.579602943
rand_spd,4096,882,0.2513328598554538,0.2513328598554169,3.68594044175552e-14,0.275923212,0.540333603
rand_spd,4096,883,0.25135488212649887,0.25135488212646195,3.6914915568786455e-14,0.277899606,0.581834076
rand_spd,4096,884,0.2512808736114072,0.25128087361137036,3.68594044175552e-14,0.279758234,0.566692969
rand_spd,4096,885,0.2513820477883571,0.25138204778832024,3.68594044175552e-14,0.278388198,0.592170683
rand_spd,4096,886,0.25139186853415024,0.2513918685341134,3.68594044175552e-14,0.278410112,0.557193682
rand_spd,4096,887,0.25137392505854667,0.2513739250585097,3.697042672001771e-14,0.278811499,0.58994193
rand_spd,4096,888,0.25142854472451354,0.25142854472447645,3.708144902248023e-14,0.278357997,0.578895368
rand_spd,4096,889,0.2514287326000156,0.25142873259997867,3.6914915568786455e-14,0.278233228,0.55489441
rand_spd,4096,890,0.2513683912662637,0.25136839126622673,3.697042672001771e-14,0.277061063,0.556278334
rand_spd,4096,891,0.2514019342269704,0.2514019342269334,3.697042672001771e-14,0.281266641,0.547274525
rand_spd,4096,892,0.2514418989443628,0.2514418989443258,3.702593787124897e-14,0.277120867,0.565265455
rand_spd,4096,893,0.25133641118148237,0.2513364111814454,3.697042672001771e-14,0.28156048,0.545967751
rand_spd,4096,894,0.251315470417075,0.2513154704170381,3.6914915568786455e-14,0.279759259,0.5594062
rand_spd,4096,895,0.25140786879010274,0.25140786879006577,3.697042672001771e-14,0.278006005,0.546273421
rand_spd,4096,896,0.251402520827715,0.25140252082767806,3.697042672001771e-14,0.279072326,0.570178226
rand_spd,4096,897,0.2513824488339945,0.25138244883395755,3.697042672001771e-14,0.277842814,0.543775252
rand_spd,4096,898,0.2514121439563185,0.2514121439562816,3.6914915568786455e-14,0.27581061,0.575843037
rand_spd,4096,899,0.25122573976245394,0.2512257397624171,3.68594044175552e-14,0.278072159,0.580646453
rand_spd,4096,900,0.2512762725118549,0.25127627251181806,3.68594044175552e-14,0.276738989,0.55012765
rand_spd,4096,901,0.2512970033675569,0.25129700336752003,3.68594044175552e-14,0.320905639,0.553145928
rand_spd,4096,902,0.2514532624568602,0.25145326245682326,3.697042672001771e-14,0.278388797,0.552082903
rand_spd,4096,903,0.25133728970777774,0.2513372897077409,3.68594044175552e-14,0.292541687,0.545371466
rand_spd,4096,904,0.251247052538848,0.251247052538811,3.697042672001771e-14,0.283914943,0.576114278
rand_spd,4096,905,0.25141250010776434,0.2514125001077275,3.68594044175552e-14,0.277832498,0.572846335
rand_spd,4096,906,0.2514039567746625,0.2514039567746256,3.68594044175552e-14,0.282187007,0.562581328
rand_spd,4096,907,0.25135184412513684,0.25135184412509987,3.697042672001771e-14,0.280470472,0.565016864
rand_spd,4096,908,0.25145196912152945,0.25145196912149254,3.6914915568786455e-14,0.27784078,0.581581684
rand_spd,4096,909,0.2513400284893454,0.25134002848930853,3.68594044175552e-14,0.279978792,0.562303226
rand_spd,4096,910,0.25132595269104363,0.2513259526910067,3.6914915568786455e-14,0.277048305,0.549957423
rand_spd,4096,911,0.25143168260044046,0.25143168260040366,3.680389326632394e-14,0.279329635,0.584196285
rand_spd,4096,912,0.25138557138274337,0.2513855713827064,3.697042672001771e-14,0.276580232,0.566628652
rand_spd,4096,913,0.2515314036666264,0.2515314036665895,3.6914915568786455e-14,0.277587727,0.55490511
rand_spd,4096,914,0.2513640856491529,0.251364085649116,3.6914915568786455e-14,0.277608772,0.563508724
rand_spd,4096,915,0.25141466528219697,0.25141466528216005,3.6914915568786455e-14,0.276562767,0.56352768
rand_spd,4096,916,0.25141788539904814,0.25141788539901117,3.697042672001771e-14,0.278783667,0.560955614
rand_spd,4096,917,0.25138691098782834,0.2513869109877914,3.6914915568786455e-14,0.279050879,0.56413034
rand_spd,4096,918,0.2514740883546539,0.251474088354617,3.6914915568786455e-14,0.276537115,0.569786245
rand_spd,4096,919,0.25144248518780626,0.2514424851877693,3.697042672001771e-14,0.279821454,0.549082326
rand_spd,4096,920,0.25146376738658643,0.25146376738654946,3.697042672001771e-14,0.279380911,0.538908628
rand_spd,4096,921,0.251394311185091,0.25139431118505406,3.6914915568786455e-14,0.279252381,0.552469352
rand_spd,4096,922,0.2513323820943815,0.2513323820943445,3.702593787124897e-14,0.277072389,0.584418765
rand_spd,4096,923,0.25133432345093704,0.25133432345090007,3.697042672001771e-14,0.28220551,0.565580374
rand_spd,4096,924,0.2513864788827315,0.25138647888269466,3.68594044175552e-14,0.279254084,0.579655218
rand_spd,4096,925,0.2514454079417832,0.2514454079417463,3.6914915568786455e-14,0.277820934,0.565579599
rand_spd,4096,926,0.251404444883996,0.251404444883959,3.697042672001771e-14,0.276209965,0.578573772
rand_spd,4096,927,0.2512668250083767,0.25126682500833986,3.68594044175552e-14,0.28031509,0.57322845
rand_spd,4096,928,0.2514309105005988,0.25143091050056193,3.68594044175552e-14,0.279132131,0.564321265
rand_spd,4096,929,0.2513091590003925,0.2513091590003556,3.6914915568786455e-14,0.279504387,0.530754991
rand_spd,4096,930,0.251304139308372,0.2513041393083351,3.68594044175552e-14,0.27956667,0.544052514
rand_spd,4096,931,0.2513970095134626,0.25139700951342575,3.68594044175552e-14,0.279745408,0.545288405
rand_spd,4096,932,0.2514652665533103,0.2514652665532733,3.702593787124897e-14,0.278678271,0.566855301
rand_spd,4096,933,0.2514584381284825,0.25145843812844554,3.697042672001771e-14,0.277174366,0.572607224
rand_spd,4096,934,0.2514732898668738,0.25147328986683676,3.702593787124897e-14,0.278028722,0.575728853
rand_spd,4096,935,0.2513512403697873,0.2513512403697504,3.6914915568786455e-14,0.279841851,0.551797966
rand_spd,4096,936,0.2513874883478386,0.2513874883478016,3.697042672001771e-14,0.276802498,0.571395313
rand_spd,4096,937,0.2514242016510048,0.25142420165096785,3.697042672001771e-14,0.277373131,0.557317765
rand_spd,4096,938,0.2513643628872279,0.25136436288719105,3.68594044175552e-14,0.275526682,0.552970524
rand_spd,4096,939,0.25133700227783146,0.2513370022777945,3.697042672001771e-14,0.277674109,0.564349957
rand_spd,4096,940,0.2514274366044466,0.25142743660440964,3.697042672001771e-14,0.277412793,0.55511954
rand_spd,4096,941,0.2513081755367207,0.25130817553668366,3.702593787124897e-14,0.279000093,0.563851361
rand_spd,4096,942,0.25146696996735296,0.25146696996731593,3.702593787124897e-14,0.280630387,0.579336162
rand_spd,4096,943,0.25128964871929954,0.2512896487192626,3.6914915568786455e-14,0.277936661,0.575339628
rand_spd,4096,944,0.2514437228925302,0.2514437228924932,3.697042672001771e-14,0.27739058,0.567816915
rand_spd,4096,945,0.25134763902881735,0.25134763902878043,3.6914915568786455e-14,0.277989542,0.562598938
rand_spd,4096,946,0.25131973430152993,0.25131973430149296,3.697042672001771e-14,0.277421379,0.561223745
rand_spd,4096,947,0.25141373568064146,0.2514137356806045,3.697042672001771e-14,0.279479828,0.563638692
rand_spd,4096,948,0.2513329406652037,0.2513329406651668,3.68594044175552e-14,0.275595535,0.567261339
rand_spd,4096,949,0.2514216203227653,0.25142162032272825,3.708144902248023e-14,0.282815751,0.553215835
rand_spd,4096,950,0.2512389401346808,0.2512389401346438,3.697042672001771e-14,0.279771268,0.555862191
rand_spd,4096,951,0.2513594204069611,0.2513594204069242,3.68594044175552e-14,0.278013859,0.567258172
rand_spd,4096,952,0.25134386247805646,0.25134386247801954,3.6914915568786455e-14,0.280581039,0.552399464
rand_spd,4096,953,0.25138726064341005,0.25138726064337313,3.6914915568786455e-14,0.276351451,0.563744017
rand_spd,4096,954,0.251322809912993,0.2513228099129561,3.6914915568786455e-14,0.284661382,0.547133481
rand_spd,4096,955,0.2513956440409351,0.25139564404089815,3.697042672001771e-14,0.278308011,0.575671687
rand_spd,4096,956,0.25131246942483326,0.2513124694247964,3.68594044175552e-14,0.279600167,0.55804862
rand_spd,4096,957,0.2514224709738588,0.2514224709738218,3.697042672001771e-14,0.304536685,0.570088922
rand_spd,4096,958,0.2514461289633172,0.25144612896328017,3.702593787124897e-14,0.28139246,0.561819539
rand_spd,4096,959,0.2515366177750373,0.2515366177750003,3.697042672001771e-14,0.276744085,0.560017024
rand_spd,4096,960,0.2513828755947959,0.2513828755947589,3.697042672001771e-14,0.280155987,0.561326293
rand_spd,4096,961,0.25132162251041756,0.25132162251038065,3.6914915568786455e-14,0.280595988,0.552367895
rand_spd,4096,962,0.2513038620875875,0.25130386208755057,3.6914915568786455e-14,0.280954388,0.586834298
rand_spd,4096,963,0.2513911715700552,0.2513911715700183,3.6914915568786455e-14,0.279640989,0.559106305
rand_spd,4096,964,0.2513090819650227,0.25130908196498586,3.68594044175552e-14,0.278271301,0.561175657
rand_spd,4096,965,0.2513281464826254,0.25132814648258855,3.68594044175552e-14,0.277998283,0.565474754
rand_spd,4096,966,0.2514605110756997,0.2514605110756627,3.702593787124897e-14,0.278124252,0.564461305
rand_spd,4096,967,0.2513512488417642,0.25135124884172716,3.702593787124897e-14,0.275316723,0.550607171
rand_spd,4096,968,0.2513083140841021,0.2513083140840651,3.697042672001771e-14,0.282562096,0.557857589
rand_spd,4096,969,0.2513795874212463,0.25137958742120936,3.6914915568786455e-14,0.27959068,0.552198563
rand_spd,4096,970,0.25133742661020214,0.25133742661016517,3.697042672001771e-14,0.275984674,0.56567508
rand_spd,4096,971,0.2513152230481311,0.2513152230480941,3.697042672001771e-14,0.275205193,0.558398121
rand_spd,4096,972,0.25135102361543127,0.2513510236153944,3.68594044175552e-14,0.277975591,0.542150274
rand_spd,4096,973,0.2512743169245842,0.2512743169245473,3.68594044175552e-14,0.27600564,0.552755102
rand_spd,4096,974,0.25137708480176973,0.2513770848017329,3.68594044175552e-14,0.277376176,0.548314632
rand_spd,4096,975,0.25132161701938477,0.2513216170193479,3.68594044175552e-14,0.27770531,0.572627154
rand_spd,4096,976,0.2513348277546858,0.25133482775464894,3.68594044175552e-14,0.275086391,0.573668783
rand_spd,4096,977,0.2514919451987063,0.2514919451986694,3.6914915568786455e-14,0.277551241,0.543963058
rand_spd,4096,978,0.2513573974256033,0.25135739742556645,3.68594044175552e-14,0.294748028,0.554035003
rand_spd,4096,979,0.2513577036799369,0.2513577036798999,3.697042672001771e-14,0.275488047,0.546071971
rand_spd,4096,980,0.2513177079558812,0.25131770795584424,3.697042672001771e-14,0.278944066,0.533533139
rand_spd,4096,981,0.2513478614293776,0.25134786142934074,3.68594044175552e-14,0.279248718,0.566711106
rand_spd,4096,982,0.2512547058302771,0.2512547058302402,3.6914915568786455e-14,0.311089328,0.573502088
rand_spd,4096,983,0.25128180314445153,0.2512818031444145,3.702593787124897e-14,0.278266477,0.56562855
rand_spd,4096,984,0.2513965287428076,0.2513965287427707,3.6914915568786455e-14,0.276394574,0.571810531
rand_spd,4096,985,0.251378671199335,0.2513786711992981,3.6914915568786455e-14,0.27637219,0.552793571
rand_spd,4096,986,0.2514937128926705,0.2514937128926334,3.708144902248023e-14,0.280361705,0.612359521
rand_spd,4096,987,0.25141755565472423,0.2514175556546872,3.702593787124897e-14,0.276475152,0.577406357
rand_spd,4096,988,0.2515265700512653,0.25152657005122836,3.6914915568786455e-14,0.277920688,0.549514339
rand_spd,4096,989,0.2513988912739172,0.2513988912738802,3.697042672001771e-14,0.27988883,0.54186938
rand_spd,4096,990,0.2515298332200271,0.2515298332199902,3.6914915568786455e-14,0.276675817,0.557199464
rand_spd,4096,991,0.2514056069894867,0.2514056069894497,3.702593787124897e-14,0.278003218,0.545735584
rand_spd,4096,992,0.25139805519149205,0.25139805519145514,3.6914915568786455e-14,0.27696261,0.550183664
rand_spd,4096,993,0.25143860369186904,0.2514386036918321,3.697042672001771e-14,0.277037539,0.574205927
rand_spd,4096,994,0.2513949717736274,0.25139497177359044,3.697042672001771e-14,0.279249158,0.572329183
rand_spd,4096,995,0.2514038570957969,0.2514038570957599,3.697042672001771e-14,0.277550752,0.575002843
rand_spd,4096,996,0.25145143066158965,0.25145143066155273,3.6914915568786455e-14,0.278070734,0.551816284
rand_spd,4096,997,0.2513711990550152,0.25137119905497834,3.68594044175552e-14,0.277636919,0.547898199
rand_spd,4096,998,0.25131448949043617,0.2513144894903993,3.68594044175552e-14,0.27549485,0.560466948
rand_spd,4096,999,0.2515038206311478,0.2515038206311108,3.697042672001771e-14,0.283291613,0.560051596
rand_spd,4096,1000,0.2514805300653868,0.25148053006534976,3.702593787124897e-14,0.280527505,0.559935412
mattern_cov1,64,1,0.25000000000000355,0.25000000000000355,0.0,0.001210188,0.005905178
mattern_cov1,64,2,0.25000000000000355,0.25000000000000355,0.0,0.001202172,0.006053761
mattern_cov1,64,3,0.25000000000000355,0.25000000000000355,0.0,0.001198905,0.006558908
mattern_cov1,64,4,0.25000000000000355,0.25000000000000355,0.0,0.001253296,0.006743633
mattern_cov1,64,5,0.25000000000000355,0.25000000000000355,0.0,0.001244638,0.006650707
mattern_cov1,64,6,0.25000000000000355,0.25000000000000355,0.0,0.001132611,0.006761409
mattern_cov1,64,7,0.25000000000000355,0.25000000000000355,0.0,0.001153841,0.006595849
mattern_cov1,64,8,0.25000000000000355,0.25000000000000355,0.0,0.001182222,0.006549336
mattern_cov1,64,9,0.25000000000000355,0.25000000000000355,0.0,0.001265558,0.00658732
mattern_cov1,64,10,0.25000000000000355,0.25000000000000355,0.0,0.00124441,0.006560029
mattern_cov1,64,11,0.25000000000000355,0.25000000000000355,0.0,0.001135398,0.006731158
mattern_cov1,64,12,0.25000000000000355,0.25000000000000355,0.0,0.001146013,0.006640161
mattern_cov1,64,13,0.25000000000000355,0.25000000000000355,0.0,0.001220148,0.006491774
mattern_cov1,64,14,0.25000000000000355,0.25000000000000355,0.0,0.00127289,0.006501693
mattern_cov1,64,15,0.25000000000000355,0.25000000000000355,0.0,0.001251097,0.006488118
mattern_cov1,64,16,0.25000000000000355,0.25000000000000355,0.0,0.001144526,0.006698743
mattern_cov1,64,17,0.25000000000000355,0.25000000000000355,0.0,0.001128039,0.006682948
mattern_cov1,64,18,0.25000000000000355,0.25000000000000355,0.0,0.00120476,0.006538998
mattern_cov1,64,19,0.25000000000000355,0.25000000000000355,0.0,0.00124705,0.006483769
mattern_cov1,64,20,0.25000000000000355,0.25000000000000355,0.0,0.001266684,0.006894658
mattern_cov1,64,21,0.25000000000000355,0.25000000000000355,0.0,0.001134211,0.006943389
mattern_cov1,64,22,0.25000000000000355,0.25000000000000355,0.0,0.001162324,0.006903281
mattern_cov1,64,23,0.25000000000000355,0.25000000000000355,0.0,0.001188253,0.006620552
mattern_cov1,64,24,0.25000000000000355,0.25000000000000355,0.0,0.001239308,0.00658077
mattern_cov1,64,25,0.25000000000000355,0.25000000000000355,0.0,0.001238943,0.006525317
mattern_cov1,64,26,0.25000000000000355,0.25000000000000355,0.0,0.001134322,0.006710755
mattern_cov1,64,27,0.25000000000000355,0.25000000000000355,0.0,0.001148623,0.006644127
mattern_cov1,64,28,0.25000000000000355,0.25000000000000355,0.0,0.001151305,0.006530397
mattern_cov1,64,29,0.25000000000000355,0.25000000000000355,0.0,0.001206282,0.006747313
mattern_cov1,64,30,0.25000000000000355,0.25000000000000355,0.0,0.001232897,0.006577774
mattern_cov1,64,31,0.25000000000000355,0.25000000000000355,0.0,0.001430154,0.0067994
mattern_cov1,64,32,0.25000000000000355,0.25000000000000355,0.0,0.001133359,0.006550558
mattern_cov1,64,33,0.25000000000000355,0.25000000000000355,0.0,0.001187258,0.006584069
mattern_cov1,64,34,0.25000000000000355,0.25000000000000355,0.0,0.001229489,0.006521529
mattern_cov1,64,35,0.25000000000000355,0.25000000000000355,0.0,0.001270296,0.006531483
mattern_cov1,64,36,0.25000000000000355,0.25000000000000355,0.0,0.001143814,0.006657974
mattern_cov1,64,37,0.25000000000000355,0.25000000000000355,0.0,0.001142233,0.006674538
mattern_cov1,64,38,0.25000000000000355,0.25000000000000355,0.0,0.001186241,0.006695368
mattern_cov1,64,39,0.25000000000000355,0.25000000000000355,0.0,0.001178855,0.006860417
mattern_cov1,64,40,0.25000000000000355,0.25000000000000355,0.0,0.001270581,0.006553748
mattern_cov1,64,41,0.25000000000000355,0.25000000000000355,0.0,0.001133376,0.006702992
mattern_cov1,64,42,0.25000000000000355,0.25000000000000355,0.0,0.001143562,0.006605488
mattern_cov1,64,43,0.25000000000000355,0.25000000000000355,0.0,0.001202728,0.006500826
mattern_cov1,64,44,0.25000000000000355,0.25000000000000355,0.0,0.001227968,0.006487013
mattern_cov1,64,45,0.25000000000000355,0.25000000000000355,0.0,0.00123913,0.00683129
mattern_cov1,64,46,0.25000000000000355,0.25000000000000355,0.0,0.001132389,0.006705453
mattern_cov1,64,47,0.25000000000000355,0.25000000000000355,0.0,0.001323377,0.006512327
mattern_cov1,64,48,0.25000000000000355,0.25000000000000355,0.0,0.001127162,0.006480506
mattern_cov1,64,49,0.25000000000000355,0.25000000000000355,0.0,0.001153991,0.006560698
mattern_cov1,64,50,0.25000000000000355,0.25000000000000355,0.0,0.001206583,0.006493845
mattern_cov1,64,51,0.25000000000000355,0.25000000000000355,0.0,0.001250063,0.006495111
mattern_cov1,64,52,0.25000000000000355,0.25000000000000355,0.0,0.001251361,0.006517778
mattern_cov1,64,53,0.25000000000000355,0.25000000000000355,0.0,0.001162306,0.006706505
mattern_cov1,64,54,0.25000000000000355,0.25000000000000355,0.0,0.001228652,0.005853713
mattern_cov1,64,55,0.25000000000000355,0.25000000000000355,0.0,0.00112425,0.006545452
mattern_cov1,64,56,0.25000000000000355,0.25000000000000355,0.0,0.001179995,0.005895381
mattern_cov1,64,57,0.25000000000000355,0.25000000000000355,0.0,0.001229885,0.006332455
mattern_cov1,64,58,0.25000000000000355,0.25000000000000355,0.0,0.001098874,0.006321069
mattern_cov1,64,59,0.25000000000000355,0.25000000000000355,0.0,0.001114515,0.005988594
mattern_cov1,64,60,0.25000000000000355,0.25000000000000355,0.0,0.001197586,0.006790316
mattern_cov1,64,61,0.25000000000000355,0.25000000000000355,0.0,0.001194115,0.005884107
mattern_cov1,64,62,0.25000000000000355,0.25000000000000355,0.0,0.001124998,0.006509394
mattern_cov1,64,63,0.25000000000000355,0.25000000000000355,0.0,0.001098075,0.005028114
mattern_cov1,64,64,0.25000000000000355,0.25000000000000355,0.0,0.001229395,0.00570254
mattern_cov1,64,65,0.25000000000000355,0.25000000000000355,0.0,0.001082267,0.006873554
mattern_cov1,64,66,0.25000000000000355,0.25000000000000355,0.0,0.001215485,0.005679994
mattern_cov1,64,67,0.25000000000000355,0.25000000000000355,0.0,0.001386308,0.006186482
mattern_cov1,64,68,0.25000000000000355,0.25000000000000355,0.0,0.00110038,0.005731349
mattern_cov1,64,69,0.25000000000000355,0.25000000000000355,0.0,0.001118455,0.0057686
mattern_cov1,64,70,0.25000000000000355,0.25000000000000355,0.0,0.001186524,0.006804304
mattern_cov1,64,71,0.25000000000000355,0.25000000000000355,0.0,0.0011686,0.006691846
mattern_cov1,64,72,0.25000000000000355,0.25000000000000355,0.0,0.001237648,0.006784948
mattern_cov1,64,73,0.25000000000000355,0.25000000000000355,0.0,0.001235559,0.006858681
mattern_cov1,64,74,0.25000000000000355,0.25000000000000355,0.0,0.001130153,0.006704673
mattern_cov1,64,75,0.25000000000000355,0.25000000000000355,0.0,0.001170698,0.006810712
mattern_cov1,64,76,0.25000000000000355,0.25000000000000355,0.0,0.001153347,0.006629546
mattern_cov1,64,77,0.25000000000000355,0.25000000000000355,0.0,0.001331904,0.00648561
mattern_cov1,64,78,0.25000000000000355,0.25000000000000355,0.0,0.001139225,0.005769766
mattern_cov1,64,79,0.25000000000000355,0.25000000000000355,0.0,0.001111367,0.005826676
mattern_cov1,64,80,0.25000000000000355,0.25000000000000355,0.0,0.00120249,0.006139978
mattern_cov1,64,81,0.25000000000000355,0.25000000000000355,0.0,0.001144092,0.006731736
mattern_cov1,64,82,0.25000000000000355,0.25000000000000355,0.0,0.001125928,0.006277214
mattern_cov1,64,83,0.25000000000000355,0.25000000000000355,0.0,0.001144531,0.006891043
mattern_cov1,64,84,0.25000000000000355,0.25000000000000355,0.0,0.001177954,0.006281141
mattern_cov1,64,85,0.25000000000000355,0.25000000000000355,0.0,0.001234956,0.005585946
mattern_cov1,64,86,0.25000000000000355,0.25000000000000355,0.0,0.001241766,0.006239613
mattern_cov1,64,87,0.25000000000000355,0.25000000000000355,0.0,0.001163295,0.006371334
mattern_cov1,64,88,0.25000000000000355,0.25000000000000355,0.0,0.00111462,0.005949366
mattern_cov1,64,89,0.25000000000000355,0.25000000000000355,0.0,0.001149534,0.006734349
mattern_cov1,64,90,0.25000000000000355,0.25000000000000355,0.0,0.001260857,0.005667297
mattern_cov1,64,91,0.25000000000000355,0.25000000000000355,0.0,0.001112636,0.006642809
mattern_cov1,64,92,0.25000000000000355,0.25000000000000355,0.0,0.001087536,0.006826187
mattern_cov1,64,93,0.25000000000000355,0.25000000000000355,0.0,0.001131186,0.006296628
mattern_cov1,64,94,0.25000000000000355,0.25000000000000355,0.0,0.001137576,0.006638242
mattern_cov1,64,95,0.25000000000000355,0.25000000000000355,0.0,0.001267845,0.006615247
mattern_cov1,64,96,0.25000000000000355,0.25000000000000355,0.0,0.00120048,0.006645536
mattern_cov1,64,97,0.25000000000000355,0.25000000000000355,0.0,0.001123657,0.006769255
mattern_cov1,64,98,0.25000000000000355,0.25000000000000355,0.0,0.001213366,0.006839119
mattern_cov1,64,99,0.25000000000000355,0.25000000000000355,0.0,0.001169408,0.006784396
mattern_cov1,64,100,0.25000000000000355,0.25000000000000355,0.0,0.001219088,0.006808001
mattern_cov1,64,101,0.25000000000000355,0.25000000000000355,0.0,0.001314424,0.006007675
mattern_cov1,64,102,0.25000000000000355,0.25000000000000355,0.0,0.001088334,0.005914614
mattern_cov1,64,103,0.25000000000000355,0.25000000000000355,0.0,0.001124354,0.006640421
mattern_cov1,64,104,0.25000000000000355,0.25000000000000355,0.0,0.001176539,0.006567912
mattern_cov1,64,105,0.25000000000000355,0.25000000000000355,0.0,0.001192275,0.006581943
mattern_cov1,64,106,0.25000000000000355,0.25000000000000355,0.0,0.001259551,0.006618449
mattern_cov1,64,107,0.25000000000000355,0.25000000000000355,0.0,0.001285505,0.006907699
mattern_cov1,64,108,0.25000000000000355,0.25000000000000355,0.0,0.001109515,0.006780724
mattern_cov1,64,109,0.25000000000000355,0.25000000000000355,0.0,0.001280031,0.006545692
mattern_cov1,64,110,0.25000000000000355,0.25000000000000355,0.0,0.001098779,0.006122701
mattern_cov1,64,111,0.25000000000000355,0.25000000000000355,0.0,0.001126127,0.006625295
mattern_cov1,64,112,0.25000000000000355,0.25000000000000355,0.0,0.001174942,0.006549989
mattern_cov1,64,113,0.25000000000000355,0.25000000000000355,0.0,0.001199397,0.006683367
mattern_cov1,64,114,0.25000000000000355,0.25000000000000355,0.0,0.001247018,0.006561305
mattern_cov1,64,115,0.25000000000000355,0.25000000000000355,0.0,0.001325092,0.005768569
mattern_cov1,64,116,0.25000000000000355,0.25000000000000355,0.0,0.001155674,0.006275375
mattern_cov1,64,117,0.25000000000000355,0.25000000000000355,0.0,0.001131117,0.006387305
mattern_cov1,64,118,0.25000000000000355,0.25000000000000355,0.0,0.001142333,0.005943597
mattern_cov1,64,119,0.25000000000000355,0.25000000000000355,0.0,0.001131625,0.006976508
mattern_cov1,64,120,0.25000000000000355,0.25000000000000355,0.0,0.001275004,0.006593049
mattern_cov1,64,121,0.25000000000000355,0.25000000000000355,0.0,0.001118968,0.005976832
mattern_cov1,64,122,0.25000000000000355,0.25000000000000355,0.0,0.001251042,0.006218066
mattern_cov1,64,123,0.25000000000000355,0.25000000000000355,0.0,0.001133436,0.005813997
mattern_cov1,64,124,0.25000000000000355,0.25000000000000355,0.0,0.001186859,0.006782442
mattern_cov1,64,125,0.25000000000000355,0.25000000000000355,0.0,0.001110216,0.006658995
mattern_cov1,64,126,0.25000000000000355,0.25000000000000355,0.0,0.001134675,0.006734957
mattern_cov1,64,127,0.25000000000000355,0.25000000000000355,0.0,0.001119062,0.006869178
mattern_cov1,64,128,0.25000000000000355,0.25000000000000355,0.0,0.001138688,0.006194314
mattern_cov1,64,129,0.25000000000000355,0.25000000000000355,0.0,0.00119897,0.006533238
mattern_cov1,64,130,0.25000000000000355,0.25000000000000355,0.0,0.001153951,0.006709475
mattern_cov1,64,131,0.25000000000000355,0.25000000000000355,0.0,0.001234237,0.006468794
mattern_cov1,64,132,0.25000000000000355,0.25000000000000355,0.0,0.001129278,0.006147492
mattern_cov1,64,133,0.25000000000000355,0.25000000000000355,0.0,0.001130514,0.006342173
mattern_cov1,64,134,0.25000000000000355,0.25000000000000355,0.0,0.001150465,0.005933646
mattern_cov1,64,135,0.25000000000000355,0.25000000000000355,0.0,0.001141556,0.006738
mattern_cov1,64,136,0.25000000000000355,0.25000000000000355,0.0,0.001410285,0.006598466
mattern_cov1,64,137,0.25000000000000355,0.25000000000000355,0.0,0.001194893,0.006519112
mattern_cov1,64,138,0.25000000000000355,0.25000000000000355,0.0,0.001220172,0.006761954
mattern_cov1,64,139,0.25000000000000355,0.25000000000000355,0.0,0.001179001,0.006071012
mattern_cov1,64,140,0.25000000000000355,0.25000000000000355,0.0,0.00108936,0.006197145
mattern_cov1,64,141,0.25000000000000355,0.25000000000000355,0.0,0.001125085,0.006200813
mattern_cov1,64,142,0.25000000000000355,0.25000000000000355,0.0,0.001201003,0.005960323
mattern_cov1,64,143,0.25000000000000355,0.25000000000000355,0.0,0.001126915,0.00685902
mattern_cov1,64,144,0.25000000000000355,0.25000000000000355,0.0,0.001232042,0.005462193
mattern_cov1,64,145,0.25000000000000355,0.25000000000000355,0.0,0.001217872,0.006380534
mattern_cov1,64,146,0.25000000000000355,0.25000000000000355,0.0,0.001099047,0.006790991
mattern_cov1,64,147,0.25000000000000355,0.25000000000000355,0.0,0.001134797,0.005901679
mattern_cov1,64,148,0.25000000000000355,0.25000000000000355,0.0,0.001129435,0.006619967
mattern_cov1,64,149,0.25000000000000355,0.25000000000000355,0.0,0.00129271,0.00611811
mattern_cov1,64,150,0.25000000000000355,0.25000000000000355,0.0,0.001176755,0.006185411
mattern_cov1,64,151,0.25000000000000355,0.25000000000000355,0.0,0.001127643,0.006138667
mattern_cov1,64,152,0.25000000000000355,0.25000000000000355,0.0,0.001183446,0.006034369
mattern_cov1,64,153,0.25000000000000355,0.25000000000000355,0.0,0.001146471,0.006804868
mattern_cov1,64,154,0.25000000000000355,0.25000000000000355,0.0,0.001340998,0.006272021
mattern_cov1,64,155,0.25000000000000355,0.25000000000000355,0.0,0.001123505,0.006305495
mattern_cov1,64,156,0.25000000000000355,0.25000000000000355,0.0,0.001142039,0.006710202
mattern_cov1,64,157,0.25000000000000355,0.25000000000000355,0.0,0.001124414,0.006202689
mattern_cov1,64,158,0.25000000000000355,0.25000000000000355,0.0,0.001140197,0.00667045
mattern_cov1,64,159,0.25000000000000355,0.25000000000000355,0.0,0.001179565,0.006563154
mattern_cov1,64,160,0.25000000000000355,0.25000000000000355,0.0,0.001121931,0.006530703
mattern_cov1,64,161,0.25000000000000355,0.25000000000000355,0.0,0.00123017,0.006577883
mattern_cov1,64,162,0.25000000000000355,0.25000000000000355,0.0,0.001268273,0.006703778
mattern_cov1,64,163,0.25000000000000355,0.25000000000000355,0.0,0.001172094,0.006878334
mattern_cov1,64,164,0.25000000000000355,0.25000000000000355,0.0,0.001145141,0.006632332
mattern_cov1,64,165,0.25000000000000355,0.25000000000000355,0.0,0.001288821,0.006689998
mattern_cov1,64,166,0.25000000000000355,0.25000000000000355,0.0,0.001198143,0.006751397
mattern_cov1,64,167,0.25000000000000355,0.25000000000000355,0.0,0.001123393,0.006619586
mattern_cov1,64,168,0.25000000000000355,0.25000000000000355,0.0,0.001154708,0.006585664
mattern_cov1,64,169,0.25000000000000355,0.25000000000000355,0.0,0.001122568,0.006657449
mattern_cov1,64,170,0.25000000000000355,0.25000000000000355,0.0,0.001214511,0.006575691
mattern_cov1,64,171,0.25000000000000355,0.25000000000000355,0.0,0.001224587,0.006902938
mattern_cov1,64,172,0.25000000000000355,0.25000000000000355,0.0,0.001126717,0.006741111
mattern_cov1,64,173,0.25000000000000355,0.25000000000000355,0.0,0.001276825,0.006658605
mattern_cov1,64,174,0.25000000000000355,0.25000000000000355,0.0,0.001176966,0.006754968
mattern_cov1,64,175,0.25000000000000355,0.25000000000000355,0.0,0.001133534,0.006586154
mattern_cov1,64,176,0.25000000000000355,0.25000000000000355,0.0,0.001168919,0.006670926
mattern_cov1,64,177,0.25000000000000355,0.25000000000000355,0.0,0.001130148,0.00660688
mattern_cov1,64,178,0.25000000000000355,0.25000000000000355,0.0,0.001241416,0.00684348
mattern_cov1,64,179,0.25000000000000355,0.25000000000000355,0.0,0.001303806,0.00672201
mattern_cov1,64,180,0.25000000000000355,0.25000000000000355,0.0,0.001211309,0.006630912
mattern_cov1,64,181,0.25000000000000355,0.25000000000000355,0.0,0.001132102,0.005347401
mattern_cov1,64,182,0.25000000000000355,0.25000000000000355,0.0,0.001143351,0.006641648
mattern_cov1,64,183,0.25000000000000355,0.25000000000000355,0.0,0.001119768,0.006606033
mattern_cov1,64,184,0.25000000000000355,0.25000000000000355,0.0,0.001388495,0.006745324
mattern_cov1,64,185,0.25000000000000355,0.25000000000000355,0.0,0.001095064,0.005987355
mattern_cov1,64,186,0.25000000000000355,0.25000000000000355,0.0,0.001099293,0.006791469
mattern_cov1,64,187,0.25000000000000355,0.25000000000000355,0.0,0.001081105,0.006023281
mattern_cov1,64,188,0.25000000000000355,0.25000000000000355,0.0,0.001171769,0.006666
mattern_cov1,64,189,0.25000000000000355,0.25000000000000355,0.0,0.001234538,0.006482146
mattern_cov1,64,190,0.25000000000000355,0.25000000000000355,0.0,0.001234566,0.0066891
mattern_cov1,64,191,0.25000000000000355,0.25000000000000355,0.0,0.001137222,0.007003549
mattern_cov1,64,192,0.25000000000000355,0.25000000000000355,0.0,0.001220243,0.006734409
mattern_cov1,64,193,0.25000000000000355,0.25000000000000355,0.0,0.001140341,0.006743796
mattern_cov1,64,194,0.25000000000000355,0.25000000000000355,0.0,0.001211732,0.006842197
mattern_cov1,64,195,0.25000000000000355,0.25000000000000355,0.0,0.001316385,0.00664649
mattern_cov1,64,196,0.25000000000000355,0.25000000000000355,0.0,0.001168678,0.006581483
mattern_cov1,64,197,0.25000000000000355,0.25000000000000355,0.0,0.001169632,0.005643832
mattern_cov1,64,198,0.25000000000000355,0.25000000000000355,0.0,0.001146811,0.006210671
mattern_cov1,64,199,0.25000000000000355,0.25000000000000355,0.0,0.00119432,0.006300789
mattern_cov1,64,200,0.25000000000000355,0.25000000000000355,0.0,0.001140479,0.006736457
mattern_cov1,64,201,0.25000000000000355,0.25000000000000355,0.0,0.001121634,0.00669816
mattern_cov1,64,202,0.25000000000000355,0.25000000000000355,0.0,0.00112135,0.006290289
mattern_cov1,64,203,0.25000000000000355,0.25000000000000355,0.0,0.001131825,0.006708893
mattern_cov1,64,204,0.25000000000000355,0.25000000000000355,0.0,0.001195932,0.005478156
mattern_cov1,64,205,0.25000000000000355,0.25000000000000355,0.0,0.001220898,0.00655665
mattern_cov1,64,206,0.25000000000000355,0.25000000000000355,0.0,0.001126915,0.006795894
mattern_cov1,64,207,0.25000000000000355,0.25000000000000355,0.0,0.001169087,0.006511092
mattern_cov1,64,208,0.25000000000000355,0.25000000000000355,0.0,0.001128952,0.006635212
mattern_cov1,64,209,0.25000000000000355,0.25000000000000355,0.0,0.001128471,0.006296192
mattern_cov1,64,210,0.25000000000000355,0.25000000000000355,0.0,0.001371232,0.006290955
mattern_cov1,64,211,0.25000000000000355,0.25000000000000355,0.0,0.001220134,0.005710452
mattern_cov1,64,212,0.25000000000000355,0.25000000000000355,0.0,0.001112984,0.006113223
mattern_cov1,64,213,0.25000000000000355,0.25000000000000355,0.0,0.001257371,0.005334127
mattern_cov1,64,214,0.25000000000000355,0.25000000000000355,0.0,0.001136683,0.006845116
mattern_cov1,64,215,0.25000000000000355,0.25000000000000355,0.0,0.001204487,0.005491472
mattern_cov1,64,216,0.25000000000000355,0.25000000000000355,0.0,0.001255362,0.005850225
mattern_cov1,64,217,0.25000000000000355,0.25000000000000355,0.0,0.00112724,0.006795722
mattern_cov1,64,218,0.25000000000000355,0.25000000000000355,0.0,0.001102768,0.005873979
mattern_cov1,64,219,0.25000000000000355,0.25000000000000355,0.0,0.00114576,0.006723992
mattern_cov1,64,220,0.25000000000000355,0.25000000000000355,0.0,0.001141939,0.006575455
mattern_cov1,64,221,0.25000000000000355,0.25000000000000355,0.0,0.001202839,0.006572376
mattern_cov1,64,222,0.25000000000000355,0.25000000000000355,0.0,0.001203175,0.006525368
mattern_cov1,64,223,0.25000000000000355,0.25000000000000355,0.0,0.001289785,0.006700296
mattern_cov1,64,224,0.25000000000000355,0.25000000000000355,0.0,0.001157566,0.006695798
mattern_cov1,64,225,0.25000000000000355,0.25000000000000355,0.0,0.001136859,0.006703113
mattern_cov1,64,226,0.25000000000000355,0.25000000000000355,0.0,0.001320197,0.006230405
mattern_cov1,64,227,0.25000000000000355,0.25000000000000355,0.0,0.001197751,0.005874621
mattern_cov1,64,228,0.25000000000000355,0.25000000000000355,0.0,0.00113194,0.006147941
mattern_cov1,64,229,0.25000000000000355,0.25000000000000355,0.0,0.001258955,0.005266533
mattern_cov1,64,230,0.25000000000000355,0.25000000000000355,0.0,0.00113787,0.00668258
mattern_cov1,64,231,0.25000000000000355,0.25000000000000355,0.0,0.001162737,0.006590702
mattern_cov1,64,232,0.25000000000000355,0.25000000000000355,0.0,0.001195321,0.00647532
mattern_cov1,64,233,0.25000000000000355,0.25000000000000355,0.0,0.001151525,0.006461446
mattern_cov1,64,234,0.25000000000000355,0.25000000000000355,0.0,0.001348564,0.0061333
mattern_cov1,64,235,0.25000000000000355,0.25000000000000355,0.0,0.001114576,0.005899506
mattern_cov1,64,236,0.25000000000000355,0.25000000000000355,0.0,0.001245963,0.006296496
mattern_cov1,64,237,0.25000000000000355,0.25000000000000355,0.0,0.001129638,0.005835268
mattern_cov1,64,238,0.25000000000000355,0.25000000000000355,0.0,0.001139437,0.006984229
mattern_cov1,64,239,0.25000000000000355,0.25000000000000355,0.0,0.001142969,0.006207256
mattern_cov1,64,240,0.25000000000000355,0.25000000000000355,0.0,0.001275963,0.006719297
mattern_cov1,64,241,0.25000000000000355,0.25000000000000355,0.0,0.001212105,0.00669846
mattern_cov1,64,242,0.25000000000000355,0.25000000000000355,0.0,0.00111938,0.006055838
mattern_cov1,64,243,0.25000000000000355,0.25000000000000355,0.0,0.001160312,0.006205651
mattern_cov1,64,244,0.25000000000000355,0.25000000000000355,0.0,0.001132221,0.00657884
mattern_cov1,64,245,0.25000000000000355,0.25000000000000355,0.0,0.001380735,0.006708096
mattern_cov1,64,246,0.25000000000000355,0.25000000000000355,0.0,0.001110637,0.005794717
mattern_cov1,64,247,0.25000000000000355,0.25000000000000355,0.0,0.001143694,0.006066213
mattern_cov1,64,248,0.25000000000000355,0.25000000000000355,0.0,0.001075019,0.006148178
mattern_cov1,64,249,0.25000000000000355,0.25000000000000355,0.0,0.001148981,0.006782931
mattern_cov1,64,250,0.25000000000000355,0.25000000000000355,0.0,0.001269495,0.006706632
mattern_cov1,64,251,0.25000000000000355,0.25000000000000355,0.0,0.001219987,0.006673993
mattern_cov1,64,252,0.25000000000000355,0.25000000000000355,0.0,0.00113706,0.006730894
mattern_cov1,64,253,0.25000000000000355,0.25000000000000355,0.0,0.001210085,0.006702856
mattern_cov1,64,254,0.25000000000000355,0.25000000000000355,0.0,0.001148205,0.006629783
mattern_cov1,64,255,0.25000000000000355,0.25000000000000355,0.0,0.001261002,0.006644552
mattern_cov1,64,256,0.25000000000000355,0.25000000000000355,0.0,0.001323978,0.00676232
mattern_cov1,64,257,0.25000000000000355,0.25000000000000355,0.0,0.001225426,0.006741952
mattern_cov1,64,258,0.25000000000000355,0.25000000000000355,0.0,0.001106723,0.006138879
mattern_cov1,64,259,0.25000000000000355,0.25000000000000355,0.0,0.001131971,0.005806411
mattern_cov1,64,260,0.25000000000000355,0.25000000000000355,0.0,0.001192036,0.006266592
mattern_cov1,64,261,0.25000000000000355,0.25000000000000355,0.0,0.001139575,0.006691505
mattern_cov1,64,262,0.25000000000000355,0.25000000000000355,0.0,0.00113587,0.006791818
mattern_cov1,64,263,0.25000000000000355,0.25000000000000355,0.0,0.001124692,0.006312099
mattern_cov1,64,264,0.25000000000000355,0.25000000000000355,0.0,0.001116904,0.006912753
mattern_cov1,64,265,0.25000000000000355,0.25000000000000355,0.0,0.001285154,0.006629644
mattern_cov1,64,266,0.25000000000000355,0.25000000000000355,0.0,0.00111746,0.005825652
mattern_cov1,64,267,0.25000000000000355,0.25000000000000355,0.0,0.001238613,0.006141201
mattern_cov1,64,268,0.25000000000000355,0.25000000000000355,0.0,0.001132718,0.006092185
mattern_cov1,64,269,0.25000000000000355,0.25000000000000355,0.0,0.001152031,0.006779314
mattern_cov1,64,270,0.25000000000000355,0.25000000000000355,0.0,0.001234001,0.006529732
mattern_cov1,64,271,0.25000000000000355,0.25000000000000355,0.0,0.001358493,0.005482677
mattern_cov1,64,272,0.25000000000000355,0.25000000000000355,0.0,0.001209086,0.006646764
mattern_cov1,64,273,0.25000000000000355,0.25000000000000355,0.0,0.001098332,0.005547233
mattern_cov1,64,274,0.25000000000000355,0.25000000000000355,0.0,0.001140972,0.006821997
mattern_cov1,64,275,0.25000000000000355,0.25000000000000355,0.0,0.00115484,0.006551286
mattern_cov1,64,276,0.25000000000000355,0.25000000000000355,0.0,0.00124969,0.006575119
mattern_cov1,64,277,0.25000000000000355,0.25000000000000355,0.0,0.001234426,0.006963137
mattern_cov1,64,278,0.25000000000000355,0.25000000000000355,0.0,0.001121245,0.006875389
mattern_cov1,64,279,0.25000000000000355,0.25000000000000355,0.0,0.001223653,0.006908114
mattern_cov1,64,280,0.25000000000000355,0.25000000000000355,0.0,0.001155413,0.006758856
mattern_cov1,64,281,0.25000000000000355,0.25000000000000355,0.0,0.001178035,0.006566065
mattern_cov1,64,282,0.25000000000000355,0.25000000000000355,0.0,0.001241053,0.006744695
mattern_cov1,64,283,0.25000000000000355,0.25000000000000355,0.0,0.001195823,0.006165747
mattern_cov1,64,284,0.25000000000000355,0.25000000000000355,0.0,0.00309457,0.006249137
mattern_cov1,64,285,0.25000000000000355,0.25000000000000355,0.0,0.00111448,0.006546481
mattern_cov1,64,286,0.25000000000000355,0.25000000000000355,0.0,0.001224899,0.006195417
mattern_cov1,64,287,0.25000000000000355,0.25000000000000355,0.0,0.001139047,0.006640927
mattern_cov1,64,288,0.25000000000000355,0.25000000000000355,0.0,0.001132454,0.006578902
mattern_cov1,64,289,0.25000000000000355,0.25000000000000355,0.0,0.001177778,0.006898229
mattern_cov1,64,290,0.25000000000000355,0.25000000000000355,0.0,0.001243481,0.006453735
mattern_cov1,64,291,0.25000000000000355,0.25000000000000355,0.0,0.001296706,0.005833707
mattern_cov1,64,292,0.25000000000000355,0.25000000000000355,0.0,0.001076333,0.005994841
mattern_cov1,64,293,0.25000000000000355,0.25000000000000355,0.0,0.00124464,0.006115357
mattern_cov1,64,294,0.25000000000000355,0.25000000000000355,0.0,0.001134728,0.006081955
mattern_cov1,64,295,0.25000000000000355,0.25000000000000355,0.0,0.001128919,0.00661957
mattern_cov1,64,296,0.25000000000000355,0.25000000000000355,0.0,0.001214256,0.006548192
mattern_cov1,64,297,0.25000000000000355,0.25000000000000355,0.0,0.001239409,0.00671428
mattern_cov1,64,298,0.25000000000000355,0.25000000000000355,0.0,0.001218909,0.00636024
mattern_cov1,64,299,0.25000000000000355,0.25000000000000355,0.0,0.001231774,0.006243411
mattern_cov1,64,300,0.25000000000000355,0.25000000000000355,0.0,0.001132985,0.006745032
mattern_cov1,64,301,0.25000000000000355,0.25000000000000355,0.0,0.001212828,0.006260372
mattern_cov1,64,302,0.25000000000000355,0.25000000000000355,0.0,0.001135344,0.006885698
mattern_cov1,64,303,0.25000000000000355,0.25000000000000355,0.0,0.001279131,0.005525789
mattern_cov1,64,304,0.25000000000000355,0.25000000000000355,0.0,0.001093833,0.005820513
mattern_cov1,64,305,0.25000000000000355,0.25000000000000355,0.0,0.001267314,0.00614141
mattern_cov1,64,306,0.25000000000000355,0.25000000000000355,0.0,0.001135126,0.006722734
mattern_cov1,64,307,0.25000000000000355,0.25000000000000355,0.0,0.001155918,0.006631647
mattern_cov1,64,308,0.25000000000000355,0.25000000000000355,0.0,0.001262957,0.006856484
mattern_cov1,64,309,0.25000000000000355,0.25000000000000355,0.0,0.001261467,0.00689905
mattern_cov1,64,310,0.25000000000000355,0.25000000000000355,0.0,0.001116904,0.00676427
mattern_cov1,64,311,0.25000000000000355,0.25000000000000355,0.0,0.001205981,0.006845875
mattern_cov1,64,312,0.25000000000000355,0.25000000000000355,0.0,0.001153403,0.006754063
mattern_cov1,64,313,0.25000000000000355,0.25000000000000355,0.0,0.001225213,0.006885314
mattern_cov1,64,314,0.25000000000000355,0.25000000000000355,0.0,0.001311963,0.005577241
mattern_cov1,64,315,0.25000000000000355,0.25000000000000355,0.0,0.001084098,0.006583594
mattern_cov1,64,316,0.25000000000000355,0.25000000000000355,0.0,0.001105545,0.006080712
mattern_cov1,64,317,0.25000000000000355,0.25000000000000355,0.0,0.001154117,0.006805582
mattern_cov1,64,318,0.25000000000000355,0.25000000000000355,0.0,0.001115568,0.006560921
mattern_cov1,64,319,0.25000000000000355,0.25000000000000355,0.0,0.001244945,0.006643192
mattern_cov1,64,320,0.25000000000000355,0.25000000000000355,0.0,0.001213296,0.006714489
mattern_cov1,64,321,0.25000000000000355,0.25000000000000355,0.0,0.001128604,0.006755376
mattern_cov1,64,322,0.25000000000000355,0.25000000000000355,0.0,0.001175716,0.006716819
mattern_cov1,64,323,0.25000000000000355,0.25000000000000355,0.0,0.001224529,0.005799296
mattern_cov1,64,324,0.25000000000000355,0.25000000000000355,0.0,0.001088954,0.005846472
mattern_cov1,64,325,0.25000000000000355,0.25000000000000355,0.0,0.001267264,0.006272492
mattern_cov1,64,326,0.25000000000000355,0.25000000000000355,0.0,0.001145581,0.006762196
mattern_cov1,64,327,0.25000000000000355,0.25000000000000355,0.0,0.001126165,0.006633285
mattern_cov1,64,328,0.25000000000000355,0.25000000000000355,0.0,0.00121768,0.006623077
mattern_cov1,64,329,0.25000000000000355,0.25000000000000355,0.0,0.001221529,0.006705912
mattern_cov1,64,330,0.25000000000000355,0.25000000000000355,0.0,0.0012008,0.006391309
mattern_cov1,64,331,0.25000000000000355,0.25000000000000355,0.0,0.001217997,0.006248105
mattern_cov1,64,332,0.25000000000000355,0.25000000000000355,0.0,0.001143592,0.00669711
mattern_cov1,64,333,0.25000000000000355,0.25000000000000355,0.0,0.00122411,0.00628195
mattern_cov1,64,334,0.25000000000000355,0.25000000000000355,0.0,0.001127529,0.006690583
mattern_cov1,64,335,0.25000000000000355,0.25000000000000355,0.0,0.001254424,0.006410533
mattern_cov1,64,336,0.25000000000000355,0.25000000000000355,0.0,0.00128744,0.006159488
mattern_cov1,64,337,0.25000000000000355,0.25000000000000355,0.0,0.001130834,0.006731963
mattern_cov1,64,338,0.25000000000000355,0.25000000000000355,0.0,0.0012353,0.006239464
mattern_cov1,64,339,0.25000000000000355,0.25000000000000355,0.0,0.001136649,0.006666448
mattern_cov1,64,340,0.25000000000000355,0.25000000000000355,0.0,0.001126876,0.00660364
mattern_cov1,64,341,0.25000000000000355,0.25000000000000355,0.0,0.001202468,0.006537416
mattern_cov1,64,342,0.25000000000000355,0.25000000000000355,0.0,0.001205174,0.006469123
mattern_cov1,64,343,0.25000000000000355,0.25000000000000355,0.0,0.001214125,0.006569275
mattern_cov1,64,344,0.25000000000000355,0.25000000000000355,0.0,0.001143134,0.006772368
mattern_cov1,64,345,0.25000000000000355,0.25000000000000355,0.0,0.001161449,0.006641746
mattern_cov1,64,346,0.25000000000000355,0.25000000000000355,0.0,0.001284527,0.006221776
mattern_cov1,64,347,0.25000000000000355,0.25000000000000355,0.0,0.001096361,0.006543114
mattern_cov1,64,348,0.25000000000000355,0.25000000000000355,0.0,0.00110807,0.005578046
mattern_cov1,64,349,0.25000000000000355,0.25000000000000355,0.0,0.001144636,0.006874746
mattern_cov1,64,350,0.25000000000000355,0.25000000000000355,0.0,0.001127109,0.0066365
mattern_cov1,64,351,0.25000000000000355,0.25000000000000355,0.0,0.001246125,0.006980869
mattern_cov1,64,352,0.25000000000000355,0.25000000000000355,0.0,0.001233097,0.006646953
mattern_cov1,64,353,0.25000000000000355,0.25000000000000355,0.0,0.001129757,0.006782312
mattern_cov1,64,354,0.25000000000000355,0.25000000000000355,0.0,0.001195073,0.006910184
mattern_cov1,64,355,0.25000000000000355,0.25000000000000355,0.0,0.001212687,0.005847619
mattern_cov1,64,356,0.25000000000000355,0.25000000000000355,0.0,0.001111813,0.006304606
mattern_cov1,64,357,0.25000000000000355,0.25000000000000355,0.0,0.001238614,0.006360375
mattern_cov1,64,358,0.25000000000000355,0.25000000000000355,0.0,0.001254961,0.006750023
mattern_cov1,64,359,0.25000000000000355,0.25000000000000355,0.0,0.001135248,0.006856064
mattern_cov1,64,360,0.25000000000000355,0.25000000000000355,0.0,0.001201497,0.006642405
mattern_cov1,64,361,0.25000000000000355,0.25000000000000355,0.0,0.001226058,0.006691422
mattern_cov1,64,362,0.25000000000000355,0.25000000000000355,0.0,0.001227457,0.006065406
mattern_cov1,64,363,0.25000000000000355,0.25000000000000355,0.0,0.001093809,0.006623266
mattern_cov1,64,364,0.25000000000000355,0.25000000000000355,0.0,0.001131822,0.006706841
mattern_cov1,64,365,0.25000000000000355,0.25000000000000355,0.0,0.001224099,0.0064011
mattern_cov1,64,366,0.25000000000000355,0.25000000000000355,0.0,0.001138448,0.006930931
mattern_cov1,64,367,0.25000000000000355,0.25000000000000355,0.0,0.001283146,0.005763984
mattern_cov1,64,368,0.25000000000000355,0.25000000000000355,0.0,0.001135897,0.006156372
mattern_cov1,64,369,0.25000000000000355,0.25000000000000355,0.0,0.001233819,0.006325616
mattern_cov1,64,370,0.25000000000000355,0.25000000000000355,0.0,0.001275075,0.006766256
mattern_cov1,64,371,0.25000000000000355,0.25000000000000355,0.0,0.001138101,0.006816812
mattern_cov1,64,372,0.25000000000000355,0.25000000000000355,0.0,0.00120756,0.006861015
mattern_cov1,64,373,0.25000000000000355,0.25000000000000355,0.0,0.001234101,0.006866155
mattern_cov1,64,374,0.25000000000000355,0.25000000000000355,0.0,0.001135414,0.006736615
mattern_cov1,64,375,0.25000000000000355,0.25000000000000355,0.0,0.00120621,0.006740585
mattern_cov1,64,376,0.25000000000000355,0.25000000000000355,0.0,0.001125192,0.006741577
mattern_cov1,64,377,0.25000000000000355,0.25000000000000355,0.0,0.00121085,0.006528853
mattern_cov1,64,378,0.25000000000000355,0.25000000000000355,0.0,0.001238501,0.006702155
mattern_cov1,64,379,0.25000000000000355,0.25000000000000355,0.0,0.001188043,0.006062869
mattern_cov1,64,380,0.25000000000000355,0.25000000000000355,0.0,0.001125768,0.006681059
mattern_cov1,64,381,0.25000000000000355,0.25000000000000355,0.0,0.001144946,0.006715754
mattern_cov1,64,382,0.25000000000000355,0.25000000000000355,0.0,0.001213361,0.006282617
mattern_cov1,64,383,0.25000000000000355,0.25000000000000355,0.0,0.001125923,0.006671779
mattern_cov1,64,384,0.25000000000000355,0.25000000000000355,0.0,0.001144238,0.006555985
mattern_cov1,64,385,0.25000000000000355,0.25000000000000355,0.0,0.00121548,0.006508247
mattern_cov1,64,386,0.25000000000000355,0.25000000000000355,0.0,0.001245656,0.006814089
mattern_cov1,64,387,0.25000000000000355,0.25000000000000355,0.0,0.001322146,0.005622839
mattern_cov1,64,388,0.25000000000000355,0.25000000000000355,0.0,0.001121429,0.006217189
mattern_cov1,64,389,0.25000000000000355,0.25000000000000355,0.0,0.001190167,0.006294966
mattern_cov1,64,390,0.25000000000000355,0.25000000000000355,0.0,0.001270235,0.006878901
mattern_cov1,64,391,0.25000000000000355,0.25000000000000355,0.0,0.001128551,0.006544445
mattern_cov1,64,392,0.25000000000000355,0.25000000000000355,0.0,0.001236684,0.00654709
mattern_cov1,64,393,0.25000000000000355,0.25000000000000355,0.0,0.001198626,0.006798815
mattern_cov1,64,394,0.25000000000000355,0.25000000000000355,0.0,0.001236492,0.006017058
mattern_cov1,64,395,0.25000000000000355,0.25000000000000355,0.0,0.001130125,0.006167914
mattern_cov1,64,396,0.25000000000000355,0.25000000000000355,0.0,0.001219483,0.006278722
mattern_cov1,64,397,0.25000000000000355,0.25000000000000355,0.0,0.00123382,0.006727377
mattern_cov1,64,398,0.25000000000000355,0.25000000000000355,0.0,0.001138115,0.006832323
mattern_cov1,64,399,0.25000000000000355,0.25000000000000355,0.0,0.001368082,0.006151836
mattern_cov1,64,400,0.25000000000000355,0.25000000000000355,0.0,0.001097452,0.006395782
mattern_cov1,64,401,0.25000000000000355,0.25000000000000355,0.0,0.001169705,0.006436884
mattern_cov1,64,402,0.25000000000000355,0.25000000000000355,0.0,0.001157414,0.006132935
mattern_cov1,64,403,0.25000000000000355,0.25000000000000355,0.0,0.001145297,0.006787712
mattern_cov1,64,404,0.25000000000000355,0.25000000000000355,0.0,0.00125439,0.00661843
mattern_cov1,64,405,0.25000000000000355,0.25000000000000355,0.0,0.001197369,0.006713451
mattern_cov1,64,406,0.25000000000000355,0.25000000000000355,0.0,0.001123837,0.006850397
mattern_cov1,64,407,0.25000000000000355,0.25000000000000355,0.0,0.001206861,0.006788938
mattern_cov1,64,408,0.25000000000000355,0.25000000000000355,0.0,0.001148623,0.006788325
mattern_cov1,64,409,0.25000000000000355,0.25000000000000355,0.0,0.001242968,0.006893116
mattern_cov1,64,410,0.25000000000000355,0.25000000000000355,0.0,0.001250217,0.006725339
mattern_cov1,64,411,0.25000000000000355,0.25000000000000355,0.0,0.001202701,0.006033286
mattern_cov1,64,412,0.25000000000000355,0.25000000000000355,0.0,0.001142738,0.006621821
mattern_cov1,64,413,0.25000000000000355,0.25000000000000355,0.0,0.001108948,0.006692211
mattern_cov1,64,414,0.25000000000000355,0.25000000000000355,0.0,0.001216083,0.006516728
mattern_cov1,64,415,0.25000000000000355,0.25000000000000355,0.0,0.001207221,0.006722336
mattern_cov1,64,416,0.25000000000000355,0.25000000000000355,0.0,0.001227161,0.006501851
mattern_cov1,64,417,0.25000000000000355,0.25000000000000355,0.0,0.00126171,0.00648329
mattern_cov1,64,418,0.25000000000000355,0.25000000000000355,0.0,0.001141838,0.006715032
mattern_cov1,64,419,0.25000000000000355,0.25000000000000355,0.0,0.001155459,0.006602812
mattern_cov1,64,420,0.25000000000000355,0.25000000000000355,0.0,0.001230164,0.005518758
mattern_cov1,64,421,0.25000000000000355,0.25000000000000355,0.0,0.00111792,0.006547782
mattern_cov1,64,422,0.25000000000000355,0.25000000000000355,0.0,0.00112942,0.00577223
mattern_cov1,64,423,0.25000000000000355,0.25000000000000355,0.0,0.001136413,0.006427209
mattern_cov1,64,424,0.25000000000000355,0.25000000000000355,0.0,0.001196951,0.006575395
mattern_cov1,64,425,0.25000000000000355,0.25000000000000355,0.0,0.001225794,0.006525342
mattern_cov1,64,426,0.25000000000000355,0.25000000000000355,0.0,0.001329666,0.006138013
mattern_cov1,64,427,0.25000000000000355,0.25000000000000355,0.0,0.001106941,0.006089881
mattern_cov1,64,428,0.25000000000000355,0.25000000000000355,0.0,0.001226922,0.006033983
mattern_cov1,64,429,0.25000000000000355,0.25000000000000355,0.0,0.001251885,0.006706458
mattern_cov1,64,430,0.25000000000000355,0.25000000000000355,0.0,0.001126297,0.006800671
mattern_cov1,64,431,0.25000000000000355,0.25000000000000355,0.0,0.001259264,0.006892045
mattern_cov1,64,432,0.25000000000000355,0.25000000000000355,0.0,0.001274422,0.00554736
mattern_cov1,64,433,0.25000000000000355,0.25000000000000355,0.0,0.001141108,0.006691453
mattern_cov1,64,434,0.25000000000000355,0.25000000000000355,0.0,0.001128163,0.005769385
mattern_cov1,64,435,0.25000000000000355,0.25000000000000355,0.0,0.00112396,0.005513434
mattern_cov1,64,436,0.25000000000000355,0.25000000000000355,0.0,0.001129569,0.006712269
mattern_cov1,64,437,0.25000000000000355,0.25000000000000355,0.0,0.001140545,0.006605764
mattern_cov1,64,438,0.25000000000000355,0.25000000000000355,0.0,0.001211066,0.006487752
mattern_cov1,64,439,0.25000000000000355,0.25000000000000355,0.0,0.001226072,0.006615712
mattern_cov1,64,440,0.25000000000000355,0.25000000000000355,0.0,0.001267648,0.00671081
mattern_cov1,64,441,0.25000000000000355,0.25000000000000355,0.0,0.001140404,0.00678858
mattern_cov1,64,442,0.25000000000000355,0.25000000000000355,0.0,0.001148565,0.006666279
mattern_cov1,64,443,0.25000000000000355,0.25000000000000355,0.0,0.001263781,0.006219769
mattern_cov1,64,444,0.25000000000000355,0.25000000000000355,0.0,0.001097105,0.006831418
mattern_cov1,64,445,0.25000000000000355,0.25000000000000355,0.0,0.001093535,0.005547283
mattern_cov1,64,446,0.25000000000000355,0.25000000000000355,0.0,0.001128203,0.006814482
mattern_cov1,64,447,0.25000000000000355,0.25000000000000355,0.0,0.001153054,0.00667217
mattern_cov1,64,448,0.25000000000000355,0.25000000000000355,0.0,0.001251712,0.006599388
mattern_cov1,64,449,0.25000000000000355,0.25000000000000355,0.0,0.001237751,0.006779727
mattern_cov1,64,450,0.25000000000000355,0.25000000000000355,0.0,0.001120666,0.006762108
mattern_cov1,64,451,0.25000000000000355,0.25000000000000355,0.0,0.001199159,0.006710195
mattern_cov1,64,452,0.25000000000000355,0.25000000000000355,0.0,0.001126212,0.006613407
mattern_cov1,64,453,0.25000000000000355,0.25000000000000355,0.0,0.001198807,0.005550912
mattern_cov1,64,454,0.25000000000000355,0.25000000000000355,0.0,0.001199595,0.006776169
mattern_cov1,64,455,0.25000000000000355,0.25000000000000355,0.0,0.001163888,0.005813851
mattern_cov1,64,456,0.25000000000000355,0.25000000000000355,0.0,0.001138538,0.005865907
mattern_cov1,64,457,0.25000000000000355,0.25000000000000355,0.0,0.001119935,0.006875903
mattern_cov1,64,458,0.25000000000000355,0.25000000000000355,0.0,0.001127254,0.006579653
mattern_cov1,64,459,0.25000000000000355,0.25000000000000355,0.0,0.001294711,0.005815808
mattern_cov1,64,460,0.25000000000000355,0.25000000000000355,0.0,0.001093283,0.006760232
mattern_cov1,64,461,0.25000000000000355,0.25000000000000355,0.0,0.001144129,0.005010474
mattern_cov1,64,462,0.25000000000000355,0.25000000000000355,0.0,0.001116117,0.00679467
mattern_cov1,64,463,0.25000000000000355,0.25000000000000355,0.0,0.001139413,0.00664612
mattern_cov1,64,464,0.25000000000000355,0.25000000000000355,0.0,0.001264164,0.006884158
mattern_cov1,64,465,0.25000000000000355,0.25000000000000355,0.0,0.001213852,0.005587753
mattern_cov1,64,466,0.25000000000000355,0.25000000000000355,0.0,0.001203217,0.006823068
mattern_cov1,64,467,0.25000000000000355,0.25000000000000355,0.0,0.001138487,0.005828178
mattern_cov1,64,468,0.25000000000000355,0.25000000000000355,0.0,0.001155163,0.005809927
mattern_cov1,64,469,0.25000000000000355,0.25000000000000355,0.0,0.001119815,0.006708871
mattern_cov1,64,470,0.25000000000000355,0.25000000000000355,0.0,0.001138978,0.00689812
mattern_cov1,64,471,0.25000000000000355,0.25000000000000355,0.0,0.001206451,0.006514723
mattern_cov1,64,472,0.25000000000000355,0.25000000000000355,0.0,0.00121734,0.006841809
mattern_cov1,64,473,0.25000000000000355,0.25000000000000355,0.0,0.001239173,0.006703107
mattern_cov1,64,474,0.25000000000000355,0.25000000000000355,0.0,0.001165528,0.006892403
mattern_cov1,64,475,0.25000000000000355,0.25000000000000355,0.0,0.001141254,0.00657948
mattern_cov1,64,476,0.25000000000000355,0.25000000000000355,0.0,0.00126308,0.005536109
mattern_cov1,64,477,0.25000000000000355,0.25000000000000355,0.0,0.001128217,0.006735392
mattern_cov1,64,478,0.25000000000000355,0.25000000000000355,0.0,0.001141722,0.005761898
mattern_cov1,64,479,0.25000000000000355,0.25000000000000355,0.0,0.001160918,0.005871864
mattern_cov1,64,480,0.25000000000000355,0.25000000000000355,0.0,0.001133688,0.006695999
mattern_cov1,64,481,0.25000000000000355,0.25000000000000355,0.0,0.001192922,0.006821502
mattern_cov1,64,482,0.25000000000000355,0.25000000000000355,0.0,0.001206469,0.006862175
mattern_cov1,64,483,0.25000000000000355,0.25000000000000355,0.0,0.001217512,0.006546154
mattern_cov1,64,484,0.25000000000000355,0.25000000000000355,0.0,0.001255734,0.006751635
mattern_cov1,64,485,0.25000000000000355,0.25000000000000355,0.0,0.0011234,0.006736535
mattern_cov1,64,486,0.25000000000000355,0.25000000000000355,0.0,0.00118844,0.005534189
mattern_cov1,64,487,0.25000000000000355,0.25000000000000355,0.0,0.00112668,0.006674819
mattern_cov1,64,488,0.25000000000000355,0.25000000000000355,0.0,0.001120041,0.006284382
mattern_cov1,64,489,0.25000000000000355,0.25000000000000355,0.0,0.001124632,0.006006099
mattern_cov1,64,490,0.25000000000000355,0.25000000000000355,0.0,0.001127707,0.007084759
mattern_cov1,64,491,0.25000000000000355,0.25000000000000355,0.0,0.001127503,0.006581376
mattern_cov1,64,492,0.25000000000000355,0.25000000000000355,0.0,0.001193993,0.006821258
mattern_cov1,64,493,0.25000000000000355,0.25000000000000355,0.0,0.001234995,0.005534984
mattern_cov1,64,494,0.25000000000000355,0.25000000000000355,0.0,0.001130749,0.006233107
mattern_cov1,64,495,0.25000000000000355,0.25000000000000355,0.0,0.001120485,0.005836203
mattern_cov1,64,496,0.25000000000000355,0.25000000000000355,0.0,0.001115394,0.005887502
mattern_cov1,64,497,0.25000000000000355,0.25000000000000355,0.0,0.001144153,0.006772861
mattern_cov1,64,498,0.25000000000000355,0.25000000000000355,0.0,0.001156792,0.006626683
mattern_cov1,64,499,0.25000000000000355,0.25000000000000355,0.0,0.001279011,0.005582826
mattern_cov1,64,500,0.25000000000000355,0.25000000000000355,0.0,0.001192824,0.006147188
mattern_cov1,64,501,0.25000000000000355,0.25000000000000355,0.0,0.001125877,0.005793322
mattern_cov1,64,502,0.25000000000000355,0.25000000000000355,0.0,0.001140363,0.005889076
mattern_cov1,64,503,0.25000000000000355,0.25000000000000355,0.0,0.001144027,0.006642817
mattern_cov1,64,504,0.25000000000000355,0.25000000000000355,0.0,0.001144638,0.006839428
mattern_cov1,64,505,0.25000000000000355,0.25000000000000355,0.0,0.00119278,0.00677163
mattern_cov1,64,506,0.25000000000000355,0.25000000000000355,0.0,0.001239599,0.006505556
mattern_cov1,64,507,0.25000000000000355,0.25000000000000355,0.0,0.001235261,0.006543311
mattern_cov1,64,508,0.25000000000000355,0.25000000000000355,0.0,0.001143529,0.006913549
mattern_cov1,64,509,0.25000000000000355,0.25000000000000355,0.0,0.001138457,0.006813764
mattern_cov1,64,510,0.25000000000000355,0.25000000000000355,0.0,0.001278698,0.006207639
mattern_cov1,64,511,0.25000000000000355,0.25000000000000355,0.0,0.001090879,0.006871987
mattern_cov1,64,512,0.25000000000000355,0.25000000000000355,0.0,0.001113285,0.005661445
mattern_cov1,64,513,0.25000000000000355,0.25000000000000355,0.0,0.001132838,0.006842308
mattern_cov1,64,514,0.25000000000000355,0.25000000000000355,0.0,0.001134137,0.006597608
mattern_cov1,64,515,0.25000000000000355,0.25000000000000355,0.0,0.001250664,0.006618049
mattern_cov1,64,516,0.25000000000000355,0.25000000000000355,0.0,0.001236321,0.006676006
mattern_cov1,64,517,0.25000000000000355,0.25000000000000355,0.0,0.001118245,0.006718764
mattern_cov1,64,518,0.25000000000000355,0.25000000000000355,0.0,0.001192612,0.006764129
mattern_cov1,64,519,0.25000000000000355,0.25000000000000355,0.0,0.001229781,0.006004289
mattern_cov1,64,520,0.25000000000000355,0.25000000000000355,0.0,0.001119148,0.006153681
mattern_cov1,64,521,0.25000000000000355,0.25000000000000355,0.0,0.001220575,0.006332392
mattern_cov1,64,522,0.25000000000000355,0.25000000000000355,0.0,0.001235374,0.006039237
mattern_cov1,64,523,0.25000000000000355,0.25000000000000355,0.0,0.001153277,0.006637359
mattern_cov1,64,524,0.25000000000000355,0.25000000000000355,0.0,0.001244607,0.006638367
mattern_cov1,64,525,0.25000000000000355,0.25000000000000355,0.0,0.001223702,0.006652297
mattern_cov1,64,526,0.25000000000000355,0.25000000000000355,0.0,0.001243317,0.005989582
mattern_cov1,64,527,0.25000000000000355,0.25000000000000355,0.0,0.001123759,0.00601893
mattern_cov1,64,528,0.25000000000000355,0.25000000000000355,0.0,0.001235218,0.006290494
mattern_cov1,64,529,0.25000000000000355,0.25000000000000355,0.0,0.001232527,0.006040806
mattern_cov1,64,530,0.25000000000000355,0.25000000000000355,0.0,0.001165397,0.006704373
mattern_cov1,64,531,0.25000000000000355,0.25000000000000355,0.0,0.001232696,0.006794816
mattern_cov1,64,532,0.25000000000000355,0.25000000000000355,0.0,0.00122957,0.005555563
mattern_cov1,64,533,0.25000000000000355,0.25000000000000355,0.0,0.001118047,0.00637053
mattern_cov1,64,534,0.25000000000000355,0.25000000000000355,0.0,0.001130198,0.00617784
mattern_cov1,64,535,0.25000000000000355,0.25000000000000355,0.0,0.00116799,0.005808872
mattern_cov1,64,536,0.25000000000000355,0.25000000000000355,0.0,0.00109829,0.006742834
mattern_cov1,64,537,0.25000000000000355,0.25000000000000355,0.0,0.001165011,0.006593855
mattern_cov1,64,538,0.25000000000000355,0.25000000000000355,0.0,0.001203333,0.006548156
mattern_cov1,64,539,0.25000000000000355,0.25000000000000355,0.0,0.001228727,0.006479503
mattern_cov1,64,540,0.25000000000000355,0.25000000000000355,0.0,0.00123814,0.006489612
mattern_cov1,64,541,0.25000000000000355,0.25000000000000355,0.0,0.001133936,0.006905715
mattern_cov1,64,542,0.25000000000000355,0.25000000000000355,0.0,0.001138063,0.006531712
mattern_cov1,64,543,0.25000000000000355,0.25000000000000355,0.0,0.001288536,0.006227659
mattern_cov1,64,544,0.25000000000000355,0.25000000000000355,0.0,0.001099125,0.006829664
mattern_cov1,64,545,0.25000000000000355,0.25000000000000355,0.0,0.001119903,0.005699353
mattern_cov1,64,546,0.25000000000000355,0.25000000000000355,0.0,0.001115666,0.00679592
mattern_cov1,64,547,0.25000000000000355,0.25000000000000355,0.0,0.001152413,0.006689439
mattern_cov1,64,548,0.25000000000000355,0.25000000000000355,0.0,0.001266434,0.006730803
mattern_cov1,64,549,0.25000000000000355,0.25000000000000355,0.0,0.001206587,0.006662045
mattern_cov1,64,550,0.25000000000000355,0.25000000000000355,0.0,0.001130698,0.006766518
mattern_cov1,64,551,0.25000000000000355,0.25000000000000355,0.0,0.001199984,0.006680559
mattern_cov1,64,552,0.25000000000000355,0.25000000000000355,0.0,0.001150315,0.006603109
mattern_cov1,64,553,0.25000000000000355,0.25000000000000355,0.0,0.001213641,0.005626701
mattern_cov1,64,554,0.25000000000000355,0.25000000000000355,0.0,0.001091135,0.006212739
mattern_cov1,64,555,0.25000000000000355,0.25000000000000355,0.0,0.001128483,0.006243191
mattern_cov1,64,556,0.25000000000000355,0.25000000000000355,0.0,0.001143221,0.005766805
mattern_cov1,64,557,0.25000000000000355,0.25000000000000355,0.0,0.001110907,0.006696179
mattern_cov1,64,558,0.25000000000000355,0.25000000000000355,0.0,0.001148427,0.006735754
mattern_cov1,64,559,0.25000000000000355,0.25000000000000355,0.0,0.001206967,0.006513734
mattern_cov1,64,560,0.25000000000000355,0.25000000000000355,0.0,0.001190824,0.005771779
mattern_cov1,64,561,0.25000000000000355,0.25000000000000355,0.0,0.001137716,0.006296557
mattern_cov1,64,562,0.25000000000000355,0.25000000000000355,0.0,0.001136378,0.006262937
mattern_cov1,64,563,0.25000000000000355,0.25000000000000355,0.0,0.001137217,0.006609559
mattern_cov1,64,564,0.25000000000000355,0.25000000000000355,0.0,0.001115211,0.006885412
mattern_cov1,64,565,0.25000000000000355,0.25000000000000355,0.0,0.001254426,0.005799003
mattern_cov1,64,566,0.25000000000000355,0.25000000000000355,0.0,0.0011037,0.006256026
mattern_cov1,64,567,0.25000000000000355,0.25000000000000355,0.0,0.001135543,0.006099288
mattern_cov1,64,568,0.25000000000000355,0.25000000000000355,0.0,0.001167427,0.006141869
mattern_cov1,64,569,0.25000000000000355,0.25000000000000355,0.0,0.001134505,0.00658171
mattern_cov1,64,570,0.25000000000000355,0.25000000000000355,0.0,0.001267746,0.006832532
mattern_cov1,64,571,0.25000000000000355,0.25000000000000355,0.0,0.001247943,0.006662202
mattern_cov1,64,572,0.25000000000000355,0.25000000000000355,0.0,0.001146692,0.006874446
mattern_cov1,64,573,0.25000000000000355,0.25000000000000355,0.0,0.001178522,0.006737342
mattern_cov1,64,574,0.25000000000000355,0.25000000000000355,0.0,0.001155288,0.006606187
mattern_cov1,64,575,0.25000000000000355,0.25000000000000355,0.0,0.001271251,0.006597508
mattern_cov1,64,576,0.25000000000000355,0.25000000000000355,0.0,0.001220466,0.00667768
mattern_cov1,64,577,0.25000000000000355,0.25000000000000355,0.0,0.001319594,0.006164633
mattern_cov1,64,578,0.25000000000000355,0.25000000000000355,0.0,0.001084951,0.006243741
mattern_cov1,64,579,0.25000000000000355,0.25000000000000355,0.0,0.001101936,0.006785096
mattern_cov1,64,580,0.25000000000000355,0.25000000000000355,0.0,0.001206354,0.005772135
mattern_cov1,64,581,0.25000000000000355,0.25000000000000355,0.0,0.001129338,0.006690703
mattern_cov1,64,582,0.25000000000000355,0.25000000000000355,0.0,0.001141705,0.006556175
mattern_cov1,64,583,0.25000000000000355,0.25000000000000355,0.0,0.001175065,0.006497809
mattern_cov1,64,584,0.25000000000000355,0.25000000000000355,0.0,0.00122851,0.00674321
mattern_cov1,64,585,0.25000000000000355,0.25000000000000355,0.0,0.001247591,0.006488582
mattern_cov1,64,586,0.25000000000000355,0.25000000000000355,0.0,0.00124233,0.00679707
mattern_cov1,64,587,0.25000000000000355,0.25000000000000355,0.0,0.001199601,0.00668837
mattern_cov1,64,588,0.25000000000000355,0.25000000000000355,0.0,0.001117901,0.00599941
mattern_cov1,64,589,0.25000000000000355,0.25000000000000355,0.0,0.001130872,0.006831738
mattern_cov1,64,590,0.25000000000000355,0.25000000000000355,0.0,0.001222816,0.006628055
mattern_cov1,64,591,0.25000000000000355,0.25000000000000355,0.0,0.001229163,0.006494365
mattern_cov1,64,592,0.25000000000000355,0.25000000000000355,0.0,0.00124634,0.006673996
mattern_cov1,64,593,0.25000000000000355,0.25000000000000355,0.0,0.001234226,0.00505455
mattern_cov1,64,594,0.25000000000000355,0.25000000000000355,0.0,0.001128551,0.005375485
mattern_cov1,64,595,0.25000000000000355,0.25000000000000355,0.0,0.001110638,0.006216399
mattern_cov1,64,596,0.25000000000000355,0.25000000000000355,0.0,0.001132781,0.006770777
mattern_cov1,64,597,0.25000000000000355,0.25000000000000355,0.0,0.001142917,0.006681031
mattern_cov1,64,598,0.25000000000000355,0.25000000000000355,0.0,0.001237658,0.006726186
mattern_cov1,64,599,0.25000000000000355,0.25000000000000355,0.0,0.001229416,0.006091994
mattern_cov1,64,600,0.25000000000000355,0.25000000000000355,0.0,0.001124757,0.005930977
mattern_cov1,64,601,0.25000000000000355,0.25000000000000355,0.0,0.001133762,0.005820478
mattern_cov1,64,602,0.25000000000000355,0.25000000000000355,0.0,0.001139468,0.005870477
mattern_cov1,64,603,0.25000000000000355,0.25000000000000355,0.0,0.001142489,0.006711899
mattern_cov1,64,604,0.25000000000000355,0.25000000000000355,0.0,0.001134421,0.006590461
mattern_cov1,64,605,0.25000000000000355,0.25000000000000355,0.0,0.00120575,0.006525128
mattern_cov1,64,606,0.25000000000000355,0.25000000000000355,0.0,0.001272938,0.006463175
mattern_cov1,64,607,0.25000000000000355,0.25000000000000355,0.0,0.001249653,0.006523468
mattern_cov1,64,608,0.25000000000000355,0.25000000000000355,0.0,0.001158602,0.006794963
mattern_cov1,64,609,0.25000000000000355,0.25000000000000355,0.0,0.001136003,0.006617947
mattern_cov1,64,610,0.25000000000000355,0.25000000000000355,0.0,0.001285933,0.006697682
mattern_cov1,64,611,0.25000000000000355,0.25000000000000355,0.0,0.001098763,0.006339598
mattern_cov1,64,612,0.25000000000000355,0.25000000000000355,0.0,0.001118067,0.006012691
mattern_cov1,64,613,0.25000000000000355,0.25000000000000355,0.0,0.001112304,0.005895357
mattern_cov1,64,614,0.25000000000000355,0.25000000000000355,0.0,0.001200907,0.006761012
mattern_cov1,64,615,0.25000000000000355,0.25000000000000355,0.0,0.001252299,0.006597782
mattern_cov1,64,616,0.25000000000000355,0.25000000000000355,0.0,0.00123369,0.00664471
mattern_cov1,64,617,0.25000000000000355,0.25000000000000355,0.0,0.001135402,0.006739296
mattern_cov1,64,618,0.25000000000000355,0.25000000000000355,0.0,0.00120046,0.006678834
mattern_cov1,64,619,0.25000000000000355,0.25000000000000355,0.0,0.001146868,0.006777032
mattern_cov1,64,620,0.25000000000000355,0.25000000000000355,0.0,0.001182709,0.005772093
mattern_cov1,64,621,0.25000000000000355,0.25000000000000355,0.0,0.00113568,0.005990405
mattern_cov1,64,622,0.25000000000000355,0.25000000000000355,0.0,0.001123811,0.005900823
mattern_cov1,64,623,0.25000000000000355,0.25000000000000355,0.0,0.001138037,0.005847315
mattern_cov1,64,624,0.25000000000000355,0.25000000000000355,0.0,0.001122726,0.006652065
mattern_cov1,64,625,0.25000000000000355,0.25000000000000355,0.0,0.001120375,0.006671521
mattern_cov1,64,626,0.25000000000000355,0.25000000000000355,0.0,0.001195382,0.006505972
mattern_cov1,64,627,0.25000000000000355,0.25000000000000355,0.0,0.001229406,0.00574314
mattern_cov1,64,628,0.25000000000000355,0.25000000000000355,0.0,0.001096969,0.00601094
mattern_cov1,64,629,0.25000000000000355,0.25000000000000355,0.0,0.001139007,0.005830838
mattern_cov1,64,630,0.25000000000000355,0.25000000000000355,0.0,0.001145177,0.005853313
mattern_cov1,64,631,0.25000000000000355,0.25000000000000355,0.0,0.001120227,0.006730056
mattern_cov1,64,632,0.25000000000000355,0.25000000000000355,0.0,0.001271474,0.006045334
mattern_cov1,64,633,0.25000000000000355,0.25000000000000355,0.0,0.001091629,0.00645678
mattern_cov1,64,634,0.25000000000000355,0.25000000000000355,0.0,0.001083255,0.006276703
mattern_cov1,64,635,0.25000000000000355,0.25000000000000355,0.0,0.001095621,0.006486352
mattern_cov1,64,636,0.25000000000000355,0.25000000000000355,0.0,0.001178127,0.006614102
mattern_cov1,64,637,0.25000000000000355,0.25000000000000355,0.0,0.001215868,0.006718292
mattern_cov1,64,638,0.25000000000000355,0.25000000000000355,0.0,0.001209107,0.006648094
mattern_cov1,64,639,0.25000000000000355,0.25000000000000355,0.0,0.001177363,0.006860492
mattern_cov1,64,640,0.25000000000000355,0.25000000000000355,0.0,0.00121576,0.006770508
mattern_cov1,64,641,0.25000000000000355,0.25000000000000355,0.0,0.001179354,0.006681726
mattern_cov1,64,642,0.25000000000000355,0.25000000000000355,0.0,0.001231851,0.00680908
mattern_cov1,64,643,0.25000000000000355,0.25000000000000355,0.0,0.001232294,0.006685252
mattern_cov1,64,644,0.25000000000000355,0.25000000000000355,0.0,0.001200504,0.005520498
mattern_cov1,64,645,0.25000000000000355,0.25000000000000355,0.0,0.001126861,0.006096102
mattern_cov1,64,646,0.25000000000000355,0.25000000000000355,0.0,0.001105036,0.00622343
mattern_cov1,64,647,0.25000000000000355,0.25000000000000355,0.0,0.001234535,0.005811742
mattern_cov1,64,648,0.25000000000000355,0.25000000000000355,0.0,0.0011213,0.006649614
mattern_cov1,64,649,0.25000000000000355,0.25000000000000355,0.0,0.001153336,0.0065358
mattern_cov1,64,650,0.25000000000000355,0.25000000000000355,0.0,0.001180315,0.006736487
mattern_cov1,64,651,0.25000000000000355,0.25000000000000355,0.0,0.001220591,0.006749852
mattern_cov1,64,652,0.25000000000000355,0.25000000000000355,0.0,0.001249576,0.006896176
mattern_cov1,64,653,0.25000000000000355,0.25000000000000355,0.0,0.001238079,0.006704228
mattern_cov1,64,654,0.25000000000000355,0.25000000000000355,0.0,0.001080528,0.005963677
mattern_cov1,64,655,0.25000000000000355,0.25000000000000355,0.0,0.001077307,0.006082788
mattern_cov1,64,656,0.25000000000000355,0.25000000000000355,0.0,0.001121207,0.006485515
mattern_cov1,64,657,0.25000000000000355,0.25000000000000355,0.0,0.001234516,0.006773396
mattern_cov1,64,658,0.25000000000000355,0.25000000000000355,0.0,0.001266208,0.006805615
mattern_cov1,64,659,0.25000000000000355,0.25000000000000355,0.0,0.001229982,0.006885398
mattern_cov1,64,660,0.25000000000000355,0.25000000000000355,0.0,0.00123888,0.006768277
mattern_cov1,64,661,0.25000000000000355,0.25000000000000355,0.0,0.001090608,0.007027568
mattern_cov1,64,662,0.25000000000000355,0.25000000000000355,0.0,0.001206148,0.005838312
mattern_cov1,64,663,0.25000000000000355,0.25000000000000355,0.0,0.001114177,0.005967854
mattern_cov1,64,664,0.25000000000000355,0.25000000000000355,0.0,0.001217189,0.006314444
mattern_cov1,64,665,0.25000000000000355,0.25000000000000355,0.0,0.001151619,0.006674527
mattern_cov1,64,666,0.25000000000000355,0.25000000000000355,0.0,0.001334681,0.006579086
mattern_cov1,64,667,0.25000000000000355,0.25000000000000355,0.0,0.001104787,0.005953965
mattern_cov1,64,668,0.25000000000000355,0.25000000000000355,0.0,0.001215759,0.006079501
mattern_cov1,64,669,0.25000000000000355,0.25000000000000355,0.0,0.001135948,0.00627313
mattern_cov1,64,670,0.25000000000000355,0.25000000000000355,0.0,0.00120572,0.006652087
mattern_cov1,64,671,0.25000000000000355,0.25000000000000355,0.0,0.001246644,0.006574089
mattern_cov1,64,672,0.25000000000000355,0.25000000000000355,0.0,0.00122836,0.006758058
mattern_cov1,64,673,0.25000000000000355,0.25000000000000355,0.0,0.001140917,0.006834674
mattern_cov1,64,674,0.25000000000000355,0.25000000000000355,0.0,0.001180354,0.006716799
mattern_cov1,64,675,0.25000000000000355,0.25000000000000355,0.0,0.001153138,0.006635334
mattern_cov1,64,676,0.25000000000000355,0.25000000000000355,0.0,0.001264194,0.006573736
mattern_cov1,64,677,0.25000000000000355,0.25000000000000355,0.0,0.001236625,0.006691639
mattern_cov1,64,678,0.25000000000000355,0.25000000000000355,0.0,0.001185932,0.005594337
mattern_cov1,64,679,0.25000000000000355,0.25000000000000355,0.0,0.001113127,0.006031779
mattern_cov1,64,680,0.25000000000000355,0.25000000000000355,0.0,0.001105195,0.006227545
mattern_cov1,64,681,0.25000000000000355,0.25000000000000355,0.0,0.00122451,0.005554492
mattern_cov1,64,682,0.25000000000000355,0.25000000000000355,0.0,0.0011216,0.006912745
mattern_cov1,64,683,0.25000000000000355,0.25000000000000355,0.0,0.0011383,0.006646113
mattern_cov1,64,684,0.25000000000000355,0.25000000000000355,0.0,0.001198315,0.006854375
mattern_cov1,64,685,0.25000000000000355,0.25000000000000355,0.0,0.001240624,0.006846346
mattern_cov1,64,686,0.25000000000000355,0.25000000000000355,0.0,0.001216291,0.006518407
mattern_cov1,64,687,0.25000000000000355,0.25000000000000355,0.0,0.001209933,0.00693975
mattern_cov1,64,688,0.25000000000000355,0.25000000000000355,0.0,0.001079429,0.005962711
mattern_cov1,64,689,0.25000000000000355,0.25000000000000355,0.0,0.001212957,0.006128283
mattern_cov1,64,690,0.25000000000000355,0.25000000000000355,0.0,0.001121676,0.005883224
mattern_cov1,64,691,0.25000000000000355,0.25000000000000355,0.0,0.001229987,0.00656321
mattern_cov1,64,692,0.25000000000000355,0.25000000000000355,0.0,0.001226785,0.006565757
mattern_cov1,64,693,0.25000000000000355,0.25000000000000355,0.0,0.001224726,0.006902786
mattern_cov1,64,694,0.25000000000000355,0.25000000000000355,0.0,0.001133544,0.006699235
mattern_cov1,64,695,0.25000000000000355,0.25000000000000355,0.0,0.001201321,0.005610356
mattern_cov1,64,696,0.25000000000000355,0.25000000000000355,0.0,0.001146757,0.006013029
mattern_cov1,64,697,0.25000000000000355,0.25000000000000355,0.0,0.001143226,0.00573302
mattern_cov1,64,698,0.25000000000000355,0.25000000000000355,0.0,0.001120251,0.006625618
mattern_cov1,64,699,0.25000000000000355,0.25000000000000355,0.0,0.001103761,0.006713227
mattern_cov1,64,700,0.25000000000000355,0.25000000000000355,0.0,0.00125755,0.005615572
mattern_cov1,64,701,0.25000000000000355,0.25000000000000355,0.0,0.001091948,0.006594717
mattern_cov1,64,702,0.25000000000000355,0.25000000000000355,0.0,0.001105556,0.006059455
mattern_cov1,64,703,0.25000000000000355,0.25000000000000355,0.0,0.001140245,0.006176963
mattern_cov1,64,704,0.25000000000000355,0.25000000000000355,0.0,0.001131068,0.006552301
mattern_cov1,64,705,0.25000000000000355,0.25000000000000355,0.0,0.00123212,0.006792979
mattern_cov1,64,706,0.25000000000000355,0.25000000000000355,0.0,0.00124941,0.006668345
mattern_cov1,64,707,0.25000000000000355,0.25000000000000355,0.0,0.001161847,0.006767152
mattern_cov1,64,708,0.25000000000000355,0.25000000000000355,0.0,0.001230697,0.006735224
mattern_cov1,64,709,0.25000000000000355,0.25000000000000355,0.0,0.001146472,0.006789284
mattern_cov1,64,710,0.25000000000000355,0.25000000000000355,0.0,0.00124216,0.00658815
mattern_cov1,64,711,0.25000000000000355,0.25000000000000355,0.0,0.001307389,0.006168636
mattern_cov1,64,712,0.25000000000000355,0.25000000000000355,0.0,0.001096488,0.005960538
mattern_cov1,64,713,0.25000000000000355,0.25000000000000355,0.0,0.001221444,0.006187369
mattern_cov1,64,714,0.25000000000000355,0.25000000000000355,0.0,0.001129918,0.006909069
mattern_cov1,64,715,0.25000000000000355,0.25000000000000355,0.0,0.001138062,0.006604782
mattern_cov1,64,716,0.25000000000000355,0.25000000000000355,0.0,0.001250839,0.006682712
mattern_cov1,64,717,0.25000000000000355,0.25000000000000355,0.0,0.001228513,0.006652876
mattern_cov1,64,718,0.25000000000000355,0.25000000000000355,0.0,0.001127463,0.006737326
mattern_cov1,64,719,0.25000000000000355,0.25000000000000355,0.0,0.001196939,0.006701221
mattern_cov1,64,720,0.25000000000000355,0.25000000000000355,0.0,0.001133443,0.006555647
mattern_cov1,64,721,0.25000000000000355,0.25000000000000355,0.0,0.00136487,0.00657098
mattern_cov1,64,722,0.25000000000000355,0.25000000000000355,0.0,0.001080009,0.005927837
mattern_cov1,64,723,0.25000000000000355,0.25000000000000355,0.0,0.001191782,0.00604978
mattern_cov1,64,724,0.25000000000000355,0.25000000000000355,0.0,0.001118977,0.006892823
mattern_cov1,64,725,0.25000000000000355,0.25000000000000355,0.0,0.00113611,0.006568204
mattern_cov1,64,726,0.25000000000000355,0.25000000000000355,0.0,0.001255763,0.006838803
mattern_cov1,64,727,0.25000000000000355,0.25000000000000355,0.0,0.001230934,0.006660982
mattern_cov1,64,728,0.25000000000000355,0.25000000000000355,0.0,0.001223802,0.005867444
mattern_cov1,64,729,0.25000000000000355,0.25000000000000355,0.0,0.001083721,0.00660864
mattern_cov1,64,730,0.25000000000000355,0.25000000000000355,0.0,0.001114743,0.006303885
mattern_cov1,64,731,0.25000000000000355,0.25000000000000355,0.0,0.001171325,0.006152499
mattern_cov1,64,732,0.25000000000000355,0.25000000000000355,0.0,0.00113045,0.006609558
mattern_cov1,64,733,0.25000000000000355,0.25000000000000355,0.0,0.001217336,0.006596672
mattern_cov1,64,734,0.25000000000000355,0.25000000000000355,0.0,0.001351818,0.006081169
mattern_cov1,64,735,0.25000000000000355,0.25000000000000355,0.0,0.001116303,0.006027064
mattern_cov1,64,736,0.25000000000000355,0.25000000000000355,0.0,0.001204476,0.005918156
mattern_cov1,64,737,0.25000000000000355,0.25000000000000355,0.0,0.001133187,0.006878408
mattern_cov1,64,738,0.25000000000000355,0.25000000000000355,0.0,0.001155173,0.00665642
mattern_cov1,64,739,0.25000000000000355,0.25000000000000355,0.0,0.001271979,0.006564563
mattern_cov1,64,740,0.25000000000000355,0.25000000000000355,0.0,0.001239237,0.006872083
mattern_cov1,64,741,0.25000000000000355,0.25000000000000355,0.0,0.001137242,0.006792567
mattern_cov1,64,742,0.25000000000000355,0.25000000000000355,0.0,0.00119111,0.00667145
mattern_cov1,64,743,0.25000000000000355,0.25000000000000355,0.0,0.001176333,0.006866542
mattern_cov1,64,744,0.25000000000000355,0.25000000000000355,0.0,0.001242666,0.006600125
mattern_cov1,64,745,0.25000000000000355,0.25000000000000355,0.0,0.001326395,0.00614485
mattern_cov1,64,746,0.25000000000000355,0.25000000000000355,0.0,0.001088739,0.005944431
mattern_cov1,64,747,0.25000000000000355,0.25000000000000355,0.0,0.001207475,0.00593178
mattern_cov1,64,748,0.25000000000000355,0.25000000000000355,0.0,0.001151235,0.00694222
mattern_cov1,64,749,0.25000000000000355,0.25000000000000355,0.0,0.001164631,0.006641608
mattern_cov1,64,750,0.25000000000000355,0.25000000000000355,0.0,0.001253604,0.006895955
mattern_cov1,64,751,0.25000000000000355,0.25000000000000355,0.0,0.001254418,0.006654988
mattern_cov1,64,752,0.25000000000000355,0.25000000000000355,0.0,0.001136419,0.006774125
mattern_cov1,64,753,0.25000000000000355,0.25000000000000355,0.0,0.001206509,0.006687191
mattern_cov1,64,754,0.25000000000000355,0.25000000000000355,0.0,0.001122721,0.006587739
mattern_cov1,64,755,0.25000000000000355,0.25000000000000355,0.0,0.001290825,0.006573955
mattern_cov1,64,756,0.25000000000000355,0.25000000000000355,0.0,0.001099827,0.00627835
mattern_cov1,64,757,0.25000000000000355,0.25000000000000355,0.0,0.00121323,0.004649913
mattern_cov1,64,758,0.25000000000000355,0.25000000000000355,0.0,0.001131328,0.006409386
mattern_cov1,64,759,0.25000000000000355,0.25000000000000355,0.0,0.001151857,0.005740228
mattern_cov1,64,760,0.25000000000000355,0.25000000000000355,0.0,0.001134153,0.00665358
mattern_cov1,64,761,0.25000000000000355,0.25000000000000355,0.0,0.001116923,0.006644697
mattern_cov1,64,762,0.25000000000000355,0.25000000000000355,0.0,0.001134653,0.006250015
mattern_cov1,64,763,0.25000000000000355,0.25000000000000355,0.0,0.001195436,0.005640264
mattern_cov1,64,764,0.25000000000000355,0.25000000000000355,0.0,0.001326614,0.006198555
mattern_cov1,64,765,0.25000000000000355,0.25000000000000355,0.0,0.001138955,0.00575901
mattern_cov1,64,766,0.25000000000000355,0.25000000000000355,0.0,0.001134708,0.005822293
mattern_cov1,64,767,0.25000000000000355,0.25000000000000355,0.0,0.001141721,0.006665244
mattern_cov1,64,768,0.25000000000000355,0.25000000000000355,0.0,0.001263808,0.005568548
mattern_cov1,64,769,0.25000000000000355,0.25000000000000355,0.0,0.001094862,0.00675608
mattern_cov1,64,770,0.25000000000000355,0.25000000000000355,0.0,0.001128087,0.006264867
mattern_cov1,64,771,0.25000000000000355,0.25000000000000355,0.0,0.001166384,0.006154775
mattern_cov1,64,772,0.25000000000000355,0.25000000000000355,0.0,0.001117021,0.00681661
mattern_cov1,64,773,0.25000000000000355,0.25000000000000355,0.0,0.001248905,0.006591004
mattern_cov1,64,774,0.25000000000000355,0.25000000000000355,0.0,0.001192478,0.006883429
mattern_cov1,64,775,0.25000000000000355,0.25000000000000355,0.0,0.001126889,0.006765502
mattern_cov1,64,776,0.25000000000000355,0.25000000000000355,0.0,0.001189192,0.006702449
mattern_cov1,64,777,0.25000000000000355,0.25000000000000355,0.0,0.001166908,0.006779983
mattern_cov1,64,778,0.25000000000000355,0.25000000000000355,0.0,0.001242776,0.006562284
mattern_cov1,64,779,0.25000000000000355,0.25000000000000355,0.0,0.001244165,0.006685423
mattern_cov1,64,780,0.25000000000000355,0.25000000000000355,0.0,0.001182914,0.005762215
mattern_cov1,64,781,0.25000000000000355,0.25000000000000355,0.0,0.001098608,0.005604925
mattern_cov1,64,782,0.25000000000000355,0.25000000000000355,0.0,0.001115886,0.006296306
mattern_cov1,64,783,0.25000000000000355,0.25000000000000355,0.0,0.001254629,0.005524996
mattern_cov1,64,784,0.25000000000000355,0.25000000000000355,0.0,0.001122539,0.006666102
mattern_cov1,64,785,0.25000000000000355,0.25000000000000355,0.0,0.001132105,0.006582214
mattern_cov1,64,786,0.25000000000000355,0.25000000000000355,0.0,0.001183633,0.006482831
mattern_cov1,64,787,0.25000000000000355,0.25000000000000355,0.0,0.001257358,0.006539918
mattern_cov1,64,788,0.25000000000000355,0.25000000000000355,0.0,0.001340392,0.006543161
mattern_cov1,64,789,0.25000000000000355,0.25000000000000355,0.0,0.001174218,0.006935952
mattern_cov1,64,790,0.25000000000000355,0.25000000000000355,0.0,0.001108016,0.005978725
mattern_cov1,64,791,0.25000000000000355,0.25000000000000355,0.0,0.001203104,0.005601536
mattern_cov1,64,792,0.25000000000000355,0.25000000000000355,0.0,0.001111769,0.006902161
mattern_cov1,64,793,0.25000000000000355,0.25000000000000355,0.0,0.00112712,0.006659243
mattern_cov1,64,794,0.25000000000000355,0.25000000000000355,0.0,0.001213029,0.006562966
mattern_cov1,64,795,0.25000000000000355,0.25000000000000355,0.0,0.001230568,0.006660978
mattern_cov1,64,796,0.25000000000000355,0.25000000000000355,0.0,0.001126645,0.00677695
mattern_cov1,64,797,0.25000000000000355,0.25000000000000355,0.0,0.001193148,0.005803666
mattern_cov1,64,798,0.25000000000000355,0.25000000000000355,0.0,0.001098722,0.006148605
mattern_cov1,64,799,0.25000000000000355,0.25000000000000355,0.0,0.001135402,0.005298046
mattern_cov1,64,800,0.25000000000000355,0.25000000000000355,0.0,0.001166898,0.005754437
mattern_cov1,64,801,0.25000000000000355,0.25000000000000355,0.0,0.00111635,0.006726228
mattern_cov1,64,802,0.25000000000000355,0.25000000000000355,0.0,0.001125585,0.006611515
mattern_cov1,64,803,0.25000000000000355,0.25000000000000355,0.0,0.001247974,0.005608535
mattern_cov1,64,804,0.25000000000000355,0.25000000000000355,0.0,0.001134087,0.006329366
mattern_cov1,64,805,0.25000000000000355,0.25000000000000355,0.0,0.001125404,0.005350071
mattern_cov1,64,806,0.25000000000000355,0.25000000000000355,0.0,0.001190865,0.005869767
mattern_cov1,64,807,0.25000000000000355,0.25000000000000355,0.0,0.001134411,0.00668355
mattern_cov1,64,808,0.25000000000000355,0.25000000000000355,0.0,0.001140307,0.006509111
mattern_cov1,64,809,0.25000000000000355,0.25000000000000355,0.0,0.001176126,0.006740161
mattern_cov1,64,810,0.25000000000000355,0.25000000000000355,0.0,0.001192982,0.006503129
mattern_cov1,64,811,0.25000000000000355,0.25000000000000355,0.0,0.001227104,0.006579071
mattern_cov1,64,812,0.25000000000000355,0.25000000000000355,0.0,0.00112841,0.006861475
mattern_cov1,64,813,0.25000000000000355,0.25000000000000355,0.0,0.001139344,0.006759296
mattern_cov1,64,814,0.25000000000000355,0.25000000000000355,0.0,0.001241702,0.005396371
mattern_cov1,64,815,0.25000000000000355,0.25000000000000355,0.0,0.00111745,0.006328196
mattern_cov1,64,816,0.25000000000000355,0.25000000000000355,0.0,0.001145123,0.00532338
mattern_cov1,64,817,0.25000000000000355,0.25000000000000355,0.0,0.001188059,0.005737442
mattern_cov1,64,818,0.25000000000000355,0.25000000000000355,0.0,0.001120974,0.006710034
mattern_cov1,64,819,0.25000000000000355,0.25000000000000355,0.0,0.001134914,0.006652051
mattern_cov1,64,820,0.25000000000000355,0.25000000000000355,0.0,0.001201959,0.00650779
mattern_cov1,64,821,0.25000000000000355,0.25000000000000355,0.0,0.001202724,0.006452025
mattern_cov1,64,822,0.25000000000000355,0.25000000000000355,0.0,0.001216554,0.006477392
mattern_cov1,64,823,0.25000000000000355,0.25000000000000355,0.0,0.001119859,0.006748416
mattern_cov1,64,824,0.25000000000000355,0.25000000000000355,0.0,0.001170915,0.006116604
mattern_cov1,64,825,0.25000000000000355,0.25000000000000355,0.0,0.001219773,0.005511992
mattern_cov1,64,826,0.25000000000000355,0.25000000000000355,0.0,0.001098935,0.006264405
mattern_cov1,64,827,0.25000000000000355,0.25000000000000355,0.0,0.001239257,0.005540288
mattern_cov1,64,828,0.25000000000000355,0.25000000000000355,0.0,0.001126291,0.006712012
mattern_cov1,64,829,0.25000000000000355,0.25000000000000355,0.0,0.001152317,0.006567459
mattern_cov1,64,830,0.25000000000000355,0.25000000000000355,0.0,0.001198856,0.006448366
mattern_cov1,64,831,0.25000000000000355,0.25000000000000355,0.0,0.001240669,0.005367494
mattern_cov1,64,832,0.25000000000000355,0.25000000000000355,0.0,0.001090022,0.006298365
mattern_cov1,64,833,0.25000000000000355,0.25000000000000355,0.0,0.001115887,0.005761522
mattern_cov1,64,834,0.25000000000000355,0.25000000000000355,0.0,0.001151938,0.005463757
mattern_cov1,64,835,0.25000000000000355,0.25000000000000355,0.0,0.001120657,0.006671201
mattern_cov1,64,836,0.25000000000000355,0.25000000000000355,0.0,0.001269308,0.005891945
mattern_cov1,64,837,0.25000000000000355,0.25000000000000355,0.0,0.001136646,0.006292461
mattern_cov1,64,838,0.25000000000000355,0.25000000000000355,0.0,0.001118419,0.00622047
mattern_cov1,64,839,0.25000000000000355,0.25000000000000355,0.0,0.001144489,0.00592705
mattern_cov1,64,840,0.25000000000000355,0.25000000000000355,0.0,0.001152132,0.006703845
mattern_cov1,64,841,0.25000000000000355,0.25000000000000355,0.0,0.001225255,0.006572994
mattern_cov1,64,842,0.25000000000000355,0.25000000000000355,0.0,0.001228175,0.006807694
mattern_cov1,64,843,0.25000000000000355,0.25000000000000355,0.0,0.00112936,0.006825823
mattern_cov1,64,844,0.25000000000000355,0.25000000000000355,0.0,0.00124131,0.00679722
mattern_cov1,64,845,0.25000000000000355,0.25000000000000355,0.0,0.001155679,0.006815663
mattern_cov1,64,846,0.25000000000000355,0.25000000000000355,0.0,0.00125593,0.00654701
mattern_cov1,64,847,0.25000000000000355,0.25000000000000355,0.0,0.001287104,0.006201788
mattern_cov1,64,848,0.25000000000000355,0.25000000000000355,0.0,0.001103523,0.006569142
mattern_cov1,64,849,0.25000000000000355,0.25000000000000355,0.0,0.00111741,0.00601902
mattern_cov1,64,850,0.25000000000000355,0.25000000000000355,0.0,0.00113683,0.00568559
mattern_cov1,64,851,0.25000000000000355,0.25000000000000355,0.0,0.001095121,0.006658956
mattern_cov1,64,852,0.25000000000000355,0.25000000000000355,0.0,0.00124867,0.006573347
mattern_cov1,64,853,0.25000000000000355,0.25000000000000355,0.0,0.001226761,0.006666868
mattern_cov1,64,854,0.25000000000000355,0.25000000000000355,0.0,0.001120667,0.006778836
mattern_cov1,64,855,0.25000000000000355,0.25000000000000355,0.0,0.001173495,0.006858533
mattern_cov1,64,856,0.25000000000000355,0.25000000000000355,0.0,0.00116283,0.006579116
mattern_cov1,64,857,0.25000000000000355,0.25000000000000355,0.0,0.001234246,0.006594149
mattern_cov1,64,858,0.25000000000000355,0.25000000000000355,0.0,0.001186362,0.00563824
mattern_cov1,64,859,0.25000000000000355,0.25000000000000355,0.0,0.001117976,0.006278383
mattern_cov1,64,860,0.25000000000000355,0.25000000000000355,0.0,0.001119105,0.005630281
mattern_cov1,64,861,0.25000000000000355,0.25000000000000355,0.0,0.001178407,0.005479255
mattern_cov1,64,862,0.25000000000000355,0.25000000000000355,0.0,0.001126658,0.006671935
mattern_cov1,64,863,0.25000000000000355,0.25000000000000355,0.0,0.001155751,0.006620326
mattern_cov1,64,864,0.25000000000000355,0.25000000000000355,0.0,0.001329788,0.006709258
mattern_cov1,64,865,0.25000000000000355,0.25000000000000355,0.0,0.001111214,0.006018789
mattern_cov1,64,866,0.25000000000000355,0.25000000000000355,0.0,0.001201711,0.005914687
mattern_cov1,64,867,0.25000000000000355,0.25000000000000355,0.0,0.001139362,0.00689818
mattern_cov1,64,868,0.25000000000000355,0.25000000000000355,0.0,0.001125617,0.0066231
mattern_cov1,64,869,0.25000000000000355,0.25000000000000355,0.0,0.001320462,0.006912583
mattern_cov1,64,870,0.25000000000000355,0.25000000000000355,0.0,0.001266216,0.006659217
mattern_cov1,64,871,0.25000000000000355,0.25000000000000355,0.0,0.00113988,0.006715869
mattern_cov1,64,872,0.25000000000000355,0.25000000000000355,0.0,0.001215995,0.006709385
mattern_cov1,64,873,0.25000000000000355,0.25000000000000355,0.0,0.001150738,0.006843615
mattern_cov1,64,874,0.25000000000000355,0.25000000000000355,0.0,0.001267227,0.006586721
mattern_cov1,64,875,0.25000000000000355,0.25000000000000355,0.0,0.001238233,0.006912951
mattern_cov1,64,876,0.25000000000000355,0.25000000000000355,0.0,0.001190935,0.005503227
mattern_cov1,64,877,0.25000000000000355,0.25000000000000355,0.0,0.001099553,0.005606808
mattern_cov1,64,878,0.25000000000000355,0.25000000000000355,0.0,0.001104196,0.006016161
mattern_cov1,64,879,0.25000000000000355,0.25000000000000355,0.0,0.001128132,0.006101665
mattern_cov1,64,880,0.25000000000000355,0.25000000000000355,0.0,0.001144037,0.006705689
mattern_cov1,64,881,0.25000000000000355,0.25000000000000355,0.0,0.001153726,0.006560279
mattern_cov1,64,882,0.25000000000000355,0.25000000000000355,0.0,0.001198136,0.006560184
mattern_cov1,64,883,0.25000000000000355,0.25000000000000355,0.0,0.001248196,0.006531617
mattern_cov1,64,884,0.25000000000000355,0.25000000000000355,0.0,0.001220039,0.006631984
mattern_cov1,64,885,0.25000000000000355,0.25000000000000355,0.0,0.001221152,0.006297143
mattern_cov1,64,886,0.25000000000000355,0.25000000000000355,0.0,0.001102093,0.006023261
mattern_cov1,64,887,0.25000000000000355,0.25000000000000355,0.0,0.001120597,0.006005131
mattern_cov1,64,888,0.25000000000000355,0.25000000000000355,0.0,0.001111551,0.006923645
mattern_cov1,64,889,0.25000000000000355,0.25000000000000355,0.0,0.00113618,0.006702907
mattern_cov1,64,890,0.25000000000000355,0.25000000000000355,0.0,0.001241175,0.006586967
mattern_cov1,64,891,0.25000000000000355,0.25000000000000355,0.0,0.001231491,0.006697344
mattern_cov1,64,892,0.25000000000000355,0.25000000000000355,0.0,0.001126473,0.006843537
mattern_cov1,64,893,0.25000000000000355,0.25000000000000355,0.0,0.001245601,0.00545707
mattern_cov1,64,894,0.25000000000000355,0.25000000000000355,0.0,0.001095098,0.006143363
mattern_cov1,64,895,0.25000000000000355,0.25000000000000355,0.0,0.001137133,0.006105542
mattern_cov1,64,896,0.25000000000000355,0.25000000000000355,0.0,0.001185887,0.005532514
mattern_cov1,64,897,0.25000000000000355,0.25000000000000355,0.0,0.001129463,0.006862676
mattern_cov1,64,898,0.25000000000000355,0.25000000000000355,0.0,0.001137529,0.006570828
mattern_cov1,64,899,0.25000000000000355,0.25000000000000355,0.0,0.001222823,0.005446493
mattern_cov1,64,900,0.25000000000000355,0.25000000000000355,0.0,0.001102004,0.006166527
mattern_cov1,64,901,0.25000000000000355,0.25000000000000355,0.0,0.001115933,0.006159286
mattern_cov1,64,902,0.25000000000000355,0.25000000000000355,0.0,0.001189042,0.005600402
mattern_cov1,64,903,0.25000000000000355,0.25000000000000355,0.0,0.00112372,0.00666273
mattern_cov1,64,904,0.25000000000000355,0.25000000000000355,0.0,0.001148076,0.006627693
mattern_cov1,64,905,0.25000000000000355,0.25000000000000355,0.0,0.00121654,0.006486007
mattern_cov1,64,906,0.25000000000000355,0.25000000000000355,0.0,0.001230508,0.006477415
mattern_cov1,64,907,0.25000000000000355,0.25000000000000355,0.0,0.001260511,0.006503477
mattern_cov1,64,908,0.25000000000000355,0.25000000000000355,0.0,0.001137454,0.006712561
mattern_cov1,64,909,0.25000000000000355,0.25000000000000355,0.0,0.001144722,0.006616337
mattern_cov1,64,910,0.25000000000000355,0.25000000000000355,0.0,0.00124659,0.005479617
mattern_cov1,64,911,0.25000000000000355,0.25000000000000355,0.0,0.001117794,0.006138188
mattern_cov1,64,912,0.25000000000000355,0.25000000000000355,0.0,0.001139846,0.006757195
mattern_cov1,64,913,0.25000000000000355,0.25000000000000355,0.0,0.001201093,0.005650643
mattern_cov1,64,914,0.25000000000000355,0.25000000000000355,0.0,0.00114464,0.006689433
mattern_cov1,64,915,0.25000000000000355,0.25000000000000355,0.0,0.001145191,0.006608133
mattern_cov1,64,916,0.25000000000000355,0.25000000000000355,0.0,0.001202517,0.006543439
mattern_cov1,64,917,0.25000000000000355,0.25000000000000355,0.0,0.001246583,0.006443853
mattern_cov1,64,918,0.25000000000000355,0.25000000000000355,0.0,0.00126109,0.006513463
mattern_cov1,64,919,0.25000000000000355,0.25000000000000355,0.0,0.001127784,0.00694552
mattern_cov1,64,920,0.25000000000000355,0.25000000000000355,0.0,0.001173245,0.006691091
mattern_cov1,64,921,0.25000000000000355,0.25000000000000355,0.0,0.001155807,0.006074506
mattern_cov1,64,922,0.25000000000000355,0.25000000000000355,0.0,0.001152585,0.006045295
mattern_cov1,64,923,0.25000000000000355,0.25000000000000355,0.0,0.00123874,0.006018835
mattern_cov1,64,924,0.25000000000000355,0.25000000000000355,0.0,0.001127416,0.006712252
mattern_cov1,64,925,0.25000000000000355,0.25000000000000355,0.0,0.001141397,0.006605959
mattern_cov1,64,926,0.25000000000000355,0.25000000000000355,0.0,0.001207485,0.006854367
mattern_cov1,64,927,0.25000000000000355,0.25000000000000355,0.0,0.001343327,0.006418859
mattern_cov1,64,928,0.25000000000000355,0.25000000000000355,0.0,0.001242225,0.005987188
mattern_cov1,64,929,0.25000000000000355,0.25000000000000355,0.0,0.001132189,0.00550546
mattern_cov1,64,930,0.25000000000000355,0.25000000000000355,0.0,0.001138397,0.00691497
mattern_cov1,64,931,0.25000000000000355,0.25000000000000355,0.0,0.001163367,0.006527061
mattern_cov1,64,932,0.25000000000000355,0.25000000000000355,0.0,0.001244364,0.006935357
mattern_cov1,64,933,0.25000000000000355,0.25000000000000355,0.0,0.001244541,0.00557444
mattern_cov1,64,934,0.25000000000000355,0.25000000000000355,0.0,0.001115814,0.006035833
mattern_cov1,64,935,0.25000000000000355,0.25000000000000355,0.0,0.001140313,0.006104742
mattern_cov1,64,936,0.25000000000000355,0.25000000000000355,0.0,0.00119309,0.005496956
mattern_cov1,64,937,0.25000000000000355,0.25000000000000355,0.0,0.001143238,0.006859294
mattern_cov1,64,938,0.25000000000000355,0.25000000000000355,0.0,0.001134046,0.006601456
mattern_cov1,64,939,0.25000000000000355,0.25000000000000355,0.0,0.001198822,0.006758343
mattern_cov1,64,940,0.25000000000000355,0.25000000000000355,0.0,0.001237434,0.006447008
mattern_cov1,64,941,0.25000000000000355,0.25000000000000355,0.0,0.001269459,0.006494478
mattern_cov1,64,942,0.25000000000000355,0.25000000000000355,0.0,0.001158618,0.006636092
mattern_cov1,64,943,0.25000000000000355,0.25000000000000355,0.0,0.001164183,0.006677675
mattern_cov1,64,944,0.25000000000000355,0.25000000000000355,0.0,0.00127411,0.00671054
mattern_cov1,64,945,0.25000000000000355,0.25000000000000355,0.0,0.001197989,0.006232527
mattern_cov1,64,946,0.25000000000000355,0.25000000000000355,0.0,0.001094074,0.005664139
mattern_cov1,64,947,0.25000000000000355,0.25000000000000355,0.0,0.001124837,0.006889859
mattern_cov1,64,948,0.25000000000000355,0.25000000000000355,0.0,0.001140299,0.006618374
mattern_cov1,64,949,0.25000000000000355,0.25000000000000355,0.0,0.001223467,0.006526158
mattern_cov1,64,950,0.25000000000000355,0.25000000000000355,0.0,0.0012413,0.006702286
mattern_cov1,64,951,0.25000000000000355,0.25000000000000355,0.0,0.001142743,0.006747158
mattern_cov1,64,952,0.25000000000000355,0.25000000000000355,0.0,0.001236562,0.006890339
mattern_cov1,64,953,0.25000000000000355,0.25000000000000355,0.0,0.001146469,0.006542547
mattern_cov1,64,954,0.25000000000000355,0.25000000000000355,0.0,0.001250311,0.006549651
mattern_cov1,64,955,0.25000000000000355,0.25000000000000355,0.0,0.001203736,0.005574763
mattern_cov1,64,956,0.25000000000000355,0.25000000000000355,0.0,0.001109884,0.00603454
mattern_cov1,64,957,0.25000000000000355,0.25000000000000355,0.0,0.001147949,0.006177783
mattern_cov1,64,958,0.25000000000000355,0.25000000000000355,0.0,0.001185621,0.005466286
mattern_cov1,64,959,0.25000000000000355,0.25000000000000355,0.0,0.001096781,0.006796687
mattern_cov1,64,960,0.25000000000000355,0.25000000000000355,0.0,0.001153784,0.006921866
mattern_cov1,64,961,0.25000000000000355,0.25000000000000355,0.0,0.001202233,0.006570439
mattern_cov1,64,962,0.25000000000000355,0.25000000000000355,0.0,0.001228507,0.005485212
mattern_cov1,64,963,0.25000000000000355,0.25000000000000355,0.0,0.001113885,0.006060453
mattern_cov1,64,964,0.25000000000000355,0.25000000000000355,0.0,0.001144264,0.006121558
mattern_cov1,64,965,0.25000000000000355,0.25000000000000355,0.0,0.001128725,0.005510421
mattern_cov1,64,966,0.25000000000000355,0.25000000000000355,0.0,0.001131955,0.006759832
mattern_cov1,64,967,0.25000000000000355,0.25000000000000355,0.0,0.001263685,0.006131443
mattern_cov1,64,968,0.25000000000000355,0.25000000000000355,0.0,0.001192143,0.006565843
mattern_cov1,64,969,0.25000000000000355,0.25000000000000355,0.0,0.001112836,0.006216547
mattern_cov1,64,970,0.25000000000000355,0.25000000000000355,0.0,0.00128008,0.006720479
mattern_cov1,64,971,0.25000000000000355,0.25000000000000355,0.0,0.001154363,0.006740152
mattern_cov1,64,972,0.25000000000000355,0.25000000000000355,0.0,0.001260921,0.006494775
mattern_cov1,64,973,0.25000000000000355,0.25000000000000355,0.0,0.001246645,0.006645911
mattern_cov1,64,974,0.25000000000000355,0.25000000000000355,0.0,0.001116211,0.006741267
mattern_cov1,64,975,0.25000000000000355,0.25000000000000355,0.0,0.001196041,0.006649977
mattern_cov1,64,976,0.25000000000000355,0.25000000000000355,0.0,0.001159222,0.006631148
mattern_cov1,64,977,0.25000000000000355,0.25000000000000355,0.0,0.001252136,0.006877855
mattern_cov1,64,978,0.25000000000000355,0.25000000000000355,0.0,0.001248011,0.006743627
mattern_cov1,64,979,0.25000000000000355,0.25000000000000355,0.0,0.001190827,0.00590832
mattern_cov1,64,980,0.25000000000000355,0.25000000000000355,0.0,0.001160405,0.006042899
mattern_cov1,64,981,0.25000000000000355,0.25000000000000355,0.0,0.001130079,0.006032427
mattern_cov1,64,982,0.25000000000000355,0.25000000000000355,0.0,0.001252033,0.006056149
mattern_cov1,64,983,0.25000000000000355,0.25000000000000355,0.0,0.001153599,0.006743929
mattern_cov1,64,984,0.25000000000000355,0.25000000000000355,0.0,0.001136012,0.006625583
mattern_cov1,64,985,0.25000000000000355,0.25000000000000355,0.0,0.001220496,0.006459397
mattern_cov1,64,986,0.25000000000000355,0.25000000000000355,0.0,0.001248066,0.006414187
mattern_cov1,64,987,0.25000000000000355,0.25000000000000355,0.0,0.001214052,0.006574652
mattern_cov1,64,988,0.25000000000000355,0.25000000000000355,0.0,0.001130174,0.006809617
mattern_cov1,64,989,0.25000000000000355,0.25000000000000355,0.0,0.001220616,0.006093811
mattern_cov1,64,990,0.25000000000000355,0.25000000000000355,0.0,0.001183331,0.006553801
mattern_cov1,64,991,0.25000000000000355,0.25000000000000355,0.0,0.001127363,0.006138955
mattern_cov1,64,992,0.25000000000000355,0.25000000000000355,0.0,0.001260976,0.006680116
mattern_cov1,64,993,0.25000000000000355,0.25000000000000355,0.0,0.001139,0.006623676
mattern_cov1,64,994,0.25000000000000355,0.25000000000000355,0.0,0.001226036,0.006750885
mattern_cov1,64,995,0.25000000000000355,0.25000000000000355,0.0,0.001247483,0.006680727
mattern_cov1,64,996,0.25000000000000355,0.25000000000000355,0.0,0.001139034,0.006848434
mattern_cov1,64,997,0.25000000000000355,0.25000000000000355,0.0,0.001331145,0.005476885
mattern_cov1,64,998,0.25000000000000355,0.25000000000000355,0.0,0.001196681,0.006016739
mattern_cov1,64,999,0.25000000000000355,0.25000000000000355,0.0,0.001143262,0.005856356
mattern_cov1,64,1000,0.25000000000000355,0.25000000000000355,0.0,0.001219963,0.006443978
mattern_cov1,256,1,0.2500055213900448,0.2500055213900446,1.6653345369377348e-16,0.005968543,0.028388061
mattern_cov1,256,2,0.25000554774057643,0.2500055477405763,1.1102230246251565e-16,0.0057293,0.026409756
mattern_cov1,256,3,0.2500055651426249,0.2500055651426248,1.1102230246251565e-16,0.005640008,0.026166771
mattern_cov1,256,4,0.2500055264108318,0.2500055264108316,1.6653345369377348e-16,0.005685389,0.027452655
mattern_cov1,256,5,0.25000554155009874,0.2500055415500986,1.6653345369377348e-16,0.005942587,0.028302285
mattern_cov1,256,6,0.2500055987330319,0.2500055987330318,1.1102230246251565e-16,0.005673942,0.028941391
mattern_cov1,256,7,0.2500056048088986,0.25000560480889844,1.6653345369377348e-16,0.005987704,0.0270741
mattern_cov1,256,8,0.2500056096467404,0.2500056096467403,1.1102230246251565e-16,0.005755736,0.027618978
mattern_cov1,256,9,0.25000547573898757,0.25000547573898746,1.1102230246251565e-16,0.005667562,0.025629718
mattern_cov1,256,10,0.2500055180969986,0.2500055180969985,1.1102230246251565e-16,0.005575826,0.028322196
mattern_cov1,256,11,0.2500055629553901,0.25000556295539,1.1102230246251565e-16,0.005905037,0.02863039
mattern_cov1,256,12,0.25000549616826134,0.2500054961682612,1.6653345369377348e-16,0.005740791,0.026348851
mattern_cov1,256,13,0.25000560224808227,0.25000560224808216,1.1102230246251565e-16,0.00561958,0.026797999
mattern_cov1,256,14,0.2500055549746955,0.25000555497469534,1.6653345369377348e-16,0.005849009,0.026177727
mattern_cov1,256,15,0.25000557364775816,0.25000557364775794,2.220446049250313e-16,0.005719588,0.025637827
mattern_cov1,256,16,0.2500056121920843,0.25000561219208406,2.220446049250313e-16,0.005718659,0.02723012
mattern_cov1,256,17,0.250005537201578,0.25000553720157787,1.1102230246251565e-16,0.005829335,0.02620487
mattern_cov1,256,18,0.25000551301863927,0.25000551301863916,1.1102230246251565e-16,0.005780693,0.023478653
mattern_cov1,256,19,0.2500055379964277,0.2500055379964276,1.1102230246251565e-16,0.005660901,0.026277225
mattern_cov1,256,20,0.2500055353182635,0.2500055353182634,1.1102230246251565e-16,0.005929947,0.025703342
mattern_cov1,256,21,0.2500056041099183,0.25000560410991807,2.220446049250313e-16,0.00562015,0.028034439
mattern_cov1,256,22,0.2500055709938978,0.25000557099389764,1.6653345369377348e-16,0.005640513,0.026551125
mattern_cov1,256,23,0.2500055034568746,0.2500055034568744,2.220446049250313e-16,0.0056646,0.028592048
mattern_cov1,256,24,0.2500055412044686,0.25000554120446844,1.6653345369377348e-16,0.005690832,0.025461476
mattern_cov1,256,25,0.25000550566439045,0.25000550566439034,1.1102230246251565e-16,0.005649349,0.026559268
mattern_cov1,256,26,0.2500055276187035,0.25000552761870337,1.1102230246251565e-16,0.005720807,0.025672826
mattern_cov1,256,27,0.25000545569113003,0.25000545569112986,1.6653345369377348e-16,0.00564796,0.027730012
mattern_cov1,256,28,0.25000555761119575,0.25000555761119564,1.1102230246251565e-16,0.005640243,0.026887881
mattern_cov1,256,29,0.2500055158026095,0.25000551580260943,5.551115123125783e-17,0.005565332,0.029045147
mattern_cov1,256,30,0.25000552715956853,0.2500055271595684,1.1102230246251565e-16,0.005732984,0.025844847
mattern_cov1,256,31,0.25000554768664557,0.25000554768664535,2.220446049250313e-16,0.00565802,0.028302603
mattern_cov1,256,32,0.25000555919870887,0.2500055591987087,1.6653345369377348e-16,0.005719084,0.027628184
mattern_cov1,256,33,0.25000550242500635,0.2500055024250063,5.551115123125783e-17,0.005595466,0.026966427
mattern_cov1,256,34,0.25000550155728857,0.25000550155728846,1.1102230246251565e-16,0.005579442,0.028057018
mattern_cov1,256,35,0.25000560686133927,0.25000560686133916,1.1102230246251565e-16,0.0056788,0.028571796
mattern_cov1,256,36,0.2500054998170664,0.25000549981706627,1.1102230246251565e-16,0.005780034,0.02595328
mattern_cov1,256,37,0.2500055509983154,0.25000555099831523,1.6653345369377348e-16,0.005699065,0.026917287
mattern_cov1,256,38,0.25000545855313233,0.25000545855313216,1.6653345369377348e-16,0.005710878,0.026592294
mattern_cov1,256,39,0.25000558082804675,0.2500055808280465,2.220446049250313e-16,0.005630529,0.026077541
mattern_cov1,256,40,0.25000544716406087,0.25000544716406065,2.220446049250313e-16,0.00564571,0.028929017
mattern_cov1,256,41,0.2500055402587735,0.25000554025877336,1.1102230246251565e-16,0.005680735,0.02862851
mattern_cov1,256,42,0.25000561661611637,0.25000561661611626,1.1102230246251565e-16,0.005751699,0.028083734
mattern_cov1,256,43,0.25000553301372347,0.25000553301372325,2.220446049250313e-16,0.0056897,0.026814168
mattern_cov1,256,44,0.25000555982252476,0.2500055598225246,1.6653345369377348e-16,0.005741758,0.027418551
mattern_cov1,256,45,0.2500055542144547,0.25000555421445453,1.6653345369377348e-16,0.005652531,0.025201192
mattern_cov1,256,46,0.2500054744692313,0.25000547446923116,1.6653345369377348e-16,0.005651139,0.026947721
mattern_cov1,256,47,0.25000544968687083,0.2500054496868707,1.1102230246251565e-16,0.006039379,0.027919375
mattern_cov1,256,48,0.2500055022342303,0.2500055022342302,1.1102230246251565e-16,0.005702452,0.027051708
mattern_cov1,256,49,0.2500055050868489,0.25000550508684877,1.1102230246251565e-16,0.005923642,0.02700129
mattern_cov1,256,50,0.25000566555237524,0.2500056655523751,1.6653345369377348e-16,0.00574856,0.027449985
mattern_cov1,256,51,0.2500055809604883,0.2500055809604882,1.1102230246251565e-16,0.005669697,0.026736755
mattern_cov1,256,52,0.2500054416501422,0.250005441650142,2.220446049250313e-16,0.005671243,0.024652408
mattern_cov1,256,53,0.25000551176271296,0.25000551176271285,1.1102230246251565e-16,0.006017541,0.02742216
mattern_cov1,256,54,0.25000554145435966,0.25000554145435944,2.220446049250313e-16,0.0059594,0.027313031
mattern_cov1,256,55,0.25000546532129153,0.2500054653212914,1.1102230246251565e-16,0.005768047,0.026758053
mattern_cov1,256,56,0.25000543241333967,0.2500054324133395,1.6653345369377348e-16,0.006081553,0.027971674
mattern_cov1,256,57,0.250005554293331,0.2500055542933309,1.1102230246251565e-16,0.00584719,0.02640007
mattern_cov1,256,58,0.25000550967667096,0.25000550967667085,1.1102230246251565e-16,0.005662563,0.025755141
mattern_cov1,256,59,0.2500055731211234,0.2500055731211233,1.1102230246251565e-16,0.005730776,0.027174028
mattern_cov1,256,60,0.2500055739227394,0.25000557392273925,1.6653345369377348e-16,0.005702218,0.026445894
mattern_cov1,256,61,0.25000544179320766,0.2500054417932076,5.551115123125783e-17,0.005713963,0.027235554
mattern_cov1,256,62,0.25000548954309093,0.2500054895430908,1.1102230246251565e-16,0.005729865,0.026249308
mattern_cov1,256,63,0.2500055852665177,0.25000558526651756,1.6653345369377348e-16,0.005948375,0.024862692
mattern_cov1,256,64,0.25000550970117347,0.2500055097011733,1.6653345369377348e-16,0.005628033,0.027938811
mattern_cov1,256,65,0.25000550675161354,0.2500055067516133,2.220446049250313e-16,0.005721989,0.025697405
mattern_cov1,256,66,0.25000553239366713,0.25000553239366696,1.6653345369377348e-16,0.005681615,0.025842045
mattern_cov1,256,67,0.2500055414615721,0.250005541461572,1.1102230246251565e-16,0.006001373,0.027227515
mattern_cov1,256,68,0.25000548027508923,0.250005480275089,2.220446049250313e-16,0.00563549,0.02617565
mattern_cov1,256,69,0.25000561471765864,0.2500056147176586,5.551115123125783e-17,0.005836329,0.024701568
mattern_cov1,256,70,0.2500055598596508,0.25000555985965073,5.551115123125783e-17,0.005690265,0.029255901
mattern_cov1,256,71,0.2500055383505778,0.25000553835057765,1.6653345369377348e-16,0.005723559,0.025206198
mattern_cov1,256,72,0.250005512562327,0.2500055125623269,1.1102230246251565e-16,0.005618964,0.025867383
mattern_cov1,256,73,0.2500054997631506,0.2500054997631504,2.220446049250313e-16,0.015675626,0.032545657
mattern_cov1,256,74,0.2500054883495711,0.250005488349571,1.1102230246251565e-16,0.005883154,0.026688252
mattern_cov1,256,75,0.2500054475306421,0.2500054475306419,1.6653345369377348e-16,0.005830426,0.024539339
mattern_cov1,256,76,0.25000550933528215,0.25000550933528204,1.1102230246251565e-16,0.005573286,0.025078792
mattern_cov1,256,77,0.25000557403158663,0.2500055740315865,1.1102230246251565e-16,0.005813866,0.025720617
mattern_cov1,256,78,0.25000552872008036,0.2500055287200803,5.551115123125783e-17,0.005589129,0.025980941
mattern_cov1,256,79,0.25000552739557325,0.2500055273955731,1.6653345369377348e-16,0.005719367,0.026791837
mattern_cov1,256,80,0.25000549556835766,0.25000549556835755,1.1102230246251565e-16,0.005861649,0.025577374
mattern_cov1,256,81,0.2500055539461355,0.2500055539461354,1.1102230246251565e-16,0.005646873,0.027880899
mattern_cov1,256,82,0.25000547846272486,0.25000547846272464,2.220446049250313e-16,0.005693484,0.02905069
mattern_cov1,256,83,0.2500054923397926,0.2500054923397924,1.6653345369377348e-16,0.005728823,0.027602482
mattern_cov1,256,84,0.25000556813693164,0.2500055681369315,1.6653345369377348e-16,0.005666768,0.026708423
mattern_cov1,256,85,0.25000550662097104,0.25000550662097093,1.1102230246251565e-16,0.005764459,0.026019457
mattern_cov1,256,86,0.25000556172825095,0.25000556172825084,1.1102230246251565e-16,0.005618353,0.026374074
mattern_cov1,256,87,0.25000545590938655,0.25000545590938633,2.220446049250313e-16,0.005675754,0.025422955
mattern_cov1,256,88,0.250005560395599,0.2500055603955989,1.1102230246251565e-16,0.005967219,0.025094763
mattern_cov1,256,89,0.2500055014260228,0.2500055014260226,1.6653345369377348e-16,0.005678329,0.02490075
mattern_cov1,256,90,0.25000553211523985,0.25000553211523974,1.1102230246251565e-16,0.006012273,0.026665525
mattern_cov1,256,91,0.2500055680231434,0.2500055680231433,1.1102230246251565e-16,0.005744405,0.026209645
mattern_cov1,256,92,0.25000560440637387,0.2500056044063737,1.6653345369377348e-16,0.005700132,0.027907828
mattern_cov1,256,93,0.25000554547039483,0.25000554547039466,1.6653345369377348e-16,0.005717077,0.0262147
mattern_cov1,256,94,0.25000553282250787,0.25000553282250765,2.220446049250313e-16,0.005893471,0.025219816
mattern_cov1,256,95,0.25000555492689336,0.2500055549268932,1.6653345369377348e-16,0.005649227,0.026659508
mattern_cov1,256,96,0.2500054416758564,0.2500054416758563,1.1102230246251565e-16,0.005924401,0.027340918
mattern_cov1,256,97,0.2500054757292736,0.2500054757292734,2.220446049250313e-16,0.00583535,0.026092165
mattern_cov1,256,98,0.25000551077427186,0.25000551077427174,1.1102230246251565e-16,0.005739543,0.025870215
mattern_cov1,256,99,0.25000547995897165,0.25000547995897154,1.1102230246251565e-16,0.005673066,0.027253974
mattern_cov1,256,100,0.25000557106501603,0.250005571065016,5.551115123125783e-17,0.005734193,0.026203799
mattern_cov1,256,101,0.25000557105238264,0.2500055710523825,1.1102230246251565e-16,0.005692999,0.02653179
mattern_cov1,256,102,0.2500055395377383,0.2500055395377382,1.1102230246251565e-16,0.005796245,0.026115219
mattern_cov1,256,103,0.25000561218638945,0.2500056121863894,5.551115123125783e-17,0.005634898,0.023427372
mattern_cov1,256,104,0.2500055135745713,0.2500055135745712,1.1102230246251565e-16,0.005684814,0.026775593
mattern_cov1,256,105,0.25000554796788804,0.25000554796788793,1.1102230246251565e-16,0.005712286,0.028896476
mattern_cov1,256,106,0.25000555760109155,0.2500055576010915,5.551115123125783e-17,0.005794244,0.025841361
mattern_cov1,256,107,0.250005538095011,0.25000553809501086,1.6653345369377348e-16,0.005685025,0.026172858
mattern_cov1,256,108,0.25000551103416263,0.2500055110341625,1.1102230246251565e-16,0.005657255,0.027321924
mattern_cov1,256,109,0.2500055691228265,0.2500055691228263,2.220446049250313e-16,0.00586786,0.026255054
mattern_cov1,256,110,0.25000550026580853,0.25000550026580837,1.6653345369377348e-16,0.005617046,0.026135987
mattern_cov1,256,111,0.2500055090026669,0.25000550900266677,1.1102230246251565e-16,0.005725083,0.029059194
mattern_cov1,256,112,0.2500055125351594,0.2500055125351593,1.1102230246251565e-16,0.00572538,0.024278092
mattern_cov1,256,113,0.2500056484668546,0.2500056484668544,1.6653345369377348e-16,0.00567163,0.026918798
mattern_cov1,256,114,0.25000548352718227,0.25000548352718216,1.1102230246251565e-16,0.005903273,0.026964671
mattern_cov1,256,115,0.2500056863245704,0.25000568632457026,1.1102230246251565e-16,0.005703677,0.024183399
mattern_cov1,256,116,0.2500056205689208,0.2500056205689207,1.1102230246251565e-16,0.005631258,0.025913116
mattern_cov1,256,117,0.250005506239473,0.2500055062394729,1.1102230246251565e-16,0.006046705,0.026220973
mattern_cov1,256,118,0.250005531146068,0.2500055311460678,1.6653345369377348e-16,0.005679907,0.023522993
mattern_cov1,256,119,0.25000554436327627,0.2500055443632761,1.6653345369377348e-16,0.005700106,0.028981477
mattern_cov1,256,120,0.2500055776973676,0.2500055776973675,1.1102230246251565e-16,0.00571583,0.027379121
mattern_cov1,256,121,0.2500054627986558,0.2500054627986557,1.1102230246251565e-16,0.005608444,0.027009033
mattern_cov1,256,122,0.25000551419256883,0.25000551419256867,1.6653345369377348e-16,0.005829123,0.026136901
mattern_cov1,256,123,0.25000549453568277,0.25000549453568266,1.1102230246251565e-16,0.005887866,0.027044334
mattern_cov1,256,124,0.25000554624612337,0.2500055462461232,1.6653345369377348e-16,0.005767496,0.025567469
mattern_cov1,256,125,0.2500055118843595,0.2500055118843594,1.1102230246251565e-16,0.005745375,0.025464083
mattern_cov1,256,126,0.25000559074996626,0.25000559074996614,1.1102230246251565e-16,0.005590479,0.026745817
mattern_cov1,256,127,0.25000543467828135,0.25000543467828124,1.1102230246251565e-16,0.0059609,0.027465928
mattern_cov1,256,128,0.2500055500654729,0.2500055500654728,1.1102230246251565e-16,0.005655929,0.028546847
mattern_cov1,256,129,0.2500055317218689,0.25000553172186885,5.551115123125783e-17,0.00574629,0.027110092
mattern_cov1,256,130,0.25000555899691806,0.2500055589969179,1.6653345369377348e-16,0.00588835,0.024833561
mattern_cov1,256,131,0.2500055311016715,0.2500055311016714,1.1102230246251565e-16,0.006056681,0.026699074
mattern_cov1,256,132,0.2500055245039819,0.2500055245039817,1.6653345369377348e-16,0.00567174,0.026294204
mattern_cov1,256,133,0.25000554009181936,0.2500055400918192,1.6653345369377348e-16,0.005720761,0.026218794
mattern_cov1,256,134,0.2500055480083851,0.250005548008385,1.1102230246251565e-16,0.005662107,0.027017564
mattern_cov1,256,135,0.2500054699061414,0.2500054699061413,1.1102230246251565e-16,0.005696076,0.025618982
mattern_cov1,256,136,0.25000560387028037,0.25000560387028026,1.1102230246251565e-16,0.005626702,0.027065844
mattern_cov1,256,137,0.25000558527929145,0.25000558527929134,1.1102230246251565e-16,0.005710665,0.026691306
mattern_cov1,256,138,0.2500055256664667,0.25000552566646667,5.551115123125783e-17,0.005629308,0.02403618
mattern_cov1,256,139,0.25000545142726155,0.25000545142726144,1.1102230246251565e-16,0.005724104,0.024002647
mattern_cov1,256,140,0.2500054958793305,0.25000549587933035,1.6653345369377348e-16,0.005785024,0.027002229
mattern_cov1,256,141,0.2500054836662158,0.25000548366621556,2.220446049250313e-16,0.005827594,0.026570168
mattern_cov1,256,142,0.25000550345980116,0.2500055034598011,5.551115123125783e-17,0.005715928,0.027328696
mattern_cov1,256,143,0.2500054602526937,0.25000546025269355,1.6653345369377348e-16,0.005664302,0.024746592
mattern_cov1,256,144,0.25000553123319436,0.2500055312331942,1.6653345369377348e-16,0.005691417,0.026926572
mattern_cov1,256,145,0.25000560826033175,0.25000560826033164,1.1102230246251565e-16,0.005642518,0.024597645
mattern_cov1,256,146,0.25000557413302543,0.2500055741330253,1.1102230246251565e-16,0.005843522,0.027155131
mattern_cov1,256,147,0.2500056338177318,0.2500056338177317,5.551115123125783e-17,0.005711269,0.025148691
mattern_cov1,256,148,0.2500054981649365,0.2500054981649364,1.1102230246251565e-16,0.005825774,0.027498143
mattern_cov1,256,149,0.25000554278191733,0.2500055427819172,1.1102230246251565e-16,0.005686819,0.025697358
mattern_cov1,256,150,0.25000548894431723,0.2500054889443171,1.1102230246251565e-16,0.005694539,0.026090282
mattern_cov1,256,151,0.250005555154029,0.2500055551540289,1.1102230246251565e-16,0.005674795,0.022889716
mattern_cov1,256,152,0.2500055698388329,0.25000556983883276,1.1102230246251565e-16,0.005738577,0.023975999
mattern_cov1,256,153,0.25000554555890675,0.2500055455589066,1.6653345369377348e-16,0.005775508,0.026397394
mattern_cov1,256,154,0.25000553371325845,0.25000553371325834,1.1102230246251565e-16,0.006043788,0.024382327
mattern_cov1,256,155,0.250005581014005,0.25000558101400483,1.6653345369377348e-16,0.005654602,0.027027056
mattern_cov1,256,156,0.2500055102517445,0.25000551025174433,1.6653345369377348e-16,0.005609756,0.026348674
mattern_cov1,256,157,0.25000546094753356,0.25000546094753345,1.1102230246251565e-16,0.005714904,0.027472518
mattern_cov1,256,158,0.25000557295541764,0.2500055729554175,1.6653345369377348e-16,0.006003375,0.025863233
mattern_cov1,256,159,0.2500055150976313,0.2500055150976312,1.1102230246251565e-16,0.005634191,0.026935835
mattern_cov1,256,160,0.2500055014887301,0.25000550148872996,1.1102230246251565e-16,0.005961756,0.026471011
mattern_cov1,256,161,0.2500054564334326,0.2500054564334324,1.6653345369377348e-16,0.005645283,0.026061402
mattern_cov1,256,162,0.2500054968323141,0.25000549683231393,1.6653345369377348e-16,0.005724762,0.026549084
mattern_cov1,256,163,0.2500055422648216,0.2500055422648214,1.6653345369377348e-16,0.005815399,0.026290897
mattern_cov1,256,164,0.25000554982475465,0.2500055498247545,1.6653345369377348e-16,0.00566184,0.026173929
mattern_cov1,256,165,0.25000544679340214,0.250005446793402,1.6653345369377348e-16,0.005649054,0.024359238
mattern_cov1,256,166,0.25000549834451996,0.25000549834451985,1.1102230246251565e-16,0.006061409,0.026420797
mattern_cov1,256,167,0.25000556275251323,0.25000556275251307,1.6653345369377348e-16,0.005642538,0.024634368
mattern_cov1,256,168,0.2500055211137169,0.2500055211137167,1.6653345369377348e-16,0.005644269,0.027213131
mattern_cov1,256,169,0.2500056600839689,0.2500056600839688,1.1102230246251565e-16,0.005803756,0.025276494
mattern_cov1,256,170,0.2500054415364074,0.2500054415364073,1.1102230246251565e-16,0.005712052,0.026192053
mattern_cov1,256,171,0.25000548194500427,0.2500054819450041,1.6653345369377348e-16,0.005612781,0.02237986
mattern_cov1,256,172,0.25000550279239275,0.25000550279239264,1.1102230246251565e-16,0.006028553,0.025616398
mattern_cov1,256,173,0.25000551929270437,0.25000551929270426,1.1102230246251565e-16,0.005642189,0.025665461
mattern_cov1,256,174,0.25000557803435736,0.25000557803435725,1.1102230246251565e-16,0.005658811,0.026763199
mattern_cov1,256,175,0.25000549980754655,0.25000549980754644,1.1102230246251565e-16,0.005704943,0.02530699
mattern_cov1,256,176,0.25000549937732774,0.2500054993773277,5.551115123125783e-17,0.005673175,0.025756152
mattern_cov1,256,177,0.250005544571725,0.2500055445717249,1.1102230246251565e-16,0.005797324,0.025568879
mattern_cov1,256,178,0.25000556683045977,0.2500055668304596,1.6653345369377348e-16,0.005618359,0.025910634
mattern_cov1,256,179,0.25000554316739837,0.2500055431673982,1.6653345369377348e-16,0.005643006,0.024423637
mattern_cov1,256,180,0.2500054931944427,0.25000549319444254,1.6653345369377348e-16,0.005757084,0.027488566
mattern_cov1,256,181,0.2500055408379757,0.2500055408379755,2.220446049250313e-16,0.005713867,0.025312551
mattern_cov1,256,182,0.25000545214291797,0.25000545214291786,1.1102230246251565e-16,0.005726964,0.025416524
mattern_cov1,256,183,0.25000550928505133,0.25000550928505116,1.6653345369377348e-16,0.005983877,0.026549692
mattern_cov1,256,184,0.2500054734369946,0.2500054734369945,1.1102230246251565e-16,0.005624569,0.026301087
mattern_cov1,256,185,0.25000557307338694,0.2500055730733868,1.6653345369377348e-16,0.005699678,0.025268037
mattern_cov1,256,186,0.2500054778117364,0.25000547781173615,2.220446049250313e-16,0.005692534,0.027459639
mattern_cov1,256,187,0.2500056019840071,0.25000560198400695,1.6653345369377348e-16,0.005756121,0.027238009
mattern_cov1,256,188,0.25000560451070586,0.2500056045107057,1.6653345369377348e-16,0.005706395,0.026497161
mattern_cov1,256,189,0.25000553814458937,0.2500055381445892,1.6653345369377348e-16,0.005814684,0.026989591
mattern_cov1,256,190,0.250005511892927,0.25000551189292686,1.6653345369377348e-16,0.005638772,0.026838218
mattern_cov1,256,191,0.2500055052590802,0.2500055052590801,1.1102230246251565e-16,0.005894664,0.025807087
mattern_cov1,256,192,0.25000559055927163,0.25000559055927146,1.6653345369377348e-16,0.00580506,0.024921133
mattern_cov1,256,193,0.25000553311930473,0.2500055331193046,1.1102230246251565e-16,0.005712788,0.026285188
mattern_cov1,256,194,0.25000552214284283,0.2500055221428427,1.1102230246251565e-16,0.005643885,0.02530485
mattern_cov1,256,195,0.2500054918913671,0.25000549189136695,1.6653345369377348e-16,0.006967096,0.027278023
mattern_cov1,256,196,0.25000562096452084,0.25000562096452067,1.6653345369377348e-16,0.006016235,0.026584416
mattern_cov1,256,197,0.2500054483693482,0.25000544836934807,1.1102230246251565e-16,0.005701616,0.026972505
mattern_cov1,256,198,0.2500055717962125,0.25000557179621236,1.6653345369377348e-16,0.005958379,0.027679667
mattern_cov1,256,199,0.25000544895151405,0.25000544895151405,0.0,0.005897676,0.023849715
mattern_cov1,256,200,0.25000560656346843,0.2500056065634682,2.220446049250313e-16,0.005880981,0.025872611
mattern_cov1,256,201,0.2500055278794811,0.250005527879481,1.1102230246251565e-16,0.00562507,0.025646262
mattern_cov1,256,202,0.25000558638650777,0.2500055863865076,1.6653345369377348e-16,0.005727709,0.024783005
mattern_cov1,256,203,0.2500055793105421,0.250005579310542,1.1102230246251565e-16,0.00569757,0.027654761
mattern_cov1,256,204,0.25000551618469957,0.25000551618469946,1.1102230246251565e-16,0.013617497,0.052185728
mattern_cov1,256,205,0.2500056742122841,0.250005674212284,1.1102230246251565e-16,0.012874596,0.051084036
mattern_cov1,256,206,0.25000556724747336,0.25000556724747325,1.1102230246251565e-16,0.013263783,0.048134225
mattern_cov1,256,207,0.2500054956043681,0.2500054956043679,1.6653345369377348e-16,0.005657549,0.026289921
mattern_cov1,256,208,0.2500055350975529,0.25000553509755274,1.6653345369377348e-16,0.005663148,0.02495933
mattern_cov1,256,209,0.25000551597176224,0.25000551597176207,1.6653345369377348e-16,0.005710991,0.028445045
mattern_cov1,256,210,0.2500055775935767,0.2500055775935765,2.220446049250313e-16,0.005692914,0.024250052
mattern_cov1,256,211,0.2500055919518988,0.2500055919518987,1.1102230246251565e-16,0.005705295,0.026502817
mattern_cov1,256,212,0.2500054490833478,0.2500054490833477,1.1102230246251565e-16,0.005848812,0.026827376
mattern_cov1,256,213,0.2500054915261959,0.2500054915261958,1.1102230246251565e-16,0.005660701,0.026329175
mattern_cov1,256,214,0.2500054553990349,0.2500054553990347,2.220446049250313e-16,0.00563097,0.027075938
mattern_cov1,256,215,0.2500055683193622,0.25000556831936205,1.6653345369377348e-16,0.005922946,0.028312786
mattern_cov1,256,216,0.2500055648847967,0.2500055648847966,1.1102230246251565e-16,0.005743377,0.026393358
mattern_cov1,256,217,0.2500056109195813,0.2500056109195811,1.6653345369377348e-16,0.005709118,0.026186371
mattern_cov1,256,218,0.2500055511788457,0.25000555117884554,1.6653345369377348e-16,0.005789463,0.026736744
mattern_cov1,256,219,0.2500055663029866,0.2500055663029865,1.1102230246251565e-16,0.005977247,0.026554544
mattern_cov1,256,220,0.25000548826885666,0.25000548826885655,1.1102230246251565e-16,0.00564778,0.028323545
mattern_cov1,256,221,0.2500056204450725,0.2500056204450724,1.1102230246251565e-16,0.005864407,0.024223933
mattern_cov1,256,222,0.2500055692361797,0.2500055692361796,1.1102230246251565e-16,0.005686107,0.02741607
mattern_cov1,256,223,0.2500054888834069,0.25000548888340673,1.6653345369377348e-16,0.005936978,0.025615017
mattern_cov1,256,224,0.2500055674527972,0.2500055674527971,5.551115123125783e-17,0.005653878,0.023954523
mattern_cov1,256,225,0.2500054006914692,0.2500054006914691,1.1102230246251565e-16,0.005627809,0.026892601
mattern_cov1,256,226,0.25000554700206656,0.2500055470020664,1.6653345369377348e-16,0.005887704,0.027708106
mattern_cov1,256,227,0.2500054835517941,0.25000548355179386,2.220446049250313e-16,0.005727896,0.024999042
mattern_cov1,256,228,0.2500055300047694,0.25000553000476916,2.220446049250313e-16,0.005869961,0.024275894
mattern_cov1,256,229,0.2500053973925023,0.2500053973925022,1.1102230246251565e-16,0.005733571,0.025046875
mattern_cov1,256,230,0.2500055622459681,0.250005562245968,1.1102230246251565e-16,0.005762914,0.025140394
mattern_cov1,256,231,0.25000550502544866,0.25000550502544855,1.1102230246251565e-16,0.005652899,0.026198991
mattern_cov1,256,232,0.25000556213184516,0.25000556213184505,1.1102230246251565e-16,0.005861048,0.027643486
mattern_cov1,256,233,0.25000548640808423,0.2500054864080842,5.551115123125783e-17,0.005824182,0.0255554
mattern_cov1,256,234,0.2500055143902191,0.25000551439021895,1.6653345369377348e-16,0.005847128,0.024023447
mattern_cov1,256,235,0.25000559339688194,0.2500055933968818,1.6653345369377348e-16,0.005735987,0.025247387
mattern_cov1,256,236,0.25000549387896415,0.25000549387896404,1.1102230246251565e-16,0.005698656,0.025163505
mattern_cov1,256,237,0.25000548154773033,0.2500054815477302,1.1102230246251565e-16,0.005840211,0.026246688
mattern_cov1,256,238,0.25000557035710413,0.25000557035710397,1.6653345369377348e-16,0.005947086,0.024949507
mattern_cov1,256,239,0.2500056128077539,0.25000561280775374,1.6653345369377348e-16,0.005676656,0.025803542
mattern_cov1,256,240,0.2500055378876603,0.25000553788766017,1.1102230246251565e-16,0.005658886,0.026436882
mattern_cov1,256,241,0.25000548153486385,0.25000548153486374,1.1102230246251565e-16,0.005752123,0.025302044
mattern_cov1,256,242,0.25000551526083736,0.2500055152608373,5.551115123125783e-17,0.005695344,0.025591313
mattern_cov1,256,243,0.2500055920475667,0.25000559204756656,1.6653345369377348e-16,0.005869834,0.024877593
mattern_cov1,256,244,0.2500054950049789,0.2500054950049787,1.6653345369377348e-16,0.005894479,0.026168424
mattern_cov1,256,245,0.2500054430297042,0.250005443029704,1.6653345369377348e-16,0.005739046,0.02628356
mattern_cov1,256,246,0.2500056405966152,0.25000564059661506,1.1102230246251565e-16,0.005709015,0.026234573
mattern_cov1,256,247,0.25000545432924254,0.2500054543292424,1.1102230246251565e-16,0.005784415,0.027440351
mattern_cov1,256,248,0.25000547537387646,0.2500054753738763,1.6653345369377348e-16,0.005711697,0.025171827
mattern_cov1,256,249,0.2500055338083075,0.2500055338083074,5.551115123125783e-17,0.005631637,0.026970918
mattern_cov1,256,250,0.25000549241351483,0.2500054924135147,1.1102230246251565e-16,0.005759683,0.026628681
mattern_cov1,256,251,0.2500055426470387,0.25000554264703867,5.551115123125783e-17,0.00569504,0.026011841
mattern_cov1,256,252,0.2500055494782924,0.25000554947829223,1.6653345369377348e-16,0.00569013,0.02689279
mattern_cov1,256,253,0.250005503901415,0.2500055039014149,1.1102230246251565e-16,0.00570969,0.02609859
mattern_cov1,256,254,0.25000548945449896,0.2500054894544988,1.6653345369377348e-16,0.005617951,0.026589974
mattern_cov1,256,255,0.25000555611817604,0.25000555611817593,1.1102230246251565e-16,0.005701569,0.027623004
mattern_cov1,256,256,0.25000547748181473,0.2500054774818146,1.1102230246251565e-16,0.00579724,0.02662534
mattern_cov1,256,257,0.2500054981542222,0.25000549815422207,1.1102230246251565e-16,0.005737417,0.025561769
mattern_cov1,256,258,0.2500055365349306,0.25000553653493046,1.1102230246251565e-16,0.005971574,0.02299727
mattern_cov1,256,259,0.2500054995637519,0.2500054995637518,1.1102230246251565e-16,0.005711702,0.025402378
mattern_cov1,256,260,0.2500055133262954,0.2500055133262952,1.6653345369377348e-16,0.005626304,0.025874395
mattern_cov1,256,261,0.2500055191740156,0.25000551917401553,5.551115123125783e-17,0.005776926,0.026121661
mattern_cov1,256,262,0.25000548964565866,0.25000548964565855,1.1102230246251565e-16,0.006015199,0.025930419
mattern_cov1,256,263,0.2500055717778492,0.2500055717778491,1.1102230246251565e-16,0.005676169,0.026166596
mattern_cov1,256,264,0.25000550791524656,0.2500055079152464,1.6653345369377348e-16,0.005927884,0.024650931
mattern_cov1,256,265,0.2500055580054035,0.2500055580054034,1.1102230246251565e-16,0.005712115,0.026859578
mattern_cov1,256,266,0.2500055111493337,0.2500055111493336,1.1102230246251565e-16,0.005663417,0.02522139
mattern_cov1,256,267,0.2500055594723897,0.2500055594723896,1.1102230246251565e-16,0.005788095,0.024988518
mattern_cov1,256,268,0.2500055449302974,0.2500055449302973,1.1102230246251565e-16,0.005701173,0.025904968
mattern_cov1,256,269,0.2500055801502917,0.25000558015029156,1.1102230246251565e-16,0.005689991,0.024902322
mattern_cov1,256,270,0.25000555767824856,0.25000555767824845,1.1102230246251565e-16,0.005783259,0.024235053
mattern_cov1,256,271,0.25000561004887484,0.2500056100488747,1.1102230246251565e-16,0.00567049,0.026456375
mattern_cov1,256,272,0.25000554548105947,0.25000554548105935,1.1102230246251565e-16,0.005693343,0.024781861
mattern_cov1,256,273,0.25000551414364436,0.2500055141436443,5.551115123125783e-17,0.005806241,0.025907265
mattern_cov1,256,274,0.25000557119694816,0.250005571196948,1.6653345369377348e-16,0.005605047,0.027046275
mattern_cov1,256,275,0.250005507191155,0.25000550719115483,1.6653345369377348e-16,0.006115551,0.026418777
mattern_cov1,256,276,0.25000548724964816,0.250005487249648,1.6653345369377348e-16,0.005670843,0.025906651
mattern_cov1,256,277,0.2500054916426963,0.2500054916426962,1.1102230246251565e-16,0.005662332,0.025528903
mattern_cov1,256,278,0.2500054936368794,0.25000549363687924,1.6653345369377348e-16,0.005657009,0.02749889
mattern_cov1,256,279,0.2500056300732094,0.25000563007320925,1.6653345369377348e-16,0.005927658,0.026540758
mattern_cov1,256,280,0.2500054859814746,0.2500054859814745,1.1102230246251565e-16,0.005675047,0.027064625
mattern_cov1,256,281,0.2500055203683395,0.25000552036833934,1.6653345369377348e-16,0.005942074,0.026357354
mattern_cov1,256,282,0.2500056063429409,0.25000560634294067,2.220446049250313e-16,0.005706581,0.026938709
mattern_cov1,256,283,0.25000553208630577,0.2500055320863056,1.6653345369377348e-16,0.00564375,0.025973668
mattern_cov1,256,284,0.25000554921778934,0.2500055492177892,1.1102230246251565e-16,0.005714094,0.02751906
mattern_cov1,256,285,0.25000560804577215,0.25000560804577204,1.1102230246251565e-16,0.005746132,0.026074032
mattern_cov1,256,286,0.2500055947904304,0.25000559479043033,5.551115123125783e-17,0.006033563,0.026820075
mattern_cov1,256,287,0.25000554910043205,0.2500055491004319,1.6653345369377348e-16,0.005749573,0.027424334
mattern_cov1,256,288,0.25000555534521635,0.2500055553452162,1.6653345369377348e-16,0.005602286,0.026848581
mattern_cov1,256,289,0.25000553584135765,0.2500055358413575,1.6653345369377348e-16,0.005723673,0.025670913
mattern_cov1,256,290,0.25000558895494857,0.2500055889549484,1.6653345369377348e-16,0.005829323,0.025465214
mattern_cov1,256,291,0.25000550944327143,0.2500055094432713,1.1102230246251565e-16,0.005666112,0.026175836
mattern_cov1,256,292,0.2500055175972884,0.2500055175972883,1.1102230246251565e-16,0.00606223,0.026610733
mattern_cov1,256,293,0.2500055897593903,0.2500055897593902,1.1102230246251565e-16,0.005671508,0.027363893
mattern_cov1,256,294,0.25000545001793784,0.25000545001793767,1.6653345369377348e-16,0.005673479,0.027414825
mattern_cov1,256,295,0.25000556348410347,0.25000556348410335,1.1102230246251565e-16,0.005815238,0.026045382
mattern_cov1,256,296,0.25000560572255826,0.2500056057225581,1.6653345369377348e-16,0.005812371,0.026591231
mattern_cov1,256,297,0.25000555131094615,0.25000555131094604,1.1102230246251565e-16,0.005664944,0.026760463
mattern_cov1,256,298,0.25000552124718123,0.250005521247181,2.220446049250313e-16,0.00567977,0.024241904
mattern_cov1,256,299,0.2500054711774698,0.2500054711774697,1.1102230246251565e-16,0.005625726,0.025866419
mattern_cov1,256,300,0.2500055512101054,0.2500055512101053,1.1102230246251565e-16,0.005576176,0.025524303
mattern_cov1,256,301,0.2500055923649426,0.25000559236494235,2.220446049250313e-16,0.005726407,0.027277598
mattern_cov1,256,302,0.25000544368041794,0.2500054436804179,5.551115123125783e-17,0.005957075,0.026593176
mattern_cov1,256,303,0.25000546277113317,0.250005462771133,1.6653345369377348e-16,0.005636607,0.027378194
mattern_cov1,256,304,0.25000546363297443,0.2500054636329742,2.220446049250313e-16,0.005962272,0.026989985
mattern_cov1,256,305,0.25000556090115594,0.25000556090115583,1.1102230246251565e-16,0.005600792,0.025420663
mattern_cov1,256,306,0.2500056233402008,0.2500056233402007,1.1102230246251565e-16,0.005580075,0.025600147
mattern_cov1,256,307,0.2500055500492409,0.2500055500492407,2.220446049250313e-16,0.005714662,0.02465183
mattern_cov1,256,308,0.2500055482651194,0.2500055482651193,1.1102230246251565e-16,0.00570489,0.026854322
mattern_cov1,256,309,0.25000546160139253,0.2500054616013924,1.1102230246251565e-16,0.005667784,0.027378042
mattern_cov1,256,310,0.2500055353660391,0.2500055353660389,1.6653345369377348e-16,0.00600956,0.025432528
mattern_cov1,256,311,0.25000553097722866,0.25000553097722855,1.1102230246251565e-16,0.005671207,0.025169062
mattern_cov1,256,312,0.25000546846851074,0.2500054684685106,1.1102230246251565e-16,0.005662984,0.024046662
mattern_cov1,256,313,0.2500056773089731,0.25000567730897294,1.6653345369377348e-16,0.005849049,0.026508192
mattern_cov1,256,314,0.25000558498575043,0.2500055849857504,5.551115123125783e-17,0.005679485,0.023942464
mattern_cov1,256,315,0.2500055101739293,0.25000551017392914,1.6653345369377348e-16,0.005647842,0.025523854
mattern_cov1,256,316,0.25000550371380387,0.25000550371380365,2.220446049250313e-16,0.005905677,0.025687767
mattern_cov1,256,317,0.250005464871253,0.2500054648712529,1.1102230246251565e-16,0.005659121,0.022347608
mattern_cov1,256,318,0.25000558113080035,0.2500055811308003,5.551115123125783e-17,0.005732843,0.027260714
mattern_cov1,256,319,0.25000545498206117,0.250005454982061,1.6653345369377348e-16,0.005691436,0.027425108
mattern_cov1,256,320,0.2500055302224989,0.2500055302224988,1.1102230246251565e-16,0.005662268,0.025527084
mattern_cov1,256,321,0.2500054921124957,0.25000549211249556,1.1102230246251565e-16,0.005782654,0.027773564
mattern_cov1,256,322,0.25000560013241707,0.2500056001324169,1.6653345369377348e-16,0.005750661,0.026555518
mattern_cov1,256,323,0.2500055157610687,0.2500055157610686,1.1102230246251565e-16,0.005662456,0.024948435
mattern_cov1,256,324,0.25000558869197287,0.2500055886919728,5.551115123125783e-17,0.005700389,0.027522964
mattern_cov1,256,325,0.2500054893103834,0.25000548931038324,1.6653345369377348e-16,0.005632993,0.026757882
mattern_cov1,256,326,0.2500055409907695,0.2500055409907694,1.1102230246251565e-16,0.005657775,0.027459439
mattern_cov1,256,327,0.25000551226008044,0.2500055122600803,1.6653345369377348e-16,0.005693452,0.026181665
mattern_cov1,256,328,0.25000546661564593,0.2500054666156458,1.1102230246251565e-16,0.005649744,0.026432619
mattern_cov1,256,329,0.2500055327959489,0.2500055327959488,1.1102230246251565e-16,0.005774329,0.024534274
mattern_cov1,256,330,0.2500055346804108,0.2500055346804107,1.1102230246251565e-16,0.005696238,0.027691197
mattern_cov1,256,331,0.25000549922031595,0.25000549922031584,1.1102230246251565e-16,0.005655486,0.026371711
mattern_cov1,256,332,0.25000546272641694,0.2500054627264168,1.1102230246251565e-16,0.005587281,0.02680905
mattern_cov1,256,333,0.25000554242467127,0.2500055424246711,1.6653345369377348e-16,0.00577533,0.025926398
mattern_cov1,256,334,0.2500055855155728,0.25000558551557267,1.1102230246251565e-16,0.005691162,0.025611341
mattern_cov1,256,335,0.25000554183683477,0.25000554183683465,1.1102230246251565e-16,0.005656088,0.027347402
mattern_cov1,256,336,0.2500054519673566,0.25000545196735646,1.1102230246251565e-16,0.005775333,0.027030185
mattern_cov1,256,337,0.25000543734506775,0.2500054373450676,1.6653345369377348e-16,0.005919659,0.027508263
mattern_cov1,256,338,0.2500054627553729,0.2500054627553728,1.1102230246251565e-16,0.005974321,0.026059959
mattern_cov1,256,339,0.25000545979810773,0.25000545979810757,1.6653345369377348e-16,0.006020552,0.026593281
mattern_cov1,256,340,0.2500055688744225,0.25000556887442227,2.220446049250313e-16,0.005615507,0.02613845
mattern_cov1,256,341,0.25000553365507844,0.2500055336550782,2.220446049250313e-16,0.005799856,0.027076537
mattern_cov1,256,342,0.250005452749315,0.2500054527493149,1.1102230246251565e-16,0.005876243,0.027237418
mattern_cov1,256,343,0.2500055714694177,0.25000557146941754,1.6653345369377348e-16,0.005659622,0.027053406
mattern_cov1,256,344,0.25000550306137703,0.25000550306137687,1.6653345369377348e-16,0.005717368,0.027010818
mattern_cov1,256,345,0.2500054759918377,0.2500054759918375,2.220446049250313e-16,0.005698375,0.025932969
mattern_cov1,256,346,0.2500055773782592,0.25000557737825907,1.1102230246251565e-16,0.005642136,0.024563505
mattern_cov1,256,347,0.2500054703430071,0.25000547034300696,1.1102230246251565e-16,0.005717965,0.027318406
mattern_cov1,256,348,0.25000552122195735,0.2500055212219572,1.6653345369377348e-16,0.005734409,0.025522674
mattern_cov1,256,349,0.2500055619776802,0.25000556197768004,1.6653345369377348e-16,0.005555324,0.026978761
mattern_cov1,256,350,0.25000545290494586,0.25000545290494575,1.1102230246251565e-16,0.00569087,0.025421487
mattern_cov1,256,351,0.250005546535026,0.2500055465350259,1.1102230246251565e-16,0.005788494,0.026183041
mattern_cov1,256,352,0.2500054860969873,0.25000548609698714,1.6653345369377348e-16,0.005627058,0.026948159
mattern_cov1,256,353,0.2500055236076699,0.25000552360766976,1.6653345369377348e-16,0.005567826,0.026722593
mattern_cov1,256,354,0.25000555212719267,0.25000555212719255,1.1102230246251565e-16,0.005708671,0.026535837
mattern_cov1,256,355,0.2500055457234483,0.25000554572344813,1.6653345369377348e-16,0.005654458,0.026439033
mattern_cov1,256,356,0.25000552086798233,0.25000552086798217,1.6653345369377348e-16,0.005850506,0.025352788
mattern_cov1,256,357,0.2500054276567311,0.250005427656731,1.1102230246251565e-16,0.005944793,0.025581366
mattern_cov1,256,358,0.2500055097343992,0.2500055097343991,1.1102230246251565e-16,0.005670236,0.02539171
mattern_cov1,256,359,0.25000547870139667,0.2500054787013965,1.6653345369377348e-16,0.005681305,0.027709719
mattern_cov1,256,360,0.2500055984961292,0.250005598496129,1.6653345369377348e-16,0.005693105,0.025810445
mattern_cov1,256,361,0.2500054894850051,0.25000548948500495,1.6653345369377348e-16,0.005706307,0.025854008
mattern_cov1,256,362,0.25000549853658977,0.25000549853658965,1.1102230246251565e-16,0.005703471,0.025608919
mattern_cov1,256,363,0.2500055209668581,0.25000552096685785,2.220446049250313e-16,0.005887009,0.026883656
mattern_cov1,256,364,0.2500056490310614,0.2500056490310613,1.1102230246251565e-16,0.005800526,0.026962842
mattern_cov1,256,365,0.2500055085071122,0.25000550850711206,1.1102230246251565e-16,0.005730683,0.026639355
mattern_cov1,256,366,0.25000558609618967,0.2500055860961896,5.551115123125783e-17,0.005705059,0.02764399
mattern_cov1,256,367,0.25000557612312607,0.25000557612312596,1.1102230246251565e-16,0.005634857,0.024413875
mattern_cov1,256,368,0.25000564047079943,0.2500056404707993,1.1102230246251565e-16,0.0057898,0.027468867
mattern_cov1,256,369,0.2500055267465224,0.2500055267465222,1.6653345369377348e-16,0.005625958,0.026095898
mattern_cov1,256,370,0.2500055645913341,0.25000556459133405,5.551115123125783e-17,0.005876699,0.025387481
mattern_cov1,256,371,0.2500055333069758,0.2500055333069757,5.551115123125783e-17,0.005709823,0.024731262
mattern_cov1,256,372,0.25000551441701757,0.2500055144170174,1.6653345369377348e-16,0.005672614,0.024115122
mattern_cov1,256,373,0.2500055325215285,0.2500055325215284,1.1102230246251565e-16,0.005995299,0.025479899
mattern_cov1,256,374,0.25000558191550803,0.25000558191550787,1.6653345369377348e-16,0.005946342,0.026915865
mattern_cov1,256,375,0.25000553897609196,0.25000553897609185,1.1102230246251565e-16,0.005871541,0.026944826
mattern_cov1,256,376,0.2500055918180682,0.2500055918180681,1.1102230246251565e-16,0.005924488,0.027327709
mattern_cov1,256,377,0.25000556835419047,0.25000556835419036,1.1102230246251565e-16,0.005785653,0.027406389
mattern_cov1,256,378,0.25000551203179616,0.25000551203179605,1.1102230246251565e-16,0.005624913,0.025386644
mattern_cov1,256,379,0.25000558984195775,0.2500055898419577,5.551115123125783e-17,0.005988618,0.025846638
mattern_cov1,256,380,0.2500056356161972,0.2500056356161971,1.1102230246251565e-16,0.005629521,0.026886886
mattern_cov1,256,381,0.25000560767780555,0.2500056076778055,5.551115123125783e-17,0.006047093,0.02417263
mattern_cov1,256,382,0.2500055082030103,0.2500055082030102,1.1102230246251565e-16,0.005737012,0.027218663
mattern_cov1,256,383,0.25000551056777565,0.2500055105677756,5.551115123125783e-17,0.005649757,0.024417715
mattern_cov1,256,384,0.25000551653211334,0.25000551653211317,1.6653345369377348e-16,0.005990227,0.02435174
mattern_cov1,256,385,0.2500054999406231,0.25000549994062293,1.6653345369377348e-16,0.005798201,0.026280204
mattern_cov1,256,386,0.2500056333820924,0.2500056333820923,1.1102230246251565e-16,0.005645509,0.025170198
mattern_cov1,256,387,0.25000552075046134,0.25000552075046123,1.1102230246251565e-16,0.005664366,0.025601609
mattern_cov1,256,388,0.2500055075138273,0.2500055075138272,5.551115123125783e-17,0.005762311,0.026966531
mattern_cov1,256,389,0.2500055535084722,0.25000555350847203,1.6653345369377348e-16,0.005768863,0.025395138
mattern_cov1,256,390,0.25000550766455737,0.25000550766455715,2.220446049250313e-16,0.005761731,0.027591058
mattern_cov1,256,391,0.25000548831398073,0.2500054883139806,1.1102230246251565e-16,0.006068988,0.026810175
mattern_cov1,256,392,0.2500055716140754,0.2500055716140752,1.6653345369377348e-16,0.005839691,0.027391807
mattern_cov1,256,393,0.2500055137646771,0.25000551376467695,1.6653345369377348e-16,0.005895046,0.028359276
mattern_cov1,256,394,0.25000548996777455,0.25000548996777444,1.1102230246251565e-16,0.005958445,0.026212773
mattern_cov1,256,395,0.2500054951699222,0.2500054951699221,1.1102230246251565e-16,0.006021111,0.026147655
mattern_cov1,256,396,0.2500056254805289,0.2500056254805288,1.1102230246251565e-16,0.005759068,0.027270612
mattern_cov1,256,397,0.25000553197990794,0.25000553197990777,1.6653345369377348e-16,0.005982727,0.026866726
mattern_cov1,256,398,0.2500054900735115,0.25000549007351136,1.6653345369377348e-16,0.005650369,0.028730057
mattern_cov1,256,399,0.2500054495032222,0.250005449503222,1.6653345369377348e-16,0.005724321,0.027871202
mattern_cov1,256,400,0.25000552994288455,0.25000552994288444,1.1102230246251565e-16,0.005727627,0.028390205
mattern_cov1,256,401,0.250005524285358,0.25000552428535794,5.551115123125783e-17,0.005586965,0.026663944
mattern_cov1,256,402,0.25000553898595607,0.25000553898595584,2.220446049250313e-16,0.006056014,0.026919481
mattern_cov1,256,403,0.2500056000032588,0.25000560000325867,1.1102230246251565e-16,0.005686143,0.027157983
mattern_cov1,256,404,0.250005432028137,0.25000543202813685,1.6653345369377348e-16,0.00565852,0.02685304
mattern_cov1,256,405,0.25000555876673597,0.2500055587667358,1.6653345369377348e-16,0.006094436,0.028928007
mattern_cov1,256,406,0.2500056261124408,0.25000562611244076,5.551115123125783e-17,0.005799369,0.026953232
mattern_cov1,256,407,0.2500055016253006,0.25000550162530044,1.6653345369377348e-16,0.005545762,0.027104959
mattern_cov1,256,408,0.25000551817781996,0.25000551817781985,1.1102230246251565e-16,0.005930626,0.026795536
mattern_cov1,256,409,0.2500055012662529,0.2500055012662527,2.220446049250313e-16,0.005662651,0.026537846
mattern_cov1,256,410,0.2500056233679742,0.25000562336797405,1.6653345369377348e-16,0.005577574,0.028085584
mattern_cov1,256,411,0.2500056024438424,0.25000560244384223,1.6653345369377348e-16,0.006077136,0.027594415
mattern_cov1,256,412,0.25000554381093754,0.2500055438109374,1.1102230246251565e-16,0.005638883,0.024795255
mattern_cov1,256,413,0.25000555305712097,0.25000555305712086,1.1102230246251565e-16,0.005771262,0.026240231
mattern_cov1,256,414,0.2500055467042282,0.2500055467042281,1.1102230246251565e-16,0.005897311,0.027102141
mattern_cov1,256,415,0.2500055947095509,0.2500055947095508,1.1102230246251565e-16,0.005653619,0.027121119
mattern_cov1,256,416,0.2500054667405834,0.2500054667405833,5.551115123125783e-17,0.00573061,0.028714299
mattern_cov1,256,417,0.2500055221749673,0.25000552217496713,1.6653345369377348e-16,0.005977979,0.026631485
mattern_cov1,256,418,0.250005515897279,0.2500055158972788,1.6653345369377348e-16,0.005731785,0.028019991
mattern_cov1,256,419,0.25000549632546404,0.2500054963254639,1.1102230246251565e-16,0.005798349,0.027657052
mattern_cov1,256,420,0.25000564479210635,0.25000564479210624,1.1102230246251565e-16,0.005810344,0.029174203
mattern_cov1,256,421,0.250005570102171,0.25000557010217084,1.6653345369377348e-16,0.005966018,0.028090764
mattern_cov1,256,422,0.2500056762407071,0.250005676240707,5.551115123125783e-17,0.005668182,0.026842474
mattern_cov1,256,423,0.25000553344199433,0.2500055334419942,1.1102230246251565e-16,0.005964291,0.027379631
mattern_cov1,256,424,0.2500055687604497,0.25000556876044966,5.551115123125783e-17,0.005809003,0.027969415
mattern_cov1,256,425,0.25000560827641655,0.2500056082764164,1.6653345369377348e-16,0.005719195,0.027697612
mattern_cov1,256,426,0.2500054669241871,0.25000546692418696,1.6653345369377348e-16,0.005576122,0.026043768
mattern_cov1,256,427,0.25000549096268965,0.2500054909626895,1.6653345369377348e-16,0.00572216,0.026795597
mattern_cov1,256,428,0.250005580178115,0.25000558017811475,2.220446049250313e-16,0.005719364,0.028870217
mattern_cov1,256,429,0.2500054698232886,0.25000546982328836,2.220446049250313e-16,0.005847882,0.023614825
mattern_cov1,256,430,0.2500055478365644,0.25000554783656437,5.551115123125783e-17,0.005703092,0.028807889
mattern_cov1,256,431,0.2500054910881301,0.2500054910881299,1.6653345369377348e-16,0.00615473,0.025728307
mattern_cov1,256,432,0.25000550832039686,0.25000550832039686,0.0,0.005601753,0.025972706
mattern_cov1,256,433,0.25000558364096986,0.2500055836409697,1.6653345369377348e-16,0.00560066,0.026245682
mattern_cov1,256,434,0.2500055261045118,0.25000552610451166,1.6653345369377348e-16,0.005943741,0.028114607
mattern_cov1,256,435,0.2500055364160288,0.2500055364160286,2.220446049250313e-16,0.005639484,0.026299891
mattern_cov1,256,436,0.2500055243579262,0.25000552435792606,1.6653345369377348e-16,0.005740291,0.024413526
mattern_cov1,256,437,0.25000555262688234,0.2500055526268821,2.220446049250313e-16,0.005703684,0.027108213
mattern_cov1,256,438,0.25000557425562137,0.25000557425562114,2.220446049250313e-16,0.005651294,0.027995347
mattern_cov1,256,439,0.25000560321344617,0.25000560321344606,1.1102230246251565e-16,0.00573703,0.026679372
mattern_cov1,256,440,0.2500055852426675,0.2500055852426674,1.1102230246251565e-16,0.005800029,0.025629549
mattern_cov1,256,441,0.250005568062693,0.25000556806269286,1.1102230246251565e-16,0.005889527,0.028412247
mattern_cov1,256,442,0.25000551552689265,0.2500055155268926,5.551115123125783e-17,0.005788778,0.026248592
mattern_cov1,256,443,0.25000551980623364,0.2500055198062335,1.6653345369377348e-16,0.005690088,0.028094081
mattern_cov1,256,444,0.2500055780358165,0.2500055780358164,1.1102230246251565e-16,0.005695748,0.027917081
mattern_cov1,256,445,0.25000554295249916,0.25000554295249905,1.1102230246251565e-16,0.005915628,0.028982468
mattern_cov1,256,446,0.25000556629318793,0.25000556629318776,1.6653345369377348e-16,0.005724877,0.028336549
mattern_cov1,256,447,0.25000548138526996,0.2500054813852699,5.551115123125783e-17,0.005673279,0.028261136
mattern_cov1,256,448,0.25000547990792216,0.25000547990792205,1.1102230246251565e-16,0.005918041,0.027235289
mattern_cov1,256,449,0.2500056018198906,0.25000560181989046,1.6653345369377348e-16,0.005937179,0.028164684
mattern_cov1,256,450,0.2500054561081662,0.2500054561081661,1.1102230246251565e-16,0.005592182,0.027077556
mattern_cov1,256,451,0.25000553609926673,0.2500055360992665,2.220446049250313e-16,0.006059832,0.02637657
mattern_cov1,256,452,0.25000551218205397,0.25000551218205375,2.220446049250313e-16,0.005604472,0.025057652
mattern_cov1,256,453,0.2500054448958226,0.2500054448958225,1.1102230246251565e-16,0.005647118,0.026490799
mattern_cov1,256,454,0.2500054188181228,0.2500054188181227,1.1102230246251565e-16,0.005745363,0.027736987
mattern_cov1,256,455,0.2500055452508319,0.2500055452508318,1.1102230246251565e-16,0.005768842,0.027843833
mattern_cov1,256,456,0.25000545060426593,0.2500054506042657,2.220446049250313e-16,0.005656264,0.027109861
mattern_cov1,256,457,0.2500054253293695,0.25000542532936937,1.1102230246251565e-16,0.005948592,0.027036629
mattern_cov1,256,458,0.25000543880811593,0.2500054388081158,1.1102230246251565e-16,0.00571284,0.025334782
mattern_cov1,256,459,0.25000559006891554,0.2500055900689154,1.6653345369377348e-16,0.005886121,0.028424909
mattern_cov1,256,460,0.25000558703852493,0.25000558703852477,1.6653345369377348e-16,0.005731527,0.02822756
mattern_cov1,256,461,0.2500055504072933,0.2500055504072931,1.6653345369377348e-16,0.005748616,0.026968303
mattern_cov1,256,462,0.2500055321938012,0.250005532193801,2.220446049250313e-16,0.00570256,0.024846038
mattern_cov1,256,463,0.2500055117545808,0.2500055117545807,1.1102230246251565e-16,0.005619252,0.026990485
mattern_cov1,256,464,0.25000565029633093,0.25000565029633076,1.6653345369377348e-16,0.005681684,0.028868603
mattern_cov1,256,465,0.2500055721352363,0.25000557213523605,2.220446049250313e-16,0.005763302,0.027949989
mattern_cov1,256,466,0.25000547948297686,0.2500054794829767,1.6653345369377348e-16,0.00571884,0.02906744
mattern_cov1,256,467,0.2500055123241304,0.2500055123241302,1.6653345369377348e-16,0.005636396,0.02674914
mattern_cov1,256,468,0.25000553450984914,0.250005534509849,1.1102230246251565e-16,0.005759858,0.028842756
mattern_cov1,256,469,0.25000543097828587,0.2500054309782857,1.6653345369377348e-16,0.005971419,0.026217682
mattern_cov1,256,470,0.250005511759149,0.25000551175914887,1.1102230246251565e-16,0.005643769,0.027205882
mattern_cov1,256,471,0.25000547494756337,0.2500054749475632,1.6653345369377348e-16,0.005889247,0.025039033
mattern_cov1,256,472,0.2500055294067122,0.25000552940671217,5.551115123125783e-17,0.005744544,0.027903897
mattern_cov1,256,473,0.2500055505449153,0.2500055505449152,1.1102230246251565e-16,0.005868095,0.026009913
mattern_cov1,256,474,0.2500055786350755,0.2500055786350753,2.220446049250313e-16,0.006136219,0.027876623
mattern_cov1,256,475,0.2500054627548915,0.2500054627548913,1.6653345369377348e-16,0.005617989,0.027442555
mattern_cov1,256,476,0.25000549245108955,0.25000549245108944,1.1102230246251565e-16,0.005953853,0.026854116
mattern_cov1,256,477,0.25000552662164705,0.250005526621647,5.551115123125783e-17,0.00593762,0.026261489
mattern_cov1,256,478,0.25000555740866176,0.25000555740866165,1.1102230246251565e-16,0.005817757,0.028185191
mattern_cov1,256,479,0.25000553773470036,0.25000553773470024,1.1102230246251565e-16,0.00566419,0.02787328
mattern_cov1,256,480,0.25000554143945597,0.25000554143945586,1.1102230246251565e-16,0.005884726,0.027962966
mattern_cov1,256,481,0.2500055311140478,0.25000553111404766,1.1102230246251565e-16,0.005666912,0.027266779
mattern_cov1,256,482,0.25000554889764176,0.2500055488976416,1.6653345369377348e-16,0.005917749,0.026735824
mattern_cov1,256,483,0.2500055138941701,0.2500055138941699,1.6653345369377348e-16,0.005943981,0.025955352
mattern_cov1,256,484,0.2500055089551991,0.2500055089551989,1.6653345369377348e-16,0.005695458,0.028980579
mattern_cov1,256,485,0.2500055661188365,0.25000556611883645,5.551115123125783e-17,0.00599079,0.027501841
mattern_cov1,256,486,0.25000554038682693,0.25000554038682676,1.6653345369377348e-16,0.00571536,0.027656916
mattern_cov1,256,487,0.25000541894186695,0.2500054189418668,1.6653345369377348e-16,0.006058981,0.027740501
mattern_cov1,256,488,0.25000553623338295,0.25000553623338284,1.1102230246251565e-16,0.006027948,0.026275583
mattern_cov1,256,489,0.2500054812043348,0.2500054812043347,1.1102230246251565e-16,0.005629354,0.026168089
mattern_cov1,256,490,0.25000557860024647,0.2500055786002464,5.551115123125783e-17,0.00573385,0.027955719
mattern_cov1,256,491,0.250005567418754,0.25000556741875385,1.6653345369377348e-16,0.005858793,0.028693595
mattern_cov1,256,492,0.25000555037921723,0.2500055503792172,5.551115123125783e-17,0.007402876,0.028831387
mattern_cov1,256,493,0.25000545953921033,0.2500054595392101,2.220446049250313e-16,0.005934574,0.028018429
mattern_cov1,256,494,0.2500055237106518,0.2500055237106517,1.1102230246251565e-16,0.005968777,0.026899326
mattern_cov1,256,495,0.25000548093165736,0.25000548093165725,1.1102230246251565e-16,0.005915582,0.028346778
mattern_cov1,256,496,0.25000546545070995,0.2500054654507098,1.6653345369377348e-16,0.005678528,0.027569683
mattern_cov1,256,497,0.2500055393352887,0.2500055393352885,1.6653345369377348e-16,0.006033951,0.028443949
mattern_cov1,256,498,0.25000544163218336,0.25000544163218325,1.1102230246251565e-16,0.005670725,0.026588566
mattern_cov1,256,499,0.25000552722783353,0.25000552722783337,1.6653345369377348e-16,0.005682288,0.024147311
mattern_cov1,256,500,0.25000553572932177,0.2500055357293216,1.6653345369377348e-16,0.005961251,0.026558815
mattern_cov1,256,501,0.2500055180475255,0.2500055180475254,1.1102230246251565e-16,0.005626114,0.02888541
mattern_cov1,256,502,0.2500055086660857,0.2500055086660855,1.6653345369377348e-16,0.005973523,0.029157049
mattern_cov1,256,503,0.250005556552718,0.25000555655271783,1.6653345369377348e-16,0.006055465,0.027902565
mattern_cov1,256,504,0.2500055686594987,0.2500055686594985,1.6653345369377348e-16,0.005744765,0.026642542
mattern_cov1,256,505,0.25000562800248366,0.25000562800248344,2.220446049250313e-16,0.005807972,0.024012247
mattern_cov1,256,506,0.250005539435223,0.2500055394352228,2.220446049250313e-16,0.006064604,0.026495221
mattern_cov1,256,507,0.25000545532594176,0.25000545532594165,1.1102230246251565e-16,0.005667814,0.028020214
mattern_cov1,256,508,0.2500055419159288,0.25000554191592866,1.1102230246251565e-16,0.00563615,0.027313603
mattern_cov1,256,509,0.25000554352745136,0.25000554352745114,2.220446049250313e-16,0.006020116,0.027332398
mattern_cov1,256,510,0.2500054935051374,0.2500054935051372,2.220446049250313e-16,0.005692988,0.028116411
mattern_cov1,256,511,0.25000547238616416,0.25000547238616405,1.1102230246251565e-16,0.005701991,0.026666045
mattern_cov1,256,512,0.25000557768313725,0.25000557768313714,1.1102230246251565e-16,0.006039174,0.02871761
mattern_cov1,256,513,0.2500054646668582,0.25000546466685797,2.220446049250313e-16,0.006032833,0.024906914
mattern_cov1,256,514,0.25000554806862735,0.2500055480686271,2.220446049250313e-16,0.00579413,0.028566177
mattern_cov1,256,515,0.2500055012860662,0.2500055012860661,1.1102230246251565e-16,0.005702667,0.026114921
mattern_cov1,256,516,0.2500054402505525,0.2500054402505524,1.1102230246251565e-16,0.005778722,0.027102911
mattern_cov1,256,517,0.25000558408115864,0.25000558408115847,1.6653345369377348e-16,0.005802669,0.027567448
mattern_cov1,256,518,0.2500055685948758,0.2500055685948757,1.1102230246251565e-16,0.005732815,0.024924739
mattern_cov1,256,519,0.2500055012380537,0.2500055012380536,1.1102230246251565e-16,0.005650433,0.026614271
mattern_cov1,256,520,0.25000552723641095,0.25000552723641084,1.1102230246251565e-16,0.00575947,0.028512526
mattern_cov1,256,521,0.25000559739968153,0.25000559739968137,1.6653345369377348e-16,0.005715031,0.027133349
mattern_cov1,256,522,0.2500055199192956,0.2500055199192955,1.1102230246251565e-16,0.005596763,0.025737953
mattern_cov1,256,523,0.250005480298299,0.2500054802982989,1.1102230246251565e-16,0.005801359,0.028384002
mattern_cov1,256,524,0.25000553148721133,0.25000553148721116,1.6653345369377348e-16,0.00590904,0.027059329
mattern_cov1,256,525,0.2500055138483409,0.2500055138483408,1.1102230246251565e-16,0.005989821,0.026789711
mattern_cov1,256,526,0.2500055830496616,0.2500055830496615,1.1102230246251565e-16,0.00595887,0.027655252
mattern_cov1,256,527,0.2500055073104828,0.2500055073104827,1.1102230246251565e-16,0.005684708,0.023561189
mattern_cov1,256,528,0.25000552618675653,0.2500055261867565,5.551115123125783e-17,0.005993732,0.024674762
mattern_cov1,256,529,0.25000549102911584,0.25000549102911573,1.1102230246251565e-16,0.005751215,0.026175587
mattern_cov1,256,530,0.2500056149219467,0.2500056149219465,1.6653345369377348e-16,0.005694429,0.024248702
mattern_cov1,256,531,0.25000550849412945,0.2500055084941292,2.220446049250313e-16,0.005976142,0.028752282
mattern_cov1,256,532,0.2500054806372178,0.25000548063721756,2.220446049250313e-16,0.005944197,0.028020522
mattern_cov1,256,533,0.25000554417454895,0.25000554417454884,1.1102230246251565e-16,0.005679513,0.028379053
mattern_cov1,256,534,0.2500055739703409,0.2500055739703408,1.1102230246251565e-16,0.005744979,0.02488983
mattern_cov1,256,535,0.2500055476125916,0.25000554761259136,2.220446049250313e-16,0.007809137,0.030346818
mattern_cov1,256,536,0.2500055795747282,0.2500055795747281,1.1102230246251565e-16,0.005681744,0.028210849
mattern_cov1,256,537,0.2500055464349637,0.25000554643496353,1.6653345369377348e-16,0.005581332,0.02706311
mattern_cov1,256,538,0.25000546328923934,0.25000546328923917,1.6653345369377348e-16,0.005717741,0.026991762
mattern_cov1,256,539,0.2500054119122026,0.2500054119122024,2.220446049250313e-16,0.005949966,0.027125941
mattern_cov1,256,540,0.25000552907614354,0.25000552907614343,1.1102230246251565e-16,0.00576924,0.02707317
mattern_cov1,256,541,0.25000555456437923,0.2500055545643792,5.551115123125783e-17,0.005642223,0.027508818
mattern_cov1,256,542,0.25000549719461485,0.25000549719461473,1.1102230246251565e-16,0.005679151,0.027690432
mattern_cov1,256,543,0.25000549001618916,0.25000549001618894,2.220446049250313e-16,0.006109031,0.027413688
mattern_cov1,256,544,0.2500055359112364,0.25000553591123625,1.6653345369377348e-16,0.005793818,0.026502268
mattern_cov1,256,545,0.2500054872587742,0.2500054872587741,1.1102230246251565e-16,0.005700524,0.028442676
mattern_cov1,256,546,0.2500054938423672,0.2500054938423671,1.1102230246251565e-16,0.005718196,0.024740652
mattern_cov1,256,547,0.2500055320275848,0.25000553202758463,1.6653345369377348e-16,0.005806653,0.028799396
mattern_cov1,256,548,0.25000556352679687,0.25000556352679676,1.1102230246251565e-16,0.005609821,0.026645983
mattern_cov1,256,549,0.2500055310146297,0.25000553101462963,5.551115123125783e-17,0.00614293,0.027478241
mattern_cov1,256,550,0.2500055579150912,0.25000555791509105,1.6653345369377348e-16,0.005814182,0.027514479
mattern_cov1,256,551,0.2500056241083979,0.2500056241083977,1.6653345369377348e-16,0.005667742,0.02431798
mattern_cov1,256,552,0.2500056442305695,0.2500056442305693,1.6653345369377348e-16,0.005755566,0.027306596
mattern_cov1,256,553,0.25000570170030706,0.2500057017003069,1.6653345369377348e-16,0.005725022,0.028630621
mattern_cov1,256,554,0.2500054869181999,0.2500054869181998,1.1102230246251565e-16,0.005786046,0.026417841
mattern_cov1,256,555,0.2500055413978965,0.2500055413978963,1.6653345369377348e-16,0.005892188,0.028370138
mattern_cov1,256,556,0.2500056342452122,0.2500056342452121,1.1102230246251565e-16,0.005874417,0.027417907
mattern_cov1,256,557,0.2500055446778516,0.25000554467785147,1.1102230246251565e-16,0.005989373,0.028790474
mattern_cov1,256,558,0.25000546283972097,0.25000546283972086,1.1102230246251565e-16,0.005699592,0.028793789
mattern_cov1,256,559,0.25000556369369553,0.2500055636936954,1.1102230246251565e-16,0.005724692,0.027542873
mattern_cov1,256,560,0.25000553321525915,0.250005533215259,1.6653345369377348e-16,0.005764676,0.029071085
mattern_cov1,256,561,0.25000559059142924,0.2500055905914291,1.1102230246251565e-16,0.005672548,0.027533633
mattern_cov1,256,562,0.2500055499050589,0.2500055499050588,1.1102230246251565e-16,0.005902224,0.02784082
mattern_cov1,256,563,0.2500056056669178,0.2500056056669177,1.1102230246251565e-16,0.005869975,0.026166294
mattern_cov1,256,564,0.25000556843413757,0.25000556843413735,2.220446049250313e-16,0.005658809,0.026756511
mattern_cov1,256,565,0.2500056010893265,0.25000560108932635,1.6653345369377348e-16,0.005647462,0.026088944
mattern_cov1,256,566,0.250005450065822,0.2500054500658218,1.6653345369377348e-16,0.005884017,0.028854423
mattern_cov1,256,567,0.25000556638624016,0.25000556638624005,1.1102230246251565e-16,0.005664932,0.028623321
mattern_cov1,256,568,0.2500055031163207,0.2500055031163206,1.1102230246251565e-16,0.005719545,0.028705771
mattern_cov1,256,569,0.2500054611364853,0.25000546113648514,1.6653345369377348e-16,0.005733592,0.025892568
mattern_cov1,256,570,0.25000552709658563,0.2500055270965856,5.551115123125783e-17,0.006070579,0.028465835
mattern_cov1,256,571,0.25000557508501164,0.25000557508501153,1.1102230246251565e-16,0.005689109,0.027743704
mattern_cov1,256,572,0.25000550767386204,0.2500055076738618,2.220446049250313e-16,0.005799563,0.024614907
mattern_cov1,256,573,0.2500056629773859,0.2500056629773858,1.1102230246251565e-16,0.005722862,0.027629285
mattern_cov1,256,574,0.25000552443678586,0.25000552443678575,1.1102230246251565e-16,0.005705489,0.028727213
mattern_cov1,256,575,0.25000544501553607,0.250005445015536,5.551115123125783e-17,0.005816465,0.026688808
mattern_cov1,256,576,0.2500054296268273,0.2500054296268272,1.1102230246251565e-16,0.005828027,0.02745427
mattern_cov1,256,577,0.2500054620994893,0.2500054620994892,1.1102230246251565e-16,0.005667508,0.02618745
mattern_cov1,256,578,0.2500054516792472,0.2500054516792471,1.1102230246251565e-16,0.006057399,0.027112558
mattern_cov1,256,579,0.2500054671419632,0.2500054671419631,1.1102230246251565e-16,0.005771681,0.023536666
mattern_cov1,256,580,0.2500055053243378,0.2500055053243376,2.220446049250313e-16,0.006161688,0.02588369
mattern_cov1,256,581,0.25000549411497713,0.250005494114977,1.1102230246251565e-16,0.006100852,0.02752886
mattern_cov1,256,582,0.2500056026855624,0.2500056026855622,1.6653345369377348e-16,0.006038438,0.026958786
mattern_cov1,256,583,0.25000547665880507,0.25000547665880485,2.220446049250313e-16,0.005699302,0.028898132
mattern_cov1,256,584,0.25000562210774596,0.2500056221077458,1.6653345369377348e-16,0.005786949,0.026708106
mattern_cov1,256,585,0.2500055036203941,0.250005503620394,1.1102230246251565e-16,0.005706855,0.026518843
mattern_cov1,256,586,0.2500054842763279,0.2500054842763278,1.1102230246251565e-16,0.005722128,0.02857657
mattern_cov1,256,587,0.25000553083234495,0.25000553083234484,1.1102230246251565e-16,0.005644061,0.027400913
mattern_cov1,256,588,0.2500054938042927,0.25000549380429254,1.6653345369377348e-16,0.005703588,0.028152405
mattern_cov1,256,589,0.2500055358871345,0.2500055358871344,5.551115123125783e-17,0.006108358,0.027334472
mattern_cov1,256,590,0.25000544984302536,0.25000544984302536,0.0,0.005648004,0.027121511
mattern_cov1,256,591,0.25000565008277387,0.25000565008277376,1.1102230246251565e-16,0.005901179,0.026307356
mattern_cov1,256,592,0.2500056255152881,0.25000562551528793,1.6653345369377348e-16,0.00574688,0.028820001
mattern_cov1,256,593,0.2500054881808086,0.2500054881808084,1.6653345369377348e-16,0.005729196,0.026626723
mattern_cov1,256,594,0.25000551986764535,0.25000551986764524,1.1102230246251565e-16,0.005801761,0.026838142
mattern_cov1,256,595,0.2500056406595708,0.25000564065957065,1.6653345369377348e-16,0.00602114,0.02809771
mattern_cov1,256,596,0.2500055421563125,0.2500055421563124,1.1102230246251565e-16,0.005721706,0.023908486
mattern_cov1,256,597,0.2500054902469864,0.2500054902469863,5.551115123125783e-17,0.005983977,0.026337471
mattern_cov1,256,598,0.25000556157928583,0.2500055615792857,1.1102230246251565e-16,0.005655052,0.024793844
mattern_cov1,256,599,0.2500054846189042,0.2500054846189041,1.1102230246251565e-16,0.005740567,0.027123052
mattern_cov1,256,600,0.2500054790513482,0.25000547905134807,1.1102230246251565e-16,0.005732803,0.028982771
mattern_cov1,256,601,0.25000551452347836,0.25000551452347824,1.1102230246251565e-16,0.006027628,0.026515378
mattern_cov1,256,602,0.25000544684203213,0.250005446842032,1.1102230246251565e-16,0.005769341,0.028502034
mattern_cov1,256,603,0.2500055699518216,0.2500055699518215,1.1102230246251565e-16,0.005775332,0.029109165
mattern_cov1,256,604,0.2500055622701336,0.2500055622701334,2.220446049250313e-16,0.005641469,0.027216587
mattern_cov1,256,605,0.25000555683361325,0.2500055568336132,5.551115123125783e-17,0.005737985,0.027093047
mattern_cov1,256,606,0.25000552346971483,0.2500055234697147,1.1102230246251565e-16,0.005695563,0.028474185
mattern_cov1,256,607,0.2500054343597809,0.2500054343597808,1.1102230246251565e-16,0.005757087,0.027038203
mattern_cov1,256,608,0.25000555852275663,0.2500055585227565,1.1102230246251565e-16,0.005652072,0.027115435
mattern_cov1,256,609,0.25000549933691013,0.25000549933690996,1.6653345369377348e-16,0.005703239,0.026491707
mattern_cov1,256,610,0.2500055219874166,0.2500055219874164,2.220446049250313e-16,0.005668831,0.024815105
mattern_cov1,256,611,0.2500055321487146,0.2500055321487145,1.1102230246251565e-16,0.00571524,0.028427826
mattern_cov1,256,612,0.25000553564473144,0.25000553564473144,0.0,0.006089808,0.027431958
mattern_cov1,256,613,0.2500055850107036,0.25000558501070347,1.1102230246251565e-16,0.005673416,0.026563615
mattern_cov1,256,614,0.25000549098645236,0.25000549098645225,1.1102230246251565e-16,0.005713968,0.026402709
mattern_cov1,256,615,0.250005611517686,0.2500056115176858,2.220446049250313e-16,0.005794507,0.026785286
mattern_cov1,256,616,0.25000548214992185,0.25000548214992174,1.1102230246251565e-16,0.005702358,0.025905287
mattern_cov1,256,617,0.2500055444485408,0.25000554444854056,2.220446049250313e-16,0.005849262,0.024453423
mattern_cov1,256,618,0.25000549903741515,0.25000549903741504,1.1102230246251565e-16,0.005842136,0.028586359
mattern_cov1,256,619,0.25000558169862647,0.25000558169862624,2.220446049250313e-16,0.005678603,0.026548582
mattern_cov1,256,620,0.25000551077077465,0.25000551077077454,1.1102230246251565e-16,0.006076649,0.028042402
mattern_cov1,256,621,0.2500055176914837,0.25000551769148355,1.6653345369377348e-16,0.005676589,0.027266448
mattern_cov1,256,622,0.2500054899650089,0.2500054899650087,1.6653345369377348e-16,0.005629874,0.028651241
mattern_cov1,256,623,0.2500054963511379,0.25000549635113783,5.551115123125783e-17,0.005716381,0.02863638
mattern_cov1,256,624,0.2500055120349815,0.25000551203498145,5.551115123125783e-17,0.005723546,0.02768266
mattern_cov1,256,625,0.25000556899074206,0.25000556899074194,1.1102230246251565e-16,0.005667695,0.026494717
mattern_cov1,256,626,0.2500055960913206,0.25000559609132056,5.551115123125783e-17,0.005753304,0.027609393
mattern_cov1,256,627,0.2500055189771593,0.25000551897715917,1.1102230246251565e-16,0.005702771,0.027378221
mattern_cov1,256,628,0.2500055054806703,0.2500055054806702,1.1102230246251565e-16,0.005839999,0.027842925
mattern_cov1,256,629,0.2500055337445126,0.25000553374451245,1.6653345369377348e-16,0.006058219,0.027643853
mattern_cov1,256,630,0.2500055254965361,0.250005525496536,1.1102230246251565e-16,0.005692467,0.027485787
mattern_cov1,256,631,0.250005536028201,0.25000553602820086,1.6653345369377348e-16,0.005981305,0.025452296
mattern_cov1,256,632,0.2500054802303923,0.2500054802303922,1.1102230246251565e-16,0.005855819,0.027353023
mattern_cov1,256,633,0.25000552114108837,0.25000552114108815,2.220446049250313e-16,0.005576855,0.026662404
mattern_cov1,256,634,0.25000556597343326,0.25000556597343315,1.1102230246251565e-16,0.005913295,0.026951491
mattern_cov1,256,635,0.25000548526550814,0.250005485265508,1.6653345369377348e-16,0.005794452,0.02701838
mattern_cov1,256,636,0.2500055230313133,0.2500055230313131,1.6653345369377348e-16,0.00567199,0.027353514
mattern_cov1,256,637,0.2500055189829587,0.2500055189829586,1.1102230246251565e-16,0.005776499,0.028942274
mattern_cov1,256,638,0.2500055264513611,0.250005526451361,1.1102230246251565e-16,0.005714506,0.026938918
mattern_cov1,256,639,0.2500055240487402,0.25000552404874005,1.6653345369377348e-16,0.005681107,0.025477758
mattern_cov1,256,640,0.25000550809739286,0.25000550809739264,2.220446049250313e-16,0.005829899,0.028583062
mattern_cov1,256,641,0.2500055441166232,0.25000554411662307,1.1102230246251565e-16,0.006617832,0.027669367
mattern_cov1,256,642,0.2500055492747378,0.25000554927473767,1.1102230246251565e-16,0.00569115,0.028998365
mattern_cov1,256,643,0.25000553767116396,0.25000553767116385,1.1102230246251565e-16,0.005741842,0.027013159
mattern_cov1,256,644,0.2500055174856912,0.25000551748569116,5.551115123125783e-17,0.005632953,0.026826511
mattern_cov1,256,645,0.25000563261914305,0.25000563261914294,1.1102230246251565e-16,0.006016374,0.026780728
mattern_cov1,256,646,0.2500055730319901,0.25000557303199,1.1102230246251565e-16,0.005664698,0.028975161
mattern_cov1,256,647,0.2500054793255325,0.2500054793255324,1.1102230246251565e-16,0.0056879,0.026791825
mattern_cov1,256,648,0.25000550499424024,0.2500055049942402,5.551115123125783e-17,0.0055897,0.025969803
mattern_cov1,256,649,0.2500056391672505,0.2500056391672504,1.1102230246251565e-16,0.005864318,0.027342553
mattern_cov1,256,650,0.2500055066437253,0.2500055066437252,1.1102230246251565e-16,0.00556397,0.026991585
mattern_cov1,256,651,0.25000549033237146,0.25000549033237135,1.1102230246251565e-16,0.005741825,0.025147274
mattern_cov1,256,652,0.2500054820071578,0.2500054820071576,1.6653345369377348e-16,0.006129941,0.026966619
mattern_cov1,256,653,0.25000551899173096,0.25000551899173085,1.1102230246251565e-16,0.005648655,0.028037199
mattern_cov1,256,654,0.2500054958474936,0.2500054958474935,1.1102230246251565e-16,0.005694657,0.026686023
mattern_cov1,256,655,0.25000558849541193,0.25000558849541177,1.6653345369377348e-16,0.005724201,0.027470753
mattern_cov1,256,656,0.25000559515392135,0.25000559515392123,1.1102230246251565e-16,0.005664248,0.027045708
mattern_cov1,256,657,0.2500056312505212,0.25000563125052105,1.6653345369377348e-16,0.005723461,0.025291453
mattern_cov1,256,658,0.2500055665932812,0.2500055665932811,1.1102230246251565e-16,0.005766303,0.028564612
mattern_cov1,256,659,0.2500054967000807,0.25000549670008065,5.551115123125783e-17,0.005654777,0.023696736
mattern_cov1,256,660,0.2500053909700023,0.250005390970002,2.7755575615628914e-16,0.00577856,0.026079588
mattern_cov1,256,661,0.25000557102375326,0.25000557102375315,1.1102230246251565e-16,0.005718495,0.024505564
mattern_cov1,256,662,0.25000558212246166,0.25000558212246154,1.1102230246251565e-16,0.00592131,0.027837923
mattern_cov1,256,663,0.2500054915079976,0.2500054915079975,1.1102230246251565e-16,0.005666319,0.028318359
mattern_cov1,256,664,0.2500055721562644,0.2500055721562643,1.1102230246251565e-16,0.0057748,0.025787661
mattern_cov1,256,665,0.25000551815939565,0.2500055181593955,1.6653345369377348e-16,0.005889414,0.027831667
mattern_cov1,256,666,0.25000552239919577,0.25000552239919566,1.1102230246251565e-16,0.005807806,0.026166139
mattern_cov1,256,667,0.25000540738732324,0.2500054073873231,1.6653345369377348e-16,0.005637994,0.027113717
mattern_cov1,256,668,0.2500055776859188,0.25000557768591875,5.551115123125783e-17,0.005643866,0.027086604
mattern_cov1,256,669,0.2500055699009125,0.2500055699009124,1.1102230246251565e-16,0.005764471,0.02662908
mattern_cov1,256,670,0.2500055116525888,0.2500055116525887,5.551115123125783e-17,0.005655903,0.026778588
mattern_cov1,256,671,0.2500054909197824,0.25000549091978236,5.551115123125783e-17,0.005788836,0.027896411
mattern_cov1,256,672,0.2500054796172565,0.2500054796172564,1.1102230246251565e-16,0.00587567,0.026050714
mattern_cov1,256,673,0.25000556575972605,0.2500055657597259,1.6653345369377348e-16,0.005967606,0.028455999
mattern_cov1,256,674,0.25000547523237154,0.25000547523237143,1.1102230246251565e-16,0.006087175,0.026998624
mattern_cov1,256,675,0.2500054906788457,0.25000549067884553,1.6653345369377348e-16,0.005825853,0.029400512
mattern_cov1,256,676,0.25000546190528494,0.2500054619052848,1.6653345369377348e-16,0.005710088,0.027253891
mattern_cov1,256,677,0.2500055888274256,0.2500055888274255,5.551115123125783e-17,0.005673866,0.026092709
mattern_cov1,256,678,0.250005573255824,0.2500055732558238,2.220446049250313e-16,0.005701238,0.025924598
mattern_cov1,256,679,0.25000552109269547,0.25000552109269536,1.1102230246251565e-16,0.006030957,0.026655907
mattern_cov1,256,680,0.2500056050904952,0.250005605090495,1.6653345369377348e-16,0.005648255,0.02804074
mattern_cov1,256,681,0.25000550297555785,0.25000550297555774,1.1102230246251565e-16,0.005740979,0.026366113
mattern_cov1,256,682,0.2500054461565309,0.2500054461565308,1.1102230246251565e-16,0.005594356,0.026640126
mattern_cov1,256,683,0.25000552543013116,0.25000552543013094,2.220446049250313e-16,0.006153938,0.027661308
mattern_cov1,256,684,0.25000547933026623,0.2500054793302661,1.1102230246251565e-16,0.005881799,0.025985694
mattern_cov1,256,685,0.2500055084439097,0.2500055084439095,1.6653345369377348e-16,0.005591368,0.027561853
mattern_cov1,256,686,0.2500055796507547,0.2500055796507547,0.0,0.005721973,0.028543888
mattern_cov1,256,687,0.25000553860288005,0.25000553860287994,1.1102230246251565e-16,0.005792123,0.027752652
mattern_cov1,256,688,0.2500055536460976,0.25000555364609744,1.6653345369377348e-16,0.005671685,0.027014674
mattern_cov1,256,689,0.2500055284691702,0.25000552846917,1.6653345369377348e-16,0.0058453,0.027134638
mattern_cov1,256,690,0.25000547516893123,0.25000547516893107,1.6653345369377348e-16,0.005624159,0.028106469
mattern_cov1,256,691,0.25000551551985156,0.25000551551985145,1.1102230246251565e-16,0.005726549,0.026092584
mattern_cov1,256,692,0.2500056404962541,0.250005640496254,1.1102230246251565e-16,0.005841265,0.028916508
mattern_cov1,256,693,0.2500055199934157,0.25000551999341564,5.551115123125783e-17,0.005715401,0.028848884
mattern_cov1,256,694,0.25000559567242514,0.2500055956724251,5.551115123125783e-17,0.005958828,0.026326502
mattern_cov1,256,695,0.2500055510195836,0.2500055510195835,1.1102230246251565e-16,0.005823625,0.028259049
mattern_cov1,256,696,0.25000551052865355,0.25000551052865333,2.220446049250313e-16,0.005694651,0.026484012
mattern_cov1,256,697,0.25000545347192477,0.2500054534719246,1.6653345369377348e-16,0.005653247,0.024978958
mattern_cov1,256,698,0.2500056053018637,0.2500056053018636,1.1102230246251565e-16,0.005764769,0.02651635
mattern_cov1,256,699,0.2500055019968287,0.2500055019968286,1.1102230246251565e-16,0.00564999,0.026582207
mattern_cov1,256,700,0.250005549297817,0.2500055492978168,1.6653345369377348e-16,0.007877682,0.029393073
mattern_cov1,256,701,0.25000549282580437,0.2500054928258042,1.6653345369377348e-16,0.005757737,0.026269129
mattern_cov1,256,702,0.2500055367447311,0.25000553674473097,1.1102230246251565e-16,0.005636233,0.027801423
mattern_cov1,256,703,0.25000551794630993,0.25000551794630976,1.6653345369377348e-16,0.005734965,0.028649873
mattern_cov1,256,704,0.2500054909589143,0.25000549095891417,1.1102230246251565e-16,0.005680016,0.026808893
mattern_cov1,256,705,0.250005461705109,0.2500054617051088,2.220446049250313e-16,0.005771032,0.026441294
mattern_cov1,256,706,0.25000546293041964,0.25000546293041953,1.1102230246251565e-16,0.005818325,0.027347577
mattern_cov1,256,707,0.2500054747507801,0.25000547475078,1.1102230246251565e-16,0.005717617,0.027679793
mattern_cov1,256,708,0.25000562332397575,0.2500056233239755,2.220446049250313e-16,0.005698672,0.025805942
mattern_cov1,256,709,0.2500055239519718,0.25000552395197173,5.551115123125783e-17,0.005654773,0.028671176
mattern_cov1,256,710,0.25000551604772653,0.25000551604772636,1.6653345369377348e-16,0.0060571,0.027664508
mattern_cov1,256,711,0.25000545952508013,0.2500054595250801,5.551115123125783e-17,0.005680473,0.028129878
mattern_cov1,256,712,0.25000555237899896,0.25000555237899874,2.220446049250313e-16,0.006041011,0.025701914
mattern_cov1,256,713,0.25000553224465044,0.25000553224465033,1.1102230246251565e-16,0.005569515,0.028059798
mattern_cov1,256,714,0.25000551528503373,0.2500055152850336,1.1102230246251565e-16,0.005742475,0.027307378
mattern_cov1,256,715,0.2500055866495805,0.25000558664958045,5.551115123125783e-17,0.005747178,0.028647005
mattern_cov1,256,716,0.25000553875040205,0.25000553875040193,1.1102230246251565e-16,0.005926423,0.027217213
mattern_cov1,256,717,0.2500055249834827,0.25000552498348266,5.551115123125783e-17,0.005892651,0.026629887
mattern_cov1,256,718,0.250005427446871,0.2500054274468709,1.1102230246251565e-16,0.005648844,0.026833573
mattern_cov1,256,719,0.2500055769329625,0.2500055769329624,1.1102230246251565e-16,0.005835339,0.026998605
mattern_cov1,256,720,0.2500054711169093,0.25000547111690924,5.551115123125783e-17,0.005698502,0.028633715
mattern_cov1,256,721,0.25000551946142485,0.25000551946142463,2.220446049250313e-16,0.005981365,0.027253141
mattern_cov1,256,722,0.25000554265698166,0.25000554265698155,1.1102230246251565e-16,0.00584366,0.025693548
mattern_cov1,256,723,0.25000551744901406,0.2500055174490139,1.6653345369377348e-16,0.006111516,0.027643872
mattern_cov1,256,724,0.25000554782597945,0.25000554782597934,1.1102230246251565e-16,0.005862552,0.02663736
mattern_cov1,256,725,0.2500055777605295,0.2500055777605294,1.1102230246251565e-16,0.005898137,0.025349912
mattern_cov1,256,726,0.2500054695720629,0.25000546957206277,1.1102230246251565e-16,0.00566487,0.028887123
mattern_cov1,256,727,0.2500055117221773,0.25000551172217717,1.1102230246251565e-16,0.005738353,0.02715937
mattern_cov1,256,728,0.25000553520665636,0.25000553520665625,1.1102230246251565e-16,0.005708277,0.026584147
mattern_cov1,256,729,0.2500056025012199,0.2500056025012198,1.1102230246251565e-16,0.005986986,0.026942763
mattern_cov1,256,730,0.2500054764873761,0.25000547648737603,5.551115123125783e-17,0.005878298,0.027103463
mattern_cov1,256,731,0.2500056177467918,0.25000561774679175,5.551115123125783e-17,0.00570669,0.026006555
mattern_cov1,256,732,0.2500054439838753,0.2500054439838752,1.1102230246251565e-16,0.005777814,0.026505542
mattern_cov1,256,733,0.2500056193413193,0.2500056193413192,1.1102230246251565e-16,0.006025228,0.02654698
mattern_cov1,256,734,0.25000547213308555,0.2500054721330854,1.6653345369377348e-16,0.005861404,0.027351572
mattern_cov1,256,735,0.25000551941786625,0.25000551941786614,1.1102230246251565e-16,0.006040613,0.02754902
mattern_cov1,256,736,0.2500055475391407,0.25000554753914056,1.6653345369377348e-16,0.005701227,0.027122168
mattern_cov1,256,737,0.250005435907034,0.2500054359070338,2.220446049250313e-16,0.005734882,0.027785177
mattern_cov1,256,738,0.250005500100558,0.25000550010055783,1.6653345369377348e-16,0.005804594,0.02771392
mattern_cov1,256,739,0.250005493429726,0.2500054934297259,1.1102230246251565e-16,0.005828592,0.027357919
mattern_cov1,256,740,0.25000554826643423,0.2500055482664341,1.1102230246251565e-16,0.005756415,0.026335436
mattern_cov1,256,741,0.250005618806374,0.250005618806374,0.0,0.006068339,0.027368316
mattern_cov1,256,742,0.25000560877679195,0.2500056087767918,1.6653345369377348e-16,0.005724394,0.027203755
mattern_cov1,256,743,0.25000549890139645,0.2500054989013963,1.6653345369377348e-16,0.005658037,0.025381421
mattern_cov1,256,744,0.25000550766304286,0.2500055076630427,1.6653345369377348e-16,0.005771752,0.02781894
mattern_cov1,256,745,0.25000553820381494,0.2500055382038147,2.220446049250313e-16,0.005677558,0.027160178
mattern_cov1,256,746,0.2500055622888296,0.2500055622888295,1.1102230246251565e-16,0.005770192,0.027090933
mattern_cov1,256,747,0.25000552358789047,0.2500055235878903,1.6653345369377348e-16,0.005852229,0.026914993
mattern_cov1,256,748,0.25000559035978714,0.2500055903597869,2.220446049250313e-16,0.005906305,0.026310422
mattern_cov1,256,749,0.25000554378353473,0.2500055437835346,1.1102230246251565e-16,0.005732921,0.028670304
mattern_cov1,256,750,0.25000562258370235,0.2500056225837022,1.6653345369377348e-16,0.005790011,0.02710368
mattern_cov1,256,751,0.25000558385752913,0.250005583857529,1.1102230246251565e-16,0.005604823,0.027664252
mattern_cov1,256,752,0.25000558267217626,0.2500055826721761,1.6653345369377348e-16,0.005790092,0.027585616
mattern_cov1,256,753,0.25000549634648406,0.25000549634648395,1.1102230246251565e-16,0.005800486,0.025988473
mattern_cov1,256,754,0.25000550504667424,0.2500055050466741,1.1102230246251565e-16,0.00580184,0.028568536
mattern_cov1,256,755,0.2500055683227023,0.2500055683227022,1.1102230246251565e-16,0.005742605,0.026973225
mattern_cov1,256,756,0.2500055199570826,0.2500055199570825,1.1102230246251565e-16,0.005670065,0.027620007
mattern_cov1,256,757,0.25000547180461796,0.25000547180461785,1.1102230246251565e-16,0.00584505,0.027456188
mattern_cov1,256,758,0.250005510101248,0.25000551010124783,1.6653345369377348e-16,0.005740429,0.027293999
mattern_cov1,256,759,0.25000551085968775,0.25000551085968764,1.1102230246251565e-16,0.006037569,0.026752489
mattern_cov1,256,760,0.25000557840229404,0.25000557840229387,1.6653345369377348e-16,0.006031224,0.027644323
mattern_cov1,256,761,0.2500055731055764,0.2500055731055763,1.1102230246251565e-16,0.006217577,0.027627197
mattern_cov1,256,762,0.2500055663069778,0.2500055663069776,1.6653345369377348e-16,0.005964255,0.027918768
mattern_cov1,256,763,0.25000546987503136,0.25000546987503125,1.1102230246251565e-16,0.00584908,0.02721835
mattern_cov1,256,764,0.25000554387168955,0.25000554387168933,2.220446049250313e-16,0.005638149,0.026671357
mattern_cov1,256,765,0.2500055749409856,0.25000557494098535,2.220446049250313e-16,0.005650953,0.027723446
mattern_cov1,256,766,0.2500055014445415,0.2500055014445413,1.6653345369377348e-16,0.00576965,0.028804023
mattern_cov1,256,767,0.25000550663827587,0.25000550663827575,1.1102230246251565e-16,0.005722623,0.026409632
mattern_cov1,256,768,0.2500054397798664,0.2500054397798662,1.6653345369377348e-16,0.005637736,0.028209823
mattern_cov1,256,769,0.25000550927113446,0.25000550927113435,1.1102230246251565e-16,0.005765152,0.028900523
mattern_cov1,256,770,0.250005500669837,0.2500055006698368,2.220446049250313e-16,0.005703019,0.028164744
mattern_cov1,256,771,0.2500055334710726,0.2500055334710725,1.1102230246251565e-16,0.006009417,0.027033347
mattern_cov1,256,772,0.2500055797908143,0.25000557979081417,1.1102230246251565e-16,0.005771551,0.027319247
mattern_cov1,256,773,0.2500054715617331,0.250005471561733,1.1102230246251565e-16,0.006056944,0.028087411
mattern_cov1,256,774,0.25000550893291534,0.2500055089329153,5.551115123125783e-17,0.005749662,0.026662923
mattern_cov1,256,775,0.25000566702553806,0.2500056670255379,1.6653345369377348e-16,0.005866326,0.027630556
mattern_cov1,256,776,0.2500055978330728,0.25000559783307263,1.6653345369377348e-16,0.005779587,0.028702002
mattern_cov1,256,777,0.2500054762926503,0.2500054762926502,1.1102230246251565e-16,0.005677607,0.024731981
mattern_cov1,256,778,0.250005499539848,0.2500054995398479,1.1102230246251565e-16,0.005817932,0.025284202
mattern_cov1,256,779,0.25000565249766543,0.2500056524976653,1.1102230246251565e-16,0.005656966,0.027188748
mattern_cov1,256,780,0.2500055174682369,0.2500055174682367,2.220446049250313e-16,0.005682976,0.026079304
mattern_cov1,256,781,0.2500055169705047,0.25000551697050466,5.551115123125783e-17,0.005810241,0.027459916
mattern_cov1,256,782,0.25000547707921655,0.25000547707921644,1.1102230246251565e-16,0.005835505,0.027388898
mattern_cov1,256,783,0.25000552556700323,0.2500055255670031,1.1102230246251565e-16,0.005993971,0.026053648
mattern_cov1,256,784,0.25000557117510824,0.25000557117510813,1.1102230246251565e-16,0.005688856,0.026293085
mattern_cov1,256,785,0.2500055766826114,0.25000557668261136,5.551115123125783e-17,0.005908958,0.025765087
mattern_cov1,256,786,0.25000547417967084,0.25000547417967073,1.1102230246251565e-16,0.005771158,0.027807495
mattern_cov1,256,787,0.25000546535663587,0.25000546535663576,1.1102230246251565e-16,0.005607266,0.026040713
mattern_cov1,256,788,0.25000549441566516,0.25000549441566505,1.1102230246251565e-16,0.005571187,0.024921347
mattern_cov1,256,789,0.2500056001802566,0.25000560018025636,2.220446049250313e-16,0.005736561,0.027954306
mattern_cov1,256,790,0.25000543301299594,0.2500054330129959,5.551115123125783e-17,0.005849385,0.027040814
mattern_cov1,256,791,0.25000548979229736,0.25000548979229725,1.1102230246251565e-16,0.005654723,0.027333653
mattern_cov1,256,792,0.2500055482383678,0.2500055482383677,1.1102230246251565e-16,0.00589848,0.027222014
mattern_cov1,256,793,0.25000545598779633,0.2500054559877963,5.551115123125783e-17,0.005668569,0.026078739
mattern_cov1,256,794,0.25000547685861013,0.25000547685861,1.1102230246251565e-16,0.005679102,0.025525387
mattern_cov1,256,795,0.25000556456515455,0.25000556456515444,1.1102230246251565e-16,0.005780645,0.026780685
mattern_cov1,256,796,0.25000552468129855,0.25000552468129844,1.1102230246251565e-16,0.005922746,0.026592107
mattern_cov1,256,797,0.2500055522607832,0.25000555226078297,2.220446049250313e-16,0.005776972,0.026506983
mattern_cov1,256,798,0.25000550806487887,0.25000550806487876,1.1102230246251565e-16,0.005929846,0.027760032
mattern_cov1,256,799,0.2500055311750787,0.25000553117507857,1.1102230246251565e-16,0.005725293,0.024597818
mattern_cov1,256,800,0.2500054638361817,0.25000546383618166,5.551115123125783e-17,0.00571196,0.025337724
mattern_cov1,256,801,0.25000549086586976,0.2500054908658696,1.6653345369377348e-16,0.006046411,0.025565629
mattern_cov1,256,802,0.2500055051313148,0.25000550513131475,5.551115123125783e-17,0.005982271,0.027100116
mattern_cov1,256,803,0.25000557101038545,0.2500055710103854,5.551115123125783e-17,0.005778166,0.025935937
mattern_cov1,256,804,0.25000555408068936,0.2500055540806892,1.6653345369377348e-16,0.005652391,0.025456255
mattern_cov1,256,805,0.2500054720383338,0.2500054720383336,1.6653345369377348e-16,0.005913377,0.025311364
mattern_cov1,256,806,0.25000551402339855,0.25000551402339843,1.1102230246251565e-16,0.005754467,0.02867094
mattern_cov1,256,807,0.2500054537686564,0.2500054537686562,2.220446049250313e-16,0.005713725,0.027603653
mattern_cov1,256,808,0.250005664459046,0.2500056644590458,1.6653345369377348e-16,0.005722716,0.026876112
mattern_cov1,256,809,0.2500055458749942,0.2500055458749941,1.1102230246251565e-16,0.005811625,0.026741763
mattern_cov1,256,810,0.2500054911863188,0.2500054911863187,1.1102230246251565e-16,0.005597258,0.02591824
mattern_cov1,256,811,0.2500055580130596,0.25000555801305957,5.551115123125783e-17,0.005676904,0.027093907
mattern_cov1,256,812,0.250005547159803,0.2500055471598029,1.1102230246251565e-16,0.005745841,0.026007076
mattern_cov1,256,813,0.25000557501050175,0.25000557501050164,1.1102230246251565e-16,0.005593508,0.026103432
mattern_cov1,256,814,0.25000546783303407,0.2500054678330339,1.6653345369377348e-16,0.005674786,0.026838747
mattern_cov1,256,815,0.25000553414775156,0.2500055341477514,1.6653345369377348e-16,0.005723622,0.026161905
mattern_cov1,256,816,0.25000551992673975,0.25000551992673953,2.220446049250313e-16,0.005887161,0.025754998
mattern_cov1,256,817,0.25000552560073236,0.25000552560073225,1.1102230246251565e-16,0.005726236,0.026697824
mattern_cov1,256,818,0.2500056028987003,0.25000560289870016,1.1102230246251565e-16,0.005739142,0.02517502
mattern_cov1,256,819,0.25000559151087737,0.2500055915108772,1.6653345369377348e-16,0.005642502,0.027917887
mattern_cov1,256,820,0.25000569258181465,0.25000569258181454,1.1102230246251565e-16,0.005597679,0.027258989
mattern_cov1,256,821,0.25000561470552096,0.2500056147055208,1.6653345369377348e-16,0.005694,0.02496657
mattern_cov1,256,822,0.2500055385912975,0.2500055385912973,1.6653345369377348e-16,0.00598618,0.027615954
mattern_cov1,256,823,0.25000555114185447,0.2500055511418544,5.551115123125783e-17,0.005821623,0.027476204
mattern_cov1,256,824,0.2500055723114407,0.2500055723114406,1.1102230246251565e-16,0.005694327,0.027107067
mattern_cov1,256,825,0.25000552921114133,0.25000552921114116,1.6653345369377348e-16,0.005857446,0.024171006
mattern_cov1,256,826,0.2500055680776731,0.250005568077673,1.1102230246251565e-16,0.005820072,0.026183937
mattern_cov1,256,827,0.25000552899326695,0.2500055289932668,1.6653345369377348e-16,0.005667581,0.027787903
mattern_cov1,256,828,0.2500055672738243,0.25000556727382417,1.1102230246251565e-16,0.0056493,0.025498543
mattern_cov1,256,829,0.25000555913432104,0.25000555913432093,1.1102230246251565e-16,0.005772191,0.028282674
mattern_cov1,256,830,0.2500054843220291,0.2500054843220289,2.220446049250313e-16,0.005830176,0.026495936
mattern_cov1,256,831,0.2500055982613523,0.25000559826135227,5.551115123125783e-17,0.005936715,0.026015078
mattern_cov1,256,832,0.2500054462351082,0.25000544623510806,1.1102230246251565e-16,0.005755899,0.026149863
mattern_cov1,256,833,0.25000557556868325,0.2500055755686831,1.6653345369377348e-16,0.005628255,0.024952929
mattern_cov1,256,834,0.2500055113346359,0.2500055113346358,1.1102230246251565e-16,0.00579245,0.026229132
mattern_cov1,256,835,0.25000553637785417,0.25000553637785405,1.1102230246251565e-16,0.005757865,0.02819373
mattern_cov1,256,836,0.25000561077302225,0.2500056107730221,1.6653345369377348e-16,0.005548206,0.026372793
mattern_cov1,256,837,0.25000559843006526,0.25000559843006515,1.1102230246251565e-16,0.005628266,0.026223071
mattern_cov1,256,838,0.25000541411365934,0.25000541411365923,1.1102230246251565e-16,0.005714266,0.026909986
mattern_cov1,256,839,0.2500054797529219,0.2500054797529218,1.1102230246251565e-16,0.005739921,0.024952576
mattern_cov1,256,840,0.2500055632316259,0.25000556323162576,1.6653345369377348e-16,0.005668054,0.027854071
mattern_cov1,256,841,0.2500055285945021,0.250005528594502,1.1102230246251565e-16,0.005920834,0.026727435
mattern_cov1,256,842,0.2500055570429472,0.2500055570429471,1.1102230246251565e-16,0.005648568,0.026580842
mattern_cov1,256,843,0.2500055652184116,0.2500055652184115,1.1102230246251565e-16,0.005851595,0.026537857
mattern_cov1,256,844,0.25000557305534216,0.25000557305534205,1.1102230246251565e-16,0.0058467,0.025554892
mattern_cov1,256,845,0.2500055643543815,0.25000556435438137,1.1102230246251565e-16,0.005718163,0.027144973
mattern_cov1,256,846,0.25000551839501645,0.2500055183950164,5.551115123125783e-17,0.005728511,0.028343163
mattern_cov1,256,847,0.2500055068086292,0.25000550680862904,1.6653345369377348e-16,0.00594397,0.026581798
mattern_cov1,256,848,0.25000551842429847,0.2500055184242983,1.6653345369377348e-16,0.005686899,0.026046799
mattern_cov1,256,849,0.2500055891481881,0.250005589148188,1.1102230246251565e-16,0.005892571,0.028472388
mattern_cov1,256,850,0.25000559950313445,0.2500055995031343,1.6653345369377348e-16,0.005800012,0.026309424
mattern_cov1,256,851,0.2500055868740964,0.2500055868740962,2.220446049250313e-16,0.005658921,0.025708246
mattern_cov1,256,852,0.2500055538498321,0.25000555384983203,5.551115123125783e-17,0.005804784,0.026594362
mattern_cov1,256,853,0.250005505013197,0.25000550501319685,1.6653345369377348e-16,0.00582817,0.026802867
mattern_cov1,256,854,0.2500054570498041,0.250005457049804,1.1102230246251565e-16,0.005627423,0.02532624
mattern_cov1,256,855,0.2500054741024376,0.25000547410243756,5.551115123125783e-17,0.005711687,0.026704395
mattern_cov1,256,856,0.2500055193492485,0.25000551934924836,1.1102230246251565e-16,0.005946437,0.026483633
mattern_cov1,256,857,0.2500055001144513,0.2500055001144512,5.551115123125783e-17,0.00569198,0.025246364
mattern_cov1,256,858,0.2500055226279412,0.250005522627941,1.6653345369377348e-16,0.005797425,0.028322383
mattern_cov1,256,859,0.25000559736910793,0.2500055973691078,1.1102230246251565e-16,0.005949733,0.026360543
mattern_cov1,256,860,0.2500055242825138,0.2500055242825137,1.1102230246251565e-16,0.00565433,0.027617775
mattern_cov1,256,861,0.2500055917806903,0.25000559178069026,5.551115123125783e-17,0.006132739,0.027037765
mattern_cov1,256,862,0.2500055389216889,0.2500055389216888,1.1102230246251565e-16,0.005642265,0.026338395
mattern_cov1,256,863,0.2500056267668208,0.2500056267668207,1.1102230246251565e-16,0.005649568,0.028402968
mattern_cov1,256,864,0.2500056702868763,0.2500056702868762,1.1102230246251565e-16,0.005772401,0.026682475
mattern_cov1,256,865,0.2500055042059395,0.25000550420593937,1.1102230246251565e-16,0.005682107,0.025264887
mattern_cov1,256,866,0.2500054497508088,0.25000544975080863,1.6653345369377348e-16,0.005698061,0.02718174
mattern_cov1,256,867,0.25000550280959505,0.2500055028095949,1.6653345369377348e-16,0.005757216,0.02668874
mattern_cov1,256,868,0.2500055751640454,0.2500055751640453,1.1102230246251565e-16,0.005846137,0.025906616
mattern_cov1,256,869,0.25000552988078245,0.2500055298807823,1.6653345369377348e-16,0.005723262,0.026488069
mattern_cov1,256,870,0.25000549925373017,0.25000549925373006,1.1102230246251565e-16,0.005769669,0.027275203
mattern_cov1,256,871,0.25000564237192047,0.2500056423719204,5.551115123125783e-17,0.006003482,0.026499847
mattern_cov1,256,872,0.25000541969759316,0.250005419697593,1.6653345369377348e-16,0.005656284,0.026484589
mattern_cov1,256,873,0.25000544289216126,0.25000544289216114,1.1102230246251565e-16,0.005684891,0.026561829
mattern_cov1,256,874,0.2500055204467723,0.2500055204467722,1.1102230246251565e-16,0.005595788,0.027273855
mattern_cov1,256,875,0.2500055781295318,0.25000557812953167,1.1102230246251565e-16,0.005675718,0.028692554
mattern_cov1,256,876,0.25000563910262114,0.2500056391026209,2.220446049250313e-16,0.005622454,0.027680826
mattern_cov1,256,877,0.25000548932158045,0.25000548932158034,1.1102230246251565e-16,0.00564742,0.027220865
mattern_cov1,256,878,0.25000553350695115,0.25000553350695104,1.1102230246251565e-16,0.005770435,0.026381644
mattern_cov1,256,879,0.25000548570046227,0.25000548570046216,1.1102230246251565e-16,0.005717003,0.026758116
mattern_cov1,256,880,0.2500055350072235,0.2500055350072234,1.1102230246251565e-16,0.005626678,0.026125522
mattern_cov1,256,881,0.25000550219533885,0.2500055021953387,1.6653345369377348e-16,0.005731831,0.028830533
mattern_cov1,256,882,0.2500056296456648,0.2500056296456647,1.1102230246251565e-16,0.005684072,0.027292663
mattern_cov1,256,883,0.2500054965931136,0.2500054965931135,1.1102230246251565e-16,0.005686783,0.026117185
mattern_cov1,256,884,0.25000549639065245,0.2500054963906523,1.6653345369377348e-16,0.006103693,0.028593612
mattern_cov1,256,885,0.250005445989045,0.2500054459890449,1.1102230246251565e-16,0.005718038,0.024748537
mattern_cov1,256,886,0.2500055610569229,0.25000556105692273,1.6653345369377348e-16,0.005940975,0.025966694
mattern_cov1,256,887,0.25000547573636595,0.25000547573636583,1.1102230246251565e-16,0.00580877,0.027703397
mattern_cov1,256,888,0.25000549428819335,0.25000549428819324,1.1102230246251565e-16,0.005713775,0.0280211
mattern_cov1,256,889,0.2500055426103023,0.2500055426103021,1.6653345369377348e-16,0.005650054,0.02587133
mattern_cov1,256,890,0.2500055989728713,0.25000559897287117,1.1102230246251565e-16,0.006066835,0.028198713
mattern_cov1,256,891,0.2500055792929466,0.2500055792929465,1.1102230246251565e-16,0.005669486,0.027319452
mattern_cov1,256,892,0.2500055714194244,0.25000557141942426,1.6653345369377348e-16,0.005733103,0.027639839
mattern_cov1,256,893,0.25000558612648716,0.25000558612648693,2.220446049250313e-16,0.005831012,0.027587218
mattern_cov1,256,894,0.25000558105006415,0.25000558105006404,1.1102230246251565e-16,0.005693657,0.02659438
mattern_cov1,256,895,0.25000554459480395,0.25000554459480384,1.1102230246251565e-16,0.005714625,0.026833098
mattern_cov1,256,896,0.2500055732286406,0.2500055732286405,1.1102230246251565e-16,0.005665444,0.023552063
mattern_cov1,256,897,0.2500055662964668,0.2500055662964667,1.1102230246251565e-16,0.005594502,0.025868761
mattern_cov1,256,898,0.25000546352695224,0.250005463526952,2.220446049250313e-16,0.005744951,0.028208062
mattern_cov1,256,899,0.25000542903694617,0.2500054290369461,5.551115123125783e-17,0.005896977,0.026308721
mattern_cov1,256,900,0.25000549100082486,0.2500054910008247,1.6653345369377348e-16,0.005746854,0.025006597
mattern_cov1,256,901,0.2500054176589627,0.2500054176589626,1.1102230246251565e-16,0.005843261,0.02617671
mattern_cov1,256,902,0.25000553685356375,0.25000553685356364,1.1102230246251565e-16,0.005857603,0.029075157
mattern_cov1,256,903,0.2500055011846442,0.2500055011846441,1.1102230246251565e-16,0.0059218,0.026905986
mattern_cov1,256,904,0.2500055274247988,0.2500055274247987,1.1102230246251565e-16,0.005608783,0.027057078
mattern_cov1,256,905,0.2500055429527835,0.2500055429527834,1.1102230246251565e-16,0.005719306,0.026493771
mattern_cov1,256,906,0.25000554646516765,0.2500055464651674,2.220446049250313e-16,0.005620224,0.02836438
mattern_cov1,256,907,0.2500055711160244,0.25000557111602423,1.6653345369377348e-16,0.006085114,0.026410449
mattern_cov1,256,908,0.25000544719502904,0.2500054471950289,1.6653345369377348e-16,0.005641592,0.026762337
mattern_cov1,256,909,0.250005617155846,0.2500056171558458,2.220446049250313e-16,0.005648587,0.026080427
mattern_cov1,256,910,0.25000556125054646,0.25000556125054624,2.220446049250313e-16,0.005681749,0.028058723
mattern_cov1,256,911,0.25000550400378524,0.250005504003785,2.220446049250313e-16,0.005907466,0.02674987
mattern_cov1,256,912,0.25000563062070413,0.25000563062070397,1.6653345369377348e-16,0.006149619,0.026679016
mattern_cov1,256,913,0.2500055127760414,0.25000551277604127,1.1102230246251565e-16,0.005797397,0.028781172
mattern_cov1,256,914,0.250005518251725,0.2500055182517249,1.1102230246251565e-16,0.005696038,0.027027579
mattern_cov1,256,915,0.2500054928910766,0.25000549289107643,1.6653345369377348e-16,0.005590335,0.026284282
mattern_cov1,256,916,0.2500055784781235,0.25000557847812327,2.220446049250313e-16,0.005719861,0.026464896
mattern_cov1,256,917,0.25000548918802934,0.2500054891880292,1.6653345369377348e-16,0.005982981,0.026018431
mattern_cov1,256,918,0.25000556562299875,0.25000556562299864,1.1102230246251565e-16,0.005710069,0.026736662
mattern_cov1,256,919,0.250005591141166,0.2500055911411659,1.1102230246251565e-16,0.005700124,0.029104295
mattern_cov1,256,920,0.25000558528149347,0.25000558528149336,1.1102230246251565e-16,0.005964114,0.025928629
mattern_cov1,256,921,0.25000551882251065,0.25000551882251054,1.1102230246251565e-16,0.005655177,0.026833161
mattern_cov1,256,922,0.2500055411877861,0.250005541187786,1.1102230246251565e-16,0.005812739,0.026725768
mattern_cov1,256,923,0.2500054240024719,0.2500054240024717,1.6653345369377348e-16,0.00597609,0.024201834
mattern_cov1,256,924,0.25000564046283685,0.25000564046283674,1.1102230246251565e-16,0.005735623,0.026827053
mattern_cov1,256,925,0.2500056253234961,0.25000562532349596,1.1102230246251565e-16,0.005721784,0.028817974
mattern_cov1,256,926,0.25000560745017897,0.2500056074501789,5.551115123125783e-17,0.005941377,0.025871822
mattern_cov1,256,927,0.25000553173390744,0.2500055317339074,5.551115123125783e-17,0.005619507,0.026949552
mattern_cov1,256,928,0.25000557667730056,0.2500055766773004,1.6653345369377348e-16,0.005975674,0.027175229
mattern_cov1,256,929,0.250005423477499,0.2500054234774988,1.6653345369377348e-16,0.005779041,0.028538008
mattern_cov1,256,930,0.2500055436864766,0.2500055436864764,2.220446049250313e-16,0.005762336,0.02648882
mattern_cov1,256,931,0.25000554199701014,0.25000554199701,1.6653345369377348e-16,0.005665419,0.025211645
mattern_cov1,256,932,0.2500055726521879,0.25000557265218776,1.6653345369377348e-16,0.005802511,0.025430323
mattern_cov1,256,933,0.2500055730457276,0.2500055730457275,1.1102230246251565e-16,0.005746673,0.028288014
mattern_cov1,256,934,0.2500055078423912,0.25000550784239106,1.1102230246251565e-16,0.005738414,0.026830029
mattern_cov1,256,935,0.2500056196379515,0.2500056196379513,1.6653345369377348e-16,0.005711317,0.026230244
mattern_cov1,256,936,0.250005444971459,0.2500054449714588,1.6653345369377348e-16,0.005760027,0.027007292
mattern_cov1,256,937,0.2500054919923039,0.25000549199230376,1.1102230246251565e-16,0.005759949,0.024522743
mattern_cov1,256,938,0.2500054966728105,0.25000549667281036,1.6653345369377348e-16,0.005750559,0.027043947
mattern_cov1,256,939,0.25000546952976205,0.25000546952976194,1.1102230246251565e-16,0.005762608,0.02674673
mattern_cov1,256,940,0.2500055022551284,0.25000550225512824,1.6653345369377348e-16,0.005898769,0.02723138
mattern_cov1,256,941,0.25000547827308567,0.25000547827308556,1.1102230246251565e-16,0.006020197,0.026935157
mattern_cov1,256,942,0.2500055056545508,0.2500055056545507,1.1102230246251565e-16,0.005763518,0.026897564
mattern_cov1,256,943,0.25000550275411043,0.2500055027541103,1.1102230246251565e-16,0.00563184,0.027700469
mattern_cov1,256,944,0.25000553572743645,0.25000553572743633,1.1102230246251565e-16,0.005915474,0.026267126
mattern_cov1,256,945,0.2500055283196457,0.2500055283196455,1.6653345369377348e-16,0.00604903,0.025580837
mattern_cov1,256,946,0.2500054641683704,0.2500054641683703,1.1102230246251565e-16,0.005709321,0.027283109
mattern_cov1,256,947,0.2500056157451391,0.2500056157451389,1.6653345369377348e-16,0.005792154,0.026893781
mattern_cov1,256,948,0.25000544957398574,0.2500054495739856,1.1102230246251565e-16,0.005682012,0.026657415
mattern_cov1,256,949,0.25000552103281654,0.25000552103281637,1.6653345369377348e-16,0.005870675,0.026382348
mattern_cov1,256,950,0.2500055045341995,0.2500055045341994,1.1102230246251565e-16,0.005859951,0.026964122
mattern_cov1,256,951,0.25000554599230246,0.25000554599230235,1.1102230246251565e-16,0.005942959,0.027604393
mattern_cov1,256,952,0.250005535695024,0.2500055356950238,1.6653345369377348e-16,0.00601173,0.026594633
mattern_cov1,256,953,0.2500054584965689,0.2500054584965688,1.1102230246251565e-16,0.005771586,0.027222223
mattern_cov1,256,954,0.2500055412695766,0.2500055412695764,1.6653345369377348e-16,0.00576261,0.027151638
mattern_cov1,256,955,0.25000554903924227,0.25000554903924216,1.1102230246251565e-16,0.005734557,0.027827442
mattern_cov1,256,956,0.25000543461472635,0.2500054346147262,1.6653345369377348e-16,0.005838119,0.027965138
mattern_cov1,256,957,0.25000564789974383,0.25000564789974367,1.6653345369377348e-16,0.005765036,0.027186248
mattern_cov1,256,958,0.2500054694662352,0.2500054694662352,0.0,0.005823685,0.027146995
mattern_cov1,256,959,0.2500055318189931,0.25000553181899293,1.6653345369377348e-16,0.005747716,0.026332337
mattern_cov1,256,960,0.2500055415044225,0.25000554150442234,1.6653345369377348e-16,0.005929829,0.026665628
mattern_cov1,256,961,0.2500054776185056,0.25000547761850545,1.6653345369377348e-16,0.00585804,0.024112961
mattern_cov1,256,962,0.2500055609655902,0.25000556096559007,1.1102230246251565e-16,0.005911418,0.028196445
mattern_cov1,256,963,0.250005499996456,0.25000549999645594,5.551115123125783e-17,0.005957042,0.026426371
mattern_cov1,256,964,0.25000556623151216,0.25000556623151204,1.1102230246251565e-16,0.005821663,0.024297174
mattern_cov1,256,965,0.2500056233605784,0.25000562336057824,1.6653345369377348e-16,0.005595776,0.026508859
mattern_cov1,256,966,0.2500056394846963,0.2500056394846961,1.6653345369377348e-16,0.005632369,0.026528861
mattern_cov1,256,967,0.2500055674205009,0.2500055674205008,1.1102230246251565e-16,0.005756506,0.028422884
mattern_cov1,256,968,0.250005595298057,0.2500055952980569,1.1102230246251565e-16,0.005678856,0.02486242
mattern_cov1,256,969,0.2500055957803711,0.250005595780371,1.1102230246251565e-16,0.005910199,0.026863943
mattern_cov1,256,970,0.2500055425464878,0.2500055425464877,1.1102230246251565e-16,0.005771989,0.02560666
mattern_cov1,256,971,0.2500055521994672,0.250005552199467,1.6653345369377348e-16,0.005788308,0.025081613
mattern_cov1,256,972,0.25000550359168877,0.2500055035916887,5.551115123125783e-17,0.005725942,0.025865287
mattern_cov1,256,973,0.2500055689528094,0.2500055689528093,1.1102230246251565e-16,0.005761774,0.028506044
mattern_cov1,256,974,0.2500055578674771,0.25000555786747697,1.1102230246251565e-16,0.005642003,0.025743884
mattern_cov1,256,975,0.2500055239450731,0.2500055239450729,1.6653345369377348e-16,0.005670493,0.023624638
mattern_cov1,256,976,0.2500055134569146,0.25000551345691446,1.1102230246251565e-16,0.006119358,0.027627908
mattern_cov1,256,977,0.25000561915554537,0.25000561915554526,1.1102230246251565e-16,0.00565433,0.025070349
mattern_cov1,256,978,0.25000556488629516,0.25000556488629505,1.1102230246251565e-16,0.005665499,0.028212085
mattern_cov1,256,979,0.2500054978729121,0.250005497872912,1.1102230246251565e-16,0.005797479,0.027317784
mattern_cov1,256,980,0.25000561113944225,0.2500056111394421,1.6653345369377348e-16,0.005715506,0.025352048
mattern_cov1,256,981,0.25000542746824705,0.2500054274682469,1.6653345369377348e-16,0.005676843,0.026558947
mattern_cov1,256,982,0.2500055061640269,0.2500055061640268,1.1102230246251565e-16,0.006083036,0.027483939
mattern_cov1,256,983,0.25000544373364125,0.2500054437336412,5.551115123125783e-17,0.005665129,0.028511896
mattern_cov1,256,984,0.2500055687631299,0.2500055687631298,1.1102230246251565e-16,0.005647499,0.024856559
mattern_cov1,256,985,0.2500055154397476,0.25000551543974747,1.1102230246251565e-16,0.005790047,0.027402431
mattern_cov1,256,986,0.25000544467830055,0.2500054446783004,1.6653345369377348e-16,0.006043296,0.026265743
mattern_cov1,256,987,0.25000559049494125,0.25000559049494103,2.220446049250313e-16,0.005762851,0.026690323
mattern_cov1,256,988,0.2500054828842046,0.25000548288420454,5.551115123125783e-17,0.005659589,0.025141578
mattern_cov1,256,989,0.25000551431622203,0.2500055143162219,1.1102230246251565e-16,0.005906451,0.027518928
mattern_cov1,256,990,0.2500055101605799,0.2500055101605798,1.1102230246251565e-16,0.005710787,0.028241468
mattern_cov1,256,991,0.25000544896889915,0.250005448968899,1.6653345369377348e-16,0.005713258,0.027630363
mattern_cov1,256,992,0.25000555738739344,0.2500055573873932,2.220446049250313e-16,0.005613168,0.026393992
mattern_cov1,256,993,0.2500055664587671,0.250005566458767,1.1102230246251565e-16,0.005889632,0.026816731
mattern_cov1,256,994,0.25000552843146423,0.2500055284314641,1.1102230246251565e-16,0.005871039,0.025775901
mattern_cov1,256,995,0.2500054445030028,0.2500054445030027,1.1102230246251565e-16,0.0057589,0.027387186
mattern_cov1,256,996,0.25000556158476345,0.25000556158476334,1.1102230246251565e-16,0.005712489,0.028601562
mattern_cov1,256,997,0.25000552598940695,0.2500055259894068,1.6653345369377348e-16,0.00575675,0.026713466
mattern_cov1,256,998,0.2500054478093238,0.2500054478093237,1.1102230246251565e-16,0.005654898,0.025430128
mattern_cov1,256,999,0.2500055152718137,0.2500055152718135,1.6653345369377348e-16,0.006001554,0.028203888
mattern_cov1,256,1000,0.25000557726887496,0.2500055772688748,1.6653345369377348e-16,0.005882704,0.02751586
mattern_cov1,1024,1,0.26639507859961614,0.2663950785996146,1.5543122344752192e-15,0.032999588,0.117177328
mattern_cov1,1024,2,0.2660496467150701,0.2660496467150684,1.6653345369377348e-15,0.031801037,0.107002149
mattern_cov1,1024,3,0.2658354801500479,0.26583548015004627,1.609823385706477e-15,0.032450053,0.115918422
mattern_cov1,1024,4,0.2665304961702203,0.2665304961702187,1.609823385706477e-15,0.032016087,0.111025516
mattern_cov1,1024,5,0.2666747353879348,0.26667473538793324,1.5543122344752192e-15,0.032777324,0.111548081
mattern_cov1,1024,6,0.26620107220126354,0.26620107220126193,1.609823385706477e-15,0.032606727,0.107032116
mattern_cov1,1024,7,0.26623390321649953,0.26623390321649804,1.4988010832439613e-15,0.032158692,0.110466546
mattern_cov1,1024,8,0.2659736402702415,0.26597364027023995,1.5543122344752192e-15,0.031976194,0.110512745
mattern_cov1,1024,9,0.26638057572247176,0.2663805757224702,1.5543122344752192e-15,0.032313942,0.112848288
mattern_cov1,1024,10,0.26601233382041783,0.26601233382041617,1.6653345369377348e-15,0.032220973,0.111154559
mattern_cov1,1024,11,0.2662428846671116,0.2662428846671101,1.4988010832439613e-15,0.03222601,0.111960722
mattern_cov1,1024,12,0.26645283828973126,0.2664528382897297,1.5543122344752192e-15,0.032653167,0.11137559
mattern_cov1,1024,13,0.2655466252648169,0.2655466252648154,1.5543122344752192e-15,0.03191371,0.115343133
mattern_cov1,1024,14,0.2665875337064422,0.26658753370644067,1.5543122344752192e-15,0.032355812,0.108693397
mattern_cov1,1024,15,0.26602464547664056,0.266024645476639,1.5543122344752192e-15,0.032685276,0.115687459
mattern_cov1,1024,16,0.26634413957071645,0.26634413957071484,1.609823385706477e-15,0.031855068,0.11315229
mattern_cov1,1024,17,0.2656956593567949,0.2656956593567934,1.4988010832439613e-15,0.031570375,0.115386712
mattern_cov1,1024,18,0.26648995591525915,0.26648995591525765,1.4988010832439613e-15,0.032085603,0.111286879
mattern_cov1,1024,19,0.2659581239753553,0.2659581239753537,1.609823385706477e-15,0.032309756,0.108685484
mattern_cov1,1024,20,0.2659134396915939,0.2659134396915923,1.609823385706477e-15,0.032270645,0.112524572
mattern_cov1,1024,21,0.2661780546853899,0.26617805468538847,1.4432899320127035e-15,0.032013699,0.106380459
mattern_cov1,1024,22,0.266496725017902,0.2664967250179005,1.4988010832439613e-15,0.032148618,0.11344533
mattern_cov1,1024,23,0.26626319882304195,0.2662631988230404,1.5543122344752192e-15,0.032165801,0.115988021
mattern_cov1,1024,24,0.26672353795651166,0.2667235379565101,1.5543122344752192e-15,0.031942068,0.115365781
mattern_cov1,1024,25,0.26631720469530645,0.2663172046953049,1.5543122344752192e-15,0.032142744,0.115593261
mattern_cov1,1024,26,0.2663110632788597,0.2663110632788582,1.5543122344752192e-15,0.032449406,0.104636245
mattern_cov1,1024,27,0.26572815800371125,0.26572815800370975,1.4988010832439613e-15,0.032454044,0.114147641
mattern_cov1,1024,28,0.26633812827970915,0.26633812827970754,1.609823385706477e-15,0.032157603,0.111056252
mattern_cov1,1024,29,0.26636486990845437,0.2663648699084528,1.5543122344752192e-15,0.03224813,0.104134326
mattern_cov1,1024,30,0.26662388438501333,0.2666238843850118,1.5543122344752192e-15,0.032678154,0.114336391
mattern_cov1,1024,31,0.26614040358177593,0.2661404035817743,1.609823385706477e-15,0.032034427,0.110417258
mattern_cov1,1024,32,0.2654517348052212,0.2654517348052196,1.609823385706477e-15,0.031885128,0.111240136
mattern_cov1,1024,33,0.26612970615669507,0.2661297061566935,1.5543122344752192e-15,0.032576604,0.111506047
mattern_cov1,1024,34,0.2660778324819238,0.26607783248192224,1.5543122344752192e-15,0.031952477,0.115617774
mattern_cov1,1024,35,0.2661271894483574,0.26612718944835584,1.5543122344752192e-15,0.032074106,0.117691908
mattern_cov1,1024,36,0.26606617627088536,0.2660661762708839,1.4432899320127035e-15,0.032143603,0.116333325
mattern_cov1,1024,37,0.26607966907053304,0.26607966907053143,1.609823385706477e-15,0.032035138,0.120471643
mattern_cov1,1024,38,0.26608870516551436,0.2660887051655128,1.5543122344752192e-15,0.03267185,0.117231019
mattern_cov1,1024,39,0.2661980268366111,0.2661980268366095,1.609823385706477e-15,0.032047516,0.115768639
mattern_cov1,1024,40,0.2663840340124785,0.26638403401247684,1.6653345369377348e-15,0.032434284,0.110556874
mattern_cov1,1024,41,0.26618048321663645,0.26618048321663484,1.609823385706477e-15,0.032814609,0.117053536
mattern_cov1,1024,42,0.2662251783299951,0.26622517832999354,1.5543122344752192e-15,0.032494148,0.106320735
mattern_cov1,1024,43,0.2658928574598393,0.26589285745983765,1.6653345369377348e-15,0.031987131,0.11059324
mattern_cov1,1024,44,0.26629944579631654,0.266299445796315,1.5543122344752192e-15,0.032048333,0.111240275
mattern_cov1,1024,45,0.2659108632014083,0.2659108632014067,1.5543122344752192e-15,0.032223256,0.108076758
mattern_cov1,1024,46,0.2661257256527117,0.26612572565271014,1.5543122344752192e-15,0.032614804,0.109735585
mattern_cov1,1024,47,0.266615460019692,0.26661546001969044,1.5543122344752192e-15,0.031905865,0.113820371
mattern_cov1,1024,48,0.26604202611201483,0.2660420261120134,1.4432899320127035e-15,0.0322186,0.110786155
mattern_cov1,1024,49,0.2661703493528016,0.2661703493528001,1.4988010832439613e-15,0.031910427,0.112788879
mattern_cov1,1024,50,0.2661748660998728,0.26617486609987123,1.5543122344752192e-15,0.032601254,0.10963052
mattern_cov1,1024,51,0.26626782349747863,0.2662678234974771,1.5543122344752192e-15,0.032521589,0.110638367
mattern_cov1,1024,52,0.26631955317972766,0.26631955317972605,1.609823385706477e-15,0.032849244,0.11213788
mattern_cov1,1024,53,0.2658872040576656,0.265887204057664,1.609823385706477e-15,0.03231113,0.117892436
mattern_cov1,1024,54,0.26558812624179023,0.2655881262417886,1.609823385706477e-15,0.032500147,0.113492828
mattern_cov1,1024,55,0.26659563906666633,0.2665956390666648,1.5543122344752192e-15,0.032337483,0.112718107
mattern_cov1,1024,56,0.26594356077966563,0.265943560779664,1.609823385706477e-15,0.032786209,0.117124538
mattern_cov1,1024,57,0.26612575253381815,0.2661257525338167,1.4432899320127035e-15,0.031729648,0.119335745
mattern_cov1,1024,58,0.2661453049980999,0.26614530499809835,1.5543122344752192e-15,0.03254278,0.11288847
mattern_cov1,1024,59,0.26647522826812037,0.26647522826811876,1.609823385706477e-15,0.032070386,0.11188144
mattern_cov1,1024,60,0.2662654000152765,0.26626540001527493,1.5543122344752192e-15,0.032240453,0.113873727
mattern_cov1,1024,61,0.2658380768232495,0.26583807682324795,1.5543122344752192e-15,0.031664451,0.120409361
mattern_cov1,1024,62,0.26621245205534017,0.26621245205533856,1.609823385706477e-15,0.031624318,0.118635266
mattern_cov1,1024,63,0.26646859131928957,0.266468591319288,1.5543122344752192e-15,0.031452166,0.118594715
mattern_cov1,1024,64,0.26638585985333413,0.2663858598533326,1.5543122344752192e-15,0.031914569,0.111018536
mattern_cov1,1024,65,0.26600202369756315,0.2660020236975616,1.5543122344752192e-15,0.031975378,0.114371511
mattern_cov1,1024,66,0.2661522793968768,0.26615227939687525,1.5543122344752192e-15,0.03192147,0.121094846
mattern_cov1,1024,67,0.26632670145378134,0.26632670145377985,1.4988010832439613e-15,0.032051271,0.109183308
mattern_cov1,1024,68,0.26634867238800547,0.2663486723880038,1.6653345369377348e-15,0.032098744,0.115288369
mattern_cov1,1024,69,0.2662298937674459,0.2662298937674444,1.4988010832439613e-15,0.032214576,0.106828582
mattern_cov1,1024,70,0.2660562426771781,0.26605624267717654,1.5543122344752192e-15,0.032294929,0.109524911
mattern_cov1,1024,71,0.2661589516347437,0.26615895163474207,1.609823385706477e-15,0.032572626,0.112979783
mattern_cov1,1024,72,0.26607021936423997,0.2660702193642385,1.4432899320127035e-15,0.032456827,0.112660301
mattern_cov1,1024,73,0.2655634814761221,0.2655634814761206,1.4988010832439613e-15,0.031995672,0.110474897
mattern_cov1,1024,74,0.26601531074893653,0.2660153107489349,1.609823385706477e-15,0.032262127,0.119394337
mattern_cov1,1024,75,0.2663929995524766,0.266392999552475,1.609823385706477e-15,0.03229801,0.113112999
mattern_cov1,1024,76,0.2659581995586522,0.26595819955865063,1.5543122344752192e-15,0.031808869,0.112124523
mattern_cov1,1024,77,0.2660164395349391,0.2660164395349376,1.4988010832439613e-15,0.031836942,0.113636928
mattern_cov1,1024,78,0.2661206960317248,0.26612069603172334,1.4432899320127035e-15,0.03214156,0.111200756
mattern_cov1,1024,79,0.26615354882084397,0.2661535488208424,1.5543122344752192e-15,0.0322029,0.115908515
mattern_cov1,1024,80,0.2663373464974729,0.26633734649747137,1.5543122344752192e-15,0.031988677,0.112770806
mattern_cov1,1024,81,0.2664601125540621,0.26646011255406055,1.5543122344752192e-15,0.032570891,0.117086405
mattern_cov1,1024,82,0.2664663064893967,0.2664663064893952,1.4988010832439613e-15,0.031868524,0.108819234
mattern_cov1,1024,83,0.266117278347544,0.26611727834754256,1.4432899320127035e-15,0.032049467,0.113294935
mattern_cov1,1024,84,0.26628827765198554,0.266288277651984,1.5543122344752192e-15,0.032505167,0.117341238
mattern_cov1,1024,85,0.26619387304295955,0.26619387304295805,1.4988010832439613e-15,0.031840048,0.115551671
mattern_cov1,1024,86,0.2662529260937463,0.2662529260937448,1.4988010832439613e-15,0.031935683,0.111802996
mattern_cov1,1024,87,0.2660801163065998,0.2660801163065982,1.5543122344752192e-15,0.032223522,0.113941776
mattern_cov1,1024,88,0.26622511350426353,0.266225113504262,1.5543122344752192e-15,0.032858445,0.111818364
mattern_cov1,1024,89,0.26597156524107385,0.26597156524107235,1.4988010832439613e-15,0.032466499,0.124262864
mattern_cov1,1024,90,0.2658502271547884,0.2658502271547869,1.4988010832439613e-15,0.032391506,0.114285402
mattern_cov1,1024,91,0.2661326684057506,0.26613266840574906,1.5543122344752192e-15,0.033026075,0.112745671
mattern_cov1,1024,92,0.26634829784729114,0.2663482978472896,1.5543122344752192e-15,0.032443559,0.110790753
mattern_cov1,1024,93,0.2662159400316672,0.26621594003166565,1.5543122344752192e-15,0.031890961,0.10612461
mattern_cov1,1024,94,0.2659472860588699,0.26594728605886847,1.4432899320127035e-15,0.034172507,0.114647797
mattern_cov1,1024,95,0.2661604433923616,0.26616044339236006,1.5543122344752192e-15,0.032233572,0.111170506
mattern_cov1,1024,96,0.2662829480426663,0.26628294804266467,1.609823385706477e-15,0.03169227,0.114963188
mattern_cov1,1024,97,0.26623755818473205,0.26623755818473044,1.609823385706477e-15,0.032176021,0.116696833
mattern_cov1,1024,98,0.2662203998228013,0.2662203998227998,1.4988010832439613e-15,0.031690555,0.108595849
mattern_cov1,1024,99,0.26592484457545723,0.2659248445754557,1.5543122344752192e-15,0.032038919,0.109460997
mattern_cov1,1024,100,0.265863968046322,0.2658639680463205,1.4988010832439613e-15,0.032621843,0.115804118
mattern_cov1,1024,101,0.2661845965365463,0.2661845965365448,1.4988010832439613e-15,0.032470451,0.110179941
mattern_cov1,1024,102,0.2664063947152288,0.26640639471522726,1.5543122344752192e-15,0.03229357,0.115471509
mattern_cov1,1024,103,0.2663083871986265,0.266308387198625,1.4988010832439613e-15,0.032126198,0.118863811
mattern_cov1,1024,104,0.26592241776898595,0.26592241776898434,1.609823385706477e-15,0.03226565,0.113631707
mattern_cov1,1024,105,0.2660668681061027,0.26606686810610114,1.5543122344752192e-15,0.032828223,0.114347343
mattern_cov1,1024,106,0.2664270168171694,0.2664270168171678,1.609823385706477e-15,0.032635986,0.113602663
mattern_cov1,1024,107,0.2666621585090183,0.26666215850901676,1.5543122344752192e-15,0.031932185,0.115207357
mattern_cov1,1024,108,0.2666235896962012,0.26662358969619965,1.5543122344752192e-15,0.032340218,0.115563467
mattern_cov1,1024,109,0.26609025318753404,0.2660902531875325,1.5543122344752192e-15,0.031963156,0.111154384
mattern_cov1,1024,110,0.2662568089249448,0.2662568089249433,1.4988010832439613e-15,0.032044944,0.113078334
mattern_cov1,1024,111,0.2661546129943548,0.2661546129943533,1.4988010832439613e-15,0.03246975,0.112371417
mattern_cov1,1024,112,0.2661267213558027,0.266126721355801,1.6653345369377348e-15,0.032616755,0.106710159
mattern_cov1,1024,113,0.26625718573181245,0.2662571857318109,1.5543122344752192e-15,0.03222564,0.111720948
mattern_cov1,1024,114,0.2659887303915254,0.2659887303915239,1.4988010832439613e-15,0.032336124,0.111201619
mattern_cov1,1024,115,0.26675980236837676,0.26675980236837515,1.609823385706477e-15,0.033523735,0.111536725
mattern_cov1,1024,116,0.26592035779223105,0.2659203577922295,1.5543122344752192e-15,0.032141116,0.103873915
mattern_cov1,1024,117,0.2659773167583012,0.26597731675829966,1.5543122344752192e-15,0.032599439,0.108437316
mattern_cov1,1024,118,0.2663524002814,0.2663524002813985,1.4988010832439613e-15,0.031803999,0.099885474
mattern_cov1,1024,119,0.2662042224386948,0.26620422243869324,1.5543122344752192e-15,0.032254662,0.110894457
mattern_cov1,1024,120,0.2665613899714113,0.2665613899714097,1.609823385706477e-15,0.03217482,0.101817692
mattern_cov1,1024,121,0.26589258137408156,0.26589258137408006,1.4988010832439613e-15,0.031913472,0.110346516
mattern_cov1,1024,122,0.2665008041199262,0.2665008041199246,1.609823385706477e-15,0.03239161,0.110402143
mattern_cov1,1024,123,0.26608465684649496,0.26608465684649346,1.4988010832439613e-15,0.032408599,0.109370873
mattern_cov1,1024,124,0.26610804754772993,0.26610804754772843,1.4988010832439613e-15,0.032185386,0.107969553
mattern_cov1,1024,125,0.266241556679359,0.26624155667935745,1.5543122344752192e-15,0.031730341,0.111443561
mattern_cov1,1024,126,0.26625910757487076,0.2662591075748692,1.5543122344752192e-15,0.031971703,0.111169527
mattern_cov1,1024,127,0.26606093471100795,0.26606093471100634,1.609823385706477e-15,0.032600049,0.110992106
mattern_cov1,1024,128,0.266103448230869,0.2661034482308674,1.609823385706477e-15,0.0331919,0.112495805
mattern_cov1,1024,129,0.26644952205318745,0.26644952205318595,1.4988010832439613e-15,0.032438761,0.098129986
mattern_cov1,1024,130,0.2660508928598427,0.2660508928598412,1.4988010832439613e-15,0.032813051,0.111758291
mattern_cov1,1024,131,0.26605069429196354,0.26605069429196193,1.609823385706477e-15,0.032426308,0.106527604
mattern_cov1,1024,132,0.26637053559053253,0.266370535590531,1.5543122344752192e-15,0.032006122,0.109761577
mattern_cov1,1024,133,0.26605219270970565,0.2660521927097042,1.4432899320127035e-15,0.032027996,0.114308721
mattern_cov1,1024,134,0.2664618592825664,0.26646185928256483,1.5543122344752192e-15,0.032350114,0.10667275
mattern_cov1,1024,135,0.2663130588540615,0.2663130588540599,1.5543122344752192e-15,0.033183944,0.109722693
mattern_cov1,1024,136,0.2667342670143344,0.26673426701433284,1.5543122344752192e-15,0.032247144,0.104866202
mattern_cov1,1024,137,0.2660311961589878,0.26603119615898624,1.5543122344752192e-15,0.032942941,0.108719491
mattern_cov1,1024,138,0.2657331456498873,0.2657331456498858,1.4988010832439613e-15,0.032114814,0.108971178
mattern_cov1,1024,139,0.2659984744897887,0.26599847448978714,1.5543122344752192e-15,0.032295201,0.110586349
mattern_cov1,1024,140,0.2662747608832423,0.26627476088324076,1.5543122344752192e-15,0.033073001,0.106605295
mattern_cov1,1024,141,0.2661798447084031,0.26617984470840156,1.5543122344752192e-15,0.031606936,0.107747922
mattern_cov1,1024,142,0.26635273041642143,0.2663527304164198,1.609823385706477e-15,0.031596342,0.113535427
mattern_cov1,1024,143,0.26637700958897653,0.266377009588975,1.5543122344752192e-15,0.032097089,0.11358384
mattern_cov1,1024,144,0.26607683049476444,0.26607683049476294,1.4988010832439613e-15,0.031719429,0.105361462
mattern_cov1,1024,145,0.2661544856252171,0.2661544856252155,1.609823385706477e-15,0.031994372,0.11515602
mattern_cov1,1024,146,0.26614224475231857,0.26614224475231696,1.609823385706477e-15,0.031669316,0.11487217
mattern_cov1,1024,147,0.26612204591949556,0.26612204591949407,1.4988010832439613e-15,0.032743078,0.111408441
mattern_cov1,1024,148,0.2665143223038971,0.26651432230389555,1.5543122344752192e-15,0.03194785,0.113223626
mattern_cov1,1024,149,0.26662346383912383,0.2666234638391223,1.5543122344752192e-15,0.032049013,0.112750257
mattern_cov1,1024,150,0.2665012019733031,0.26650120197330157,1.5543122344752192e-15,0.032466246,0.103087452
mattern_cov1,1024,151,0.26638775139577303,0.2663877513957715,1.5543122344752192e-15,0.032319968,0.111433413
mattern_cov1,1024,152,0.2662977903504133,0.26629779035041173,1.5543122344752192e-15,0.032233274,0.109332799
mattern_cov1,1024,153,0.2662838794185792,0.2662838794185777,1.4988010832439613e-15,0.033324683,0.113753964
mattern_cov1,1024,154,0.26607405248272115,0.26607405248271965,1.4988010832439613e-15,0.031879392,0.112863848
mattern_cov1,1024,155,0.2663350211176694,0.2663350211176678,1.5543122344752192e-15,0.032196518,0.107180345
mattern_cov1,1024,156,0.2663314409776691,0.26633144097766753,1.5543122344752192e-15,0.032100959,0.107589375
mattern_cov1,1024,157,0.2662665119231363,0.2662665119231347,1.5543122344752192e-15,0.0318478,0.111918375
mattern_cov1,1024,158,0.2665294405500434,0.26652944055004174,1.6653345369377348e-15,0.032327141,0.111697846
mattern_cov1,1024,159,0.26607382029382515,0.2660738202938237,1.4432899320127035e-15,0.032363845,0.104352817
mattern_cov1,1024,160,0.26617084490587944,0.2661708449058779,1.5543122344752192e-15,0.032638353,0.115840989
mattern_cov1,1024,161,0.2661171762765933,0.26611717627659176,1.5543122344752192e-15,0.032661892,0.112837943
mattern_cov1,1024,162,0.2658515170433268,0.2658515170433253,1.4988010832439613e-15,0.032342267,0.115439151
mattern_cov1,1024,163,0.26647711016164904,0.2664771101616475,1.5543122344752192e-15,0.032247015,0.110983905
mattern_cov1,1024,164,0.26655837391151693,0.2665583739115154,1.5543122344752192e-15,0.032640346,0.113695453
mattern_cov1,1024,165,0.2661299936399307,0.266129993639929,1.6653345369377348e-15,0.032127979,0.115396138
mattern_cov1,1024,166,0.2662096141861705,0.266209614186169,1.4988010832439613e-15,0.032659802,0.105357
mattern_cov1,1024,167,0.26609079223404725,0.2660907922340456,1.6653345369377348e-15,0.033110683,0.113234892
mattern_cov1,1024,168,0.2662789705506374,0.2662789705506358,1.5543122344752192e-15,0.032317577,0.114479753
mattern_cov1,1024,169,0.26651021308974643,0.2665102130897449,1.5543122344752192e-15,0.032919966,0.112636385
mattern_cov1,1024,170,0.26595602370001586,0.2659560237000143,1.5543122344752192e-15,0.031939884,0.115607662
mattern_cov1,1024,171,0.2666118128152504,0.2666118128152489,1.4988010832439613e-15,0.03172718,0.111328073
mattern_cov1,1024,172,0.26622205212406297,0.26622205212406147,1.4988010832439613e-15,0.031804261,0.113034729
mattern_cov1,1024,173,0.2663206917432134,0.2663206917432119,1.4988010832439613e-15,0.032207701,0.110507189
mattern_cov1,1024,174,0.2659762954324029,0.2659762954324014,1.4988010832439613e-15,0.032431896,0.112177337
mattern_cov1,1024,175,0.26600342491666923,0.2660034249166676,1.609823385706477e-15,0.032179597,0.115350953
mattern_cov1,1024,176,0.26603670938078827,0.2660367093807868,1.4988010832439613e-15,0.032369445,0.114061198
mattern_cov1,1024,177,0.2664150327805826,0.26641503278058104,1.5543122344752192e-15,0.032351792,0.107076343
mattern_cov1,1024,178,0.26611851217685023,0.26611851217684873,1.4988010832439613e-15,0.032270969,0.112787115
mattern_cov1,1024,179,0.26613617704933773,0.26613617704933606,1.6653345369377348e-15,0.032037873,0.1000922
mattern_cov1,1024,180,0.2661944033807974,0.2661944033807958,1.609823385706477e-15,0.032148169,0.109643923
mattern_cov1,1024,181,0.2662311720545931,0.2662311720545916,1.4988010832439613e-15,0.032464607,0.10785887
mattern_cov1,1024,182,0.2665113415551415,0.26651134155513995,1.5543122344752192e-15,0.037953717,0.106332708
mattern_cov1,1024,183,0.26606861905052276,0.2660686190505212,1.5543122344752192e-15,0.032788997,0.108199186
mattern_cov1,1024,184,0.26601293196835635,0.2660129319683549,1.4432899320127035e-15,0.032060798,0.108265952
mattern_cov1,1024,185,0.26596484753617994,0.2659648475361784,1.5543122344752192e-15,0.032188365,0.114949954
mattern_cov1,1024,186,0.26673155400497967,0.2667315540049781,1.5543122344752192e-15,0.033002867,0.110929756
mattern_cov1,1024,187,0.26615915410803304,0.2661591541080314,1.609823385706477e-15,0.032064451,0.114263516
mattern_cov1,1024,188,0.2665084470707587,0.2665084470707571,1.609823385706477e-15,0.031814244,0.107693193
mattern_cov1,1024,189,0.2662216042897621,0.26622160428976066,1.4432899320127035e-15,0.032614533,0.11205154
mattern_cov1,1024,190,0.2662610482397405,0.26626104823973895,1.5543122344752192e-15,0.032038096,0.112658618
mattern_cov1,1024,191,0.26597164683034835,0.26597164683034685,1.4988010832439613e-15,0.031699903,0.115809557
mattern_cov1,1024,192,0.2660006335662725,0.26600063356627085,1.6653345369377348e-15,0.031909958,0.10721171
mattern_cov1,1024,193,0.2661202801257165,0.2661202801257149,1.5543122344752192e-15,0.032176347,0.110957875
mattern_cov1,1024,194,0.2661506501227649,0.2661506501227634,1.4988010832439613e-15,0.032218838,0.105064925
mattern_cov1,1024,195,0.26583678504252,0.2658367850425185,1.4988010832439613e-15,0.03245774,0.109007145
mattern_cov1,1024,196,0.2659662152092166,0.265966215209215,1.609823385706477e-15,0.032128219,0.1148841
mattern_cov1,1024,197,0.26606127125749984,0.2660612712574983,1.5543122344752192e-15,0.032187759,0.104750572
mattern_cov1,1024,198,0.26581059872126694,0.26581059872126545,1.4988010832439613e-15,0.032053768,0.113658938
mattern_cov1,1024,199,0.2661742203310122,0.2661742203310106,1.5543122344752192e-15,0.032408267,0.112971219
mattern_cov1,1024,200,0.2663736517007819,0.26637365170078037,1.5543122344752192e-15,0.032078187,0.111065585
mattern_cov1,1024,201,0.26576131389728236,0.2657613138972807,1.6653345369377348e-15,0.031996859,0.109920776
mattern_cov1,1024,202,0.26615465390490806,0.2661546539049065,1.5543122344752192e-15,0.031828715,0.115426753
mattern_cov1,1024,203,0.26590834755676546,0.265908347556764,1.4432899320127035e-15,0.032210205,0.115607919
mattern_cov1,1024,204,0.26628180274477137,0.2662818027447698,1.5543122344752192e-15,0.032148796,0.107163149
mattern_cov1,1024,205,0.2657336287154135,0.265733628715412,1.4988010832439613e-15,0.03186896,0.111195405
mattern_cov1,1024,206,0.2660655806550865,0.26606558065508495,1.5543122344752192e-15,0.032824644,0.108932899
mattern_cov1,1024,207,0.2662860607886938,0.26628606078869227,1.5543122344752192e-15,0.033258082,0.114057167
mattern_cov1,1024,208,0.2661269099933781,0.2661269099933765,1.609823385706477e-15,0.032189763,0.112485199
mattern_cov1,1024,209,0.26628081036424406,0.2662808103642425,1.5543122344752192e-15,0.031890831,0.106304824
mattern_cov1,1024,210,0.26586435841640427,0.2658643584164027,1.5543122344752192e-15,0.032083733,0.107547327
mattern_cov1,1024,211,0.2662573420769837,0.26625734207698215,1.5543122344752192e-15,0.032570171,0.113887094
mattern_cov1,1024,212,0.2665691702445694,0.26656917024456783,1.5543122344752192e-15,0.032663062,0.117676305
mattern_cov1,1024,213,0.26630770549507726,0.2663077054950757,1.5543122344752192e-15,0.032209362,0.104299939
mattern_cov1,1024,214,0.26594873960015736,0.26594873960015586,1.4988010832439613e-15,0.033152282,0.110892674
mattern_cov1,1024,215,0.26622542236736446,0.26622542236736296,1.4988010832439613e-15,0.031797074,0.108799342
mattern_cov1,1024,216,0.2661667718506778,0.26616677185067616,1.609823385706477e-15,0.032304096,0.116667031
mattern_cov1,1024,217,0.2666471091364114,0.26664710913640977,1.609823385706477e-15,0.032470379,0.11139237
mattern_cov1,1024,218,0.2660392066815525,0.2660392066815509,1.609823385706477e-15,0.032244179,0.110755295
mattern_cov1,1024,219,0.26590423392781587,0.26590423392781437,1.4988010832439613e-15,0.032776512,0.110551009
mattern_cov1,1024,220,0.2666406148622139,0.2666406148622123,1.609823385706477e-15,0.031582175,0.104507876
mattern_cov1,1024,221,0.266321563006031,0.2663215630060293,1.6653345369377348e-15,0.032375029,0.110041456
mattern_cov1,1024,222,0.2664782484948984,0.2664782484948968,1.5543122344752192e-15,0.03276127,0.112959346
mattern_cov1,1024,223,0.266196672734292,0.26619667273429054,1.4432899320127035e-15,0.032932904,0.111251935
mattern_cov1,1024,224,0.26599009457747624,0.26599009457747474,1.4988010832439613e-15,0.032088701,0.112727841
mattern_cov1,1024,225,0.2660855888443004,0.26608558884429884,1.5543122344752192e-15,0.032212333,0.107346335
mattern_cov1,1024,226,0.2656056642292041,0.26560566422920256,1.5543122344752192e-15,0.032314428,0.109488619
mattern_cov1,1024,227,0.2664584572085859,0.26645845720858424,1.6653345369377348e-15,0.032539377,0.103791161
mattern_cov1,1024,228,0.2660931333173455,0.266093133317344,1.4988010832439613e-15,0.032558547,0.112854379
mattern_cov1,1024,229,0.2661208066719161,0.2661208066719147,1.4432899320127035e-15,0.031751671,0.114285621
mattern_cov1,1024,230,0.26595849950162204,0.2659584995016204,1.609823385706477e-15,0.033725853,0.108536369
mattern_cov1,1024,231,0.26579548688096094,0.2657954868809594,1.5543122344752192e-15,0.032272818,0.112095323
mattern_cov1,1024,232,0.2658266700188375,0.26582667001883603,1.4432899320127035e-15,0.032005445,0.11394508
mattern_cov1,1024,233,0.2667368794047372,0.2667368794047356,1.609823385706477e-15,0.032549924,0.111253375
mattern_cov1,1024,234,0.2665219108409134,0.26652191084091187,1.5543122344752192e-15,0.032115162,0.115199912
mattern_cov1,1024,235,0.2658319851345153,0.2658319851345138,1.4988010832439613e-15,0.032185197,0.109445822
mattern_cov1,1024,236,0.26608615861863744,0.2660861586186359,1.5543122344752192e-15,0.032051977,0.110740434
mattern_cov1,1024,237,0.26660390678716145,0.2666039067871598,1.6653345369377348e-15,0.032030515,0.111800515
mattern_cov1,1024,238,0.2662370184317913,0.2662370184317895,1.8318679906315083e-15,0.032296021,0.110610615
mattern_cov1,1024,239,0.26572723728579173,0.26572723728579023,1.4988010832439613e-15,0.031679111,0.108571049
mattern_cov1,1024,240,0.26604925725223744,0.26604925725223594,1.4988010832439613e-15,0.033137857,0.107691502
mattern_cov1,1024,241,0.26618447142828144,0.2661844714282799,1.5543122344752192e-15,0.032254581,0.112124732
mattern_cov1,1024,242,0.2661253411456502,0.2661253411456486,1.5543122344752192e-15,0.032637606,0.111729722
mattern_cov1,1024,243,0.26591441379902536,0.2659144137990238,1.5543122344752192e-15,0.03283024,0.108954404
mattern_cov1,1024,244,0.26606273553551885,0.26606273553551735,1.4988010832439613e-15,0.031788395,0.112676554
mattern_cov1,1024,245,0.266286110080763,0.2662861100807615,1.5543122344752192e-15,0.033075245,0.112874623
mattern_cov1,1024,246,0.266433808634207,0.26643380863420546,1.5543122344752192e-15,0.032743865,0.113192575
mattern_cov1,1024,247,0.26615290503839256,0.26615290503839084,1.7208456881689926e-15,0.031988461,0.118807764
mattern_cov1,1024,248,0.26651752273051815,0.2665175227305166,1.5543122344752192e-15,0.032502118,0.112026425
mattern_cov1,1024,249,0.2660900128720566,0.266090012872055,1.5543122344752192e-15,0.031812368,0.108509689
mattern_cov1,1024,250,0.26595976587270015,0.26595976587269854,1.609823385706477e-15,0.031748389,0.109378759
mattern_cov1,1024,251,0.2658767294761684,0.2658767294761668,1.609823385706477e-15,0.032893021,0.112064174
mattern_cov1,1024,252,0.2658879791519259,0.26588797915192447,1.4432899320127035e-15,0.032781388,0.134508225
mattern_cov1,1024,253,0.26644180290811564,0.2664418029081141,1.5543122344752192e-15,0.032426532,0.113592046
mattern_cov1,1024,254,0.2661145134051355,0.266114513405134,1.4988010832439613e-15,0.032202082,0.114320274
mattern_cov1,1024,255,0.2658700844030044,0.2658700844030028,1.609823385706477e-15,0.03226,0.109913403
mattern_cov1,1024,256,0.2663094301086471,0.2663094301086455,1.609823385706477e-15,0.032074214,0.114037757
mattern_cov1,1024,257,0.2661814533953863,0.26618145339538485,1.4432899320127035e-15,0.032856726,0.11184363
mattern_cov1,1024,258,0.2658099630728565,0.26580996307285487,1.609823385706477e-15,0.033290838,0.112749608
mattern_cov1,1024,259,0.26612228635354646,0.266122286353545,1.4432899320127035e-15,0.032721506,0.110507589
mattern_cov1,1024,260,0.2661907369541125,0.26619073695411094,1.5543122344752192e-15,0.031683953,0.115808545
mattern_cov1,1024,261,0.2662372946872627,0.2662372946872612,1.4988010832439613e-15,0.03198976,0.110874856
mattern_cov1,1024,262,0.2659169470182274,0.2659169470182258,1.5543122344752192e-15,0.031613734,0.112077028
mattern_cov1,1024,263,0.2661410342655775,0.26614103426557595,1.5543122344752192e-15,0.032196205,0.117399297
mattern_cov1,1024,264,0.2658450368415087,0.2658450368415071,1.5543122344752192e-15,0.032250419,0.114637567
mattern_cov1,1024,265,0.266065075425515,0.26606507542551344,1.5543122344752192e-15,0.031738321,0.107037985
mattern_cov1,1024,266,0.26649231673041507,0.26649231673041346,1.609823385706477e-15,0.032299674,0.111684846
mattern_cov1,1024,267,0.2661428799477141,0.2661428799477125,1.5543122344752192e-15,0.031836655,0.103419324
mattern_cov1,1024,268,0.26612650375018737,0.2661265037501858,1.5543122344752192e-15,0.03336239,0.113271262
mattern_cov1,1024,269,0.26566171040630726,0.26566171040630565,1.609823385706477e-15,0.03141342,0.114410341
mattern_cov1,1024,270,0.26594327768758314,0.2659432776875816,1.5543122344752192e-15,0.033139317,0.112044436
mattern_cov1,1024,271,0.2662053801651871,0.2662053801651855,1.5543122344752192e-15,0.032672004,0.113075687
mattern_cov1,1024,272,0.2665967746733305,0.26659677467332893,1.5543122344752192e-15,0.032120739,0.10631811
mattern_cov1,1024,273,0.2657529172940571,0.26575291729405554,1.5543122344752192e-15,0.032024086,0.114087737
mattern_cov1,1024,274,0.26619981072862225,0.26619981072862064,1.609823385706477e-15,0.032099583,0.116199253
mattern_cov1,1024,275,0.2666628124443063,0.26666281244430473,1.5543122344752192e-15,0.031643829,0.111280297
mattern_cov1,1024,276,0.2667211474954221,0.2667211474954206,1.4988010832439613e-15,0.032142945,0.115559179
mattern_cov1,1024,277,0.266365943879802,0.2663659438798005,1.4988010832439613e-15,0.032509942,0.108908777
mattern_cov1,1024,278,0.2661541902742634,0.2661541902742618,1.609823385706477e-15,0.03242699,0.115737565
mattern_cov1,1024,279,0.26579577808970345,0.26579577808970195,1.4988010832439613e-15,0.032323804,0.110522342
mattern_cov1,1024,280,0.2661811387253129,0.2661811387253114,1.4988010832439613e-15,0.032175091,0.1077461
mattern_cov1,1024,281,0.2661114930318913,0.2661114930318897,1.609823385706477e-15,0.032269866,0.106310946
mattern_cov1,1024,282,0.266063681206691,0.2660636812066894,1.609823385706477e-15,0.032512339,0.109030443
mattern_cov1,1024,283,0.26628307550144376,0.2662830755014422,1.5543122344752192e-15,0.032399035,0.106843199
mattern_cov1,1024,284,0.2657546688764684,0.265754668876467,1.4432899320127035e-15,0.03186278,0.113640826
mattern_cov1,1024,285,0.26600643200323165,0.2660064320032302,1.4432899320127035e-15,0.032333749,0.110164406
mattern_cov1,1024,286,0.26649285949120755,0.2664928594912061,1.4432899320127035e-15,0.032676935,0.113713017
mattern_cov1,1024,287,0.2665518496794577,0.2665518496794561,1.609823385706477e-15,0.031966074,0.114514197
mattern_cov1,1024,288,0.2664396111226153,0.2664396111226137,1.609823385706477e-15,0.032849254,0.114642552
mattern_cov1,1024,289,0.26607179590369406,0.2660717959036925,1.5543122344752192e-15,0.032568608,0.111419196
mattern_cov1,1024,290,0.26669086314392615,0.26669086314392454,1.609823385706477e-15,0.031998894,0.108187257
mattern_cov1,1024,291,0.26613611654313846,0.26613611654313696,1.4988010832439613e-15,0.032596513,0.11275072
mattern_cov1,1024,292,0.2664034019700066,0.26640340197000506,1.5543122344752192e-15,0.031551009,0.10295974
mattern_cov1,1024,293,0.2663475538707765,0.26634755387077486,1.6653345369377348e-15,0.03310134,0.114327736
mattern_cov1,1024,294,0.26629278806304163,0.2662927880630401,1.5543122344752192e-15,0.032300117,0.114393005
mattern_cov1,1024,295,0.26630409167329894,0.2663040916732973,1.609823385706477e-15,0.032024859,0.112677797
mattern_cov1,1024,296,0.26631370163833185,0.2663137016383302,1.6653345369377348e-15,0.032113077,0.107876815
mattern_cov1,1024,297,0.26651116728891117,0.2665111672889096,1.5543122344752192e-15,0.032359876,0.106546436
mattern_cov1,1024,298,0.2661634409256432,0.26616344092564165,1.5543122344752192e-15,0.03224587,0.108834595
mattern_cov1,1024,299,0.2668943349475629,0.2668943349475614,1.4988010832439613e-15,0.03273272,0.101339974
mattern_cov1,1024,300,0.26660258137310777,0.2666025813731063,1.4988010832439613e-15,0.032114062,0.10709779
mattern_cov1,1024,301,0.2664507170996096,0.26645071709960805,1.5543122344752192e-15,0.031825664,0.110328654
mattern_cov1,1024,302,0.2665637305334832,0.26656373053348165,1.5543122344752192e-15,0.032437534,0.111239186
mattern_cov1,1024,303,0.26619980742894833,0.2661998074289468,1.5543122344752192e-15,0.032617436,0.111155317
mattern_cov1,1024,304,0.2665952007533067,0.26659520075330523,1.4988010832439613e-15,0.032234997,0.113241537
mattern_cov1,1024,305,0.26593859236611544,0.26593859236611395,1.4988010832439613e-15,0.032132139,0.114115579
mattern_cov1,1024,306,0.2658216363724641,0.2658216363724625,1.609823385706477e-15,0.032269433,0.112467098
mattern_cov1,1024,307,0.2659673199991219,0.26596731999912027,1.609823385706477e-15,0.032084882,0.111857914
mattern_cov1,1024,308,0.2663111239962426,0.266311123996241,1.609823385706477e-15,0.031826687,0.107877559
mattern_cov1,1024,309,0.26642002162384687,0.2664200216238453,1.5543122344752192e-15,0.031945308,0.105514161
mattern_cov1,1024,310,0.26632372225141315,0.2663237222514116,1.5543122344752192e-15,0.032326033,0.109995918
mattern_cov1,1024,311,0.2665471648839987,0.26654716488399716,1.5543122344752192e-15,0.032416346,0.107609367
mattern_cov1,1024,312,0.26616150297538954,0.26616150297538804,1.4988010832439613e-15,0.032358421,0.113812426
mattern_cov1,1024,313,0.2662981727450307,0.26629817274502926,1.4432899320127035e-15,0.032827658,0.110552434
mattern_cov1,1024,314,0.26639256264500377,0.26639256264500216,1.609823385706477e-15,0.03237353,0.10725134
mattern_cov1,1024,315,0.2659011569677881,0.2659011569677865,1.609823385706477e-15,0.031805509,0.114502054
mattern_cov1,1024,316,0.2662638452821024,0.26626384528210095,1.4432899320127035e-15,0.032496721,0.110605871
mattern_cov1,1024,317,0.26634447545363055,0.26634447545362905,1.4988010832439613e-15,0.032395587,0.108126821
mattern_cov1,1024,318,0.26644529255176747,0.266445292551766,1.4432899320127035e-15,0.031957016,0.111180124
mattern_cov1,1024,319,0.26628293158725097,0.2662829315872494,1.5543122344752192e-15,0.031918647,0.114532501
mattern_cov1,1024,320,0.2662468611321769,0.26624686113217527,1.609823385706477e-15,0.032944726,0.112796049
mattern_cov1,1024,321,0.2663479036440034,0.26634790364400185,1.5543122344752192e-15,0.031941911,0.104415038
mattern_cov1,1024,322,0.265979508078301,0.26597950807829945,1.5543122344752192e-15,0.031877843,0.117348148
mattern_cov1,1024,323,0.2668894620633588,0.2668894620633572,1.609823385706477e-15,0.032146968,0.111892068
mattern_cov1,1024,324,0.26623673708205126,0.26623673708204976,1.4988010832439613e-15,0.033148765,0.109458282
mattern_cov1,1024,325,0.2661371809101198,0.2661371809101183,1.4988010832439613e-15,0.032690739,0.113626552
mattern_cov1,1024,326,0.2660522378843135,0.2660522378843119,1.5543122344752192e-15,0.032238222,0.114894614
mattern_cov1,1024,327,0.2662874587119319,0.2662874587119303,1.5543122344752192e-15,0.032266171,0.10927525
mattern_cov1,1024,328,0.2659591503963962,0.2659591503963947,1.5543122344752192e-15,0.032142376,0.111721161
mattern_cov1,1024,329,0.2660581652848366,0.26605816528483506,1.5543122344752192e-15,0.032929638,0.114018766
mattern_cov1,1024,330,0.26613335459889337,0.2661333545988919,1.4432899320127035e-15,0.032008961,0.110843543
mattern_cov1,1024,331,0.2666624879621331,0.2666624879621316,1.4988010832439613e-15,0.032327787,0.114695376
mattern_cov1,1024,332,0.26614768763537605,0.26614768763537455,1.4988010832439613e-15,0.032414713,0.113486179
mattern_cov1,1024,333,0.26666677302691216,0.2666667730269106,1.5543122344752192e-15,0.032470207,0.111632571
mattern_cov1,1024,334,0.2661943020793421,0.2661943020793405,1.609823385706477e-15,0.031898687,0.113596098
mattern_cov1,1024,335,0.2663504237248714,0.26635042372486983,1.5543122344752192e-15,0.032986828,0.104172668
mattern_cov1,1024,336,0.2658978314400572,0.26589783144005563,1.5543122344752192e-15,0.031958055,0.111511899
mattern_cov1,1024,337,0.2661856899844432,0.26618568998444153,1.6653345369377348e-15,0.031661411,0.114123521
mattern_cov1,1024,338,0.26640671324570103,0.2664067132456995,1.5543122344752192e-15,0.032042512,0.106767075
mattern_cov1,1024,339,0.2657709138628397,0.26577091386283813,1.5543122344752192e-15,0.032627387,0.109713487
mattern_cov1,1024,340,0.26631546441395565,0.26631546441395404,1.609823385706477e-15,0.03151809,0.11425278
mattern_cov1,1024,341,0.26604001490169865,0.2660400149016971,1.5543122344752192e-15,0.032538203,0.110959983
mattern_cov1,1024,342,0.26632147429860314,0.2663214742986016,1.5543122344752192e-15,0.032768956,0.112494762
mattern_cov1,1024,343,0.26614455824266076,0.2661445582426592,1.5543122344752192e-15,0.032469101,0.112310145
mattern_cov1,1024,344,0.2662013412610494,0.2662013412610479,1.4988010832439613e-15,0.031863866,0.114419118
mattern_cov1,1024,345,0.26610366633679305,0.2661036663367915,1.5543122344752192e-15,0.032042191,0.1140717
mattern_cov1,1024,346,0.26645666218566716,0.2664566621856655,1.6653345369377348e-15,0.031749954,0.104793826
mattern_cov1,1024,347,0.2659599509969845,0.26595995099698283,1.6653345369377348e-15,0.032385706,0.115657288
mattern_cov1,1024,348,0.2657182547687243,0.2657182547687228,1.4988010832439613e-15,0.032159367,0.114243244
mattern_cov1,1024,349,0.2658417486170212,0.26584174861701976,1.4432899320127035e-15,0.032012925,0.11164587
mattern_cov1,1024,350,0.26620583915777596,0.26620583915777435,1.609823385706477e-15,0.031796043,0.113006393
mattern_cov1,1024,351,0.26621260969146376,0.2662126096914622,1.5543122344752192e-15,0.03226478,0.113581831
mattern_cov1,1024,352,0.2663631715784388,0.2663631715784372,1.609823385706477e-15,0.032437282,0.109853823
mattern_cov1,1024,353,0.2665547581998208,0.2665547581998192,1.5543122344752192e-15,0.032050108,0.111756379
mattern_cov1,1024,354,0.2661209719521759,0.26612097195217427,1.609823385706477e-15,0.031906466,0.111109782
mattern_cov1,1024,355,0.2659617481916079,0.26596174819160634,1.5543122344752192e-15,0.031978627,0.108904642
mattern_cov1,1024,356,0.2664228270069341,0.2664228270069326,1.4988010832439613e-15,0.032051321,0.108896576
mattern_cov1,1024,357,0.26618153386859195,0.2661815338685904,1.5543122344752192e-15,0.032304892,0.109355353
mattern_cov1,1024,358,0.2657729322056243,0.26577293220562276,1.5543122344752192e-15,0.032365029,0.105850093
mattern_cov1,1024,359,0.2657467218431833,0.26574672184318177,1.5543122344752192e-15,0.032171496,0.115010726
mattern_cov1,1024,360,0.2666034568779147,0.26660345687791315,1.5543122344752192e-15,0.031745632,0.109920055
mattern_cov1,1024,361,0.2665618293887582,0.2665618293887566,1.609823385706477e-15,0.03266397,0.11212194
mattern_cov1,1024,362,0.26622497103066856,0.26622497103066695,1.609823385706477e-15,0.032442274,0.114068834
mattern_cov1,1024,363,0.26597641981476416,0.26597641981476267,1.4988010832439613e-15,0.031648082,0.111222886
mattern_cov1,1024,364,0.26614485697347323,0.26614485697347173,1.4988010832439613e-15,0.032275271,0.11167856
mattern_cov1,1024,365,0.26634974300926206,0.26634974300926056,1.4988010832439613e-15,0.032030114,0.111770709
mattern_cov1,1024,366,0.26620327900733165,0.26620327900733015,1.4988010832439613e-15,0.031897619,0.112930648
mattern_cov1,1024,367,0.26618573670782775,0.26618573670782625,1.4988010832439613e-15,0.032533297,0.112192117
mattern_cov1,1024,368,0.2653975657267211,0.2653975657267196,1.4988010832439613e-15,0.032458943,0.106061884
mattern_cov1,1024,369,0.26610742951327854,0.266107429513277,1.5543122344752192e-15,0.032167213,0.111135934
mattern_cov1,1024,370,0.2662506658506174,0.26625066585061585,1.5543122344752192e-15,0.032383554,0.10829269
mattern_cov1,1024,371,0.26586993679777526,0.26586993679777365,1.609823385706477e-15,0.031972356,0.104686598
mattern_cov1,1024,372,0.26614729730087194,0.26614729730087044,1.4988010832439613e-15,0.032446615,0.115761831
mattern_cov1,1024,373,0.266079950244683,0.2660799502446815,1.4988010832439613e-15,0.031838496,0.114435564
mattern_cov1,1024,374,0.26594072132292607,0.26594072132292457,1.4988010832439613e-15,0.032085209,0.107999642
mattern_cov1,1024,375,0.26634018083265837,0.2663401808326568,1.5543122344752192e-15,0.032584658,0.113829426
mattern_cov1,1024,376,0.2664780977909819,0.26647809779098025,1.6653345369377348e-15,0.0325903,0.11385079
mattern_cov1,1024,377,0.2659576339730971,0.2659576339730955,1.5543122344752192e-15,0.035277392,0.110418904
mattern_cov1,1024,378,0.2660510363694894,0.2660510363694879,1.4988010832439613e-15,0.031947473,0.114587342
mattern_cov1,1024,379,0.2663297115512388,0.26632971155123725,1.5543122344752192e-15,0.032130144,0.114028296
mattern_cov1,1024,380,0.2660825452673094,0.26608254526730774,1.6653345369377348e-15,0.032458859,0.115467347
mattern_cov1,1024,381,0.26650235513691006,0.2665023551369085,1.5543122344752192e-15,0.032233315,0.112058241
mattern_cov1,1024,382,0.26637802957525153,0.26637802957525,1.5543122344752192e-15,0.03280633,0.11227206
mattern_cov1,1024,383,0.2657666613683776,0.2657666613683761,1.4988010832439613e-15,0.031808219,0.109547292
mattern_cov1,1024,384,0.26595319084013,0.2659531908401284,1.609823385706477e-15,0.032470401,0.105874861
mattern_cov1,1024,385,0.26614066819582566,0.26614066819582416,1.4988010832439613e-15,0.03209328,0.115118809
mattern_cov1,1024,386,0.26610810638336213,0.2661081063833605,1.609823385706477e-15,0.032188223,0.106267858
mattern_cov1,1024,387,0.26599985700912104,0.26599985700911943,1.609823385706477e-15,0.032688979,0.111366951
mattern_cov1,1024,388,0.26572189240326544,0.2657218924032638,1.609823385706477e-15,0.032574283,0.110496463
mattern_cov1,1024,389,0.26646237821561153,0.2664623782156099,1.609823385706477e-15,0.032399567,0.114055821
mattern_cov1,1024,390,0.26643236837544376,0.2664323683754422,1.5543122344752192e-15,0.032243584,0.114303817
mattern_cov1,1024,391,0.2663977145650712,0.2663977145650696,1.609823385706477e-15,0.031973559,0.109094493
mattern_cov1,1024,392,0.2665368555548046,0.26653685555480305,1.5543122344752192e-15,0.032374086,0.110441132
mattern_cov1,1024,393,0.26618296724649093,0.2661829672464893,1.609823385706477e-15,0.032212195,0.112661149
mattern_cov1,1024,394,0.2661368764657603,0.26613687646575873,1.5543122344752192e-15,0.031875002,0.110438995
mattern_cov1,1024,395,0.26591247588438105,0.2659124758843795,1.5543122344752192e-15,0.031624012,0.112240643
mattern_cov1,1024,396,0.26639258806762633,0.2663925880676247,1.609823385706477e-15,0.03267222,0.111920348
mattern_cov1,1024,397,0.2658760984004992,0.26587609840049764,1.5543122344752192e-15,0.032541896,0.114159441
mattern_cov1,1024,398,0.2659814069292625,0.2659814069292609,1.5543122344752192e-15,0.032029894,0.111577356
mattern_cov1,1024,399,0.26622027711057344,0.2662202771105719,1.5543122344752192e-15,0.032082243,0.124615445
mattern_cov1,1024,400,0.2665767432194676,0.2665767432194661,1.4988010832439613e-15,0.038880547,0.114252391
mattern_cov1,1024,401,0.26594050337865055,0.265940503378649,1.5543122344752192e-15,0.031730052,0.113128239
mattern_cov1,1024,402,0.26587336322107075,0.26587336322106925,1.4988010832439613e-15,0.032727768,0.111824289
mattern_cov1,1024,403,0.26611627306164387,0.2661162730616423,1.5543122344752192e-15,0.03173495,0.111142416
mattern_cov1,1024,404,0.2662445538128751,0.2662445538128735,1.609823385706477e-15,0.032268804,0.111051701
mattern_cov1,1024,405,0.2660947462151812,0.26609474621517953,1.6653345369377348e-15,0.032851545,0.114888209
mattern_cov1,1024,406,0.2664334648497087,0.26643346484970715,1.5543122344752192e-15,0.032882687,0.11609463
mattern_cov1,1024,407,0.2661449002689394,0.26614490026893783,1.5543122344752192e-15,0.031739376,0.116120749
mattern_cov1,1024,408,0.2657276685547814,0.26572766855477986,1.5543122344752192e-15,0.032268627,0.106794939
mattern_cov1,1024,409,0.2658918768069331,0.26589187680693155,1.5543122344752192e-15,0.031625594,0.117944623
mattern_cov1,1024,410,0.2662094544320342,0.26620945443203275,1.4432899320127035e-15,0.031877705,0.111121783
mattern_cov1,1024,411,0.2661749220406255,0.26617492204062393,1.5543122344752192e-15,0.032288688,0.108051751
mattern_cov1,1024,412,0.2659938393380327,0.26599383933803106,1.6653345369377348e-15,0.032023182,0.118349825
mattern_cov1,1024,413,0.2662957734933999,0.26629577349339834,1.5543122344752192e-15,0.031610207,0.110947855
mattern_cov1,1024,414,0.2663995878347944,0.2663995878347928,1.609823385706477e-15,0.032434585,0.111770534
mattern_cov1,1024,415,0.2661365694209249,0.2661365694209233,1.609823385706477e-15,0.032541602,0.105484599
mattern_cov1,1024,416,0.26611563653084286,0.2661156365308413,1.5543122344752192e-15,0.031684744,0.10970431
mattern_cov1,1024,417,0.26592703836972703,0.26592703836972553,1.4988010832439613e-15,0.032528634,0.110240736
mattern_cov1,1024,418,0.2669150638264967,0.26691506382649516,1.5543122344752192e-15,0.032122418,0.112351349
mattern_cov1,1024,419,0.26600929345520763,0.26600929345520613,1.4988010832439613e-15,0.032406386,0.112342151
mattern_cov1,1024,420,0.2660729036750843,0.2660729036750827,1.609823385706477e-15,0.033231691,0.109815307
mattern_cov1,1024,421,0.2658483245830643,0.2658483245830628,1.4988010832439613e-15,0.032351158,0.111609457
mattern_cov1,1024,422,0.26660549072310874,0.2666054907231073,1.4432899320127035e-15,0.032237024,0.106632306
mattern_cov1,1024,423,0.26617359094219145,0.26617359094218995,1.4988010832439613e-15,0.032220224,0.110991
mattern_cov1,1024,424,0.26663693990590054,0.26663693990589904,1.4988010832439613e-15,0.032435027,0.112986985
mattern_cov1,1024,425,0.26658014626353016,0.26658014626352855,1.609823385706477e-15,0.031563508,0.11056572
mattern_cov1,1024,426,0.26655167150211656,0.266551671502115,1.5543122344752192e-15,0.03168512,0.10795746
mattern_cov1,1024,427,0.2659936441525131,0.26599364415251153,1.5543122344752192e-15,0.031736805,0.108068702
mattern_cov1,1024,428,0.2660626707351946,0.2660626707351931,1.4988010832439613e-15,0.032576826,0.111169123
mattern_cov1,1024,429,0.2665448768836607,0.2665448768836591,1.609823385706477e-15,0.031869548,0.112744682
mattern_cov1,1024,430,0.2659014841488341,0.26590148414883247,1.609823385706477e-15,0.032088208,0.112987399
mattern_cov1,1024,431,0.2663778406235671,0.2663778406235655,1.609823385706477e-15,0.032272217,0.112735719
mattern_cov1,1024,432,0.2664384035793359,0.26643840357933435,1.5543122344752192e-15,0.032039041,0.111830354
mattern_cov1,1024,433,0.26599894342922015,0.26599894342921854,1.609823385706477e-15,0.032483551,0.108384736
mattern_cov1,1024,434,0.2657051806844546,0.2657051806844531,1.4988010832439613e-15,0.032627432,0.113164522
mattern_cov1,1024,435,0.26643236863910164,0.2664323686391,1.609823385706477e-15,0.032021768,0.113980951
mattern_cov1,1024,436,0.2665598975464951,0.2665598975464935,1.609823385706477e-15,0.032348174,0.112241238
mattern_cov1,1024,437,0.26611301127891257,0.26611301127891107,1.4988010832439613e-15,0.031881861,0.109506889
mattern_cov1,1024,438,0.2662683744154153,0.2662683744154137,1.609823385706477e-15,0.032254003,0.109686651
mattern_cov1,1024,439,0.2668115314656762,0.26681153146567455,1.6653345369377348e-15,0.031403135,0.110927468
mattern_cov1,1024,440,0.26616595770713763,0.26616595770713614,1.4988010832439613e-15,0.032102281,0.112687566
mattern_cov1,1024,441,0.2660859195504555,0.266085919550454,1.4988010832439613e-15,0.031981116,0.109043166
mattern_cov1,1024,442,0.26634417903348856,0.266344179033487,1.5543122344752192e-15,0.032524639,0.104599742
mattern_cov1,1024,443,0.2660880898763294,0.26608808987632787,1.5543122344752192e-15,0.031722935,0.116227107
mattern_cov1,1024,444,0.26613893166204333,0.2661389316620417,1.609823385706477e-15,0.032174147,0.10913809
mattern_cov1,1024,445,0.26603202320310293,0.26603202320310143,1.4988010832439613e-15,0.032759858,0.112087429
mattern_cov1,1024,446,0.26622929776052573,0.26622929776052423,1.4988010832439613e-15,0.032116427,0.10973677
mattern_cov1,1024,447,0.26604692383903955,0.266046923839038,1.5543122344752192e-15,0.03211114,0.115579117
mattern_cov1,1024,448,0.2661315319597271,0.26613153195972555,1.5543122344752192e-15,0.032414575,0.10947738
mattern_cov1,1024,449,0.2662956075813208,0.2662956075813192,1.609823385706477e-15,0.032428645,0.113811384
mattern_cov1,1024,450,0.26593690690132776,0.26593690690132615,1.609823385706477e-15,0.033940428,0.108653175
mattern_cov1,1024,451,0.2657658343901839,0.2657658343901824,1.4988010832439613e-15,0.032239692,0.114976092
mattern_cov1,1024,452,0.2663238134846536,0.2663238134846521,1.4988010832439613e-15,0.031601368,0.114201305
mattern_cov1,1024,453,0.26578819030975714,0.2657881903097556,1.5543122344752192e-15,0.032844997,0.105800564
mattern_cov1,1024,454,0.2663247593713274,0.26632475937132577,1.609823385706477e-15,0.032503621,0.113506904
mattern_cov1,1024,455,0.2660344279896813,0.2660344279896798,1.4988010832439613e-15,0.032637072,0.106119169
mattern_cov1,1024,456,0.265916096621679,0.26591609662167737,1.609823385706477e-15,0.03192605,0.109213375
mattern_cov1,1024,457,0.2661373614032008,0.26613736140319927,1.5543122344752192e-15,0.032327325,0.114699659
mattern_cov1,1024,458,0.2664142190879883,0.26641421908798674,1.5543122344752192e-15,0.032398029,0.11430763
mattern_cov1,1024,459,0.26604314101408905,0.2660431410140875,1.5543122344752192e-15,0.033230515,0.110401825
mattern_cov1,1024,460,0.266317750103224,0.2663177501032225,1.4988010832439613e-15,0.031764193,0.113351267
mattern_cov1,1024,461,0.26636470473561485,0.26636470473561324,1.609823385706477e-15,0.0319711,0.113436481
mattern_cov1,1024,462,0.266790127146939,0.2667901271469375,1.4988010832439613e-15,0.031945988,0.112335278
mattern_cov1,1024,463,0.2665112924517885,0.26651129245178695,1.5543122344752192e-15,0.032057005,0.106656042
mattern_cov1,1024,464,0.26592741851905266,0.26592741851905105,1.609823385706477e-15,0.032660635,0.112372339
mattern_cov1,1024,465,0.2664481817880847,0.2664481817880832,1.4988010832439613e-15,0.032351363,0.111909876
mattern_cov1,1024,466,0.2660438702183949,0.2660438702183933,1.5543122344752192e-15,0.031838249,0.111773282
mattern_cov1,1024,467,0.2659827638027737,0.265982763802772,1.6653345369377348e-15,0.032498277,0.112526676
mattern_cov1,1024,468,0.2663462976774646,0.2663462976774631,1.4988010832439613e-15,0.032042783,0.108079714
mattern_cov1,1024,469,0.26655087628321317,0.2665508762832116,1.5543122344752192e-15,0.032078682,0.114626359
mattern_cov1,1024,470,0.2660496047455539,0.26604960474555234,1.5543122344752192e-15,0.031725943,0.114943972
mattern_cov1,1024,471,0.2664545043714386,0.266454504371437,1.609823385706477e-15,0.031902322,0.110149993
mattern_cov1,1024,472,0.2664466743159286,0.26644667431592706,1.5543122344752192e-15,0.031957346,0.114530583
mattern_cov1,1024,473,0.2666826357492192,0.2666826357492176,1.609823385706477e-15,0.032104879,0.110152893
mattern_cov1,1024,474,0.26588472936265406,0.26588472936265256,1.4988010832439613e-15,0.032618735,0.113124389
mattern_cov1,1024,475,0.2664529847558581,0.2664529847558565,1.609823385706477e-15,0.032301407,0.110188224
mattern_cov1,1024,476,0.2661885610219379,0.2661885610219364,1.4988010832439613e-15,0.031643008,0.105985576
mattern_cov1,1024,477,0.26627320870060817,0.26627320870060656,1.609823385706477e-15,0.032339793,0.114552152
mattern_cov1,1024,478,0.26619912615992797,0.2661991261599264,1.5543122344752192e-15,0.032272698,0.11321467
mattern_cov1,1024,479,0.2660895799910206,0.266089579991019,1.609823385706477e-15,0.032481974,0.11549755
mattern_cov1,1024,480,0.2659756198297157,0.26597561982971424,1.4432899320127035e-15,0.032460482,0.113399131
mattern_cov1,1024,481,0.2662275415660209,0.2662275415660193,1.609823385706477e-15,0.032211036,0.1044133
mattern_cov1,1024,482,0.2666670634564123,0.2666670634564107,1.5543122344752192e-15,0.03189259,0.112670375
mattern_cov1,1024,483,0.2661474638359785,0.2661474638359769,1.5543122344752192e-15,0.032194741,0.109154219
mattern_cov1,1024,484,0.2659358808100549,0.26593588081005337,1.5543122344752192e-15,0.03335331,0.115519814
mattern_cov1,1024,485,0.26623786816030626,0.26623786816030465,1.609823385706477e-15,0.032276465,0.111763457
mattern_cov1,1024,486,0.26596118433052945,0.2659611843305279,1.5543122344752192e-15,0.032157702,0.100070136
mattern_cov1,1024,487,0.2662499929565962,0.2662499929565946,1.5543122344752192e-15,0.03200612,0.110645445
mattern_cov1,1024,488,0.26627242533926626,0.26627242533926476,1.4988010832439613e-15,0.032281197,0.11065123
mattern_cov1,1024,489,0.2664616782673321,0.2664616782673306,1.4988010832439613e-15,0.032421267,0.11338173
mattern_cov1,1024,490,0.2661449588272942,0.26614495882729267,1.5543122344752192e-15,0.032019701,0.108450382
mattern_cov1,1024,491,0.26586570732112963,0.2658657073211281,1.5543122344752192e-15,0.031950533,0.115343907
mattern_cov1,1024,492,0.2664832603221716,0.26648326032217007,1.5543122344752192e-15,0.032284421,0.109268921
mattern_cov1,1024,493,0.266474112590988,0.2664741125909866,1.4432899320127035e-15,0.032256101,0.111520362
mattern_cov1,1024,494,0.2663882261373794,0.26638822613737784,1.5543122344752192e-15,0.031978372,0.111104355
mattern_cov1,1024,495,0.26598481062911133,0.2659848106291098,1.5543122344752192e-15,0.031788728,0.108607935
mattern_cov1,1024,496,0.26645116533611907,0.2664511653361175,1.5543122344752192e-15,0.031889734,0.105589502
mattern_cov1,1024,497,0.2664707665437281,0.26647076654372653,1.5543122344752192e-15,0.032280532,0.112053405
mattern_cov1,1024,498,0.26600881402066606,0.26600881402066456,1.4988010832439613e-15,0.032206507,0.107807881
mattern_cov1,1024,499,0.26610366910033756,0.26610366910033606,1.4988010832439613e-15,0.03179769,0.11160929
mattern_cov1,1024,500,0.26607215095866493,0.2660721509586634,1.5543122344752192e-15,0.0322634,0.111772399
mattern_cov1,1024,501,0.26615540749098054,0.26615540749097905,1.4988010832439613e-15,0.031820275,0.115101179
mattern_cov1,1024,502,0.26641058973499315,0.2664105897349916,1.5543122344752192e-15,0.03211891,0.107753157
mattern_cov1,1024,503,0.2659746937702589,0.2659746937702574,1.4988010832439613e-15,0.032103954,0.113828497
mattern_cov1,1024,504,0.26610092661125645,0.26610092661125495,1.4988010832439613e-15,0.032685858,0.115013417
mattern_cov1,1024,505,0.26589165255785024,0.2658916525578487,1.5543122344752192e-15,0.032456485,0.114826509
mattern_cov1,1024,506,0.2662485474998234,0.2662485474998218,1.609823385706477e-15,0.03226889,0.109522643
mattern_cov1,1024,507,0.2663081378380301,0.2663081378380286,1.4988010832439613e-15,0.033188644,0.105703318
mattern_cov1,1024,508,0.2659641947783162,0.2659641947783146,1.5543122344752192e-15,0.032898321,0.112376722
mattern_cov1,1024,509,0.2665120172564675,0.26651201725646595,1.5543122344752192e-15,0.033080152,0.112800762
mattern_cov1,1024,510,0.2661057280647077,0.2661057280647061,1.609823385706477e-15,0.032466369,0.112196556
mattern_cov1,1024,511,0.26649674279653074,0.2664967427965292,1.5543122344752192e-15,0.031720211,0.11339987
mattern_cov1,1024,512,0.2658082831092749,0.26580828310927335,1.5543122344752192e-15,0.032007772,0.111480823
mattern_cov1,1024,513,0.26605200748729746,0.26605200748729585,1.609823385706477e-15,0.032142993,0.112762426
mattern_cov1,1024,514,0.26650293465404645,0.2665029346540449,1.5543122344752192e-15,0.03192589,0.111120388
mattern_cov1,1024,515,0.2661427620593526,0.2661427620593511,1.4988010832439613e-15,0.032116387,0.110814319
mattern_cov1,1024,516,0.26649895073189306,0.26649895073189156,1.4988010832439613e-15,0.031961213,0.10645035
mattern_cov1,1024,517,0.26601901199506334,0.2660190119950618,1.5543122344752192e-15,0.032756215,0.107728307
mattern_cov1,1024,518,0.26645474572832817,0.26645474572832656,1.609823385706477e-15,0.032517959,0.113002083
mattern_cov1,1024,519,0.26592238914658495,0.2659223891465834,1.5543122344752192e-15,0.031952395,0.106499023
mattern_cov1,1024,520,0.2659758492022102,0.26597584920220857,1.609823385706477e-15,0.032422709,0.115679579
mattern_cov1,1024,521,0.26618515482149757,0.2661851548214959,1.6653345369377348e-15,0.032126396,0.111062639
mattern_cov1,1024,522,0.2658110670574458,0.26581106705744423,1.5543122344752192e-15,0.032389412,0.10931488
mattern_cov1,1024,523,0.266266575660222,0.26626657566022044,1.5543122344752192e-15,0.032283007,0.112612812
mattern_cov1,1024,524,0.2664997138953193,0.26649971389531774,1.5543122344752192e-15,0.031949603,0.109544709
mattern_cov1,1024,525,0.2662214762197425,0.266221476219741,1.4988010832439613e-15,0.032372678,0.112041889
mattern_cov1,1024,526,0.2661106574319965,0.2661106574319949,1.609823385706477e-15,0.031506541,0.109244269
mattern_cov1,1024,527,0.2663050685850658,0.26630506858506425,1.5543122344752192e-15,0.031705224,0.108129572
mattern_cov1,1024,528,0.266347304858789,0.2663473048587875,1.4988010832439613e-15,0.032574636,0.115735135
mattern_cov1,1024,529,0.2663535120777554,0.26635351207775393,1.4988010832439613e-15,0.032665311,0.116030277
mattern_cov1,1024,530,0.266352082170894,0.2663520821708924,1.609823385706477e-15,0.032193537,0.115425091
mattern_cov1,1024,531,0.26598370687967005,0.26598370687966844,1.609823385706477e-15,0.08033733,0.15541632
mattern_cov1,1024,532,0.26630827901233056,0.26630827901232906,1.4988010832439613e-15,0.035843158,0.111130005
mattern_cov1,1024,533,0.26610630618303566,0.26610630618303405,1.609823385706477e-15,0.032089588,0.116605492
mattern_cov1,1024,534,0.2658974516272227,0.2658974516272212,1.4988010832439613e-15,0.032143363,0.113576141
mattern_cov1,1024,535,0.2662093045156439,0.2662093045156424,1.4988010832439613e-15,0.031738157,0.112266889
mattern_cov1,1024,536,0.26657231799249614,0.2665723179924946,1.5543122344752192e-15,0.031538946,0.114609339
mattern_cov1,1024,537,0.2665558009624005,0.266555800962399,1.4988010832439613e-15,0.031927746,0.11120455
mattern_cov1,1024,538,0.2661294903456758,0.2661294903456742,1.609823385706477e-15,0.033290477,0.114965081
mattern_cov1,1024,539,0.26654868580834873,0.2665486858083472,1.5543122344752192e-15,0.032654108,0.112438203
mattern_cov1,1024,540,0.2664304962493545,0.2664304962493529,1.609823385706477e-15,0.032810664,0.113450396
mattern_cov1,1024,541,0.2662840013277082,0.26628400132770663,1.5543122344752192e-15,0.032236835,0.113685118
mattern_cov1,1024,542,0.2665432387634013,0.2665432387633998,1.4988010832439613e-15,0.032274238,0.111601041
mattern_cov1,1024,543,0.2662635589205751,0.2662635589205736,1.5543122344752192e-15,0.032099846,0.119281502
mattern_cov1,1024,544,0.2660411680584276,0.266041168058426,1.609823385706477e-15,0.032087006,0.114822313
mattern_cov1,1024,545,0.2660807471571591,0.2660807471571576,1.4988010832439613e-15,0.032659085,0.108981443
mattern_cov1,1024,546,0.26601783831537823,0.2660178383153767,1.5543122344752192e-15,0.03216671,0.110608782
mattern_cov1,1024,547,0.26664190115032477,0.26664190115032316,1.609823385706477e-15,0.032073567,0.111829103
mattern_cov1,1024,548,0.26615751677554306,0.2661575167755415,1.5543122344752192e-15,0.032124496,0.114226344
mattern_cov1,1024,549,0.2661667789357704,0.2661667789357689,1.4988010832439613e-15,0.032392425,0.103900894
mattern_cov1,1024,550,0.26594464743316165,0.2659446474331601,1.5543122344752192e-15,0.032373177,0.116304991
mattern_cov1,1024,551,0.2664195283371666,0.26641952833716503,1.5543122344752192e-15,0.031862057,0.111628442
mattern_cov1,1024,552,0.26650194738430916,0.26650194738430755,1.609823385706477e-15,0.031843638,0.106853989
mattern_cov1,1024,553,0.26623498557306075,0.26623498557305925,1.4988010832439613e-15,0.032122485,0.116377865
mattern_cov1,1024,554,0.2663826595843604,0.2663826595843589,1.4988010832439613e-15,0.032650219,0.110492376
mattern_cov1,1024,555,0.2662691946420062,0.2662691946420047,1.4988010832439613e-15,0.032366743,0.112257149
mattern_cov1,1024,556,0.2663516779526996,0.26635167795269815,1.4432899320127035e-15,0.032510934,0.111163211
mattern_cov1,1024,557,0.2665032875797561,0.26650328757975467,1.4432899320127035e-15,0.03289691,0.110852276
mattern_cov1,1024,558,0.26646534957654877,0.2664653495765472,1.5543122344752192e-15,0.032469193,0.112211112
mattern_cov1,1024,559,0.26579841610722205,0.2657984161072205,1.5543122344752192e-15,0.033491824,0.112378601
mattern_cov1,1024,560,0.26579206816175976,0.2657920681617582,1.5543122344752192e-15,0.032622337,0.115168423
mattern_cov1,1024,561,0.26608884788708087,0.26608884788707926,1.609823385706477e-15,0.031754364,0.110261413
mattern_cov1,1024,562,0.2662638447896836,0.26626384478968207,1.5543122344752192e-15,0.032503557,0.109655099
mattern_cov1,1024,563,0.26617289875569067,0.2661728987556891,1.5543122344752192e-15,0.032637649,0.11324167
mattern_cov1,1024,564,0.26632260714920936,0.2663226071492078,1.5543122344752192e-15,0.032236229,0.116422463
mattern_cov1,1024,565,0.26625163343044045,0.26625163343043895,1.4988010832439613e-15,0.032536825,0.10691409
mattern_cov1,1024,566,0.2659223592159234,0.26592235921592183,1.5543122344752192e-15,0.032556384,0.112921321
mattern_cov1,1024,567,0.2660576604322309,0.2660576604322293,1.609823385706477e-15,0.032314649,0.111825893
mattern_cov1,1024,568,0.26581651168796666,0.26581651168796505,1.609823385706477e-15,0.033566079,0.111641549
mattern_cov1,1024,569,0.2661118044746049,0.26611180447460336,1.5543122344752192e-15,0.032953413,0.11168326
mattern_cov1,1024,570,0.2662444017412964,0.2662444017412948,1.5543122344752192e-15,0.032178574,0.107763163
mattern_cov1,1024,571,0.2664549704749808,0.2664549704749793,1.4988010832439613e-15,0.03241081,0.110461136
mattern_cov1,1024,572,0.26619381497506867,0.2661938149750671,1.5543122344752192e-15,0.031543553,0.1148663
mattern_cov1,1024,573,0.26594594415570166,0.26594594415570016,1.4988010832439613e-15,0.031524175,0.117256459
mattern_cov1,1024,574,0.266244836236776,0.26624483623677436,1.609823385706477e-15,0.032318723,0.114802026
mattern_cov1,1024,575,0.2661910088624247,0.26619100886242314,1.5543122344752192e-15,0.032483883,0.113751867
mattern_cov1,1024,576,0.2664251546240129,0.2664251546240114,1.4988010832439613e-15,0.032032986,0.105052683
mattern_cov1,1024,577,0.2656276717669745,0.26562767176697283,1.6653345369377348e-15,0.032483352,0.113100856
mattern_cov1,1024,578,0.2661957401067288,0.26619574010672725,1.5543122344752192e-15,0.03224584,0.11628642
mattern_cov1,1024,579,0.26619248288886993,0.26619248288886826,1.6653345369377348e-15,0.031726685,0.115441525
mattern_cov1,1024,580,0.2663055750844046,0.266305575084403,1.609823385706477e-15,0.032060642,0.110125582
mattern_cov1,1024,581,0.2663581494628359,0.2663581494628344,1.4988010832439613e-15,0.03236093,0.11564507
mattern_cov1,1024,582,0.26597655722007324,0.2659765572200717,1.5543122344752192e-15,0.03229087,0.10468549
mattern_cov1,1024,583,0.26626578926719036,0.26626578926718875,1.609823385706477e-15,0.031713936,0.111902184
mattern_cov1,1024,584,0.26600784946916406,0.26600784946916256,1.4988010832439613e-15,0.032580274,0.104382941
mattern_cov1,1024,585,0.2660998325354939,0.26609983253549224,1.6653345369377348e-15,0.032783327,0.112946846
mattern_cov1,1024,586,0.2662432313697773,0.2662432313697756,1.6653345369377348e-15,0.031329266,0.108558231
mattern_cov1,1024,587,0.26625238463645623,0.2662523846364547,1.5543122344752192e-15,0.032458349,0.108430361
mattern_cov1,1024,588,0.2665054982355938,0.2665054982355923,1.4988010832439613e-15,0.032542169,0.116629514
mattern_cov1,1024,589,0.26662692734250293,0.26662692734250143,1.4988010832439613e-15,0.032294408,0.110405554
mattern_cov1,1024,590,0.26620763150454085,0.26620763150453935,1.4988010832439613e-15,0.032568968,0.113038564
mattern_cov1,1024,591,0.2661246752811667,0.2661246752811652,1.4988010832439613e-15,0.032146123,0.11139509
mattern_cov1,1024,592,0.2662835240170024,0.26628352401700084,1.5543122344752192e-15,0.031749732,0.103651263
mattern_cov1,1024,593,0.26626053216382034,0.2662605321638188,1.5543122344752192e-15,0.032777896,0.112629667
mattern_cov1,1024,594,0.26634356454722447,0.26634356454722297,1.4988010832439613e-15,0.032202151,0.115080021
mattern_cov1,1024,595,0.26567798727725184,0.2656779872772503,1.5543122344752192e-15,0.032049975,0.112054721
mattern_cov1,1024,596,0.26651019118060976,0.26651019118060815,1.609823385706477e-15,0.032178514,0.109763832
mattern_cov1,1024,597,0.26645100084584267,0.26645100084584106,1.609823385706477e-15,0.032560839,0.111678254
mattern_cov1,1024,598,0.26629187826111383,0.2662918782611123,1.5543122344752192e-15,0.032139147,0.107661228
mattern_cov1,1024,599,0.2667271496338446,0.26672714963384314,1.4432899320127035e-15,0.031509528,0.113107439
mattern_cov1,1024,600,0.26651163191620936,0.2665116319162078,1.5543122344752192e-15,0.032292289,0.112966476
mattern_cov1,1024,601,0.2659967632503993,0.2659967632503977,1.5543122344752192e-15,0.035160768,0.107353618
mattern_cov1,1024,602,0.2660459426676027,0.2660459426676011,1.5543122344752192e-15,0.032626679,0.104378864
mattern_cov1,1024,603,0.2662768691065996,0.266276869106598,1.609823385706477e-15,0.032951939,0.107464973
mattern_cov1,1024,604,0.26607018497304286,0.26607018497304125,1.609823385706477e-15,0.032613168,0.110652405
mattern_cov1,1024,605,0.26655885033662335,0.2665588503366218,1.5543122344752192e-15,0.03225324,0.112113226
mattern_cov1,1024,606,0.2662142644615338,0.26621426446153224,1.5543122344752192e-15,0.03241988,0.107189994
mattern_cov1,1024,607,0.26613154817265944,0.26613154817265794,1.4988010832439613e-15,0.03192154,0.109184458
mattern_cov1,1024,608,0.26589664956803105,0.26589664956802955,1.4988010832439613e-15,0.031973386,0.109484558
mattern_cov1,1024,609,0.2662675445311839,0.26626754453118234,1.5543122344752192e-15,0.032291485,0.107072416
mattern_cov1,1024,610,0.26574673250935105,0.2657467325093495,1.5543122344752192e-15,0.031976072,0.107029612
mattern_cov1,1024,611,0.26590343934672694,0.2659034393467255,1.4432899320127035e-15,0.032343601,0.111032769
mattern_cov1,1024,612,0.2662430420240739,0.2662430420240724,1.4988010832439613e-15,0.032332756,0.11087226
mattern_cov1,1024,613,0.2662711549106729,0.2662711549106714,1.4988010832439613e-15,0.031856678,0.112678479
mattern_cov1,1024,614,0.26607873868527604,0.26607873868527454,1.4988010832439613e-15,0.032207068,0.112795644
mattern_cov1,1024,615,0.26627911016722444,0.26627911016722283,1.609823385706477e-15,0.032828173,0.112367326
mattern_cov1,1024,616,0.2663023428240748,0.2663023428240732,1.5543122344752192e-15,0.032487643,0.11664836
mattern_cov1,1024,617,0.26644623846149346,0.2664462384614919,1.5543122344752192e-15,0.031959633,0.110031078
mattern_cov1,1024,618,0.2661168969400534,0.2661168969400519,1.4988010832439613e-15,0.032200709,0.111140154
mattern_cov1,1024,619,0.26633458820869976,0.26633458820869815,1.609823385706477e-15,0.032004755,0.114397618
mattern_cov1,1024,620,0.2659540922842773,0.26595409228427574,1.5543122344752192e-15,0.032374142,0.112734599
mattern_cov1,1024,621,0.266114152076407,0.2661141520764055,1.4988010832439613e-15,0.03225272,0.112826048
mattern_cov1,1024,622,0.26611933939316706,0.2661193393931654,1.6653345369377348e-15,0.032284793,0.109402042
mattern_cov1,1024,623,0.2657210004243184,0.26572100042431684,1.5543122344752192e-15,0.032384931,0.11389367
mattern_cov1,1024,624,0.2661145269872563,0.2661145269872547,1.609823385706477e-15,0.031907198,0.112420416
mattern_cov1,1024,625,0.26650166891319554,0.266501668913194,1.5543122344752192e-15,0.032929279,0.110469066
mattern_cov1,1024,626,0.2662079587193223,0.26620795871932074,1.5543122344752192e-15,0.031702493,0.107435458
mattern_cov1,1024,627,0.26629171890678255,0.26629171890678094,1.609823385706477e-15,0.032244318,0.111664781
mattern_cov1,1024,628,0.2663293960922233,0.2663293960922217,1.5543122344752192e-15,0.032527314,0.107346124
mattern_cov1,1024,629,0.26635545186887744,0.2663554518688758,1.609823385706477e-15,0.032137836,0.106899926
mattern_cov1,1024,630,0.26581774912278255,0.26581774912278106,1.4988010832439613e-15,0.03320443,0.111214737
mattern_cov1,1024,631,0.2660661444245748,0.26606614442457327,1.5543122344752192e-15,0.032572272,0.111499513
mattern_cov1,1024,632,0.2655571528238463,0.2655571528238447,1.609823385706477e-15,0.032385678,0.115262532
mattern_cov1,1024,633,0.2655826707678778,0.2655826707678762,1.5543122344752192e-15,0.032064892,0.106879603
mattern_cov1,1024,634,0.2660665124430086,0.26606651244300705,1.5543122344752192e-15,0.032439439,0.113776584
mattern_cov1,1024,635,0.26599105664901185,0.2659910566490103,1.5543122344752192e-15,0.03189208,0.110237568
mattern_cov1,1024,636,0.26625089064769886,0.2662508906476974,1.4432899320127035e-15,0.032019234,0.111736494
mattern_cov1,1024,637,0.26591607646124743,0.2659160764612457,1.7208456881689926e-15,0.032859584,0.114944721
mattern_cov1,1024,638,0.26683124399102126,0.2668312439910196,1.6653345369377348e-15,0.038261828,0.103079416
mattern_cov1,1024,639,0.26591361361286964,0.26591361361286814,1.4988010832439613e-15,0.032246962,0.108613807
mattern_cov1,1024,640,0.2660611100340923,0.26606111003409066,1.609823385706477e-15,0.032374419,0.101309133
mattern_cov1,1024,641,0.2663119799367999,0.26631197993679834,1.5543122344752192e-15,0.032370534,0.113537659
mattern_cov1,1024,642,0.26635972453757567,0.26635972453757417,1.4988010832439613e-15,0.031954469,0.108030365
mattern_cov1,1024,643,0.2658264003546518,0.26582640035465027,1.5543122344752192e-15,0.031964486,0.105461391
mattern_cov1,1024,644,0.26624540249547796,0.2662454024954764,1.5543122344752192e-15,0.031871088,0.114716347
mattern_cov1,1024,645,0.265901071231823,0.26590107123182144,1.5543122344752192e-15,0.032766544,0.106704242
mattern_cov1,1024,646,0.26644423127843286,0.2664442312784313,1.5543122344752192e-15,0.032065307,0.104347076
mattern_cov1,1024,647,0.2664538389388537,0.26645383893885216,1.5543122344752192e-15,0.032698552,0.113523159
mattern_cov1,1024,648,0.2662112371138892,0.26621123711388767,1.5543122344752192e-15,0.031813577,0.109284075
mattern_cov1,1024,649,0.2660199201672399,0.26601992016723836,1.5543122344752192e-15,0.0338331,0.109858259
mattern_cov1,1024,650,0.2660269627603315,0.26602696276032994,1.5543122344752192e-15,0.032013744,0.109354874
mattern_cov1,1024,651,0.26620643552150164,0.2662064355215001,1.5543122344752192e-15,0.031935219,0.111749871
mattern_cov1,1024,652,0.26650083462223845,0.26650083462223695,1.4988010832439613e-15,0.038636488,0.103516328
mattern_cov1,1024,653,0.2656323742282212,0.26563237422821967,1.5543122344752192e-15,0.032238248,0.100053998
mattern_cov1,1024,654,0.26620817637473176,0.2662081763747302,1.5543122344752192e-15,0.031586056,0.110480206
mattern_cov1,1024,655,0.2662935523892222,0.26629355238922064,1.5543122344752192e-15,0.032345993,0.104472218
mattern_cov1,1024,656,0.26581618450229577,0.2658161845022942,1.5543122344752192e-15,0.031782986,0.102574046
mattern_cov1,1024,657,0.2657594572279861,0.2657594572279845,1.609823385706477e-15,0.031964585,0.105137644
mattern_cov1,1024,658,0.2660567112243116,0.26605671122431,1.609823385706477e-15,0.032282502,0.104628175
mattern_cov1,1024,659,0.266219700557804,0.26621970055780236,1.609823385706477e-15,0.031602495,0.100740386
mattern_cov1,1024,660,0.2664318773772894,0.26643187737728796,1.4432899320127035e-15,0.032466919,0.105739634
mattern_cov1,1024,661,0.2661115328006289,0.2661115328006273,1.5543122344752192e-15,0.032499514,0.106792272
mattern_cov1,1024,662,0.2662613914361655,0.26626139143616395,1.5543122344752192e-15,0.032040176,0.100166756
mattern_cov1,1024,663,0.2659474455271849,0.26594744552718336,1.5543122344752192e-15,0.041601653,0.109221446
mattern_cov1,1024,664,0.2662451379416933,0.26624513794169175,1.5543122344752192e-15,0.031957921,0.110160718
mattern_cov1,1024,665,0.2657153270214763,0.26571532702147477,1.5543122344752192e-15,0.03205387,0.103178035
mattern_cov1,1024,666,0.266119608850704,0.26611960885070235,1.6653345369377348e-15,0.032013516,0.105461226
mattern_cov1,1024,667,0.26644519789755633,0.26644519789755483,1.4988010832439613e-15,0.032324809,0.102222119
mattern_cov1,1024,668,0.2660424915546031,0.2660424915546015,1.5543122344752192e-15,0.032263297,0.107449782
mattern_cov1,1024,669,0.2663641211763864,0.2663641211763848,1.609823385706477e-15,0.032238146,0.110863495
mattern_cov1,1024,670,0.2660666061379148,0.26606660613791316,1.609823385706477e-15,0.031970195,0.11032955
mattern_cov1,1024,671,0.26646944016011626,0.26646944016011465,1.609823385706477e-15,0.033105365,0.102147441
mattern_cov1,1024,672,0.2660426466284994,0.2660426466284978,1.609823385706477e-15,0.032018716,0.110341999
mattern_cov1,1024,673,0.2666676955646103,0.26666769556460873,1.5543122344752192e-15,0.032096895,0.104801912
mattern_cov1,1024,674,0.2662886731509892,0.2662886731509877,1.4988010832439613e-15,0.033498323,0.112441132
mattern_cov1,1024,675,0.26650284966678717,0.2665028496667856,1.5543122344752192e-15,0.032724557,0.096196342
mattern_cov1,1024,676,0.2662942791146378,0.26629427911463627,1.5543122344752192e-15,0.031658165,0.102935577
mattern_cov1,1024,677,0.26665391192632637,0.26665391192632487,1.4988010832439613e-15,0.032164189,0.108767136
mattern_cov1,1024,678,0.26605023952707835,0.26605023952707674,1.609823385706477e-15,0.03192134,0.109818269
mattern_cov1,1024,679,0.2659052551411481,0.26590525514114655,1.5543122344752192e-15,0.032352729,0.103542489
mattern_cov1,1024,680,0.26652317226366523,0.2665231722636637,1.5543122344752192e-15,0.032873552,0.107082318
mattern_cov1,1024,681,0.2664972074885406,0.26649720748853906,1.5543122344752192e-15,0.032576785,0.098194842
mattern_cov1,1024,682,0.26596322255904814,0.2659632225590466,1.5543122344752192e-15,0.031507771,0.100012325
mattern_cov1,1024,683,0.26626074130224886,0.26626074130224736,1.4988010832439613e-15,0.031764688,0.102360385
mattern_cov1,1024,684,0.26563371339490394,0.2656337133949023,1.609823385706477e-15,0.032544119,0.113174077
mattern_cov1,1024,685,0.2660441671259138,0.2660441671259121,1.6653345369377348e-15,0.03194553,0.106690221
mattern_cov1,1024,686,0.26613315393592935,0.26613315393592785,1.4988010832439613e-15,0.031992106,0.113012041
mattern_cov1,1024,687,0.265868309208005,0.2658683092080034,1.609823385706477e-15,0.032286722,0.108043099
mattern_cov1,1024,688,0.26637293607327217,0.26637293607327067,1.4988010832439613e-15,0.03306689,0.100136592
mattern_cov1,1024,689,0.26628557033580785,0.2662855703358063,1.5543122344752192e-15,0.032300452,0.104389365
mattern_cov1,1024,690,0.2658185227219776,0.26581852272197604,1.5543122344752192e-15,0.032866781,0.114908995
mattern_cov1,1024,691,0.26623855029077587,0.2662385502907744,1.4432899320127035e-15,0.032184316,0.109281663
mattern_cov1,1024,692,0.26609794933882536,0.2660979493388238,1.5543122344752192e-15,0.03215744,0.105328294
mattern_cov1,1024,693,0.26661239816169185,0.26661239816169024,1.609823385706477e-15,0.032467384,0.09809196
mattern_cov1,1024,694,0.2664769633453506,0.266476963345349,1.609823385706477e-15,0.032584861,0.111498822
mattern_cov1,1024,695,0.26628004918990594,0.2662800491899044,1.5543122344752192e-15,0.032046712,0.108304506
mattern_cov1,1024,696,0.2664244475936232,0.26642444759362166,1.5543122344752192e-15,0.032958088,0.108957731
mattern_cov1,1024,697,0.26629515069417675,0.26629515069417514,1.609823385706477e-15,0.032161681,0.113355238
mattern_cov1,1024,698,0.2658966583151961,0.26589665831519455,1.5543122344752192e-15,0.031869962,0.101000428
mattern_cov1,1024,699,0.2664418461402261,0.26644184614022454,1.5543122344752192e-15,0.032228387,0.111508785
mattern_cov1,1024,700,0.2663789082616991,0.2663789082616976,1.4988010832439613e-15,0.032004153,0.110403762
mattern_cov1,1024,701,0.266167208202845,0.26616720820284356,1.4432899320127035e-15,0.032640196,0.100991928
mattern_cov1,1024,702,0.26592637336676533,0.26592637336676384,1.4988010832439613e-15,0.032476679,0.104295584
mattern_cov1,1024,703,0.2658965231904652,0.2658965231904637,1.4988010832439613e-15,0.031578383,0.104984198
mattern_cov1,1024,704,0.26627676898200153,0.266276768982,1.5543122344752192e-15,0.032650098,0.104731811
mattern_cov1,1024,705,0.26623244623654857,0.266232446236547,1.5543122344752192e-15,0.031984136,0.104585132
mattern_cov1,1024,706,0.2652322549958264,0.2652322549958248,1.609823385706477e-15,0.031758477,0.107807771
mattern_cov1,1024,707,0.2662542672267975,0.26625426722679596,1.5543122344752192e-15,0.032301962,0.112495484
mattern_cov1,1024,708,0.2663618189689973,0.26636181896899574,1.5543122344752192e-15,0.032220135,0.105157499
mattern_cov1,1024,709,0.2665528611380749,0.2665528611380733,1.609823385706477e-15,0.031976394,0.113448248
mattern_cov1,1024,710,0.2657045287672996,0.26570452876729805,1.5543122344752192e-15,0.03294727,0.111511871
mattern_cov1,1024,711,0.26666468056950815,0.2666646805695065,1.6653345369377348e-15,0.032015143,0.100705822
mattern_cov1,1024,712,0.2659203721681025,0.2659203721681008,1.6653345369377348e-15,0.032238085,0.112011169
mattern_cov1,1024,713,0.2662943516379112,0.26629435163790965,1.5543122344752192e-15,0.03106225,0.103623494
mattern_cov1,1024,714,0.2661537891334062,0.2661537891334047,1.4988010832439613e-15,0.031954929,0.103314323
mattern_cov1,1024,715,0.2663834772040253,0.2663834772040237,1.5543122344752192e-15,0.032243721,0.110604154
mattern_cov1,1024,716,0.2662591898962414,0.2662591898962398,1.609823385706477e-15,0.031734871,0.112375469
mattern_cov1,1024,717,0.26632310427191386,0.26632310427191236,1.4988010832439613e-15,0.031901768,0.093250099
mattern_cov1,1024,718,0.26657881693713936,0.2665788169371379,1.4432899320127035e-15,0.032293947,0.109808338
mattern_cov1,1024,719,0.26638441051714673,0.26638441051714523,1.4988010832439613e-15,0.032180008,0.106067271
mattern_cov1,1024,720,0.26631802587851533,0.2663180258785138,1.5543122344752192e-15,0.031850137,0.109556328
mattern_cov1,1024,721,0.26637903714242595,0.26637903714242445,1.4988010832439613e-15,0.031901959,0.103685704
mattern_cov1,1024,722,0.2663248871260747,0.2663248871260732,1.4988010832439613e-15,0.032301886,0.11150984
mattern_cov1,1024,723,0.2663632733586725,0.26636327335867094,1.5543122344752192e-15,0.032093865,0.109385996
mattern_cov1,1024,724,0.26613718609288534,0.2661371860928838,1.5543122344752192e-15,0.032391758,0.105090013
mattern_cov1,1024,725,0.26638018158684335,0.2663801815868418,1.5543122344752192e-15,0.053111888,0.111039933
mattern_cov1,1024,726,0.26658021252749214,0.26658021252749053,1.609823385706477e-15,0.031440651,0.115618268
mattern_cov1,1024,727,0.26651895125322156,0.26651895125321995,1.609823385706477e-15,0.032251282,0.105534328
mattern_cov1,1024,728,0.2665558423800736,0.2665558423800721,1.4988010832439613e-15,0.032775185,0.106553017
mattern_cov1,1024,729,0.26588404706743024,0.2658840470674288,1.4432899320127035e-15,0.032216328,0.108571226
mattern_cov1,1024,730,0.2655741814411139,0.26557418144111233,1.5543122344752192e-15,0.032456398,0.115337883
mattern_cov1,1024,731,0.26617352966731606,0.2661735296673145,1.5543122344752192e-15,0.031647748,0.110644471
mattern_cov1,1024,732,0.2659128817665628,0.2659128817665613,1.4988010832439613e-15,0.031802735,0.113712332
mattern_cov1,1024,733,0.2663225218017887,0.2663225218017871,1.609823385706477e-15,0.032065928,0.106255502
mattern_cov1,1024,734,0.26637080257139406,0.2663708025713925,1.5543122344752192e-15,0.032156954,0.110393155
mattern_cov1,1024,735,0.2665032304023352,0.26650323040233365,1.5543122344752192e-15,0.031886676,0.108393562
mattern_cov1,1024,736,0.2664351814810211,0.2664351814810195,1.5543122344752192e-15,0.032185635,0.113350465
mattern_cov1,1024,737,0.266541364039181,0.26654136403917944,1.5543122344752192e-15,0.03212649,0.112766411
mattern_cov1,1024,738,0.2661487667433015,0.26614876674329996,1.5543122344752192e-15,0.032250291,0.107865044
mattern_cov1,1024,739,0.2661406608534501,0.2661406608534486,1.4988010832439613e-15,0.031953928,0.110453654
mattern_cov1,1024,740,0.2663120504467405,0.266312050446739,1.4988010832439613e-15,0.032011038,0.107591646
mattern_cov1,1024,741,0.2660406048139685,0.26604060481396696,1.5543122344752192e-15,0.032098616,0.114185378
mattern_cov1,1024,742,0.266240907188654,0.2662409071886525,1.4988010832439613e-15,0.032010129,0.11153708
mattern_cov1,1024,743,0.2664212335743324,0.26642123357433084,1.5543122344752192e-15,0.032161463,0.110069935
mattern_cov1,1024,744,0.2667976230391055,0.266797623039104,1.4988010832439613e-15,0.03206326,0.106420692
mattern_cov1,1024,745,0.266085562401599,0.2660855624015975,1.4988010832439613e-15,0.032561095,0.112297609
mattern_cov1,1024,746,0.2659008765091186,0.2659008765091171,1.4988010832439613e-15,0.032229683,0.108209257
mattern_cov1,1024,747,0.2663702540099572,0.2663702540099557,1.4988010832439613e-15,0.032248958,0.100346558
mattern_cov1,1024,748,0.266377455376902,0.26637745537690044,1.5543122344752192e-15,0.032673888,0.109018855
mattern_cov1,1024,749,0.26629464829349986,0.26629464829349836,1.4988010832439613e-15,0.031896311,0.105972481
mattern_cov1,1024,750,0.2660132375970077,0.26601323759700607,1.609823385706477e-15,0.032773835,0.114388906
mattern_cov1,1024,751,0.2662874203650119,0.2662874203650103,1.609823385706477e-15,0.032006356,0.103711398
mattern_cov1,1024,752,0.26609883539737345,0.2660988353973719,1.5543122344752192e-15,0.0319344,0.10119361
mattern_cov1,1024,753,0.2657484155992151,0.2657484155992136,1.4988010832439613e-15,0.031711641,0.112641681
mattern_cov1,1024,754,0.26595212610933616,0.26595212610933455,1.609823385706477e-15,0.032392025,0.105478973
mattern_cov1,1024,755,0.26612952647290006,0.2661295264728986,1.4432899320127035e-15,0.032233699,0.114227759
mattern_cov1,1024,756,0.26632755182050594,0.26632755182050427,1.6653345369377348e-15,0.031102677,0.102216586
mattern_cov1,1024,757,0.2666293335140261,0.26662933351402457,1.5543122344752192e-15,0.031810836,0.099213513
mattern_cov1,1024,758,0.26646969591199254,0.26646969591199104,1.4988010832439613e-15,0.031642798,0.108804072
mattern_cov1,1024,759,0.26614525143042145,0.26614525143041984,1.609823385706477e-15,0.033414428,0.103476403
mattern_cov1,1024,760,0.266057917257362,0.2660579172573605,1.4988010832439613e-15,0.032075577,0.107249361
mattern_cov1,1024,761,0.266115347315044,0.2661153473150423,1.6653345369377348e-15,0.032582805,0.102801964
mattern_cov1,1024,762,0.2665346701323868,0.26653467013238524,1.5543122344752192e-15,0.032332385,0.104231397
mattern_cov1,1024,763,0.2662663565919268,0.2662663565919252,1.609823385706477e-15,0.031582903,0.10694957
mattern_cov1,1024,764,0.2665199730058034,0.2665199730058019,1.4988010832439613e-15,0.031883841,0.109067892
mattern_cov1,1024,765,0.266176082655534,0.26617608265553255,1.4432899320127035e-15,0.031730947,0.106596188
mattern_cov1,1024,766,0.26598200817334855,0.26598200817334705,1.4988010832439613e-15,0.031796425,0.108008091
mattern_cov1,1024,767,0.2661456872241031,0.26614568722410153,1.5543122344752192e-15,0.032047524,0.102057266
mattern_cov1,1024,768,0.266401226639436,0.2664012266394345,1.4988010832439613e-15,0.03282575,0.101625496
mattern_cov1,1024,769,0.26611520979860676,0.2661152097986052,1.5543122344752192e-15,0.031951024,0.111946129
mattern_cov1,1024,770,0.2662236377967771,0.26622363779677555,1.5543122344752192e-15,0.031888076,0.101055499
mattern_cov1,1024,771,0.2660217702126307,0.2660217702126291,1.5543122344752192e-15,0.032089527,0.113346156
mattern_cov1,1024,772,0.26665919217770545,0.2666591921777038,1.6653345369377348e-15,0.032742113,0.111075281
mattern_cov1,1024,773,0.2660757534858502,0.2660757534858486,1.609823385706477e-15,0.032878553,0.099833482
mattern_cov1,1024,774,0.2656859702045807,0.2656859702045791,1.5543122344752192e-15,0.03205271,0.107273822
mattern_cov1,1024,775,0.26660734573199124,0.2666073457319898,1.4432899320127035e-15,0.032048519,0.101801502
mattern_cov1,1024,776,0.2659934734515299,0.26599347345152835,1.5543122344752192e-15,0.031768215,0.104536893
mattern_cov1,1024,777,0.2667121872911594,0.26671218729115787,1.5543122344752192e-15,0.032168727,0.107647156
mattern_cov1,1024,778,0.26564247643692196,0.26564247643692035,1.609823385706477e-15,0.032546511,0.102941044
mattern_cov1,1024,779,0.26607255126086937,0.26607255126086776,1.609823385706477e-15,0.032424802,0.104624334
mattern_cov1,1024,780,0.26601788200693177,0.26601788200693016,1.609823385706477e-15,0.032136435,0.102816301
mattern_cov1,1024,781,0.26618058559019203,0.2661805855901905,1.5543122344752192e-15,0.032124342,0.10898065
mattern_cov1,1024,782,0.2663477621995765,0.26634776219957496,1.5543122344752192e-15,0.031679987,0.111359773
mattern_cov1,1024,783,0.2662837597999054,0.2662837597999039,1.4988010832439613e-15,0.032733121,0.105709855
mattern_cov1,1024,784,0.2661822138015176,0.2661822138015159,1.6653345369377348e-15,0.032585605,0.101446495
mattern_cov1,1024,785,0.26608669038828325,0.26608669038828164,1.609823385706477e-15,0.032948916,0.113831216
mattern_cov1,1024,786,0.2659819899267824,0.26598198992678085,1.5543122344752192e-15,0.031993886,0.093529908
mattern_cov1,1024,787,0.26645072152717514,0.26645072152717353,1.609823385706477e-15,0.032702631,0.114880618
mattern_cov1,1024,788,0.2668473884973522,0.2668473884973507,1.4988010832439613e-15,0.032232453,0.104740716
mattern_cov1,1024,789,0.26589414517985055,0.26589414517984905,1.4988010832439613e-15,0.032394517,0.11083103
mattern_cov1,1024,790,0.26628381204988355,0.2662838120498819,1.6653345369377348e-15,0.031882662,0.107904381
mattern_cov1,1024,791,0.2662538903728061,0.2662538903728046,1.4988010832439613e-15,0.031679475,0.091755403
mattern_cov1,1024,792,0.2665524458147775,0.2665524458147759,1.609823385706477e-15,0.032821602,0.097451044
mattern_cov1,1024,793,0.26620844077190275,0.2662084407719012,1.5543122344752192e-15,0.031823427,0.108813051
mattern_cov1,1024,794,0.26676707576531705,0.2667670757653156,1.4432899320127035e-15,0.032630328,0.105223338
mattern_cov1,1024,795,0.26659031073563044,0.26659031073562894,1.4988010832439613e-15,0.032587251,0.106589725
mattern_cov1,1024,796,0.26621343225722854,0.266213432257227,1.5543122344752192e-15,0.032399184,0.103102224
mattern_cov1,1024,797,0.26636789559009155,0.26636789559009005,1.4988010832439613e-15,0.032005332,0.102150679
mattern_cov1,1024,798,0.2661741358855475,0.2661741358855459,1.609823385706477e-15,0.031889613,0.105188433
mattern_cov1,1024,799,0.26606214544411505,0.26606214544411355,1.4988010832439613e-15,0.032444753,0.105438413
mattern_cov1,1024,800,0.2667291577252267,0.26672915772522515,1.5543122344752192e-15,0.032110428,0.105672346
mattern_cov1,1024,801,0.26589105867790097,0.26589105867789947,1.4988010832439613e-15,0.03215924,0.114454573
mattern_cov1,1024,802,0.2662599752363908,0.26625997523638917,1.609823385706477e-15,0.032527277,0.109900382
mattern_cov1,1024,803,0.26591703305071035,0.26591703305070885,1.4988010832439613e-15,0.031584203,0.114437672
mattern_cov1,1024,804,0.26639898336531537,0.26639898336531376,1.609823385706477e-15,0.033035295,0.101659081
mattern_cov1,1024,805,0.26584824708410726,0.2658482470841057,1.5543122344752192e-15,0.032096587,0.110933493
mattern_cov1,1024,806,0.26616846067282934,0.26616846067282784,1.4988010832439613e-15,0.031946486,0.107069868
mattern_cov1,1024,807,0.2663498901731356,0.26634989017313404,1.5543122344752192e-15,0.03151004,0.113498051
mattern_cov1,1024,808,0.2666751181519444,0.26667511815194284,1.5543122344752192e-15,0.03261037,0.113083768
mattern_cov1,1024,809,0.2659739735063687,0.2659739735063672,1.4988010832439613e-15,0.031955766,0.10234723
mattern_cov1,1024,810,0.26645995564560554,0.26645995564560404,1.4988010832439613e-15,0.03207967,0.110155416
mattern_cov1,1024,811,0.2662733360287588,0.26627333602875725,1.5543122344752192e-15,0.032294726,0.111035767
mattern_cov1,1024,812,0.2659959003725179,0.26599590037251636,1.5543122344752192e-15,0.032580775,0.092195437
mattern_cov1,1024,813,0.2660586114439288,0.2660586114439272,1.609823385706477e-15,0.032390605,0.105183287
mattern_cov1,1024,814,0.2662382425413905,0.266238242541389,1.4988010832439613e-15,0.032266242,0.111069906
mattern_cov1,1024,815,0.2661308062776255,0.2661308062776239,1.5543122344752192e-15,0.033902909,0.104967167
mattern_cov1,1024,816,0.26585075732402785,0.26585075732402635,1.4988010832439613e-15,0.03223218,0.104341332
mattern_cov1,1024,817,0.2662544145331269,0.2662544145331254,1.4988010832439613e-15,0.032634947,0.11065623
mattern_cov1,1024,818,0.2660682481366132,0.2660682481366116,1.5543122344752192e-15,0.032325187,0.108209797
mattern_cov1,1024,819,0.2663205220432809,0.26632052204327933,1.5543122344752192e-15,0.031770842,0.112921967
mattern_cov1,1024,820,0.26629457591071887,0.2662945759107172,1.6653345369377348e-15,0.031970165,0.103505487
mattern_cov1,1024,821,0.2663153535383272,0.26631535353832564,1.5543122344752192e-15,0.032104107,0.113616605
mattern_cov1,1024,822,0.2663907862316082,0.2663907862316068,1.4432899320127035e-15,0.03788487,0.106598418
mattern_cov1,1024,823,0.2663618205141481,0.26636182051414653,1.5543122344752192e-15,0.032387195,0.113779294
mattern_cov1,1024,824,0.26629224965726034,0.2662922496572588,1.5543122344752192e-15,0.033393823,0.117505623
mattern_cov1,1024,825,0.2657706817806254,0.2657706817806238,1.609823385706477e-15,0.031997884,0.103904431
mattern_cov1,1024,826,0.26607386949640194,0.2660738694964005,1.4432899320127035e-15,0.032113066,0.106095699
mattern_cov1,1024,827,0.2661998322086159,0.2661998322086144,1.5543122344752192e-15,0.032349406,0.114261183
mattern_cov1,1024,828,0.26585997613187545,0.2658599761318738,1.6653345369377348e-15,0.032567085,0.108082651
mattern_cov1,1024,829,0.2662652301449895,0.266265230144988,1.4988010832439613e-15,0.032586087,0.111011456
mattern_cov1,1024,830,0.26629584037949544,0.2662958403794939,1.5543122344752192e-15,0.031664149,0.110893128
mattern_cov1,1024,831,0.2661180810830736,0.2661180810830721,1.4988010832439613e-15,0.032162433,0.107607244
mattern_cov1,1024,832,0.2662304517226437,0.2662304517226422,1.4988010832439613e-15,0.031486245,0.104669889
mattern_cov1,1024,833,0.2664520563090783,0.2664520563090767,1.609823385706477e-15,0.032156932,0.110688556
mattern_cov1,1024,834,0.2664545001032106,0.2664545001032091,1.4988010832439613e-15,0.032575593,0.113630321
mattern_cov1,1024,835,0.266428608490543,0.26642860849054145,1.5543122344752192e-15,0.032361507,0.100419625
mattern_cov1,1024,836,0.2661346881820089,0.26613468818200725,1.6653345369377348e-15,0.038776601,0.112636376
mattern_cov1,1024,837,0.26593126178292714,0.26593126178292564,1.4988010832439613e-15,0.032111918,0.110552272
mattern_cov1,1024,838,0.26595930912949556,0.26595930912949395,1.609823385706477e-15,0.032269284,0.104692281
mattern_cov1,1024,839,0.2664518998819709,0.2664518998819693,1.5543122344752192e-15,0.031942492,0.110685352
mattern_cov1,1024,840,0.2657120554685748,0.2657120554685733,1.4988010832439613e-15,0.032058958,0.109386922
mattern_cov1,1024,841,0.2661661908819559,0.26616619088195437,1.5543122344752192e-15,0.031973414,0.112185635
mattern_cov1,1024,842,0.2660063222448674,0.26600632224486587,1.5543122344752192e-15,0.031777448,0.108036014
mattern_cov1,1024,843,0.26606905385728347,0.2660690538572819,1.5543122344752192e-15,0.032255631,0.119330715
mattern_cov1,1024,844,0.2659663462308583,0.2659663462308568,1.4988010832439613e-15,0.032955104,0.112353451
mattern_cov1,1024,845,0.26616785501278845,0.2661678550127869,1.5543122344752192e-15,0.032108288,0.100800214
mattern_cov1,1024,846,0.26621831643797483,0.26621831643797333,1.4988010832439613e-15,0.031645592,0.103941896
mattern_cov1,1024,847,0.2659948061038391,0.26599480610383747,1.609823385706477e-15,0.032177398,0.109531342
mattern_cov1,1024,848,0.2663568745457133,0.2663568745457117,1.5543122344752192e-15,0.032043148,0.110225184
mattern_cov1,1024,849,0.26633179565820914,0.26633179565820747,1.6653345369377348e-15,0.03171025,0.104831931
mattern_cov1,1024,850,0.26608947960241186,0.2660894796024103,1.5543122344752192e-15,0.032180755,0.11271466
mattern_cov1,1024,851,0.2662908366298333,0.2662908366298317,1.609823385706477e-15,0.032622278,0.11045054
mattern_cov1,1024,852,0.2657989434053469,0.26579894340534527,1.609823385706477e-15,0.031743871,0.109642178
mattern_cov1,1024,853,0.266094250719391,0.2660942507193894,1.609823385706477e-15,0.032005932,0.114844676
mattern_cov1,1024,854,0.26644330296551566,0.26644330296551405,1.609823385706477e-15,0.032322954,0.11174116
mattern_cov1,1024,855,0.26655223915246434,0.2665522391524628,1.5543122344752192e-15,0.032145131,0.110089626
mattern_cov1,1024,856,0.26619366128339955,0.266193661283398,1.5543122344752192e-15,0.032604301,0.106962934
mattern_cov1,1024,857,0.2662030058362645,0.26620300583626294,1.5543122344752192e-15,0.031559121,0.113053948
mattern_cov1,1024,858,0.2662468689668512,0.2662468689668496,1.5543122344752192e-15,0.031972296,0.105455885
mattern_cov1,1024,859,0.26600249047341723,0.2660024904734157,1.5543122344752192e-15,0.032610508,0.103419721
mattern_cov1,1024,860,0.2663347336734749,0.2663347336734733,1.5543122344752192e-15,0.032321213,0.111868351
mattern_cov1,1024,861,0.2661024226462685,0.2661024226462669,1.609823385706477e-15,0.032123497,0.106506594
mattern_cov1,1024,862,0.2661579508393604,0.26615795083935884,1.5543122344752192e-15,0.032874486,0.110138334
mattern_cov1,1024,863,0.2663394211340257,0.26633942113402415,1.5543122344752192e-15,0.031767886,0.111755868
mattern_cov1,1024,864,0.2661458280237926,0.2661458280237911,1.4988010832439613e-15,0.03207898,0.107723015
mattern_cov1,1024,865,0.2661191582233945,0.26611915822339294,1.5543122344752192e-15,0.032187351,0.110957062
mattern_cov1,1024,866,0.2666861868788241,0.26668618687882256,1.5543122344752192e-15,0.031469839,0.112289936
mattern_cov1,1024,867,0.26657755400739197,0.26657755400739036,1.609823385706477e-15,0.032048346,0.115599128
mattern_cov1,1024,868,0.2662604033107167,0.2662604033107151,1.609823385706477e-15,0.031873453,0.109377063
mattern_cov1,1024,869,0.2662123261428733,0.2662123261428717,1.609823385706477e-15,0.031202294,0.10481441
mattern_cov1,1024,870,0.26657209514275126,0.26657209514274965,1.609823385706477e-15,0.032587627,0.111726436
mattern_cov1,1024,871,0.26612378449955454,0.26612378449955293,1.609823385706477e-15,0.031995921,0.114639617
mattern_cov1,1024,872,0.26615055668694826,0.2661505566869468,1.4432899320127035e-15,0.031820402,0.107081609
mattern_cov1,1024,873,0.2661469127527693,0.26614691275276775,1.5543122344752192e-15,0.032031935,0.110121849
mattern_cov1,1024,874,0.2658078238911465,0.26580782389114493,1.5543122344752192e-15,0.03204105,0.103209624
mattern_cov1,1024,875,0.26600484557709997,0.26600484557709836,1.609823385706477e-15,0.031673049,0.104603116
mattern_cov1,1024,876,0.2659867363605715,0.2659867363605699,1.609823385706477e-15,0.032529538,0.105841184
mattern_cov1,1024,877,0.26615318357099915,0.2661531835709976,1.5543122344752192e-15,0.03179699,0.112979777
mattern_cov1,1024,878,0.26634255224965836,0.26634255224965675,1.609823385706477e-15,0.031986784,0.112636077
mattern_cov1,1024,879,0.26600441176261186,0.2660044117626103,1.5543122344752192e-15,0.032150189,0.104221278
mattern_cov1,1024,880,0.26635336736282683,0.2663533673628253,1.5543122344752192e-15,0.032030329,0.110015751
mattern_cov1,1024,881,0.2659089068627722,0.2659089068627707,1.4988010832439613e-15,0.032101891,0.10915792
mattern_cov1,1024,882,0.2660944712956843,0.26609447129568276,1.5543122344752192e-15,0.032051301,0.108114368
mattern_cov1,1024,883,0.2660788357118556,0.26607883571185403,1.5543122344752192e-15,0.032019562,0.1076571
mattern_cov1,1024,884,0.2665364147892893,0.2665364147892877,1.609823385706477e-15,0.032682885,0.100576476
mattern_cov1,1024,885,0.26634138425606996,0.2663413842560684,1.5543122344752192e-15,0.032990676,0.111129335
mattern_cov1,1024,886,0.26622427042176605,0.2662242704217646,1.4432899320127035e-15,0.032450904,0.109534875
mattern_cov1,1024,887,0.2662256849744036,0.26622568497440197,1.609823385706477e-15,0.032435194,0.109546131
mattern_cov1,1024,888,0.26648008742861506,0.2664800874286135,1.5543122344752192e-15,0.031815698,0.104167766
mattern_cov1,1024,889,0.26605095541156626,0.2660509554115647,1.5543122344752192e-15,0.031898017,0.112270376
mattern_cov1,1024,890,0.2658568986368948,0.2658568986368934,1.4432899320127035e-15,0.032656039,0.109197839
mattern_cov1,1024,891,0.266134076508072,0.2661340765080706,1.4432899320127035e-15,0.034050375,0.10292723
mattern_cov1,1024,892,0.2660052786007618,0.26600527860076023,1.5543122344752192e-15,0.031898036,0.104382653
mattern_cov1,1024,893,0.26605217207409654,0.266052172074095,1.5543122344752192e-15,0.031766146,0.099276614
mattern_cov1,1024,894,0.2662858896280524,0.2662858896280508,1.609823385706477e-15,0.032482623,0.107733922
mattern_cov1,1024,895,0.2660610701615717,0.2660610701615701,1.609823385706477e-15,0.031976891,0.106863175
mattern_cov1,1024,896,0.26635359309318635,0.2663535930931848,1.5543122344752192e-15,0.032721716,0.112255369
mattern_cov1,1024,897,0.26618205233699704,0.2661820523369955,1.5543122344752192e-15,0.031983499,0.101842654
mattern_cov1,1024,898,0.2662670048058966,0.26626700480589505,1.5543122344752192e-15,0.032077386,0.111479141
mattern_cov1,1024,899,0.2662922517274385,0.2662922517274369,1.5543122344752192e-15,0.032086201,0.106433668
mattern_cov1,1024,900,0.2661089915316584,0.26610899153165685,1.5543122344752192e-15,0.031841268,0.116148714
mattern_cov1,1024,901,0.2665835269231154,0.26658352692311377,1.609823385706477e-15,0.031822531,0.098380878
mattern_cov1,1024,902,0.26659357932778593,0.26659357932778444,1.4988010832439613e-15,0.033291398,0.108288416
mattern_cov1,1024,903,0.266127666206093,0.2661276662060915,1.4988010832439613e-15,0.031735011,0.111001411
mattern_cov1,1024,904,0.26653938487545525,0.26653938487545376,1.4988010832439613e-15,0.032150083,0.102993939
mattern_cov1,1024,905,0.2663662537027227,0.2663662537027211,1.609823385706477e-15,0.031917388,0.109826109
mattern_cov1,1024,906,0.2662409584532492,0.26624095845324763,1.5543122344752192e-15,0.031991861,0.100137867
mattern_cov1,1024,907,0.26587257045034945,0.2658725704503479,1.5543122344752192e-15,0.032237327,0.113059714
mattern_cov1,1024,908,0.2657028701634445,0.265702870163443,1.4988010832439613e-15,0.031750207,0.111278177
mattern_cov1,1024,909,0.2660778268515042,0.26607782685150266,1.5543122344752192e-15,0.031784545,0.102973293
mattern_cov1,1024,910,0.2660915582629063,0.2660915582629047,1.609823385706477e-15,0.032659694,0.10666629
mattern_cov1,1024,911,0.26625304023865815,0.2662530402386566,1.5543122344752192e-15,0.032245717,0.108947395
mattern_cov1,1024,912,0.2660250775679754,0.26602507756797383,1.5543122344752192e-15,0.031434146,0.115754643
mattern_cov1,1024,913,0.26596492829184104,0.26596492829183954,1.4988010832439613e-15,0.03400166,0.104596994
mattern_cov1,1024,914,0.26556313165008294,0.2655631316500814,1.5543122344752192e-15,0.032868365,0.095914246
mattern_cov1,1024,915,0.2659147168310706,0.265914716831069,1.609823385706477e-15,0.03219188,0.112949422
mattern_cov1,1024,916,0.2658056710484306,0.2658056710484291,1.4988010832439613e-15,0.032025344,0.099758648
mattern_cov1,1024,917,0.2663010052305376,0.26630100523053607,1.5543122344752192e-15,0.032337733,0.104358778
mattern_cov1,1024,918,0.2661465223392115,0.26614652233920993,1.5543122344752192e-15,0.031898462,0.106104917
mattern_cov1,1024,919,0.26627404671482735,0.26627404671482585,1.4988010832439613e-15,0.031619631,0.115215523
mattern_cov1,1024,920,0.26650567215375714,0.2665056721537556,1.5543122344752192e-15,0.03268525,0.102541551
mattern_cov1,1024,921,0.26630324931596944,0.2663032493159679,1.5543122344752192e-15,0.032087632,0.112744776
mattern_cov1,1024,922,0.2659950220411897,0.26599502204118813,1.5543122344752192e-15,0.032021073,0.110797868
mattern_cov1,1024,923,0.2667113581290886,0.266711358129087,1.609823385706477e-15,0.032260275,0.112815095
mattern_cov1,1024,924,0.26603374291519005,0.2660337429151885,1.5543122344752192e-15,0.032125385,0.100502916
mattern_cov1,1024,925,0.26657794168880716,0.26657794168880566,1.4988010832439613e-15,0.032200107,0.107478926
mattern_cov1,1024,926,0.26614625818565035,0.26614625818564874,1.609823385706477e-15,0.032535414,0.110421827
mattern_cov1,1024,927,0.26653942158168925,0.26653942158168764,1.609823385706477e-15,0.031808145,0.111688293
mattern_cov1,1024,928,0.26639465459596706,0.26639465459596545,1.609823385706477e-15,0.04166869,0.113567743
mattern_cov1,1024,929,0.2653819934334754,0.2653819934334739,1.4988010832439613e-15,0.033190491,0.116281024
mattern_cov1,1024,930,0.26592182585314544,0.265921825853144,1.4432899320127035e-15,0.032441853,0.106677201
mattern_cov1,1024,931,0.2667619130864028,0.26676191308640135,1.4432899320127035e-15,0.032662531,0.113933622
mattern_cov1,1024,932,0.26645291745488475,0.26645291745488325,1.4988010832439613e-15,0.033135166,0.110949271
mattern_cov1,1024,933,0.2663608178744961,0.26636081787449467,1.4432899320127035e-15,0.032517981,0.102193688
mattern_cov1,1024,934,0.26569761039129214,0.26569761039129064,1.4988010832439613e-15,0.031732582,0.11162094
mattern_cov1,1024,935,0.2662954753477021,0.2662954753477005,1.609823385706477e-15,0.032366616,0.110865509
mattern_cov1,1024,936,0.26645341680238355,0.266453416802382,1.5543122344752192e-15,0.031657016,0.110633582
mattern_cov1,1024,937,0.2657909269135153,0.26579092691351375,1.5543122344752192e-15,0.031841644,0.1119054
mattern_cov1,1024,938,0.26639395641827623,0.26639395641827474,1.4988010832439613e-15,0.032139778,0.10770027
mattern_cov1,1024,939,0.266253195018398,0.26625319501839645,1.5543122344752192e-15,0.032343608,0.101428669
mattern_cov1,1024,940,0.2659776665652663,0.2659776665652647,1.5543122344752192e-15,0.032491384,0.104498435
mattern_cov1,1024,941,0.2659071702379444,0.2659071702379429,1.4988010832439613e-15,0.032427031,0.108363139
mattern_cov1,1024,942,0.2664221433375534,0.2664221433375518,1.5543122344752192e-15,0.032409032,0.108717692
mattern_cov1,1024,943,0.2664951636032108,0.2664951636032091,1.7208456881689926e-15,0.031888985,0.102382224
mattern_cov1,1024,944,0.26628737607141156,0.26628737607141006,1.4988010832439613e-15,0.032207631,0.103412677
mattern_cov1,1024,945,0.2661261648352337,0.26612616483523216,1.5543122344752192e-15,0.031746126,0.105485994
mattern_cov1,1024,946,0.2660935802794076,0.2660935802794061,1.4988010832439613e-15,0.032184501,0.10773379
mattern_cov1,1024,947,0.26647339937960407,0.2664733993796025,1.5543122344752192e-15,0.031857746,0.110823023
mattern_cov1,1024,948,0.2664269854838086,0.2664269854838071,1.4988010832439613e-15,0.031595401,0.111224328
mattern_cov1,1024,949,0.26601897889911186,0.26601897889911036,1.4988010832439613e-15,0.032101566,0.111603084
mattern_cov1,1024,950,0.2659261094346476,0.265926109434646,1.609823385706477e-15,0.031994427,0.101954088
mattern_cov1,1024,951,0.26593890453029473,0.2659389045302932,1.5543122344752192e-15,0.03186447,0.100577922
mattern_cov1,1024,952,0.26608371456897734,0.2660837145689758,1.5543122344752192e-15,0.031942269,0.10306516
mattern_cov1,1024,953,0.26642078848186396,0.2664207884818624,1.5543122344752192e-15,0.03164742,0.109365347
mattern_cov1,1024,954,0.26609613711913316,0.2660961371191316,1.5543122344752192e-15,0.0521731,0.09997518
mattern_cov1,1024,955,0.26609158247792347,0.26609158247792186,1.609823385706477e-15,0.032070804,0.105402883
mattern_cov1,1024,956,0.2662011451945973,0.2662011451945957,1.609823385706477e-15,0.031666244,0.104434325
mattern_cov1,1024,957,0.26613641353654627,0.26613641353654477,1.4988010832439613e-15,0.032531136,0.108272939
mattern_cov1,1024,958,0.26625731087156274,0.2662573108715612,1.5543122344752192e-15,0.032322616,0.100339082
mattern_cov1,1024,959,0.26612942035767534,0.2661294203576738,1.5543122344752192e-15,0.032456147,0.093160779
mattern_cov1,1024,960,0.26643828952359283,0.2664382895235913,1.5543122344752192e-15,0.038735882,0.110004468
mattern_cov1,1024,961,0.2662755115491668,0.26627551154916523,1.5543122344752192e-15,0.079833532,0.118647103
mattern_cov1,1024,962,0.26608160306846024,0.26608160306845874,1.4988010832439613e-15,0.031992952,0.109951489
mattern_cov1,1024,963,0.2664022564675582,0.2664022564675567,1.4988010832439613e-15,0.031878844,0.111208206
mattern_cov1,1024,964,0.2659069182968568,0.2659069182968554,1.3877787807814457e-15,0.032011892,0.101678852
mattern_cov1,1024,965,0.26603506120427917,0.2660350612042776,1.5543122344752192e-15,0.032044559,0.106701847
mattern_cov1,1024,966,0.2662885061546886,0.2662885061546871,1.4988010832439613e-15,0.032940511,0.104001992
mattern_cov1,1024,967,0.26690416142710843,0.2669041614271069,1.5543122344752192e-15,0.032418906,0.112631457
mattern_cov1,1024,968,0.2661766080619608,0.26617660806195925,1.5543122344752192e-15,0.032250208,0.099985549
mattern_cov1,1024,969,0.26607588674984134,0.2660758867498399,1.4432899320127035e-15,0.031732692,0.102606675
mattern_cov1,1024,970,0.26637693728329426,0.26637693728329276,1.4988010832439613e-15,0.032506363,0.11217885
mattern_cov1,1024,971,0.2661684134030257,0.2661684134030241,1.609823385706477e-15,0.032479327,0.106579287
mattern_cov1,1024,972,0.2663438440619294,0.26634384406192785,1.5543122344752192e-15,0.031933051,0.108550498
mattern_cov1,1024,973,0.2665255221877933,0.26652552218779174,1.5543122344752192e-15,0.032564599,0.105216644
mattern_cov1,1024,974,0.2657933587325384,0.26579335873253684,1.5543122344752192e-15,0.038566086,0.110335961
mattern_cov1,1024,975,0.2663565885010561,0.2663565885010545,1.609823385706477e-15,0.032285903,0.10455026
mattern_cov1,1024,976,0.2663827642837753,0.26638276428377367,1.609823385706477e-15,0.031625667,0.106914564
mattern_cov1,1024,977,0.26608780016661066,0.26608780016660905,1.609823385706477e-15,0.031815077,0.107448167
mattern_cov1,1024,978,0.2660984636875212,0.2660984636875196,1.609823385706477e-15,0.032245011,0.109245119
mattern_cov1,1024,979,0.26624043251283064,0.2662404325128291,1.5543122344752192e-15,0.032148138,0.101830594
mattern_cov1,1024,980,0.2661130272115528,0.26611302721155117,1.609823385706477e-15,0.031565753,0.113426152
mattern_cov1,1024,981,0.2663454528976735,0.2663454528976719,1.5543122344752192e-15,0.032111709,0.112602454
mattern_cov1,1024,982,0.26631662071790574,0.26631662071790424,1.4988010832439613e-15,0.032648842,0.099837758
mattern_cov1,1024,983,0.26596115579827356,0.26596115579827195,1.609823385706477e-15,0.032026871,0.115107601
mattern_cov1,1024,984,0.2664767456755224,0.2664767456755208,1.5543122344752192e-15,0.031882847,0.109496583
mattern_cov1,1024,985,0.26603643424206086,0.26603643424205925,1.609823385706477e-15,0.032028043,0.108801163
mattern_cov1,1024,986,0.2662938846519766,0.26629388465197507,1.5543122344752192e-15,0.032347022,0.110570663
mattern_cov1,1024,987,0.26616103521939954,0.266161035219398,1.5543122344752192e-15,0.031899377,0.102134412
mattern_cov1,1024,988,0.26636649691647396,0.26636649691647246,1.4988010832439613e-15,0.031704253,0.111350608
mattern_cov1,1024,989,0.2664377993516508,0.26643779935164935,1.4432899320127035e-15,0.031888743,0.09876449
mattern_cov1,1024,990,0.2659232252933847,0.26592322529338314,1.5543122344752192e-15,0.032588234,0.113032464
mattern_cov1,1024,991,0.2666170408330652,0.26661704083306365,1.5543122344752192e-15,0.031905997,0.113125843
mattern_cov1,1024,992,0.2665254360675316,0.26652543606753004,1.5543122344752192e-15,0.031978434,0.108688852
mattern_cov1,1024,993,0.26632463335112366,0.2663246333511221,1.5543122344752192e-15,0.033488416,0.127443833
mattern_cov1,1024,994,0.26642089609994707,0.2664208960999454,1.6653345369377348e-15,0.03265782,0.114121178
mattern_cov1,1024,995,0.2659958272874167,0.2659958272874151,1.609823385706477e-15,0.031575953,0.101881591
mattern_cov1,1024,996,0.26634853743298537,0.26634853743298376,1.609823385706477e-15,0.032118606,0.103645185
mattern_cov1,1024,997,0.2660336462652326,0.2660336462652311,1.4988010832439613e-15,0.031768146,0.114392619
mattern_cov1,1024,998,0.26607541066761153,0.26607541066761,1.5543122344752192e-15,0.031814415,0.106121856
mattern_cov1,1024,999,0.26595738198521984,0.2659573819852183,1.5543122344752192e-15,0.031994911,0.111273887
mattern_cov1,1024,1000,0.2663278612355309,0.2663278612355294,1.5543122344752192e-15,0.033088494,0.110153486
mattern_cov1,4096,1,0.4879794518604599,0.4879794518604492,1.0658141036401503e-14,0.274002987,0.480162919
mattern_cov1,4096,2,0.48288317844543677,0.48288317844542683,9.936496070395151e-15,0.271811722,0.493183711
mattern_cov1,4096,3,0.4852122429078068,0.48521224290779674,1.0047518372857667e-14,0.271826935,0.510731663
mattern_cov1,4096,4,0.48484333798105245,0.4848433379810422,1.0269562977782698e-14,0.27661044,0.498683929
mattern_cov1,4096,5,0.48254331160135006,0.48254331160134095,9.103828801926284e-15,0.274001652,0.505782184
mattern_cov1,4096,6,0.48656114652217,0.4865611465221589,1.1046719095020308e-14,0.278605431,0.52253675
mattern_cov1,4096,7,0.4845307183671314,0.48453071836712236,9.048317650695026e-15,0.297539435,0.505426501
mattern_cov1,4096,8,0.48428341880278686,0.484283418802777,9.880984919163893e-15,0.272654814,0.523613166
mattern_cov1,4096,9,0.4827867316950569,0.4827867316950473,9.603429163007604e-15,0.272384045,0.485350111
mattern_cov1,4096,10,0.4859768323589159,0.48597683235890554,1.0380585280245214e-14,0.275360459,0.477237111
mattern_cov1,4096,11,0.4861087691578472,0.4861087691578363,1.0880185641326534e-14,0.273767302,0.484760475
mattern_cov1,4096,12,0.4887032841051388,0.4887032841051308,7.993605777301127e-15,0.275647243,0.495495221
mattern_cov1,4096,13,0.48714460211020055,0.48714460211019045,1.0103029524088925e-14,0.318496278,0.488913705
mattern_cov1,4096,14,0.4885465943973018,0.48854659439729087,1.0935696792557792e-14,0.269988487,0.478872841
mattern_cov1,4096,15,0.4845386053929593,0.48453860539294924,1.0047518372857667e-14,0.280756338,0.4859344
mattern_cov1,4096,16,0.4895555648570023,0.4895555648569973,4.9960036108132044e-15,0.268255218,0.47882037
mattern_cov1,4096,17,0.485022871045093,0.4850228710450835,9.492406860545088e-15,0.273400138,0.499798957
mattern_cov1,4096,18,0.4848106983511837,0.4848106983511722,1.149080830487037e-14,0.277283852,0.475376513
mattern_cov1,4096,19,0.4841629733710857,0.4841629733710766,9.103828801926284e-15,0.273075019,0.480044964
mattern_cov1,4096,20,0.4885432462447772,0.4885432462447663,1.0880185641326534e-14,0.274070934,0.487497403
mattern_cov1,4096,21,0.4846941820449464,0.4846941820449375,8.881784197001252e-15,0.270856339,0.496263194
mattern_cov1,4096,22,0.48526891649635706,0.48526891649634624,1.0824674490095276e-14,0.363069297,0.49491318
mattern_cov1,4096,23,0.48787257466486117,0.4878725746648505,1.0658141036401503e-14,0.271317163,0.505701341
mattern_cov1,4096,24,0.4858621940996685,0.4858621940996586,9.936496070395151e-15,0.270630102,0.492119927
mattern_cov1,4096,25,0.4870499500878345,0.48704995008781937,1.5154544286133387e-14,0.271021055,0.500550552
mattern_cov1,4096,26,0.48741783638909447,0.48741783638908426,1.021405182655144e-14,0.270269837,0.506439083
mattern_cov1,4096,27,0.4868949249796098,0.4868949249795998,9.992007221626409e-15,0.272438063,0.499177919
mattern_cov1,4096,28,0.48674735604117975,0.48674735604117014,9.603429163007604e-15,0.272220856,0.484432424
mattern_cov1,4096,29,0.48766445085158044,0.48766445085157084,9.603429163007604e-15,0.27302583,0.474668039
mattern_cov1,4096,30,0.4861446826342218,0.48614468263421223,9.547918011776346e-15,0.27094441,0.503939431
mattern_cov1,4096,31,0.4878951630279121,0.4878951630279012,1.0880185641326534e-14,0.273311113,0.46750817
mattern_cov1,4096,32,0.4894902697933496,0.4894902697933395,1.0103029524088925e-14,0.273351777,0.492160067
mattern_cov1,4096,33,0.4860782537573988,0.4860782537573886,1.021405182655144e-14,0.276263898,0.468316743
mattern_cov1,4096,34,0.4847630857462267,0.48476308574621657,1.0103029524088925e-14,0.273523848,0.489657241
mattern_cov1,4096,35,0.486158035346558,0.48615803534654844,9.547918011776346e-15,0.274886582,0.481831485
mattern_cov1,4096,36,0.48593272447238894,0.48593272447237906,9.880984919163893e-15,0.270831507,0.486397787
mattern_cov1,4096,37,0.4851002208432202,0.48510022084320986,1.0325074129013956e-14,0.271831083,0.48191601
mattern_cov1,4096,38,0.48767732229791,0.48767732229789934,1.0658141036401503e-14,0.271914201,0.494349048
mattern_cov1,4096,39,0.4881403055265698,0.48814030552655824,1.1546319456101628e-14,0.270674305,0.501214874
mattern_cov1,4096,40,0.48765612242275047,0.48765612242273937,1.1102230246251565e-14,0.271387567,0.504093887
mattern_cov1,4096,41,0.484543693854341,0.4845436938543308,1.0158540675320182e-14,0.27166773,0.488786667
mattern_cov1,4096,42,0.48855271257922345,0.48855271257921346,9.992007221626409e-15,0.268966871,0.486128185
mattern_cov1,4096,43,0.4901251939951898,0.4901251939951797,1.0103029524088925e-14,0.272352375,0.511481032
mattern_cov1,4096,44,0.48894160623166,0.4889416062316488,1.1213252548714081e-14,0.269733264,0.488630709
mattern_cov1,4096,45,0.48836847886844253,0.4883684788684312,1.1324274851176597e-14,0.271398898,0.508218287
mattern_cov1,4096,46,0.4858495116291819,0.485849511629171,1.0880185641326534e-14,0.270344948,0.482522753
mattern_cov1,4096,47,0.48566463801610477,0.4856646380160948,9.992007221626409e-15,0.273582863,0.467260038
mattern_cov1,4096,48,0.48641323197265374,0.48641323197264347,1.0269562977782698e-14,0.271514739,0.466696517
mattern_cov1,4096,49,0.4839546979919988,0.48395469799198915,9.658940314238862e-15,0.273335088,0.501544938
mattern_cov1,4096,50,0.4874577477387169,0.48745774773870654,1.0380585280245214e-14,0.270562435,0.497650167
mattern_cov1,4096,51,0.48890180828717456,0.48890180828717367,8.881784197001252e-16,0.272930874,0.482106308
mattern_cov1,4096,52,0.4876024276334933,0.4876024276334825,1.0824674490095276e-14,0.273401347,0.469257212
mattern_cov1,4096,53,0.489798699929794,0.4897986999297836,1.0436096431476471e-14,0.275024105,0.476361555
mattern_cov1,4096,54,0.48467385323593054,0.4846738532359196,1.0935696792557792e-14,0.271878641,0.483198496
mattern_cov1,4096,55,0.4838591196541111,0.48385911965410083,1.0269562977782698e-14,0.272357555,0.486470057
mattern_cov1,4096,56,0.4885038415566037,0.4885038415565906,1.3100631690576847e-14,0.273302866,0.48570647
mattern_cov1,4096,57,0.48860062080957106,0.4886006208095606,1.0436096431476471e-14,0.273328099,0.492460745
mattern_cov1,4096,58,0.48923476323675935,0.48923476323674936,9.992007221626409e-15,0.271427915,0.467459044
mattern_cov1,4096,59,0.48399205617849783,0.4839920561784889,8.93729534823251e-15,0.278052102,0.45883737
mattern_cov1,4096,60,0.48630922001316157,0.48630922001315074,1.0824674490095276e-14,0.270989536,0.488093251
mattern_cov1,4096,61,0.48834436776088125,0.4883443677608714,9.825473767932635e-15,0.273280386,0.495341971
mattern_cov1,4096,62,0.48702800901473403,0.48702800901472326,1.0769163338864018e-14,0.272022796,0.470012785
mattern_cov1,4096,63,0.48737511474264367,0.4873751147426335,1.0158540675320182e-14,0.273161521,0.490165533
mattern_cov1,4096,64,0.48366025943948715,0.4836602594394763,1.0824674490095276e-14,0.273387903,0.473013201
mattern_cov1,4096,65,0.48665619600040744,0.4866561960003974,1.0047518372857667e-14,0.275595621,0.4835994
mattern_cov1,4096,66,0.4881740707625368,0.488174070762525,1.1823875212257917e-14,0.27160023,0.481824184
mattern_cov1,4096,67,0.48926241717618374,0.48926241717623187,4.8128168117500536e-14,0.274268824,0.509073742
mattern_cov1,4096,68,0.48634081664705414,0.48634081664704715,6.994405055138486e-15,0.296326702,0.461507183
mattern_cov1,4096,69,0.48349487843676925,0.48349487843676037,8.881784197001252e-15,0.275061556,0.488216897
mattern_cov1,4096,70,0.4897794947730287,0.4897794947730181,1.0602629885170245e-14,0.271103761,0.494489133
mattern_cov1,4096,71,0.484647059194659,0.4846470591946481,1.0880185641326534e-14,0.272318338,0.482877346
mattern_cov1,4096,72,0.48649274245433144,0.48649274245432045,1.099120794378905e-14,0.271165773,0.478121398
mattern_cov1,4096,73,0.48440095219901796,0.4844009521990084,9.547918011776346e-15,0.273718021,0.492724562
mattern_cov1,4096,74,0.487067754540667,0.4870677545406569,1.0047518372857667e-14,0.271240257,0.493650271
mattern_cov1,4096,75,0.4855640658315301,0.48556406583151995,1.0158540675320182e-14,0.275152446,0.488917131
mattern_cov1,4096,76,0.48585516976637194,0.48585516976636195,9.992007221626409e-15,0.286579974,0.481576845
mattern_cov1,4096,77,0.48801191550896994,0.48801191550896017,9.769962616701378e-15,0.272020054,0.493984353
mattern_cov1,4096,78,0.4877252758791281,0.48772527587911707,1.1046719095020308e-14,0.27134242,0.506272331
mattern_cov1,4096,79,0.48342315566968663,0.48342315566967725,9.381384558082573e-15,0.27209713,0.490064317
mattern_cov1,4096,80,0.4858460455755995,0.4858460455755893,1.021405182655144e-14,0.272970519,0.500128418
mattern_cov1,4096,81,0.4872205868521408,0.48722058685213016,1.0658141036401503e-14,0.270618593,0.483216602
mattern_cov1,4096,82,0.4849033856627947,0.48490338566278507,9.603429163007604e-15,0.305011002,0.494923447
mattern_cov1,4096,83,0.48983585806509283,0.48983585806508256,1.0269562977782698e-14,0.274263223,0.514122765
mattern_cov1,4096,84,0.48989035926017444,0.4898903592601629,1.1546319456101628e-14,0.271668291,0.506697345
mattern_cov1,4096,85,0.4858710743699291,0.4858710743699197,9.381384558082573e-15,0.272574012,0.470049969
mattern_cov1,4096,86,0.485780406187673,0.4857804061876633,9.658940314238862e-15,0.28220224,0.461544003
mattern_cov1,4096,87,0.48705961207970655,0.48705961207969595,1.0602629885170245e-14,0.276849796,0.475056682
mattern_cov1,4096,88,0.4859356294029507,0.4859356294029406,1.0103029524088925e-14,0.272519673,0.506293191
mattern_cov1,4096,89,0.4863143745585535,0.4863143745585423,1.1157741397482823e-14,0.27218167,0.48139311
mattern_cov1,4096,90,0.4879916347397783,0.48799163473976775,1.0547118733938987e-14,0.271289039,0.479098521
mattern_cov1,4096,91,0.48945203438968804,0.4894520343896774,1.0658141036401503e-14,0.273955842,0.491854663
mattern_cov1,4096,92,0.48497553454546694,0.48497553454545733,9.603429163007604e-15,0.270336823,0.477556941
mattern_cov1,4096,93,0.4874371138368104,0.48743711383679966,1.071365218763276e-14,0.270691698,0.491411157
mattern_cov1,4096,94,0.4883287634685085,0.48832876346849163,1.687538997430238e-14,0.270439887,0.493506423
mattern_cov1,4096,95,0.4875734785079459,0.48757347850793575,1.0158540675320182e-14,0.27306257,0.50585991
mattern_cov1,4096,96,0.4849701084531895,0.4849701084531927,3.219646771412954e-15,0.268914033,0.499128258
mattern_cov1,4096,97,0.48850346463779415,0.48850346463778416,9.992007221626409e-15,0.273040651,0.485551119
mattern_cov1,4096,98,0.48586423897393405,0.48586423897392467,9.381384558082573e-15,0.272333863,0.482541598
mattern_cov1,4096,99,0.4849707155546648,0.48497071555465526,9.547918011776346e-15,0.272009304,0.49979632
mattern_cov1,4096,100,0.48865554584799753,0.4886555458479871,1.0436096431476471e-14,0.269153674,0.46841495
mattern_cov1,4096,101,0.48675005047303116,0.48675005047302183,9.325873406851315e-15,0.370490036,0.479244738
mattern_cov1,4096,102,0.4851266129977579,0.4851266129977483,9.603429163007604e-15,0.271724765,0.4820756
mattern_cov1,4096,103,0.4898083570861704,0.48980835708615933,1.1046719095020308e-14,0.272672846,0.481568248
mattern_cov1,4096,104,0.4852227696162106,0.48522276961620103,9.547918011776346e-15,0.271180495,0.500705993
mattern_cov1,4096,105,0.4859826897005884,0.48598268970057723,1.1157741397482823e-14,0.272721601,0.488917291
mattern_cov1,4096,106,0.48734896687724144,0.4873489668772313,1.0158540675320182e-14,0.270543632,0.480433562
mattern_cov1,4096,107,0.4885901533662776,0.4885901533662696,7.993605777301127e-15,0.27130303,0.480842428
mattern_cov1,4096,108,0.4873771100089372,0.48737711000892764,9.547918011776346e-15,0.271750425,0.502996701
mattern_cov1,4096,109,0.48632225877841795,0.48632225877840746,1.049160758270773e-14,0.27435755,0.466522784
mattern_cov1,4096,110,0.4894386522723686,0.4894386522723578,1.0824674490095276e-14,0.269670862,0.492913304
mattern_cov1,4096,111,0.4871348518779319,0.48713485187792144,1.0436096431476471e-14,0.272809053,0.481679326
mattern_cov1,4096,112,0.4876232047106442,0.48762320471063386,1.0325074129013956e-14,0.271583029,0.493027022
mattern_cov1,4096,113,0.48688817666642265,0.4868881766664126,1.0047518372857667e-14,0.276276646,0.485874048
mattern_cov1,4096,114,0.4862738885822706,0.48627388858225934,1.1268763699945339e-14,0.272269339,0.48272759
mattern_cov1,4096,115,0.48469860272114507,0.484698602721134,1.1046719095020308e-14,0.314864195,0.484088346
mattern_cov1,4096,116,0.4890757721211147,0.4890757721211105,4.218847493575595e-15,0.271189019,0.484289367
mattern_cov1,4096,117,0.4838134398214835,0.48381343982147307,1.0436096431476471e-14,0.273924608,0.489979429
mattern_cov1,4096,118,0.4874231507520361,0.4874231507520265,9.603429163007604e-15,0.270195573,0.469017263
mattern_cov1,4096,119,0.48618694311535454,0.48618694311534366,1.0880185641326534e-14,0.270081604,0.465145921
mattern_cov1,4096,120,0.4848752701232904,0.48487527012327963,1.0769163338864018e-14,0.271038677,0.493593614
mattern_cov1,4096,121,0.48922014858613827,0.4892201485861278,1.049160758270773e-14,0.272719853,0.484310789
mattern_cov1,4096,122,0.4874457518092174,0.48744575180920785,9.547918011776346e-15,0.270014891,0.475379403
mattern_cov1,4096,123,0.4871841286890822,0.4871841286890706,1.1601830607332886e-14,0.271637689,0.476664117
mattern_cov1,4096,124,0.48569402054187777,0.48569402054186667,1.1102230246251565e-14,0.26924288,0.486467784
mattern_cov1,4096,125,0.4889882756864452,0.4889882756864328,1.2378986724570495e-14,0.270552819,0.481613873
mattern_cov1,4096,126,0.4884650643139398,0.48846506431392966,1.0158540675320182e-14,0.290508894,0.490036519
mattern_cov1,4096,127,0.48268028263277024,0.4826802826327605,9.71445146547012e-15,0.273897831,0.464621993
mattern_cov1,4096,128,0.48570174272955935,0.4857017427295485,1.0824674490095276e-14,0.268291207,0.490356098
mattern_cov1,4096,129,0.4859466317381164,0.4859466317381052,1.1213252548714081e-14,0.271514464,0.474829129
mattern_cov1,4096,130,0.4869701817446546,0.48697018174464485,9.769962616701378e-15,0.272339711,0.470050814
mattern_cov1,4096,131,0.48594526613859684,0.4859452661385853,1.1546319456101628e-14,0.271726712,0.473667095
mattern_cov1,4096,132,0.485915963521444,0.4859159635214338,1.021405182655144e-14,0.274392072,0.462467745
mattern_cov1,4096,133,0.4885817470576613,0.4885817470576515,9.769962616701378e-15,0.271574597,0.469279117
mattern_cov1,4096,134,0.4868661449570532,0.4868661449570433,9.936496070395151e-15,0.271469442,0.47784308
mattern_cov1,4096,135,0.48225783001928096,0.48225783001927,1.099120794378905e-14,0.275131298,0.472517459
mattern_cov1,4096,136,0.4868276149703978,0.48682761497038785,9.936496070395151e-15,0.269249176,0.496046951
mattern_cov1,4096,137,0.48670490417901197,0.4867049041790015,1.049160758270773e-14,0.270600891,0.469809624
mattern_cov1,4096,138,0.4858106205523894,0.48581062055237934,1.0047518372857667e-14,0.270911597,0.479304638
mattern_cov1,4096,139,0.4886802875910085,0.48868028759099874,9.769962616701378e-15,0.272313604,0.482739211
mattern_cov1,4096,140,0.4839496887168219,0.48394968871681304,8.881784197001252e-15,0.272849589,0.467798176
mattern_cov1,4096,141,0.48726957658447256,0.4872695765844594,1.3156142841808105e-14,0.268863974,0.478177392
mattern_cov1,4096,142,0.4884604337293758,0.4884604337293648,1.099120794378905e-14,0.270466099,0.499720755
mattern_cov1,4096,143,0.48589650559825975,0.485896505598249,1.0769163338864018e-14,0.273555049,0.488164218
mattern_cov1,4096,144,0.48582937118270725,0.48582937118269687,1.0380585280245214e-14,0.269263989,0.483993402
mattern_cov1,4096,145,0.48379463803346484,0.48379463803345274,1.2101430968414206e-14,0.269368778,0.467626944
mattern_cov1,4096,146,0.4866061608130708,0.4866061608130608,9.992007221626409e-15,0.273943489,0.475775642
mattern_cov1,4096,147,0.4869471257161562,0.48694712571614546,1.0769163338864018e-14,0.269800197,0.477809718
mattern_cov1,4096,148,0.48738236702966514,0.48738236702965354,1.1601830607332886e-14,0.272833886,0.493114308
mattern_cov1,4096,149,0.48510157864249054,0.4851015786424802,1.0325074129013956e-14,0.269301327,0.489462242
mattern_cov1,4096,150,0.48718855775189823,0.48718855775188746,1.0769163338864018e-14,0.269214926,0.467851905
mattern_cov1,4096,151,0.4907431454628463,0.49074314546283543,1.0880185641326534e-14,0.268575093,0.474150094
mattern_cov1,4096,152,0.480645665869365,0.48064566586935703,7.993605777301127e-15,0.268956958,0.496660677
mattern_cov1,4096,153,0.48549038711981063,0.48549038711980047,1.0158540675320182e-14,0.270995749,0.501128355
mattern_cov1,4096,154,0.48635673744751867,0.4863567374475082,1.049160758270773e-14,0.272758328,0.497008914
mattern_cov1,4096,155,0.485350140467617,0.4853501404676049,1.2101430968414206e-14,0.277526753,0.491633545
mattern_cov1,4096,156,0.488005064354542,0.4880050643545329,9.103828801926284e-15,0.271926396,0.469439565
mattern_cov1,4096,157,0.48536466238565307,0.4853646623856435,9.547918011776346e-15,0.270773332,0.489481135
mattern_cov1,4096,158,0.4853019367786436,0.48530193677863304,1.0547118733938987e-14,0.270968588,0.50009483
mattern_cov1,4096,159,0.48357680480858906,0.48357680480857956,9.492406860545088e-15,0.270520852,0.499270913
mattern_cov1,4096,160,0.4884158570404074,0.4884158570403965,1.0935696792557792e-14,0.272153533,0.502424481
mattern_cov1,4096,161,0.4870079503027441,0.4870079503027336,1.049160758270773e-14,0.272418339,0.498910373
mattern_cov1,4096,162,0.48576205846427256,0.48576205846426107,1.149080830487037e-14,0.272296943,0.484361342
mattern_cov1,4096,163,0.4871606737852792,0.48716067378526945,9.769962616701378e-15,0.269649573,0.484167638
mattern_cov1,4096,164,0.48620347159645244,0.4862034715964581,5.662137425588298e-15,0.398949749,0.478437282
mattern_cov1,4096,165,0.4852203364611149,0.4852203364611046,1.0325074129013956e-14,0.272437242,0.499451419
mattern_cov1,4096,166,0.4874346176068545,0.4874346176068444,1.0103029524088925e-14,0.268698419,0.50375864
mattern_cov1,4096,167,0.4870719288301886,0.48707192883017814,1.049160758270773e-14,0.27125235,0.483165755
mattern_cov1,4096,168,0.4841401091557295,0.48414010915571937,1.0158540675320182e-14,0.271016367,0.502137686
mattern_cov1,4096,169,0.48723360144728506,0.4872336014472736,1.1435297153639112e-14,0.271235441,0.498150956
mattern_cov1,4096,170,0.48504593859594464,0.48504593859593476,9.880984919163893e-15,0.271765346,0.49759552
mattern_cov1,4096,171,0.4894296388921899,0.4894296388921986,8.715250743307479e-15,0.271164871,0.483888817
mattern_cov1,4096,172,0.4873316509863363,0.4873316509863268,9.492406860545088e-15,0.271390342,0.489056676
mattern_cov1,4096,173,0.4876681269949792,0.48766812699496853,1.0658141036401503e-14,0.2721,0.486987717
mattern_cov1,4096,174,0.4856714086860629,0.4856714086860534,9.492406860545088e-15,0.271025664,0.488469458
mattern_cov1,4096,175,0.48824104330761564,0.48824104330760537,1.0269562977782698e-14,0.270832899,0.498196761
mattern_cov1,4096,176,0.48808154897029427,0.48808154897028366,1.0602629885170245e-14,0.270655036,0.480931316
mattern_cov1,4096,177,0.4861044118863442,0.4861044118863341,1.0103029524088925e-14,0.273420913,0.47783752
mattern_cov1,4096,178,0.4860687681792033,0.48606876817919237,1.0935696792557792e-14,0.271652179,0.499532673
mattern_cov1,4096,179,0.48446551175928887,0.4844655117592784,1.049160758270773e-14,0.271442883,0.476386601
mattern_cov1,4096,180,0.4857818161413021,0.4857818161412915,1.0602629885170245e-14,0.271669984,0.489862048
mattern_cov1,4096,181,0.4852805847321155,0.4852805847321044,1.1102230246251565e-14,0.273089817,0.481403891
mattern_cov1,4096,182,0.48578500837371136,0.4857850083737018,9.547918011776346e-15,0.274165432,0.484239544
mattern_cov1,4096,183,0.4884926655945929,0.488492665594583,9.936496070395151e-15,0.274165046,0.469727737
mattern_cov1,4096,184,0.48527098384287704,0.4852709838428675,9.547918011776346e-15,0.272782631,0.472779962
mattern_cov1,4096,185,0.48586992819530755,0.48586992819529656,1.099120794378905e-14,0.338156064,0.504199263
mattern_cov1,4096,186,0.4871281542953209,0.487128154295311,9.936496070395151e-15,0.272303823,0.500420862
mattern_cov1,4096,187,0.4858083614136462,0.4858083614136361,1.0103029524088925e-14,0.275469231,0.488438754
mattern_cov1,4096,188,0.4852672552527922,0.48526725525278125,1.0935696792557792e-14,0.271100663,0.503744841
mattern_cov1,4096,189,0.48500667835013433,0.4850066783501256,8.715250743307479e-15,0.269604428,0.473103898
mattern_cov1,4096,190,0.48816627835218745,0.48816627835217746,9.992007221626409e-15,0.272811666,0.498404435
mattern_cov1,4096,191,0.48659793674523383,0.4865979367452236,1.021405182655144e-14,0.2708836,0.485483227
mattern_cov1,4096,192,0.48811955516074,0.48811955516073113,8.881784197001252e-15,0.273334217,0.482757006
mattern_cov1,4096,193,0.4856684706946351,0.48566847069462454,1.0547118733938987e-14,0.271691625,0.478547806
mattern_cov1,4096,194,0.4870193251604653,0.487019325160452,1.3322676295501878e-14,0.272244198,0.487071631
mattern_cov1,4096,195,0.48694740131722075,0.4869474013172113,9.43689570931383e-15,0.274151531,0.499195456
mattern_cov1,4096,196,0.48738099290238607,0.4873809929023755,1.0547118733938987e-14,0.271771371,0.481822584
mattern_cov1,4096,197,0.48560396867492495,0.4856039686749147,1.0269562977782698e-14,0.272932635,0.488625632
mattern_cov1,4096,198,0.48514317940152996,0.4851431794015197,1.0269562977782698e-14,0.299399167,0.486335747
mattern_cov1,4096,199,0.48706327887267475,0.4870632788726636,1.1157741397482823e-14,0.273642904,0.506400842
mattern_cov1,4096,200,0.4909840122852838,0.49098401228527694,6.8833827526759706e-15,0.271293927,0.483279957
mattern_cov1,4096,201,0.4879995575090694,0.48799955750905905,1.0380585280245214e-14,0.271784939,0.497339543
mattern_cov1,4096,202,0.48496918986614473,0.48496918986613496,9.769962616701378e-15,0.273147793,0.492372028
mattern_cov1,4096,203,0.48593989955310884,0.485939899553099,9.825473767932635e-15,0.271708553,0.495091566
mattern_cov1,4096,204,0.48494835404301906,0.48494835404300823,1.0824674490095276e-14,0.27029928,0.48255079
mattern_cov1,4096,205,0.4852773888673623,0.48527738886735183,1.049160758270773e-14,0.270049787,0.49091912
mattern_cov1,4096,206,0.4842577999135625,0.48425779991355267,9.825473767932635e-15,0.271011432,0.501184848
mattern_cov1,4096,207,0.48277393134442054,0.4827739313444102,1.0325074129013956e-14,0.271188253,0.499952586
mattern_cov1,4096,208,0.48297406621384725,0.4829740662138365,1.0769163338864018e-14,0.271772204,0.512110541
mattern_cov1,4096,209,0.48629983794805476,0.48629983794804366,1.1102230246251565e-14,0.270196957,0.505342915
mattern_cov1,4096,210,0.48569302539851716,0.4856930253985057,1.149080830487037e-14,0.270012073,0.494804687
mattern_cov1,4096,211,0.4850460721285552,0.4850460721285464,8.826273045769994e-15,0.271528693,0.516069425
mattern_cov1,4096,212,0.4851241391749777,0.4851241391749685,9.2148511043888e-15,0.271287937,0.498135944
mattern_cov1,4096,213,0.4865941859448912,0.4865941859448802,1.099120794378905e-14,0.273046716,0.509977448
mattern_cov1,4096,214,0.48521678444215394,0.48521678444214583,8.104628079763643e-15,0.270731922,0.459907115
mattern_cov1,4096,215,0.48613206676184956,0.4861320667618396,9.936496070395151e-15,0.271656691,0.508514261
mattern_cov1,4096,216,0.48699966499549396,0.4869996649954836,1.0380585280245214e-14,0.269975932,0.490966084
mattern_cov1,4096,217,0.48483053273083815,0.4848305327308297,8.43769498715119e-15,0.273104532,0.47573735
mattern_cov1,4096,218,0.4862119484573484,0.48621194845733856,9.825473767932635e-15,0.270671869,0.474254035
mattern_cov1,4096,219,0.48455490532162376,0.48455490532161316,1.0602629885170245e-14,0.274862367,0.490392648
mattern_cov1,4096,220,0.487096848779728,0.48709684877971743,1.0547118733938987e-14,0.270468784,0.471089651
mattern_cov1,4096,221,0.48448437437035036,0.48448437437033604,1.432187701766452e-14,0.273328317,0.477587138
mattern_cov1,4096,222,0.48912827016292476,0.48912827016291477,9.992007221626409e-15,0.267412289,0.491823275
mattern_cov1,4096,223,0.4862107006705711,0.486210700670561,1.0103029524088925e-14,0.271691043,0.495704695
mattern_cov1,4096,224,0.4864848459564632,0.48648484595645325,9.936496070395151e-15,0.269575616,0.474781581
mattern_cov1,4096,225,0.48360111180873866,0.4836011118087294,9.270362255620057e-15,0.272604646,0.492198957
mattern_cov1,4096,226,0.4877921964492454,0.4877921964492354,9.992007221626409e-15,0.270916815,0.475387897
mattern_cov1,4096,227,0.4865927011600905,0.48659270116008074,9.769962616701378e-15,0.355602752,0.486451584
mattern_cov1,4096,228,0.4833614409047053,0.4833614409046958,9.492406860545088e-15,0.26976075,0.49538079
mattern_cov1,4096,229,0.48762855251551535,0.4876285525155042,1.1157741397482823e-14,0.277617236,0.494733443
mattern_cov1,4096,230,0.48639105423424,0.48639105423422807,1.1934897514720433e-14,0.26973298,0.47302006
mattern_cov1,4096,231,0.48473215006171116,0.4847321500617035,7.66053886991358e-15,0.270619968,0.484299506
mattern_cov1,4096,232,0.48321178115717517,0.4832117811571656,9.547918011776346e-15,0.268407223,0.478918582
mattern_cov1,4096,233,0.48440201040077774,0.48440201040076764,1.0103029524088925e-14,0.284253064,0.504646738
mattern_cov1,4096,234,0.48655703984760296,0.486557039847592,1.0935696792557792e-14,0.267845023,0.469507754
mattern_cov1,4096,235,0.4829907130410463,0.48299071304103647,9.825473767932635e-15,0.269427779,0.471823352
mattern_cov1,4096,236,0.48622802310893826,0.4862280231089277,1.0547118733938987e-14,0.269702841,0.488377786
mattern_cov1,4096,237,0.48840366838402804,0.4884036683840176,1.0436096431476471e-14,0.270031613,0.48150664
mattern_cov1,4096,238,0.48934705282722885,0.4893470528272182,1.0658141036401503e-14,0.270686381,0.480704534
mattern_cov1,4096,239,0.4882212254397052,0.48822122543969493,1.0269562977782698e-14,0.271408601,0.506202216
mattern_cov1,4096,240,0.4863689388986175,0.48636893889860583,1.1657341758564144e-14,0.272746311,0.509127373
mattern_cov1,4096,241,0.4881408528781157,0.48814085287810666,9.048317650695026e-15,0.270819741,0.505252437
mattern_cov1,4096,242,0.48775348736539437,0.48775348736538376,1.0602629885170245e-14,0.268405358,0.476052228
mattern_cov1,4096,243,0.4902435805733338,0.4902435805733238,9.992007221626409e-15,0.269659492,0.477367796
mattern_cov1,4096,244,0.4866494360127,0.4866494360126883,1.1712852909795402e-14,0.270425547,0.46302773
mattern_cov1,4096,245,0.48827069512900206,0.4882706951289917,1.0380585280245214e-14,0.27210502,0.464287902
mattern_cov1,4096,246,0.48605565413045176,0.4860556541304426,9.159339953157541e-15,0.271881675,0.482165145
mattern_cov1,4096,247,0.48661222631930173,0.4866122263192911,1.0658141036401503e-14,0.270601807,0.485847898
mattern_cov1,4096,248,0.48601367940563267,0.4860136794056234,9.270362255620057e-15,0.269123279,0.483276722
mattern_cov1,4096,249,0.48640134719181244,0.4864013471918025,9.936496070395151e-15,0.270487713,0.501419592
mattern_cov1,4096,250,0.48960166999537647,0.48960166999536686,9.603429163007604e-15,0.270828843,0.474301759
mattern_cov1,4096,251,0.4893966503563629,0.489396650356354,8.881784197001252e-15,0.272957743,0.49781507
mattern_cov1,4096,252,0.4837343836868226,0.4837343836868134,9.2148511043888e-15,0.269816071,0.496428228
mattern_cov1,4096,253,0.4893623782819445,0.4893623782819349,9.603429163007604e-15,0.27037486,0.479710015
mattern_cov1,4096,254,0.4870143755089616,0.4870143755089511,1.049160758270773e-14,0.270882739,0.485129468
mattern_cov1,4096,255,0.48819483683374193,0.48819483683373227,9.658940314238862e-15,0.270444806,0.473684417
mattern_cov1,4096,256,0.48440385088631827,0.48440385088630694,1.1324274851176597e-14,0.272704047,0.474728318
mattern_cov1,4096,257,0.4849404746635045,0.48494047466349466,9.825473767932635e-15,0.271641841,0.459369758
mattern_cov1,4096,258,0.48550441266147715,0.4855044126614665,1.0658141036401503e-14,0.271389229,0.464051086
mattern_cov1,4096,259,0.48577244492789257,0.4857724449278829,9.658940314238862e-15,0.282432408,0.472050694
mattern_cov1,4096,260,0.4837461531481844,0.4837461531481741,1.0325074129013956e-14,0.269928708,0.485311596
mattern_cov1,4096,261,0.48842329177526816,0.4884232917752572,1.099120794378905e-14,0.269709539,0.470390263
mattern_cov1,4096,262,0.4858771721271821,0.4858771721271718,1.0325074129013956e-14,0.269723955,0.467539179
mattern_cov1,4096,263,0.488033765863759,0.48803376586375097,8.049116928532385e-15,0.269765474,0.486311084
mattern_cov1,4096,264,0.48607665614982554,0.48607665614981627,9.270362255620057e-15,0.269830173,0.482438239
mattern_cov1,4096,265,0.48484837220173405,0.48484837220172344,1.0602629885170245e-14,0.269275693,0.491760901
mattern_cov1,4096,266,0.4867893879547407,0.486789387954727,1.3711254354120683e-14,0.270291641,0.498805592
mattern_cov1,4096,267,0.48455251670041927,0.48455251670040944,9.825473767932635e-15,0.271503759,0.478855091
mattern_cov1,4096,268,0.4864862358400133,0.48648623584000145,1.1879386363489175e-14,0.270413298,0.488262684
mattern_cov1,4096,269,0.4888322123358469,0.4888322123358351,1.176836406102666e-14,0.272989633,0.481730279
mattern_cov1,4096,270,0.4853060764400574,0.4853060764400474,9.992007221626409e-15,0.270227467,0.506591659
mattern_cov1,4096,271,0.4851263949986097,0.4851263949986073,2.3869795029440866e-15,0.269635443,0.49174388
mattern_cov1,4096,272,0.48676417315760667,0.4867641731575963,1.0380585280245214e-14,0.270079052,0.471173628
mattern_cov1,4096,273,0.48322547922559256,0.48322547922558307,9.492406860545088e-15,0.271669517,0.48388282
mattern_cov1,4096,274,0.4868830735686216,0.48688307356861205,9.547918011776346e-15,0.272861781,0.491512936
mattern_cov1,4096,275,0.48614387395451236,0.4861438739545012,1.1157741397482823e-14,0.269906048,0.471628069
mattern_cov1,4096,276,0.4865989512281235,0.48659895122811214,1.1379786002407855e-14,0.27180227,0.478137357
mattern_cov1,4096,277,0.4851117268771594,0.48511172687714893,1.049160758270773e-14,0.272399531,0.470133911
mattern_cov1,4096,278,0.48463330579574926,0.48463330579573977,9.492406860545088e-15,0.271901208,0.503422641
mattern_cov1,4096,279,0.4838418085091969,0.48384180850918623,1.0658141036401503e-14,0.281062091,0.488564625
mattern_cov1,4096,280,0.48793606409038115,0.4879360640903701,1.1046719095020308e-14,0.271020118,0.492226842
mattern_cov1,4096,281,0.4872651072543179,0.48726510725430877,9.103828801926284e-15,0.270608171,0.506892076
mattern_cov1,4096,282,0.4843640891413172,0.4843640891413074,9.769962616701378e-15,0.271144945,0.493671265
mattern_cov1,4096,283,0.4877746288053589,0.4877746288053482,1.0658141036401503e-14,0.292522698,0.503592485
mattern_cov1,4096,284,0.4867728658247506,0.4867728658247403,1.0325074129013956e-14,0.269963883,0.489135464
mattern_cov1,4096,285,0.48376935333517684,0.4837693533351663,1.0547118733938987e-14,0.270200428,0.498021785
mattern_cov1,4096,286,0.48631110061916755,0.4863111006191567,1.0824674490095276e-14,0.269589787,0.498824843
mattern_cov1,4096,287,0.4852088434370571,0.48520884343704657,1.0547118733938987e-14,0.270862682,0.499882841
mattern_cov1,4096,288,0.4860751382302609,0.48607513823025056,1.0325074129013956e-14,0.272444064,0.507993487
mattern_cov1,4096,289,0.48489076278597265,0.4848907627859626,1.0047518372857667e-14,0.268729172,0.468172352
mattern_cov1,4096,290,0.48295490442791333,0.48295490442790423,9.103828801926284e-15,0.271111949,0.48328834
mattern_cov1,4096,291,0.4851529284366383,0.48515292843662916,9.159339953157541e-15,0.269447884,0.481818404
mattern_cov1,4096,292,0.4871120672154327,0.48711206721542255,1.0158540675320182e-14,0.269078147,0.489520493
mattern_cov1,4096,293,0.48398841422766575,0.4839884142276558,9.936496070395151e-15,0.268473306,0.486868796
mattern_cov1,4096,294,0.4848013578749962,0.4848013578749855,1.0658141036401503e-14,0.271670995,0.480917191
mattern_cov1,4096,295,0.4851036171511203,0.4851036171511112,9.103828801926284e-15,0.269583956,0.485050702
mattern_cov1,4096,296,0.48925885927496715,0.48925885927495605,1.1102230246251565e-14,0.270494276,0.472969255
mattern_cov1,4096,297,0.4864342082877027,0.48643420828769224,1.0436096431476471e-14,0.268897087,0.51166186
mattern_cov1,4096,298,0.4841045977159106,0.4841045977159011,9.492406860545088e-15,0.270973876,0.504309795
mattern_cov1,4096,299,0.4881409485436708,0.48814094854365964,1.1157741397482823e-14,0.271289257,0.486799042
mattern_cov1,4096,300,0.48876408138225624,0.48876408138224686,9.381384558082573e-15,0.270402134,0.506379201
mattern_cov1,4096,301,0.48813607796261876,0.4881360779626058,1.2989609388114332e-14,0.273362398,0.466943046
mattern_cov1,4096,302,0.48549270916817894,0.4854927091681689,1.0047518372857667e-14,0.271714296,0.484798698
mattern_cov1,4096,303,0.48455323319201454,0.4845532331920032,1.1324274851176597e-14,0.27130278,0.489565419
mattern_cov1,4096,304,0.4851221322576482,0.4851221322576384,9.825473767932635e-15,0.268344287,0.476043207
mattern_cov1,4096,305,0.488333857278514,0.4883338572785043,9.71445146547012e-15,0.297982136,0.472220026
mattern_cov1,4096,306,0.48759455967265747,0.48759455967264737,1.0103029524088925e-14,0.270843749,0.489089274
mattern_cov1,4096,307,0.48642571941142115,0.48642571941141166,9.492406860545088e-15,0.273163953,0.476729433
mattern_cov1,4096,308,0.48507629500814226,0.4850762950081307,1.1546319456101628e-14,0.270266192,0.472299804
mattern_cov1,4096,309,0.48875725424537264,0.4887572542453622,1.0436096431476471e-14,0.271933056,0.483652316
mattern_cov1,4096,310,0.48723504296277836,0.48723504296276743,1.0935696792557792e-14,0.26991303,0.488125217
mattern_cov1,4096,311,0.48377411549038785,0.4837741154903778,1.0047518372857667e-14,0.271864463,0.486868954
mattern_cov1,4096,312,0.4884322590317067,0.48843225903169635,1.0325074129013956e-14,0.270673324,0.481823531
mattern_cov1,4096,313,0.489117244237067,0.4891172442370563,1.0658141036401503e-14,0.272632747,0.504578015
mattern_cov1,4096,314,0.4846930706254391,0.4846930706254286,1.049160758270773e-14,0.271364353,0.476037109
mattern_cov1,4096,315,0.48818027301651323,0.48818027301650324,9.992007221626409e-15,0.270137886,0.494325433
mattern_cov1,4096,316,0.4880085739717777,0.4880085739717646,1.3100631690576847e-14,0.27068441,0.497565706
mattern_cov1,4096,317,0.4832316067199854,0.4832316067199749,1.049160758270773e-14,0.275138477,0.488198511
mattern_cov1,4096,318,0.4890491259941656,0.489049125994155,1.0602629885170245e-14,0.270983642,0.495077059
mattern_cov1,4096,319,0.4800639239035376,0.48006392390352765,9.936496070395151e-15,0.271276944,0.482773333
mattern_cov1,4096,320,0.48759763620274826,0.487597636202739,9.270362255620057e-15,0.273143455,0.492248549
mattern_cov1,4096,321,0.48675125121774016,0.4867512512177305,9.658940314238862e-15,0.274254737,0.485479558
mattern_cov1,4096,322,0.4855261624597434,0.4855261624597334,9.992007221626409e-15,0.270693247,0.489471828
mattern_cov1,4096,323,0.4879043396837801,0.4879043396837697,1.0380585280245214e-14,0.27189066,0.499695498
mattern_cov1,4096,324,0.48798385381096415,0.48798385381095444,9.71445146547012e-15,0.270743216,0.495229514
mattern_cov1,4096,325,0.4897662879147609,0.48976628791475063,1.0269562977782698e-14,0.271906539,0.482530615
mattern_cov1,4096,326,0.4857838966544576,0.4857838966544466,1.099120794378905e-14,0.272068736,0.487514488
mattern_cov1,4096,327,0.4834641652294443,0.4834641652294347,9.603429163007604e-15,0.275981072,0.490168245
mattern_cov1,4096,328,0.48332414281506475,0.48332414281505365,1.1102230246251565e-14,0.270922101,0.483730163
mattern_cov1,4096,329,0.4841578293643796,0.4841578293643689,1.071365218763276e-14,0.271377272,0.473090296
mattern_cov1,4096,330,0.48853482507928203,0.4885348250792714,1.0658141036401503e-14,0.271151411,0.470971191
mattern_cov1,4096,331,0.4889887378296253,0.4889887378296156,9.71445146547012e-15,0.272557731,0.477014072
mattern_cov1,4096,332,0.48404871020905277,0.4840487102090422,1.0547118733938987e-14,0.271706523,0.47484532
mattern_cov1,4096,333,0.4861603690201097,0.486160369020099,1.0658141036401503e-14,0.272871703,0.467993565
mattern_cov1,4096,334,0.48659829542933514,0.4865982954293251,1.0047518372857667e-14,0.275639065,0.476026135
mattern_cov1,4096,335,0.48787341747301155,0.4878734174730011,1.0436096431476471e-14,0.272323922,0.544099585
mattern_cov1,4096,336,0.48994351084477866,0.4899435108447688,9.880984919163893e-15,0.270069133,0.470325495
mattern_cov1,4096,337,0.48757110188709435,0.4875711018870847,9.658940314238862e-15,0.27213931,0.468621204
mattern_cov1,4096,338,0.486457451413878,0.4864574514138682,9.769962616701378e-15,0.271780013,0.467238937
mattern_cov1,4096,339,0.4872760497334136,0.4872760497334032,1.0380585280245214e-14,0.270536649,0.470593718
mattern_cov1,4096,340,0.48670377771333145,0.48670377771332207,9.381384558082573e-15,0.271929499,0.465706078
mattern_cov1,4096,341,0.48399786738454514,0.4839978673845354,9.769962616701378e-15,0.274331095,0.490234261
mattern_cov1,4096,342,0.48735653392920925,0.48735653392919853,1.071365218763276e-14,0.279638085,0.469246166
mattern_cov1,4096,343,0.488824803510262,0.48882480351025265,9.325873406851315e-15,0.271688044,0.468729324
mattern_cov1,4096,344,0.48798692123770904,0.4879869212376995,9.547918011776346e-15,0.269188418,0.459515169
mattern_cov1,4096,345,0.48722743092197157,0.4872274309219606,1.099120794378905e-14,0.273314265,0.528299454
mattern_cov1,4096,346,0.48735976942415066,0.487359769424141,9.658940314238862e-15,0.272083602,0.469010555
mattern_cov1,4096,347,0.48751001516297743,0.4875100151629683,9.103828801926284e-15,0.272381514,0.475650266
mattern_cov1,4096,348,0.4832446097185503,0.4832446097185392,1.1102230246251565e-14,0.270866922,0.472546357
mattern_cov1,4096,349,0.4825647030697988,0.48256470306978866,1.0158540675320182e-14,0.274030583,0.477976075
mattern_cov1,4096,350,0.48825337200251634,0.488253372002506,1.0325074129013956e-14,0.272021718,0.474722513
mattern_cov1,4096,351,0.48601626190600306,0.4860162619059936,9.43689570931383e-15,0.270105984,0.468664338
mattern_cov1,4096,352,0.4830032211171835,0.48300322111717287,1.0658141036401503e-14,0.269162908,0.473878151
mattern_cov1,4096,353,0.4865693624301015,0.48656936243009347,8.049116928532385e-15,0.270479097,0.470239799
mattern_cov1,4096,354,0.4879204042532265,0.48792040425321587,1.0658141036401503e-14,0.26973955,0.466784703
mattern_cov1,4096,355,0.48555032533444537,0.4855503253344362,9.159339953157541e-15,0.27234647,0.494805026
mattern_cov1,4096,356,0.486744427884001,0.48674442788399,1.099120794378905e-14,0.270827281,0.479790151
mattern_cov1,4096,357,0.48398890684230533,0.48398890684229506,1.0269562977782698e-14,0.271684443,0.487205671
mattern_cov1,4096,358,0.4868442887962836,0.48684428879627384,9.769962616701378e-15,0.268810631,0.473975424
mattern_cov1,4096,359,0.4849063991351152,0.4849063991351057,9.492406860545088e-15,0.272074592,0.47391217
mattern_cov1,4096,360,0.4857603537000877,0.4857603537000763,1.1379786002407855e-14,0.270904196,0.511783207
mattern_cov1,4096,361,0.48908871141146787,0.489088711411458,9.880984919163893e-15,0.27150301,0.493063257
mattern_cov1,4096,362,0.4862642659950763,0.48626426599506684,9.43689570931383e-15,0.27156976,0.499805631
mattern_cov1,4096,363,0.48513682859747137,0.4851368285974604,1.099120794378905e-14,0.269675215,0.484301665
mattern_cov1,4096,364,0.48808783210290146,0.48808783210289053,1.0935696792557792e-14,0.271854593,0.498707061
mattern_cov1,4096,365,0.48745520386012253,0.487455203860113,9.547918011776346e-15,0.273690377,0.47254364
mattern_cov1,4096,366,0.4884003047435714,0.4884003047435605,1.0880185641326534e-14,0.27139564,0.482886678
mattern_cov1,4096,367,0.48689042405210287,0.48689042405208927,1.3600232051658168e-14,0.271333955,0.48370896
mattern_cov1,4096,368,0.4862655205696343,0.48626552056962463,9.658940314238862e-15,0.270965462,0.478984025
mattern_cov1,4096,369,0.4831088567279243,0.48310885672791776,6.5503158452884236e-15,0.270966853,0.46360439
mattern_cov1,4096,370,0.4846376385907827,0.4846376385907727,9.992007221626409e-15,0.270362835,0.502803907
mattern_cov1,4096,371,0.48917000593249776,0.4891700059324877,1.0047518372857667e-14,0.278321905,0.469185484
mattern_cov1,4096,372,0.4837828263974739,0.483782826397465,8.881784197001252e-15,0.26996161,0.478028833
mattern_cov1,4096,373,0.4887055050965546,0.4887055050965436,1.099120794378905e-14,0.270113738,0.484603293
mattern_cov1,4096,374,0.48730312866856984,0.48730312866856007,9.769962616701378e-15,0.26930898,0.493181235
mattern_cov1,4096,375,0.4839079571890275,0.48390795718901675,1.0769163338864018e-14,0.272709522,0.470229902
mattern_cov1,4096,376,0.4847118308433362,0.48471183084332653,9.658940314238862e-15,0.273851536,0.505957157
mattern_cov1,4096,377,0.48903484011667026,0.4890348401166598,1.0436096431476471e-14,0.274574429,0.470429456
mattern_cov1,4096,378,0.48816388490507556,0.48816388490506557,9.992007221626409e-15,0.272794045,0.476321325
mattern_cov1,4096,379,0.4880431085162574,0.48804310851624794,9.43689570931383e-15,0.269115448,0.490476117
mattern_cov1,4096,380,0.487249515288886,0.48724951528887567,1.0325074129013956e-14,0.27065521,0.484365351
mattern_cov1,4096,381,0.4848279216894615,0.484827921689452,9.492406860545088e-15,0.272770578,0.486988875
mattern_cov1,4096,382,0.48575690795741594,0.48575690795740095,1.4988010832439613e-14,0.274266865,0.495547806
mattern_cov1,4096,383,0.4839589121705034,0.4839589121704935,9.880984919163893e-15,0.271694192,0.487601562
mattern_cov1,4096,384,0.4879670729499581,0.48796707294994873,9.381384558082573e-15,0.273778395,0.480601983
mattern_cov1,4096,385,0.4829708856844037,0.4829708856843941,9.603429163007604e-15,0.274173768,0.4985375
mattern_cov1,4096,386,0.48881940868343216,0.4888194086834223,9.880984919163893e-15,0.326581744,0.473715556
mattern_cov1,4096,387,0.48633925355573443,0.48633925355572466,9.769962616701378e-15,0.271640562,0.484707799
mattern_cov1,4096,388,0.4844651980658219,0.48446519806581884,3.0531133177191805e-15,0.272642002,0.491583462
mattern_cov1,4096,389,0.4860582165568927,0.486058216556883,9.658940314238862e-15,0.271001893,0.500295246
mattern_cov1,4096,390,0.4855715970399103,0.4855715970399004,9.936496070395151e-15,0.275293043,0.494446025
mattern_cov1,4096,391,0.4886916910969828,0.48869169109697297,9.825473767932635e-15,0.278431557,0.488262636
mattern_cov1,4096,392,0.4887329435795491,0.4887329435795375,1.1601830607332886e-14,0.272768223,0.517875336
mattern_cov1,4096,393,0.4862552771419207,0.4862552771419107,9.992007221626409e-15,0.282102324,0.475149896
mattern_cov1,4096,394,0.4862335210808222,0.4862335210808124,9.769962616701378e-15,0.271265988,0.475995259
mattern_cov1,4096,395,0.4863734529034609,0.48637345290345063,1.0269562977782698e-14,0.354085669,0.483563294
mattern_cov1,4096,396,0.48316844350892646,0.4831684435089165,9.936496070395151e-15,0.273549251,0.501714843
mattern_cov1,4096,397,0.48290278598089786,0.4829027859808872,1.0658141036401503e-14,0.27109255,0.483217398
mattern_cov1,4096,398,0.4898670003999978,0.4898670003999885,9.325873406851315e-15,0.271844699,0.494855659
mattern_cov1,4096,399,0.4877074927428285,0.48770749274281794,1.0547118733938987e-14,0.269988254,0.509069834
mattern_cov1,4096,400,0.4880225837337655,0.488022583733755,1.049160758270773e-14,0.270596949,0.469978029
mattern_cov1,4096,401,0.48711539830718714,0.48711539830717526,1.1879386363489175e-14,0.304575528,0.469792611
mattern_cov1,4096,402,0.4844002317280725,0.4844002317280625,9.992007221626409e-15,0.270439053,0.500027002
mattern_cov1,4096,403,0.485718975235367,0.4857189752353563,1.071365218763276e-14,0.285566559,0.483570325
mattern_cov1,4096,404,0.4912631786569386,0.49126317865692876,9.825473767932635e-15,0.294654874,0.479331786
mattern_cov1,4096,405,0.4865298867372625,0.486529886737254,8.493206138382448e-15,0.286774257,0.487431915
mattern_cov1,4096,406,0.48739855402555543,0.487398554025545,1.0436096431476471e-14,0.303074817,0.472238287
mattern_cov1,4096,407,0.4876744786866937,0.4876744786866838,9.936496070395151e-15,0.270727097,0.466525781
mattern_cov1,4096,408,0.4876946961419266,0.48769469614191685,9.769962616701378e-15,0.29916807,0.472990621
mattern_cov1,4096,409,0.484977835656279,0.4849778356562678,1.1213252548714081e-14,0.295834773,0.462305919
mattern_cov1,4096,410,0.48763610374874783,0.48763610374873734,1.049160758270773e-14,0.277404302,0.471504063
mattern_cov1,4096,411,0.48784023162426177,0.48784023162425055,1.1213252548714081e-14,0.273301636,0.473265685
mattern_cov1,4096,412,0.48235489636777146,0.48235489636776196,9.492406860545088e-15,0.278409661,0.51977888
mattern_cov1,4096,413,0.4867994857000333,0.48679948570002013,1.3156142841808105e-14,0.275997182,0.520094628
mattern_cov1,4096,414,0.48497861425313915,0.4849786142531267,1.2434497875801753e-14,0.272275842,0.494144911
mattern_cov1,4096,415,0.4907213572416765,0.4907213572416654,1.1102230246251565e-14,0.280489186,0.502478856
mattern_cov1,4096,416,0.48586200456576184,0.485862004565752,9.825473767932635e-15,0.270099468,0.499330794
mattern_cov1,4096,417,0.48673125377780074,0.4867312537777902,1.0547118733938987e-14,0.303368937,0.467918278
mattern_cov1,4096,418,0.48893583441077554,0.488935834410778,2.4424906541753444e-15,0.298125669,0.481611571
mattern_cov1,4096,419,0.48660738760277605,0.4866073876027652,1.0880185641326534e-14,0.288087173,0.477300166
mattern_cov1,4096,420,0.4898803372927451,0.4898803372927349,1.021405182655144e-14,0.28254246,0.524866734
mattern_cov1,4096,421,0.4859066616654024,0.48590666166539104,1.1379786002407855e-14,0.270586263,0.488974101
mattern_cov1,4096,422,0.4854581772577307,0.4854581772577206,1.0103029524088925e-14,0.350084812,0.544029889
mattern_cov1,4096,423,0.48854344181299386,0.4885434418129832,1.0658141036401503e-14,0.363750086,0.486468334
mattern_cov1,4096,424,0.4863765845428263,0.48637658454281657,9.71445146547012e-15,0.284832477,0.494193519
mattern_cov1,4096,425,0.4849787463366235,0.4849787463366138,9.71445146547012e-15,0.282929396,0.485549005
mattern_cov1,4096,426,0.48766626473746827,0.48766626473745706,1.1213252548714081e-14,0.290334186,0.576763577
mattern_cov1,4096,427,0.48551145043329197,0.4855114504332816,1.0380585280245214e-14,0.280101828,0.526926946
mattern_cov1,4096,428,0.48729648244717927,0.4872964824471699,9.381384558082573e-15,0.271235507,0.485646697
mattern_cov1,4096,429,0.48693363626373726,0.48693363626372693,1.0325074129013956e-14,0.272321576,0.489758023
mattern_cov1,4096,430,0.4857045073618423,0.48570450736183096,1.1324274851176597e-14,0.275142943,0.495703217
mattern_cov1,4096,431,0.4848005307000835,0.48480053070008283,6.661338147750939e-16,0.269918502,0.480764412
mattern_cov1,4096,432,0.48701683912631505,0.48701683912630567,9.381384558082573e-15,0.270426157,0.495503017
mattern_cov1,4096,433,0.48472131286882236,0.48472131286881437,7.993605777301127e-15,0.270380387,0.490984708
mattern_cov1,4096,434,0.4869818759841274,0.4869818759841443,1.687538997430238e-14,0.270166044,0.503686969
mattern_cov1,4096,435,0.48753585690699713,0.4875358569069874,9.71445146547012e-15,0.271045435,0.478077123
mattern_cov1,4096,436,0.4866041059369554,0.4866041059369448,1.0602629885170245e-14,0.287981586,0.486066324
mattern_cov1,4096,437,0.4871556772650037,0.4871556772649928,1.0880185641326534e-14,0.269503259,0.506835426
mattern_cov1,4096,438,0.4871530045775758,0.48715300457756516,1.0658141036401503e-14,0.270279255,0.478308901
mattern_cov1,4096,439,0.48727793411108666,0.4872779341110763,1.0380585280245214e-14,0.271166508,0.516351531
mattern_cov1,4096,440,0.48671745908397845,0.4867174590839682,1.0269562977782698e-14,0.269928514,0.506132793
mattern_cov1,4096,441,0.4835590575130988,0.48355905751308886,9.936496070395151e-15,0.269676279,0.477624008
mattern_cov1,4096,442,0.4877618382483997,0.48776183824838976,9.936496070395151e-15,0.266912196,0.473975891
mattern_cov1,4096,443,0.48648581056387946,0.48648581056386936,1.0103029524088925e-14,0.268158858,0.467412866
mattern_cov1,4096,444,0.4863811961823135,0.4863811961823035,9.992007221626409e-15,0.270681186,0.494366727
mattern_cov1,4096,445,0.48524538228683806,0.4852453822868288,9.270362255620057e-15,0.268991963,0.505265925
mattern_cov1,4096,446,0.4855025395655403,0.4855025395655297,1.0602629885170245e-14,0.272604855,0.485060962
mattern_cov1,4096,447,0.4859708802004438,0.48597088020043433,9.492406860545088e-15,0.270392148,0.503416665
mattern_cov1,4096,448,0.4847619749231613,0.48476197492315215,9.159339953157541e-15,0.269251656,0.490438973
mattern_cov1,4096,449,0.486260612634273,0.48626061263426235,1.0658141036401503e-14,0.269082366,0.484170386
mattern_cov1,4096,450,0.4851940953167426,0.48519409531673424,8.382183835919932e-15,0.293912027,0.503464219
mattern_cov1,4096,451,0.48571524950379974,0.4857152495037895,1.021405182655144e-14,0.278943828,0.488561813
mattern_cov1,4096,452,0.48597010297965215,0.4859701029796419,1.0269562977782698e-14,0.336420813,0.490028601
mattern_cov1,4096,453,0.4850882720838041,0.4850882720837934,1.071365218763276e-14,0.26991227,0.489912931
mattern_cov1,4096,454,0.4862056945329292,0.4862056945329189,1.0325074129013956e-14,0.276040335,0.497023957
mattern_cov1,4096,455,0.4851453990760044,0.4851453990759944,9.992007221626409e-15,0.270942327,0.47880629
mattern_cov1,4096,456,0.4856238099520876,0.4856238099520765,1.1102230246251565e-14,0.273711936,0.49071051
mattern_cov1,4096,457,0.489066777410601,0.4890667774105902,1.0824674490095276e-14,0.270115191,0.929965197
mattern_cov1,4096,458,0.48828033934108456,0.488280339341073,1.1546319456101628e-14,0.274542345,0.476661811
mattern_cov1,4096,459,0.4856083000604207,0.4856083000604106,1.0103029524088925e-14,0.291381232,0.477569752
mattern_cov1,4096,460,0.4857203608683465,0.48572036086833753,8.992806499463768e-15,0.271114712,0.480446395
mattern_cov1,4096,461,0.48720955859356335,0.48720955859355225,1.1102230246251565e-14,0.269270418,0.486052538
mattern_cov1,4096,462,0.4854505459636181,0.4854505459636087,9.381384558082573e-15,0.270312779,0.487187328
mattern_cov1,4096,463,0.482375302773588,0.48237530277357804,9.936496070395151e-15,0.269895694,0.47659518
mattern_cov1,4096,464,0.487516326118792,0.4875163261187818,1.0158540675320182e-14,0.269373608,0.496395679
mattern_cov1,4096,465,0.4859084011087189,0.4859084011087093,9.603429163007604e-15,0.269517093,0.492144359
mattern_cov1,4096,466,0.48691552244596364,0.48691552244595276,1.0880185641326534e-14,0.269878761,0.471666018
mattern_cov1,4096,467,0.48870347527966596,0.48870347527965596,9.992007221626409e-15,0.269471486,0.481528952
mattern_cov1,4096,468,0.4863551269000295,0.4863551269000191,1.0436096431476471e-14,0.270697656,0.481609805
mattern_cov1,4096,469,0.48699222777349743,0.4869922277734873,1.0158540675320182e-14,0.270199488,0.476107144
mattern_cov1,4096,470,0.4852267226698668,0.4852267226698568,9.992007221626409e-15,0.273164102,0.485567376
mattern_cov1,4096,471,0.48567155109163385,0.48567155109162424,9.603429163007604e-15,0.266790922,0.498198075
mattern_cov1,4096,472,0.4852797490506599,0.4852797490506509,8.992806499463768e-15,0.271647542,0.499020348
mattern_cov1,4096,473,0.48607691576462725,0.48607691576461726,9.992007221626409e-15,0.270104404,0.486474702
mattern_cov1,4096,474,0.4843673094832319,0.48436730948322143,1.049160758270773e-14,0.274951935,0.53058948
mattern_cov1,4096,475,0.4843130991342348,0.48431309913422466,1.0158540675320182e-14,0.269181992,0.494126546
mattern_cov1,4096,476,0.4882068706015754,0.48820687060156504,1.0380585280245214e-14,0.26972454,0.481817871
mattern_cov1,4096,477,0.48408505569505067,0.48408505569503973,1.0935696792557792e-14,0.271307989,0.502476758
mattern_cov1,4096,478,0.4840501459448337,0.4840501459448236,1.0103029524088925e-14,0.269997904,0.481377688
mattern_cov1,4096,479,0.48736145799465036,0.48736145799464453,5.828670879282072e-15,0.269850846,0.485760272
mattern_cov1,4096,480,0.48770531015120877,0.4877053101511981,1.0658141036401503e-14,0.271419562,0.490708738
mattern_cov1,4096,481,0.48572046082609416,0.485720460826085,9.159339953157541e-15,0.271772375,0.485739271
mattern_cov1,4096,482,0.48458514581811785,0.48458514581810735,1.049160758270773e-14,0.270118908,0.495239718
mattern_cov1,4096,483,0.4887068806874229,0.48870688068741214,1.0769163338864018e-14,0.272512851,0.511536205
mattern_cov1,4096,484,0.48798063905756833,0.48798063905755856,9.769962616701378e-15,0.269863065,0.498572265
mattern_cov1,4096,485,0.48721161316680983,0.487211613166798,1.1823875212257917e-14,0.269625256,0.480669879
mattern_cov1,4096,486,0.4868791849952203,0.4868791849952107,9.603429163007604e-15,0.269722662,0.488256645
mattern_cov1,4096,487,0.4862318145511602,0.48623181455115133,8.881784197001252e-15,0.269695908,0.481444848
mattern_cov1,4096,488,0.48753955756287753,0.48753955756286765,9.880984919163893e-15,0.271063378,0.457637559
mattern_cov1,4096,489,0.4880269939533306,0.48802699395332105,9.547918011776346e-15,0.283457395,0.507540862
mattern_cov1,4096,490,0.48657628930348534,0.4865762893034747,1.0658141036401503e-14,0.273966358,0.498082371
mattern_cov1,4096,491,0.4850560391120164,0.48505603911200573,1.0658141036401503e-14,0.270550007,0.488257521
mattern_cov1,4096,492,0.48501541797929576,0.4850154179792869,8.881784197001252e-15,0.271332854,0.472865297
mattern_cov1,4096,493,0.4833536506551394,0.48335365065512925,1.0158540675320182e-14,0.270448522,0.467152681
mattern_cov1,4096,494,0.486745050980623,0.48674505098061355,9.43689570931383e-15,0.273109465,0.469784025
mattern_cov1,4096,495,0.48713583862873433,0.4871358386287244,9.936496070395151e-15,0.26950196,0.45969356
mattern_cov1,4096,496,0.4896258924478656,0.48962589244785576,9.825473767932635e-15,0.273110279,0.487161394
mattern_cov1,4096,497,0.48386756411368176,0.4838675641136709,1.0880185641326534e-14,0.269691501,0.486143803
mattern_cov1,4096,498,0.4840392792459569,0.48403927924594686,1.0047518372857667e-14,0.272689875,0.482791353
mattern_cov1,4096,499,0.4897668201410043,0.48976682014099393,1.0380585280245214e-14,0.269477747,0.487661696
mattern_cov1,4096,500,0.48518857192437403,0.4851885719243632,1.0824674490095276e-14,0.27291784,0.473745526
mattern_cov1,4096,501,0.4889559502084087,0.4889559502083988,9.880984919163893e-15,0.271392195,0.471108386
mattern_cov1,4096,502,0.4866248009834698,0.4866248009834601,9.658940314238862e-15,0.270640182,0.489354959
mattern_cov1,4096,503,0.4901625366419082,0.4901625366418974,1.0769163338864018e-14,0.272107198,0.48043036
mattern_cov1,4096,504,0.48681758936730835,0.4868175893672982,1.0158540675320182e-14,0.271437772,0.480872238
mattern_cov1,4096,505,0.48742842596074004,0.4874284259607293,1.0769163338864018e-14,0.270569794,0.498736563
mattern_cov1,4096,506,0.4854464061159762,0.48544640611596596,1.0269562977782698e-14,0.271435989,0.488625224
mattern_cov1,4096,507,0.48838098700409055,0.48838098700407984,1.071365218763276e-14,0.272237979,0.493156045
mattern_cov1,4096,508,0.48570632118896717,0.48570632118895807,9.103828801926284e-15,0.271149173,0.488556544
mattern_cov1,4096,509,0.48860278392738854,0.48860278392737566,1.2878587085651816e-14,0.272999045,0.495885013
mattern_cov1,4096,510,0.48591556326401064,0.4859155632640004,1.021405182655144e-14,0.272334867,0.498894461
mattern_cov1,4096,511,0.4851583510580677,0.485158351058058,9.71445146547012e-15,0.272400189,0.495664115
mattern_cov1,4096,512,0.4865711029056003,0.4865711029055908,9.492406860545088e-15,0.270585607,0.483133704
mattern_cov1,4096,513,0.48550549575190516,0.48550549575189844,6.716849298982197e-15,0.270947441,0.489706136
mattern_cov1,4096,514,0.4864902066341487,0.4864902066341401,8.604228440844963e-15,0.269762479,0.489612133
mattern_cov1,4096,515,0.48507321330001324,0.4850732133000027,1.0547118733938987e-14,0.271693206,0.502738476
mattern_cov1,4096,516,0.48620733141633266,0.48620733141632283,9.825473767932635e-15,0.270918293,0.47881754
mattern_cov1,4096,517,0.48472738951060856,0.484727389510599,9.547918011776346e-15,0.27160128,0.500972444
mattern_cov1,4096,518,0.4846978818492072,0.4846978818491983,8.881784197001252e-15,0.271025836,0.493011536
mattern_cov1,4096,519,0.485973745650543,0.48597374565053286,1.0158540675320182e-14,0.270881082,0.472033629
mattern_cov1,4096,520,0.4899425310974785,0.4899425310974664,1.2101430968414206e-14,0.269732716,0.471181226
mattern_cov1,4096,521,0.48624168192451583,0.4862416819245053,1.0547118733938987e-14,0.268848957,0.482813184
mattern_cov1,4096,522,0.4856732338732754,0.48567323387326566,9.71445146547012e-15,0.270229733,0.492438904
mattern_cov1,4096,523,0.4835271886171133,0.48352718861709715,1.6153745008296028e-14,0.271948766,0.503833739
mattern_cov1,4096,524,0.48560203725931333,0.48560203725930307,1.0269562977782698e-14,0.271874522,0.478583774
mattern_cov1,4096,525,0.4886354458168108,0.4886354458167943,1.6486811915683575e-14,0.269933713,0.484680418
mattern_cov1,4096,526,0.4831328981818129,0.4831328981818039,8.992806499463768e-15,0.272998709,0.47138549
mattern_cov1,4096,527,0.488130331475578,0.4881303314755676,1.0380585280245214e-14,0.271143253,0.505931788
mattern_cov1,4096,528,0.48440620617820707,0.48440620617819774,9.325873406851315e-15,0.291759723,0.484487327
mattern_cov1,4096,529,0.48704911938018364,0.48704911938017226,1.1379786002407855e-14,0.27924759,0.491475315
mattern_cov1,4096,530,0.4874023309883986,0.4874023309883894,9.159339953157541e-15,0.289508501,0.484423544
mattern_cov1,4096,531,0.48524918660241684,0.4852491866023964,2.042810365310288e-14,0.272801974,0.485920681
mattern_cov1,4096,532,0.4872778920269865,0.48727789202697475,1.176836406102666e-14,0.298330468,0.49173571
mattern_cov1,4096,533,0.48153956387401925,0.481539563874009,1.0269562977782698e-14,0.293708338,0.49661741
mattern_cov1,4096,534,0.48903570323136747,0.4890357032313377,2.9753977059954195e-14,0.319913994,0.485776263
mattern_cov1,4096,535,0.48612495282206997,0.4861249528220597,1.0269562977782698e-14,0.272286988,0.470206938
mattern_cov1,4096,536,0.48448544242694686,0.4844854424269364,1.0436096431476471e-14,0.272779141,0.477554513
mattern_cov1,4096,537,0.4890022902182645,0.4890022902182538,1.071365218763276e-14,0.271175571,0.490507768
mattern_cov1,4096,538,0.487709942050405,0.4877099420503947,1.0325074129013956e-14,0.273204384,0.475475068
mattern_cov1,4096,539,0.4847791645171639,0.4847791645171527,1.1213252548714081e-14,0.271992951,0.494067098
mattern_cov1,4096,540,0.4869868840157459,0.4869868840157363,9.603429163007604e-15,0.274757443,0.512767185
mattern_cov1,4096,541,0.4848056077296232,0.48480560772961295,1.0269562977782698e-14,0.281676934,0.492974525
mattern_cov1,4096,542,0.48527595613430824,0.485275956134298,1.021405182655144e-14,0.290145873,0.483560163
mattern_cov1,4096,543,0.4857211565392956,0.4857211565392858,9.769962616701378e-15,0.271783798,0.507110721
mattern_cov1,4096,544,0.4849046677425932,0.4849046677425837,9.547918011776346e-15,0.27068957,0.491315626
mattern_cov1,4096,545,0.4865540932630377,0.48655409326302795,9.769962616701378e-15,0.276054118,0.507674788
mattern_cov1,4096,546,0.4857675582919621,0.48576755829195317,8.93729534823251e-15,0.270794831,0.492215515
mattern_cov1,4096,547,0.4868490800361079,0.48684908003609717,1.071365218763276e-14,0.270965897,0.518729853
mattern_cov1,4096,548,0.4838506382896475,0.4838506382896363,1.1213252548714081e-14,0.271288365,0.487912478
mattern_cov1,4096,549,0.4835908371438768,0.48359083714386714,9.658940314238862e-15,0.271549096,0.485576984
mattern_cov1,4096,550,0.485049977293496,0.4850499772934858,1.021405182655144e-14,0.272767642,0.480559059
mattern_cov1,4096,551,0.48518615823123695,0.4851861582312264,1.0547118733938987e-14,0.269595656,0.484551425
mattern_cov1,4096,552,0.48524449539959075,0.485244495399581,9.769962616701378e-15,0.273466815,0.503682755
mattern_cov1,4096,553,0.4823254231679402,0.4823254231679302,9.992007221626409e-15,0.273871081,0.491349226
mattern_cov1,4096,554,0.4831517530590917,0.4831517530590819,9.769962616701378e-15,0.271761665,0.498771595
mattern_cov1,4096,555,0.48760771170158246,0.48760771170156914,1.3322676295501878e-14,0.271429511,0.492963742
mattern_cov1,4096,556,0.48790131386984265,0.48790131386983165,1.099120794378905e-14,0.270638001,0.490370542
mattern_cov1,4096,557,0.4889285492369759,0.48892854923696905,6.827871601444713e-15,0.271189768,0.494741151
mattern_cov1,4096,558,0.4880447882948855,0.4880447882948762,9.325873406851315e-15,0.275508985,0.495194095
mattern_cov1,4096,559,0.48467270354832337,0.48467270354831277,1.0602629885170245e-14,0.270701723,0.477527903
mattern_cov1,4096,560,0.48592234366867215,0.4859223436686628,9.325873406851315e-15,0.27325574,0.501742793
mattern_cov1,4096,561,0.48669948733514595,0.48669948733513574,1.021405182655144e-14,0.270116874,0.488262601
mattern_cov1,4096,562,0.4870270302310203,0.4870270302310098,1.049160758270773e-14,0.272156334,0.492138749
mattern_cov1,4096,563,0.48562482453947076,0.48562482453945915,1.1601830607332886e-14,0.335757321,0.495141951
mattern_cov1,4096,564,0.4858797106022708,0.4858797106022612,9.603429163007604e-15,0.305926731,0.496349463
mattern_cov1,4096,565,0.4844765882443656,0.4844765882443554,1.021405182655144e-14,0.271536645,0.495058674
mattern_cov1,4096,566,0.485348329309607,0.4853483293095972,9.769962616701378e-15,0.271487038,0.483532484
mattern_cov1,4096,567,0.4871216575343735,0.4871216575343645,8.992806499463768e-15,0.273026014,0.498688954
mattern_cov1,4096,568,0.4882180626040899,0.4882180626040782,1.1712852909795402e-14,0.269911553,0.500610439
mattern_cov1,4096,569,0.48657486681146445,0.4865748668114538,1.0658141036401503e-14,0.271843354,0.482301159
mattern_cov1,4096,570,0.4827371660887496,0.48273716608873873,1.0880185641326534e-14,0.272762872,0.491324918
mattern_cov1,4096,571,0.483868660374463,0.48386866037445336,9.658940314238862e-15,0.272247661,0.507910312
mattern_cov1,4096,572,0.4851513378996579,0.485151337899648,9.936496070395151e-15,0.270534655,0.492036103
mattern_cov1,4096,573,0.4859965181123447,0.4859965181123358,8.881784197001252e-15,0.270352194,0.495034269
mattern_cov1,4096,574,0.48503453133257035,0.4850345313325566,1.3766765505351941e-14,0.271768824,0.495978818
mattern_cov1,4096,575,0.4884307232606147,0.4884307232606048,9.880984919163893e-15,0.270881993,0.477772172
mattern_cov1,4096,576,0.4858310296706391,0.48583102967062847,1.0658141036401503e-14,0.270906927,0.485410745
mattern_cov1,4096,577,0.4844700822639915,0.48447008226398186,9.658940314238862e-15,0.27185308,0.510914345
mattern_cov1,4096,578,0.48635947185689915,0.4863594718568885,1.0658141036401503e-14,0.272169792,0.512906215
mattern_cov1,4096,579,0.485356915364449,0.4853569153644403,8.715250743307479e-15,0.27198079,0.500229367
mattern_cov1,4096,580,0.4884122826876627,0.48841228268765224,1.0436096431476471e-14,0.272966931,0.500457019
mattern_cov1,4096,581,0.48703871691899625,0.4870387169189852,1.1046719095020308e-14,0.273649372,0.503333295
mattern_cov1,4096,582,0.49071951753360193,0.4907195175335926,9.325873406851315e-15,0.273925706,0.49800486
mattern_cov1,4096,583,0.48730112930944064,0.4873011293094303,1.0325074129013956e-14,0.274183075,0.525214923
mattern_cov1,4096,584,0.4854693939712486,0.4854693939712389,9.71445146547012e-15,0.272759743,0.508037245
mattern_cov1,4096,585,0.4854641490636887,0.48546414906367824,1.0436096431476471e-14,0.271015211,0.477035876
mattern_cov1,4096,586,0.487080267312318,0.4870802673123074,1.0602629885170245e-14,0.270684702,0.503481378
mattern_cov1,4096,587,0.48807068506535406,0.4880706850653434,1.0658141036401503e-14,0.27155581,0.501059074
mattern_cov1,4096,588,0.4871438166556681,0.4871438166556581,9.992007221626409e-15,0.274270966,0.495145003
mattern_cov1,4096,589,0.4852726772023373,0.4852726772023251,1.2212453270876722e-14,0.27071281,0.498631422
mattern_cov1,4096,590,0.4857223422353169,0.48572234223530636,1.0547118733938987e-14,0.275609042,0.498146285
mattern_cov1,4096,591,0.4859419764937642,0.48594197649375365,1.0547118733938987e-14,0.270239746,0.496438646
mattern_cov1,4096,592,0.48909306039168166,0.4890930603916723,9.381384558082573e-15,0.272585163,0.484810476
mattern_cov1,4096,593,0.48452906560750636,0.48452906560749603,1.0325074129013956e-14,0.272288507,0.478447445
mattern_cov1,4096,594,0.48489500157431825,0.48489500157430193,1.63202784619898e-14,0.272730157,0.492039624
mattern_cov1,4096,595,0.4854272018764385,0.48542720187642846,1.0047518372857667e-14,0.27013171,0.492655722
mattern_cov1,4096,596,0.4850814861149355,0.4850814861149253,1.021405182655144e-14,0.2698806,0.468933876
mattern_cov1,4096,597,0.48641486181252325,0.4864148618125134,9.825473767932635e-15,0.271741574,0.484311347
mattern_cov1,4096,598,0.4855226513504156,0.4855226513504051,1.049160758270773e-14,0.270656392,0.492155531
mattern_cov1,4096,599,0.48447565585995694,0.4844756558599466,1.0325074129013956e-14,0.270972322,0.480387846
mattern_cov1,4096,600,0.48362599842648174,0.48362599842647164,1.0103029524088925e-14,0.271924204,0.466734877
mattern_cov1,4096,601,0.4865653625390654,0.48656536253905536,1.0047518372857667e-14,0.272377292,0.471056607
mattern_cov1,4096,602,0.4882356500296361,0.4882356500296258,1.0269562977782698e-14,0.270686653,0.47933505
mattern_cov1,4096,603,0.48697535510381473,0.48697535510380496,9.769962616701378e-15,0.269028161,0.478645792
mattern_cov1,4096,604,0.48615040025106476,0.48615040025105466,1.0103029524088925e-14,0.270770604,0.464627461
mattern_cov1,4096,605,0.487704280607784,0.487704280607774,9.992007221626409e-15,0.269886618,0.486663903
mattern_cov1,4096,606,0.4847009590938615,0.4847009590938507,1.0824674490095276e-14,0.278631962,0.478570317
mattern_cov1,4096,607,0.4870446411734459,0.48704464117343543,1.049160758270773e-14,0.268933302,0.488628439
mattern_cov1,4096,608,0.48482628431584357,0.48482628431583324,1.0325074129013956e-14,0.270896817,0.476244988
mattern_cov1,4096,609,0.4813057738802438,0.4813057738802344,9.43689570931383e-15,0.273425669,0.472247445
mattern_cov1,4096,610,0.48758620190881136,0.4875862019088004,1.0935696792557792e-14,0.271111476,0.477231103
mattern_cov1,4096,611,0.4858418705704102,0.4858418705704009,9.270362255620057e-15,0.268912263,0.478112838
mattern_cov1,4096,612,0.4838890559996543,0.4838890559996429,1.1435297153639112e-14,0.271064307,0.484203257
mattern_cov1,4096,613,0.48716393322610596,0.487163933226095,1.0935696792557792e-14,0.273548734,0.476273119
mattern_cov1,4096,614,0.4887821508756081,0.48878215087559695,1.1157741397482823e-14,0.270309601,0.47303168
mattern_cov1,4096,615,0.48821303782173303,0.4882130378217231,9.936496070395151e-15,0.271980124,0.482233191
mattern_cov1,4096,616,0.48809491195490823,0.4880949119548994,8.826273045769994e-15,0.273964725,0.472877353
mattern_cov1,4096,617,0.4843495004590195,0.4843495004590003,1.915134717478395e-14,0.274246432,0.481192851
mattern_cov1,4096,618,0.4862092213646123,0.48620922136460165,1.0658141036401503e-14,0.274138269,0.473047162
mattern_cov1,4096,619,0.4875413546425536,0.4875413546425436,9.992007221626409e-15,0.271606977,0.497021747
mattern_cov1,4096,620,0.4869556564087119,0.486955656408701,1.0935696792557792e-14,0.272815765,0.474142811
mattern_cov1,4096,621,0.4874809938486873,0.4874809938486766,1.071365218763276e-14,0.270431062,0.47735335
mattern_cov1,4096,622,0.48609162082123275,0.4860916208212234,9.325873406851315e-15,0.27269115,0.481762699
mattern_cov1,4096,623,0.48730606049619474,0.4873060604961847,1.0047518372857667e-14,0.271109756,0.486940724
mattern_cov1,4096,624,0.48495667966946804,0.4849566796694582,9.825473767932635e-15,0.271802811,0.473596354
mattern_cov1,4096,625,0.48716936855041304,0.4871693685504028,1.021405182655144e-14,0.270862065,0.477369117
mattern_cov1,4096,626,0.48397754670632964,0.48397754670631965,9.992007221626409e-15,0.299127479,0.460724463
mattern_cov1,4096,627,0.4852999487328653,0.48529994873285504,1.0269562977782698e-14,0.272805902,0.469428719
mattern_cov1,4096,628,0.4862670647276442,0.4862670647276343,9.880984919163893e-15,0.274154688,0.480964363
mattern_cov1,4096,629,0.4874451287999577,0.48744512879994745,1.0269562977782698e-14,0.273660226,0.473093449
mattern_cov1,4096,630,0.48627253282455296,0.486272532824543,9.936496070395151e-15,0.272869357,0.487267301
mattern_cov1,4096,631,0.4864620844989969,0.48646208449898715,9.769962616701378e-15,0.270695776,0.481060052
mattern_cov1,4096,632,0.48776848830029224,0.4877684883002802,1.2045919817182948e-14,0.271177298,0.480908696
mattern_cov1,4096,633,0.4832158325093571,0.48321583250934763,9.492406860545088e-15,0.272757905,0.464589517
mattern_cov1,4096,634,0.4870362389181015,0.48703623891809134,1.0158540675320182e-14,0.270529763,0.468482584
mattern_cov1,4096,635,0.48640483878754,0.4864048387875288,1.1157741397482823e-14,0.2746367,0.478353538
mattern_cov1,4096,636,0.48748473222161276,0.48748473222160293,9.825473767932635e-15,0.273116723,0.469203929
mattern_cov1,4096,637,0.486572967065715,0.4865729670657058,9.2148511043888e-15,0.272052809,0.476084507
mattern_cov1,4096,638,0.4876011494976775,0.4876011494976668,1.071365218763276e-14,0.271393075,0.465552658
mattern_cov1,4096,639,0.49008568510133244,0.4900856851013244,8.049116928532385e-15,0.272096851,0.478864197
mattern_cov1,4096,640,0.4828133392064357,0.48281333920642666,9.048317650695026e-15,0.272163824,0.478036702
mattern_cov1,4096,641,0.4849141964363441,0.48491419643633366,1.0436096431476471e-14,0.272594549,0.479018827
mattern_cov1,4096,642,0.4852806689271513,0.48528066892714167,9.658940314238862e-15,0.27410859,0.454376531
mattern_cov1,4096,643,0.484650351919075,0.48465035191906414,1.0880185641326534e-14,0.269516354,0.466060096
mattern_cov1,4096,644,0.48533241928984094,0.4853324192898296,1.1324274851176597e-14,0.275102358,0.484219119
mattern_cov1,4096,645,0.48757808685027193,0.4875780868502621,9.825473767932635e-15,0.273768318,0.476564193
mattern_cov1,4096,646,0.48565421417991733,0.48565421417990734,9.992007221626409e-15,0.27073595,0.476933593
mattern_cov1,4096,647,0.4881609822572864,0.4881609822572756,1.0769163338864018e-14,0.270839593,0.485779952
mattern_cov1,4096,648,0.4884170875055785,0.4884170875055683,1.021405182655144e-14,0.270169813,0.470583525
mattern_cov1,4096,649,0.48590668151957156,0.4859066815195612,1.0380585280245214e-14,0.270365705,0.475772199
mattern_cov1,4096,650,0.4882082105271081,0.48820821052709773,1.0380585280245214e-14,0.27223219,0.46729283
mattern_cov1,4096,651,0.4830387503451614,0.4830387503451525,8.93729534823251e-15,0.270640862,0.4832893
mattern_cov1,4096,652,0.4853135912627813,0.48531359126277124,1.0047518372857667e-14,0.270815744,0.478647852
mattern_cov1,4096,653,0.48696632317137767,0.4869663231713662,1.149080830487037e-14,0.271417645,0.46536685
mattern_cov1,4096,654,0.487108181716747,0.4871081817167325,1.454392162258955e-14,0.27140006,0.466296421
mattern_cov1,4096,655,0.48749940095164473,0.48749940095163474,9.992007221626409e-15,0.297738052,0.465431321
mattern_cov1,4096,656,0.4865993537141012,0.4865993537140945,6.661338147750939e-15,0.27430352,0.477952283
mattern_cov1,4096,657,0.4893666393223472,0.48936663932233593,1.1268763699945339e-14,0.266371816,0.473216666
mattern_cov1,4096,658,0.4842322510015884,0.4842322510015771,1.1324274851176597e-14,0.271621905,0.472098056
mattern_cov1,4096,659,0.48690897291972535,0.4869089729197147,1.0658141036401503e-14,0.271114936,0.48332509
mattern_cov1,4096,660,0.4861732052776551,0.48617320527764574,9.381384558082573e-15,0.271340319,0.46930711
mattern_cov1,4096,661,0.4855008003731694,0.48550080037315807,1.1324274851176597e-14,0.271337018,0.476930765
mattern_cov1,4096,662,0.4889670865524252,0.48896708655241666,8.548717289613705e-15,0.270688307,0.479246181
mattern_cov1,4096,663,0.48854745125271487,0.4885474512527039,1.099120794378905e-14,0.271483647,0.478346023
mattern_cov1,4096,664,0.4869433128673371,0.4869433128673273,9.825473767932635e-15,0.272349187,0.482752092
mattern_cov1,4096,665,0.4876123124415093,0.4876123124414992,1.0103029524088925e-14,0.270116956,0.477222263
mattern_cov1,4096,666,0.48846564089862166,0.488465640898611,1.0658141036401503e-14,0.269483737,0.471828587
mattern_cov1,4096,667,0.48228380149581596,0.48228380149580635,9.603429163007604e-15,0.269933152,0.484283016
mattern_cov1,4096,668,0.48357512219729487,0.48357512219728505,9.825473767932635e-15,0.306014418,0.468878716
mattern_cov1,4096,669,0.48585563755641986,0.48585563755640876,1.1102230246251565e-14,0.272175002,0.481245884
mattern_cov1,4096,670,0.48678610960514557,0.48678610960513574,9.825473767932635e-15,0.268785911,0.474248265
mattern_cov1,4096,671,0.48738718895543326,0.48738718895542266,1.0602629885170245e-14,0.272372275,0.470196857
mattern_cov1,4096,672,0.4886162274324533,0.4886162274324431,1.021405182655144e-14,0.272666202,0.465027799
mattern_cov1,4096,673,0.48389505143168016,0.4838950514316698,1.0380585280245214e-14,0.271737926,0.476279883
mattern_cov1,4096,674,0.4848354846275002,0.4848354846274898,1.0380585280245214e-14,0.274384035,0.467192543
mattern_cov1,4096,675,0.4871347784116353,0.48713477841162495,1.0380585280245214e-14,0.270375285,0.473906892
mattern_cov1,4096,676,0.48457643548563595,0.4845764354856257,1.0269562977782698e-14,0.270061663,0.466155602
mattern_cov1,4096,677,0.48523493500677256,0.4852349350067629,9.658940314238862e-15,0.268538945,0.475668315
mattern_cov1,4096,678,0.487175813154584,0.4871758131545742,9.825473767932635e-15,0.273531724,0.476606043
mattern_cov1,4096,679,0.48785396481402593,0.4878539648140167,9.2148511043888e-15,0.271684468,0.485199557
mattern_cov1,4096,680,0.4875340008537841,0.4875340008537749,9.2148511043888e-15,0.270475999,0.475280269
mattern_cov1,4096,681,0.4873494763956263,0.4873494763956181,8.215650382226158e-15,0.269611288,0.477612941
mattern_cov1,4096,682,0.48708812946444624,0.4870881294644364,9.825473767932635e-15,0.271709813,0.464829156
mattern_cov1,4096,683,0.48883866380164337,0.4888386638016335,9.880984919163893e-15,0.27439185,0.477795266
mattern_cov1,4096,684,0.4879061213302105,0.48790612133019934,1.1157741397482823e-14,0.272074633,0.464670669
mattern_cov1,4096,685,0.48816700001560887,0.48816700001559904,9.825473767932635e-15,0.269416854,0.490891871
mattern_cov1,4096,686,0.4911178861862797,0.49111788618626995,9.769962616701378e-15,0.270757416,0.474804473
mattern_cov1,4096,687,0.48518074748809853,0.48518074748808887,9.658940314238862e-15,0.270662742,0.468975462
mattern_cov1,4096,688,0.48892402575558713,0.4889240257555767,1.0436096431476471e-14,0.270374723,0.475486017
mattern_cov1,4096,689,0.4853033818670653,0.48530338186705446,1.0824674490095276e-14,0.27021439,0.481407523
mattern_cov1,4096,690,0.4850673749029905,0.485067374902981,9.492406860545088e-15,0.27079554,0.46563016
mattern_cov1,4096,691,0.48756556117980465,0.48756556117979355,1.1102230246251565e-14,0.270442164,0.474852268
mattern_cov1,4096,692,0.48624502122364577,0.486245021223636,9.769962616701378e-15,0.270499657,0.474086326
mattern_cov1,4096,693,0.4837717609123633,0.4837717609123539,9.381384558082573e-15,0.270557189,0.472375733
mattern_cov1,4096,694,0.48945197885577496,0.48945197885576647,8.493206138382448e-15,0.272449455,0.477811895
mattern_cov1,4096,695,0.48466820913905345,0.48466820913904324,1.021405182655144e-14,0.271278214,0.471574766
mattern_cov1,4096,696,0.4873078796245331,0.48730787962452227,1.0824674490095276e-14,0.27113625,0.472691924
mattern_cov1,4096,697,0.48574132147216026,0.48574132147215043,9.825473767932635e-15,0.270543966,0.471262521
mattern_cov1,4096,698,0.4878860397208073,0.4878860397207971,1.021405182655144e-14,0.269940444,0.490850275
mattern_cov1,4096,699,0.48684910740197823,0.48684910740196713,1.1102230246251565e-14,0.271911386,0.475812565
mattern_cov1,4096,700,0.4837557003822576,0.48375570038224586,1.176836406102666e-14,0.270409706,0.478269435
mattern_cov1,4096,701,0.4885391698866209,0.4885391698866101,1.0769163338864018e-14,0.2697812,0.485248531
mattern_cov1,4096,702,0.488207408171021,0.4882074081710104,1.0602629885170245e-14,0.271001964,0.478704381
mattern_cov1,4096,703,0.4853916165159868,0.48539161651597634,1.0436096431476471e-14,0.269275886,0.469391233
mattern_cov1,4096,704,0.4822090709832079,0.4822090709831977,1.021405182655144e-14,0.273113069,0.475105497
mattern_cov1,4096,705,0.4884901991029927,0.4884901991029827,9.992007221626409e-15,0.268966301,0.471052923
mattern_cov1,4096,706,0.4856199583507385,0.48561995835072874,9.769962616701378e-15,0.274630427,0.469546528
mattern_cov1,4096,707,0.4870430703829882,0.4870430703829785,9.71445146547012e-15,0.273199665,0.476382446
mattern_cov1,4096,708,0.48543579933971365,0.48543579933970266,1.099120794378905e-14,0.272523555,0.475859207
mattern_cov1,4096,709,0.48641233917156795,0.4864123391715574,1.0547118733938987e-14,0.272049569,0.46808314
mattern_cov1,4096,710,0.4875487563642078,0.4875487563642024,5.384581669432009e-15,0.271556715,0.472602002
mattern_cov1,4096,711,0.4890815114676381,0.4890815114676359,2.220446049250313e-15,0.271799196,0.47690831
mattern_cov1,4096,712,0.48223852203864737,0.4822385220386374,9.992007221626409e-15,0.271831054,0.477957665
mattern_cov1,4096,713,0.48792339990490213,0.487923399904892,1.0158540675320182e-14,0.27054224,0.478363782
mattern_cov1,4096,714,0.4852747344256243,0.48527473442561325,1.1046719095020308e-14,0.269378035,0.473782856
mattern_cov1,4096,715,0.4861413887643001,0.48614138876429097,9.103828801926284e-15,0.270550418,0.471263642
mattern_cov1,4096,716,0.4855247903944451,0.4855247903944351,1.0047518372857667e-14,0.268409388,0.469060608
mattern_cov1,4096,717,0.48494575745190516,0.48494575745189455,1.0602629885170245e-14,0.268103137,0.472685965
mattern_cov1,4096,718,0.48595657186101154,0.4859565718610013,1.0269562977782698e-14,0.269425979,0.473251202
mattern_cov1,4096,719,0.486096406749458,0.4860964067494476,1.0380585280245214e-14,0.269857211,0.475376861
mattern_cov1,4096,720,0.48803641994906993,0.48803641994905994,9.992007221626409e-15,0.26917951,0.458571362
mattern_cov1,4096,721,0.48761502000586593,0.48761502000585627,9.658940314238862e-15,0.270804571,0.474874998
mattern_cov1,4096,722,0.4845342741142782,0.48453427411426836,9.825473767932635e-15,0.269083957,0.477273566
mattern_cov1,4096,723,0.484749841610208,0.48474984161019724,1.0769163338864018e-14,0.272768394,0.469643856
mattern_cov1,4096,724,0.48466943343527097,0.4846694334352604,1.0547118733938987e-14,0.269989694,0.474896621
mattern_cov1,4096,725,0.48343706543131226,0.48343706543130177,1.049160758270773e-14,0.269333394,0.472274589
mattern_cov1,4096,726,0.484030125323797,0.48403012532379236,4.6629367034256575e-15,0.268779913,0.467475619
mattern_cov1,4096,727,0.4871010450812417,0.4871010450812319,9.769962616701378e-15,0.270130177,0.470408979
mattern_cov1,4096,728,0.48524031381190463,0.48524031381189486,9.769962616701378e-15,0.270289986,0.472356504
mattern_cov1,4096,729,0.484187683595739,0.48418768359572795,1.1046719095020308e-14,0.273443401,0.475495581
mattern_cov1,4096,730,0.4892593498982889,0.4892593498982785,1.0380585280245214e-14,0.267961329,0.467363957
mattern_cov1,4096,731,0.4835358003318871,0.48353580033187654,1.0547118733938987e-14,0.271015468,0.471538322
mattern_cov1,4096,732,0.48620713117858755,0.4862071311785772,1.0325074129013956e-14,0.268591575,0.474356046
mattern_cov1,4096,733,0.4858995976733582,0.4858995976733491,9.103828801926284e-15,0.271253083,0.47160385
mattern_cov1,4096,734,0.4856537698890036,0.48565376988899284,1.0769163338864018e-14,0.267290195,0.482113653
mattern_cov1,4096,735,0.48555068020365316,0.48555068020364317,9.992007221626409e-15,0.274114116,0.480496908
mattern_cov1,4096,736,0.48766166496060004,0.48766166496058944,1.0602629885170245e-14,0.268165322,0.4828743
mattern_cov1,4096,737,0.48818073313683225,0.4881807331368213,1.0935696792557792e-14,0.271396577,0.477232333
mattern_cov1,4096,738,0.48868469815670795,0.48868469815669774,1.021405182655144e-14,0.271059646,0.476303282
mattern_cov1,4096,739,0.48983027903865217,0.48983027903864157,1.0602629885170245e-14,0.269842862,0.470918986
mattern_cov1,4096,740,0.4890155051129443,0.4890155051129343,9.992007221626409e-15,0.269844682,0.474644203
mattern_cov1,4096,741,0.4862370932439633,0.48623709324395414,9.159339953157541e-15,0.270567835,0.484316823
mattern_cov1,4096,742,0.4859620614778904,0.4859620614778799,1.049160758270773e-14,0.271914045,0.480121658
mattern_cov1,4096,743,0.48883914758965546,0.4888391475896458,9.658940314238862e-15,0.270573165,0.471109814
mattern_cov1,4096,744,0.48451448728279,0.4845144872827804,9.603429163007604e-15,0.268249068,0.475892372
mattern_cov1,4096,745,0.482910676124527,0.48291067612451793,9.048317650695026e-15,0.268309723,0.47208741
mattern_cov1,4096,746,0.48294797759818836,0.482947977598178,1.0380585280245214e-14,0.267710155,0.475917782
mattern_cov1,4096,747,0.4856266303402581,0.4856266303402479,1.021405182655144e-14,0.270632445,0.471078068
mattern_cov1,4096,748,0.4857112045176981,0.4857112045176875,1.0602629885170245e-14,0.267393019,0.48105174
mattern_cov1,4096,749,0.48697036333617866,0.48697036333616817,1.049160758270773e-14,0.270587323,0.482252975
mattern_cov1,4096,750,0.488584335826401,0.48858433582639144,9.547918011776346e-15,0.268093931,0.477539768
mattern_cov1,4096,751,0.4878248423987233,0.4878248423987131,1.021405182655144e-14,0.271202148,0.474580273
mattern_cov1,4096,752,0.4848032683600009,0.48480326835999127,9.658940314238862e-15,0.266000256,0.471300578
mattern_cov1,4096,753,0.4862829756736506,0.48628297567364015,1.0436096431476471e-14,0.270460961,0.477728432
mattern_cov1,4096,754,0.4850143642195928,0.48501436421958277,1.0047518372857667e-14,0.266424467,0.466052909
mattern_cov1,4096,755,0.48425921173788694,0.48425921173787617,1.0769163338864018e-14,0.270400086,0.47216385
mattern_cov1,4096,756,0.48697437685838024,0.486974376858371,9.2148511043888e-15,0.268475434,0.465106346
mattern_cov1,4096,757,0.4828647457603092,0.4828647457602988,1.0380585280245214e-14,0.275209365,0.470136035
mattern_cov1,4096,758,0.4898164203400279,0.4898164203400168,1.1102230246251565e-14,0.270063459,0.482220647
mattern_cov1,4096,759,0.48959331678144885,0.4895933167814371,1.176836406102666e-14,0.273022225,0.464632272
mattern_cov1,4096,760,0.48714276342470525,0.4871427634246967,8.548717289613705e-15,0.269474885,0.48520222
mattern_cov1,4096,761,0.4860638969811877,0.4860638969811771,1.0602629885170245e-14,0.274995884,0.4696991
mattern_cov1,4096,762,0.48458154041615414,0.48458154041614315,1.099120794378905e-14,0.268292661,0.476693522
mattern_cov1,4096,763,0.4866283202497809,0.48662832024977015,1.0769163338864018e-14,0.272283571,0.478008769
mattern_cov1,4096,764,0.486328902942108,0.4863289029420977,1.0325074129013956e-14,0.27189241,0.474104267
mattern_cov1,4096,765,0.4850959550743435,0.48509595507433295,1.0547118733938987e-14,0.275712549,0.477974514
mattern_cov1,4096,766,0.48627728602002135,0.4862772860200113,1.0047518372857667e-14,0.270417984,0.482035594
mattern_cov1,4096,767,0.4861958000735593,0.48619580007354884,1.0436096431476471e-14,0.27216382,0.473265981
mattern_cov1,4096,768,0.4865809606673304,0.4865809606673191,1.1324274851176597e-14,0.270679693,0.475822078
mattern_cov1,4096,769,0.4869144758533273,0.4869144758533177,9.603429163007604e-15,0.270758858,0.48070389
mattern_cov1,4096,770,0.4846062087435807,0.4846062087435727,7.993605777301127e-15,0.272226921,0.474269567
mattern_cov1,4096,771,0.4844712666717063,0.48447126667169477,1.1546319456101628e-14,0.272246264,0.472388615
mattern_cov1,4096,772,0.4852560914540483,0.485256091454038,1.0325074129013956e-14,0.269322156,0.474176616
mattern_cov1,4096,773,0.4882219742840806,0.48822197428407055,1.0047518372857667e-14,0.289860829,0.470033237
mattern_cov1,4096,774,0.48643784399355877,0.4864378439935488,9.992007221626409e-15,0.269340446,0.472860655
mattern_cov1,4096,775,0.48482705060010894,0.48482705060009845,1.049160758270773e-14,0.270226774,0.480670379
mattern_cov1,4096,776,0.4856007642096196,0.4856007642096109,8.715250743307479e-15,0.268805887,0.477880718
mattern_cov1,4096,777,0.4881381997568472,0.48813819975683614,1.1046719095020308e-14,0.270307897,0.466314055
mattern_cov1,4096,778,0.4892287638593022,0.4892287638592914,1.0769163338864018e-14,0.269594846,0.472919993
mattern_cov1,4096,779,0.4872298340744489,0.4872298340744394,9.492406860545088e-15,0.269037239,0.472250165
mattern_cov1,4096,780,0.4877410561989497,0.4877410561989388,1.0880185641326534e-14,0.270589427,0.467605567
mattern_cov1,4096,781,0.48627958927059417,0.48627958927058357,1.0602629885170245e-14,0.271405526,0.477026948
mattern_cov1,4096,782,0.4861979077066472,0.4861979077066377,9.547918011776346e-15,0.269365073,0.473176525
mattern_cov1,4096,783,0.4850929901915742,0.4850929901915642,9.992007221626409e-15,0.270290385,0.478083105
mattern_cov1,4096,784,0.48765401454004015,0.48765401454003016,9.992007221626409e-15,0.26966434,0.483045803
mattern_cov1,4096,785,0.48839514080318164,0.4883951408031711,1.0547118733938987e-14,0.270028145,0.472076688
mattern_cov1,4096,786,0.4876798447662602,0.487679844766251,9.2148511043888e-15,0.270258664,0.46817002
mattern_cov1,4096,787,0.4852861105546304,0.4852861105546205,9.880984919163893e-15,0.272144697,0.483915507
mattern_cov1,4096,788,0.48610546788847314,0.4861054678884639,9.2148511043888e-15,0.270526425,0.481714096
mattern_cov1,4096,789,0.4878654876522143,0.4878654876522038,1.0547118733938987e-14,0.271288315,0.485813253
mattern_cov1,4096,790,0.48626627590647753,0.48626627590646665,1.0880185641326534e-14,0.269395322,0.483694921
mattern_cov1,4096,791,0.48689517326715376,0.4868951732671438,9.936496070395151e-15,0.27399783,0.48291421
mattern_cov1,4096,792,0.48372984276927095,0.4837298427692722,1.27675647831893e-15,0.268406685,0.482073564
mattern_cov1,4096,793,0.4880573691423211,0.48805736914231007,1.1046719095020308e-14,0.271347582,0.48409435
mattern_cov1,4096,794,0.48538008984590036,0.4853800898458905,9.880984919163893e-15,0.267289775,0.463281967
mattern_cov1,4096,795,0.485532887194787,0.48553288719477755,9.43689570931383e-15,0.271585601,0.475192232
mattern_cov1,4096,796,0.48594442534601234,0.4859444253460022,1.0158540675320182e-14,0.271159696,0.472813535
mattern_cov1,4096,797,0.48431855490365033,0.4843185549036402,1.0158540675320182e-14,0.26873397,0.469754356
mattern_cov1,4096,798,0.48437359369467314,0.4843735936946629,1.0269562977782698e-14,0.268686548,0.47515678
mattern_cov1,4096,799,0.4883468156913018,0.48834681569129135,1.0436096431476471e-14,0.269460437,0.470746046
mattern_cov1,4096,800,0.4860152581370703,0.4860152581370593,1.099120794378905e-14,0.266802197,0.469077117
mattern_cov1,4096,801,0.48748860380633574,0.4874886038063257,1.0047518372857667e-14,0.269753465,0.472519459
mattern_cov1,4096,802,0.48487924864112314,0.4848792486411131,1.0047518372857667e-14,0.273178058,0.4754526
mattern_cov1,4096,803,0.48545339201418897,0.4854533920141755,1.3489209749195652e-14,0.273777126,0.491378993
mattern_cov1,4096,804,0.48408081280938436,0.48408081280937415,1.021405182655144e-14,0.269702417,0.475314067
mattern_cov1,4096,805,0.4832588211698036,0.48325882116979385,9.769962616701378e-15,0.269022818,0.486536222
mattern_cov1,4096,806,0.4842133215843136,0.4842133215843038,9.825473767932635e-15,0.269292936,0.479494184
mattern_cov1,4096,807,0.4863090582755128,0.48630905827550497,7.827072323607354e-15,0.269030591,0.481865949
mattern_cov1,4096,808,0.48562504890678726,0.48562504890677743,9.825473767932635e-15,0.269201729,0.468205551
mattern_cov1,4096,809,0.4877176702145061,0.4877176702144952,1.0935696792557792e-14,0.269443792,0.49065147
mattern_cov1,4096,810,0.4846264568413135,0.48462645684130395,9.547918011776346e-15,0.26956524,0.466146773
mattern_cov1,4096,811,0.4880761791448862,0.48807617914487583,1.0380585280245214e-14,0.271432573,0.483928538
mattern_cov1,4096,812,0.48496060315836304,0.4849606031583538,9.2148511043888e-15,0.269208981,0.476578473
mattern_cov1,4096,813,0.48738153137681856,0.4873815313768097,8.881784197001252e-15,0.26934966,0.474126082
mattern_cov1,4096,814,0.4898081142235404,0.4898081142235296,1.0824674490095276e-14,0.268200982,0.477226617
mattern_cov1,4096,815,0.4875949725003452,0.487594972500335,1.021405182655144e-14,0.297463746,0.488219504
mattern_cov1,4096,816,0.4871268669658642,0.487126866965853,1.1213252548714081e-14,0.268937789,0.459208423
mattern_cov1,4096,817,0.4864556459778971,0.48645564597788665,1.0436096431476471e-14,0.268775457,0.472515739
mattern_cov1,4096,818,0.4884382161911433,0.48843821619113276,1.0547118733938987e-14,0.269754892,0.477063946
mattern_cov1,4096,819,0.4874510279516684,0.4874510279516582,1.021405182655144e-14,0.269958379,0.491632569
mattern_cov1,4096,820,0.48599309122897677,0.4859930912289658,1.099120794378905e-14,0.270015079,0.486236374
mattern_cov1,4096,821,0.48476367022412586,0.48476367022411543,1.0436096431476471e-14,0.26942576,0.489117137
mattern_cov1,4096,822,0.48733268159258164,0.4873326815925705,1.1157741397482823e-14,0.270634448,0.478032509
mattern_cov1,4096,823,0.48958532019890105,0.48958532019889095,1.0103029524088925e-14,0.269488557,0.472607681
mattern_cov1,4096,824,0.4853008664340505,0.48530086643403897,1.1546319456101628e-14,0.268179307,0.483113515
mattern_cov1,4096,825,0.4839331231808314,0.48393312318082166,9.769962616701378e-15,0.271450322,0.475286756
mattern_cov1,4096,826,0.4900733000888904,0.4900733000888799,1.049160758270773e-14,0.272286885,0.482135795
mattern_cov1,4096,827,0.48741095592207734,0.48741095592206585,1.149080830487037e-14,0.268140724,0.466788949
mattern_cov1,4096,828,0.4858624287768765,0.4858624287768663,1.021405182655144e-14,0.269269817,0.500741424
mattern_cov1,4096,829,0.48992307501670357,0.4899230750166959,7.66053886991358e-15,0.26791759,0.481512299
mattern_cov1,4096,830,0.48695168638426195,0.48695168638425157,1.0380585280245214e-14,0.270058805,0.493746639
mattern_cov1,4096,831,0.4862280547101802,0.48622805471016967,1.0547118733938987e-14,0.273003632,0.491481743
mattern_cov1,4096,832,0.4893183545812721,0.48931835458126166,1.0436096431476471e-14,0.27147068,0.489152395
mattern_cov1,4096,833,0.48797887382595495,0.48797887382594407,1.0880185641326534e-14,0.273165058,0.474634922
mattern_cov1,4096,834,0.48714414344721196,0.4871441434472013,1.0658141036401503e-14,0.277883207,0.49573442
mattern_cov1,4096,835,0.4889962957511374,0.4889962957511262,1.1213252548714081e-14,0.270547239,0.485951507
mattern_cov1,4096,836,0.48772720989179214,0.4877272098917816,1.0547118733938987e-14,0.278316354,0.498493838
mattern_cov1,4096,837,0.48373303148930685,0.48373303148929775,9.103828801926284e-15,0.272696595,0.494303822
mattern_cov1,4096,838,0.48827035345517467,0.48827035345516384,1.0824674490095276e-14,0.270887516,0.501259602
mattern_cov1,4096,839,0.4882055902802132,0.488205590280202,1.1213252548714081e-14,0.27206838,0.468912099
mattern_cov1,4096,840,0.4870864502976742,0.487086450297664,1.021405182655144e-14,0.267905369,0.480981477
mattern_cov1,4096,841,0.4853060675673613,0.48530606756735056,1.071365218763276e-14,0.27863641,0.480823897
mattern_cov1,4096,842,0.48615598106377084,0.48615598106376084,9.992007221626409e-15,0.279427548,0.488571438
mattern_cov1,4096,843,0.4884907198756383,0.48849071987562914,9.159339953157541e-15,0.343101548,0.508170443
mattern_cov1,4096,844,0.486469785980723,0.48646978598071283,1.0158540675320182e-14,0.270950769,0.514994094
mattern_cov1,4096,845,0.483672125158966,0.4836721251589557,1.0325074129013956e-14,0.298776754,0.469402624
mattern_cov1,4096,846,0.4853869928467838,0.48538699284677417,9.658940314238862e-15,0.270787061,0.470677345
mattern_cov1,4096,847,0.48634288582805424,0.4863428858280446,9.658940314238862e-15,0.273442432,0.467122425
mattern_cov1,4096,848,0.48652125001928664,0.48652125001927643,1.021405182655144e-14,0.27017775,0.504892792
mattern_cov1,4096,849,0.48848449302275276,0.48848449302274227,1.049160758270773e-14,0.31553897,0.498158855
mattern_cov1,4096,850,0.4870009844245439,0.48700098442453404,9.880984919163893e-15,0.270459582,0.46919597
mattern_cov1,4096,851,0.4882984312450433,0.48829843124503264,1.0658141036401503e-14,0.274551165,0.474326209
mattern_cov1,4096,852,0.4882690167951156,0.48826901679510515,1.0436096431476471e-14,0.270239236,0.476151321
mattern_cov1,4096,853,0.48559019888730676,0.4855901988872972,9.547918011776346e-15,0.27369692,0.470998038
mattern_cov1,4096,854,0.48941522519207753,0.4894152251920667,1.0824674490095276e-14,0.280104567,0.468715389
mattern_cov1,4096,855,0.48829534565132104,0.4882953456513106,1.0436096431476471e-14,0.271865907,0.47395024
mattern_cov1,4096,856,0.4873012818395268,0.48730128183951654,1.0269562977782698e-14,0.269152679,0.489113154
mattern_cov1,4096,857,0.4855459472947357,0.48554594729472633,9.381384558082573e-15,0.369086724,0.4927828
mattern_cov1,4096,858,0.48832307562606525,0.4883230756260551,1.0158540675320182e-14,0.268702887,0.513307327
mattern_cov1,4096,859,0.4875645471494741,0.4875645471494628,1.1324274851176597e-14,0.274602433,0.51350385
mattern_cov1,4096,860,0.4857955933695956,0.4857955933695847,1.0880185641326534e-14,0.272960825,0.508158928
mattern_cov1,4096,861,0.4861358075606938,0.48613580756068403,9.769962616701378e-15,0.274005113,0.504664601
mattern_cov1,4096,862,0.49018011815224766,0.49018011815223733,1.0325074129013956e-14,0.2725173,0.517778558
mattern_cov1,4096,863,0.4873917847297467,0.48739178472973643,1.0269562977782698e-14,0.270556584,0.487734027
mattern_cov1,4096,864,0.48823222080943424,0.48823222080942447,9.769962616701378e-15,0.270287886,0.518342734
mattern_cov1,4096,865,0.48442185238228513,0.48442185238227425,1.0880185641326534e-14,0.271618718,0.495774569
mattern_cov1,4096,866,0.48626780080957627,0.48626780080956755,8.715250743307479e-15,0.270317738,0.490663873
mattern_cov1,4096,867,0.48740807829373844,0.48740807829372784,1.0602629885170245e-14,0.275954486,0.501685488
mattern_cov1,4096,868,0.487644524501317,0.48764452450130685,1.0158540675320182e-14,0.269684054,0.513886631
mattern_cov1,4096,869,0.4867817561221918,0.48678175612218183,9.992007221626409e-15,0.276859926,0.510407929
mattern_cov1,4096,870,0.4878658837683992,0.4878658837683898,9.381384558082573e-15,0.269459563,0.470726898
mattern_cov1,4096,871,0.48472524748893003,0.48472524748892026,9.769962616701378e-15,0.271244445,0.484496994
mattern_cov1,4096,872,0.4876918342231366,0.48769183422312584,1.0769163338864018e-14,0.276325042,0.499568698
mattern_cov1,4096,873,0.48645637615357556,0.4864563761535629,1.2656542480726785e-14,0.273993677,0.502797732
mattern_cov1,4096,874,0.48626212002424923,0.4862621200242389,1.0325074129013956e-14,0.268225917,0.479731154
mattern_cov1,4096,875,0.4863154976550832,0.48631549765507565,7.549516567451064e-15,0.27337557,0.496300798
mattern_cov1,4096,876,0.4862483028380023,0.4862483028379933,8.992806499463768e-15,0.269893081,0.500648146
mattern_cov1,4096,877,0.4858471489873448,0.4858471489873341,1.071365218763276e-14,0.271669762,0.517648258
mattern_cov1,4096,878,0.48872127306670304,0.48872127306669316,9.880984919163893e-15,0.310762409,0.503203565
mattern_cov1,4096,879,0.4865201021308249,0.48652010213081515,9.769962616701378e-15,0.26999374,0.483014542
mattern_cov1,4096,880,0.48539751571535383,0.4853975157153436,1.021405182655144e-14,0.273454269,0.487919166
mattern_cov1,4096,881,0.48862993921203696,0.48862993921202724,9.71445146547012e-15,0.268201148,0.523734198
mattern_cov1,4096,882,0.48528263852255266,0.48528263852254305,9.603429163007604e-15,0.271713461,0.520518429
mattern_cov1,4096,883,0.48777209021165624,0.4877720902116463,9.936496070395151e-15,0.275119728,0.504777753
mattern_cov1,4096,884,0.4855181647884598,0.48551816478844984,9.992007221626409e-15,0.269905866,0.585830893
mattern_cov1,4096,885,0.48510658773690096,0.48510658773689186,9.103828801926284e-15,0.272152519,0.478036868
mattern_cov1,4096,886,0.48804437193855366,0.4880443719385435,1.0158540675320182e-14,0.27175455,0.504055113
mattern_cov1,4096,887,0.486446423640513,0.48644642364050417,8.826273045769994e-15,0.274695246,0.499211599
mattern_cov1,4096,888,0.4860888039723496,0.48608880397234033,9.270362255620057e-15,0.273477829,0.507487336
mattern_cov1,4096,889,0.4878934678309525,0.4878934678309421,1.0380585280245214e-14,0.271431337,0.482198562
mattern_cov1,4096,890,0.4847778375367266,0.4847778375367164,1.021405182655144e-14,0.27380521,0.503045575
mattern_cov1,4096,891,0.4858745981956866,0.48587459819567663,9.992007221626409e-15,0.273958507,0.545787048
mattern_cov1,4096,892,0.4850215154885238,0.4850215154885121,1.1712852909795402e-14,0.27162086,0.494501582
mattern_cov1,4096,893,0.48745342059810315,0.4874534205980927,1.0436096431476471e-14,0.273478268,0.498544313
mattern_cov1,4096,894,0.4877241414690954,0.48772414146908455,1.0824674490095276e-14,0.27263335,0.512458873
mattern_cov1,4096,895,0.48505499116331086,0.4850549911633013,9.547918011776346e-15,0.276887658,0.47187548
mattern_cov1,4096,896,0.48640435784803704,0.4864043578480261,1.0935696792557792e-14,0.269628077,0.500810771
mattern_cov1,4096,897,0.4861946024256008,0.48619460242559054,1.0269562977782698e-14,0.276947285,0.512436487
mattern_cov1,4096,898,0.4857964790698066,0.48579647906979745,9.159339953157541e-15,0.270631662,0.513935725
mattern_cov1,4096,899,0.48774298730372356,0.4877429873037125,1.1046719095020308e-14,0.275103098,0.52729329
mattern_cov1,4096,900,0.4848410403123138,0.4848410403123041,9.71445146547012e-15,0.270913114,0.50049402
mattern_cov1,4096,901,0.4862142462206072,0.4862142462205956,1.1601830607332886e-14,0.2764446,0.507245491
mattern_cov1,4096,902,0.48504881795455007,0.4850488179545402,9.880984919163893e-15,0.271923697,0.49934834
mattern_cov1,4096,903,0.48497762401071437,0.4849776240107033,1.1046719095020308e-14,0.27443337,0.52021654
mattern_cov1,4096,904,0.4873662962460497,0.48736629624604105,8.659739592076221e-15,0.271562754,0.479264556
mattern_cov1,4096,905,0.4868890760595675,0.4868890760595573,1.021405182655144e-14,0.27515712,0.524038334
mattern_cov1,4096,906,0.48563751590500176,0.4856375159049913,1.0436096431476471e-14,0.272029359,0.502803719
mattern_cov1,4096,907,0.4876922998583935,0.48769229985838264,1.0880185641326534e-14,0.273572457,0.506889079
mattern_cov1,4096,908,0.48644933128553364,0.4864493312855258,7.827072323607354e-15,0.270578342,0.498761774
mattern_cov1,4096,909,0.488353270649904,0.48835327064989315,1.0880185641326534e-14,0.27025734,0.472651549
mattern_cov1,4096,910,0.48753741020147284,0.4875374102014631,9.769962616701378e-15,0.272527498,0.508529939
mattern_cov1,4096,911,0.48681545594552283,0.48681545594551284,9.992007221626409e-15,0.273732607,0.516924327
mattern_cov1,4096,912,0.4871412012542365,0.4871412012542278,8.715250743307479e-15,0.272904044,0.498676695
mattern_cov1,4096,913,0.4866844792381881,0.486684479238178,1.0103029524088925e-14,0.273616084,0.508357838
mattern_cov1,4096,914,0.48837406998558475,0.48837406998557503,9.71445146547012e-15,0.2782137,0.504091663
mattern_cov1,4096,915,0.48642339376574756,0.48642339376573673,1.0824674490095276e-14,0.274665075,0.502734432
mattern_cov1,4096,916,0.48510164261850225,0.4851016426184924,9.825473767932635e-15,0.270477719,0.498520359
mattern_cov1,4096,917,0.4854042578221309,0.4854042578221203,1.0602629885170245e-14,0.271625615,0.494396175
mattern_cov1,4096,918,0.48587070169739804,0.4858707016973886,9.43689570931383e-15,0.270318548,0.48409156
mattern_cov1,4096,919,0.4852130282368361,0.48521302823682616,9.936496070395151e-15,0.274759673,0.495487293
mattern_cov1,4096,920,0.4889573847775696,0.48895738477755857,1.1046719095020308e-14,0.286507678,0.499022179
mattern_cov1,4096,921,0.4851385894322666,0.485138589432257,9.603429163007604e-15,0.271680129,0.492945757
mattern_cov1,4096,922,0.4852120153132852,0.4852120153132741,1.1102230246251565e-14,0.271217677,0.521078107
mattern_cov1,4096,923,0.4844845822688017,0.4844845822687927,8.992806499463768e-15,0.271540774,0.506204593
mattern_cov1,4096,924,0.4864647231565533,0.4864647231565426,1.071365218763276e-14,0.269606083,0.506873369
mattern_cov1,4096,925,0.48228488477469916,0.48228488477468906,1.0103029524088925e-14,0.27160778,0.510078047
mattern_cov1,4096,926,0.49020247304110137,0.49020247304109127,1.0103029524088925e-14,0.27396996,0.519325842
mattern_cov1,4096,927,0.4866118267790586,0.4866118267790473,1.1324274851176597e-14,0.269213878,0.478129681
mattern_cov1,4096,928,0.48767973335983594,0.48767973335982445,1.149080830487037e-14,0.270592994,0.528026708
mattern_cov1,4096,929,0.48966389164024965,0.4896638916402423,7.327471962526033e-15,0.307836986,0.514349394
mattern_cov1,4096,930,0.4871403699707905,0.48714036997077853,1.199040866595169e-14,0.272717689,0.51167005
mattern_cov1,4096,931,0.48410992492099064,0.4841099249209814,9.2148511043888e-15,0.27182807,0.50918138
mattern_cov1,4096,932,0.4860760110323708,0.4860760110323608,9.992007221626409e-15,0.269396672,0.506995364
mattern_cov1,4096,933,0.48808166023556465,0.4880816602355542,1.0436096431476471e-14,0.270187386,0.521718409
mattern_cov1,4096,934,0.48524631141513225,0.4852463114151218,1.0436096431476471e-14,0.272646021,0.570017659
mattern_cov1,4096,935,0.48498859305125724,0.48498859305124736,9.880984919163893e-15,0.289840764,0.509669375
mattern_cov1,4096,936,0.486524487138541,0.4865244871385306,1.0436096431476471e-14,0.270514499,0.521913243
mattern_cov1,4096,937,0.48340084832375313,0.4834008483237429,1.021405182655144e-14,0.273515277,0.530273839
mattern_cov1,4096,938,0.4861232396637401,0.4861232396637302,9.880984919163893e-15,0.27087164,0.514480998
mattern_cov1,4096,939,0.48778421716030285,0.4877842171602911,1.176836406102666e-14,0.270938963,0.484660237
mattern_cov1,4096,940,0.4870450643573104,0.4870450643572992,1.1157741397482823e-14,0.271647634,0.519269285
mattern_cov1,4096,941,0.48598782646576916,0.48598782646575883,1.0325074129013956e-14,0.29126305,0.530592242
mattern_cov1,4096,942,0.4853300283100109,0.4853300283100011,9.769962616701378e-15,0.269690904,0.501446974
mattern_cov1,4096,943,0.48743698986884915,0.48743698986883804,1.1102230246251565e-14,0.273697529,0.487770973
mattern_cov1,4096,944,0.48306169202694843,0.4830616920269383,1.0103029524088925e-14,0.271390342,0.51116466
mattern_cov1,4096,945,0.484116004468119,0.4841160044681108,8.1601392309949e-15,0.272854387,0.483993588
mattern_cov1,4096,946,0.488887183179293,0.48888718317929186,1.1102230246251565e-15,0.272329059,0.503684776
mattern_cov1,4096,947,0.48626807858017657,0.48626807858016613,1.0436096431476471e-14,0.272964542,0.527014404
mattern_cov1,4096,948,0.4869407158934373,0.4869407158934267,1.0602629885170245e-14,0.273178323,0.502599473
mattern_cov1,4096,949,0.4872112877918164,0.4872112877918064,9.992007221626409e-15,0.272040589,0.519477311
mattern_cov1,4096,950,0.48628908806842647,0.4862890880684156,1.0880185641326534e-14,0.272379982,0.495753122
mattern_cov1,4096,951,0.481809321498671,0.48180932149866146,9.547918011776346e-15,0.273745471,0.4811711
mattern_cov1,4096,952,0.485542993263765,0.48554299326375544,9.547918011776346e-15,0.271162409,0.509951822
mattern_cov1,4096,953,0.4905278271556186,0.49052782715560905,9.547918011776346e-15,0.272996981,0.51309488
mattern_cov1,4096,954,0.48546813743236344,0.48546813743235334,1.0103029524088925e-14,0.273094514,0.497098853
mattern_cov1,4096,955,0.4835031501354881,0.4835031501354783,9.825473767932635e-15,0.277480201,0.493828695
mattern_cov1,4096,956,0.48879255004403505,0.4887925500440263,8.770761894538737e-15,0.273598675,0.527714564
mattern_cov1,4096,957,0.4871705670162811,0.4871705670162698,1.1268763699945339e-14,0.276193389,0.492691079
mattern_cov1,4096,958,0.48592100503645336,0.48592100503644337,9.992007221626409e-15,0.290379177,0.504051255
mattern_cov1,4096,959,0.48804965424650043,0.488049654246489,1.1435297153639112e-14,0.279307094,0.526981526
mattern_cov1,4096,960,0.4850125927563962,0.485012592756386,1.021405182655144e-14,0.288229349,0.517660742
mattern_cov1,4096,961,0.4871555334187383,0.4871555334187276,1.071365218763276e-14,0.271827834,0.506104834
mattern_cov1,4096,962,0.48608664344048286,0.486086643440473,9.880984919163893e-15,0.272569108,0.536700442
mattern_cov1,4096,963,0.4854393593184931,0.4854393593184824,1.0658141036401503e-14,0.273026581,0.505604617
mattern_cov1,4096,964,0.4874208813478263,0.4874208813480398,2.134958876354176e-13,0.269593741,0.487459144
mattern_cov1,4096,965,0.48846627766196393,0.4884662776619535,1.0436096431476471e-14,0.273968167,0.481964912
mattern_cov1,4096,966,0.4848415939508577,0.4848415939508464,1.1268763699945339e-14,0.277309145,0.517708856
mattern_cov1,4096,967,0.48539754673859387,0.485397546738583,1.0880185641326534e-14,0.272479206,0.485036632
mattern_cov1,4096,968,0.4879950318016515,0.4879950318016411,1.0380585280245214e-14,0.272040363,0.509975074
mattern_cov1,4096,969,0.4867849060533354,0.4867849060533245,1.0935696792557792e-14,0.268884053,0.494207122
mattern_cov1,4096,970,0.4850230999823984,0.4850230999823881,1.0325074129013956e-14,0.273290122,0.504451172
mattern_cov1,4096,971,0.4869453375103805,0.48694533751037006,1.0436096431476471e-14,0.271962765,0.52689246
mattern_cov1,4096,972,0.48608652356480064,0.48608652356479104,9.603429163007604e-15,0.270635209,0.493813954
mattern_cov1,4096,973,0.4859630493016023,0.48596304930159184,1.0436096431476471e-14,0.271557985,0.519886826
mattern_cov1,4096,974,0.48513407106476364,0.48513407106475115,1.2490009027033011e-14,0.272798786,0.470485217
mattern_cov1,4096,975,0.4866539638362777,0.4866539638362675,1.0158540675320182e-14,0.270852971,0.51463619
mattern_cov1,4096,976,0.48883631506502295,0.4888363150650122,1.0769163338864018e-14,0.274301982,0.513370917
mattern_cov1,4096,977,0.486073807220988,0.48607380722097754,1.0436096431476471e-14,0.271558913,0.491873145
mattern_cov1,4096,978,0.4880028260946853,0.4880028260946749,1.0436096431476471e-14,0.272517794,0.485435052
mattern_cov1,4096,979,0.4877712503110067,0.4877712503109983,8.382183835919932e-15,0.26859018,0.496947087
mattern_cov1,4096,980,0.48604399927529235,0.48604399927528247,9.880984919163893e-15,0.276320537,0.495476797
mattern_cov1,4096,981,0.4883195494644148,0.4883195494644037,1.1102230246251565e-14,0.275110295,0.50585767
mattern_cov1,4096,982,0.48805725859123833,0.48805725859122795,1.0380585280245214e-14,0.273555975,0.500426328
mattern_cov1,4096,983,0.4864985726914864,0.4864985726914765,9.880984919163893e-15,0.275335547,0.477969239
mattern_cov1,4096,984,0.48812107694638796,0.488121076946378,9.936496070395151e-15,0.278460434,0.491209806
mattern_cov1,4096,985,0.48650864614076794,0.4865086461407581,9.825473767932635e-15,0.26917439,0.488965688
mattern_cov1,4096,986,0.48393111336992317,0.4839311133699138,9.381384558082573e-15,0.272218931,0.491323634
mattern_cov1,4096,987,0.482526342551946,0.48252634255193705,8.93729534823251e-15,0.270682591,0.499242278
mattern_cov1,4096,988,0.48832120801781137,0.48832120801780277,8.604228440844963e-15,0.270233551,0.520769965
mattern_cov1,4096,989,0.483577543554552,0.48357754355454197,1.0047518372857667e-14,0.269911469,0.497664187
mattern_cov1,4096,990,0.4874478859661557,0.4874478859661456,1.0103029524088925e-14,0.27087876,0.482912585
mattern_cov1,4096,991,0.483326137890705,0.4833261378906956,9.381384558082573e-15,0.271271833,0.4807032
mattern_cov1,4096,992,0.48584809382303445,0.48584809382302424,1.021405182655144e-14,0.272659016,0.492243773
mattern_cov1,4096,993,0.4855692619202499,0.48556926192023986,1.0047518372857667e-14,0.270921267,0.49229483
mattern_cov1,4096,994,0.48537267221119756,0.4853726722111882,9.381384558082573e-15,0.273421504,0.514668724
mattern_cov1,4096,995,0.4873017622802025,0.4873017622801919,1.0602629885170245e-14,0.26921587,0.505608676
mattern_cov1,4096,996,0.4863330114309617,0.4863330114309512,1.049160758270773e-14,0.270386045,0.487132115
mattern_cov1,4096,997,0.48534169865775145,0.4853416986577401,1.1379786002407855e-14,0.26892865,0.503720399
mattern_cov1,4096,998,0.486990372130127,0.48699037213011526,1.176836406102666e-14,0.270367397,0.482725771
mattern_cov1,4096,999,0.4895063888736115,0.489506388873602,9.492406860545088e-15,0.27202452,0.513623512
mattern_cov1,4096,1000,0.4855318901055122,0.4855318901055017,1.049160758270773e-14,0.270551829,0.483913892
